PathFileType	4	(X/Y/Z)	tour_average_tracked.trc
DataRate	CameraRate	NumFrames	NumMarkers	Units	OrigDataRate	OrigDataStartFrame	OrigNumFrames
360.00	360.00	654	34	m	360.00	1	654
Frame#	Time	WaistLeft			WaistRight			WaistLBack			WaistRBack			BackTop			BackLeft			BackRight			HeadTop			HeadFront			HeadSide			LShoulderTop			LShoulderBack			LElbowOut			LUArmHigh			LWristTop			RShoulderTop			RShoulderBack			RElbowOut			RUArmHigh			RWristTop			LKneeOut			LToeIn			LToeOut			LAnkleOut			RKneeOut			RToeIn			RToeOut			RAnkleOut			Marker_2:2:1			Marker_2:2:2			Marker_2:2:3			Marker_3:3:1			Marker_3:3:2			Marker_3:3:3		
		X1	Y1	Z1	X2	Y2	Z2	X3	Y3	Z3	X4	Y4	Z4	X5	Y5	Z5	X6	Y6	Z6	X7	Y7	Z7	X8	Y8	Z8	X9	Y9	Z9	X10	Y10	Z10	X11	Y11	Z11	X12	Y12	Z12	X13	Y13	Z13	X14	Y14	Z14	X15	Y15	Z15	X16	Y16	Z16	X17	Y17	Z17	X18	Y18	Z18	X19	Y19	Z19	X20	Y20	Z20	X21	Y21	Z21	X22	Y22	Z22	X23	Y23	Z23	X24	Y24	Z24	X25	Y25	Z25	X26	Y26	Z26	X27	Y27	Z27	X28	Y28	Z28	X29	Y29	Z29	X30	Y30	Z30	X31	Y31	Z31	X32	Y32	Z32	X33	Y33	Z33	X34	Y34	Z34

1	0.000000000	1.097355	1.006788	0.124538	1.089030	1.022471	-0.219882	1.231331	1.060967	0.035352	1.234561	1.062557	-0.133804	0.917241	1.497592	-0.094018	1.054614	1.385130	0.017381	1.047433	1.360760	-0.163135	0.652929	1.666458	-0.098437	0.574894	1.531828	-0.094415	0.695464	1.606363	0.013328	0.813235	1.427428	0.118288	0.962813	1.486545	0.065749	0.939441	1.106696	0.129754	0.949079	1.266459	0.173430	0.833863	0.865529	0.060262	NaN	NaN	NaN	0.921961	1.434505	-0.231578	0.902653	1.020821	-0.182321	0.908206	1.175159	-0.267382	0.794134	0.799024	-0.062400	1.092899	0.510247	0.228049	0.987291	0.051840	0.226015	1.021415	0.043539	0.327024	1.165770	0.097668	0.270679	1.045758	0.528341	-0.297611	0.981318	0.036333	-0.288875	0.979280	0.038909	-0.406496	1.117883	0.118113	-0.377877	0.124871	0.049426	0.046689	0.035568	0.072974	0.045298	0.041735	0.049740	-0.000876	0.621161	0.521205	0.064629	0.669163	0.574404	0.028137	0.706025	0.607651	0.059954
2	0.002777778	1.097402	1.006799	0.124521	1.089080	1.022453	-0.219907	1.231387	1.060967	0.035328	1.234617	1.062531	-0.133822	0.917290	1.497577	-0.094024	1.054678	1.385123	0.017361	1.047474	1.360742	-0.163144	0.652996	1.666458	-0.098423	0.574942	1.531826	-0.094422	0.695524	1.606363	0.013331	0.813297	1.427419	0.118268	0.962870	1.486529	0.065748	0.939436	1.106676	0.129677	0.949102	1.266429	0.173383	0.833866	0.865514	0.060220	NaN	NaN	NaN	0.921999	1.434496	-0.231591	0.902669	1.020798	-0.182305	0.908252	1.175143	-0.267411	0.794170	0.799025	-0.062434	1.092919	0.510256	0.228055	0.987302	0.051863	0.226027	1.021406	0.043534	0.327010	1.165776	0.097666	0.270689	1.045749	0.528330	-0.297632	0.981330	0.036326	-0.288870	0.979291	0.038894	-0.406496	1.117888	0.118106	-0.377892	0.124868	0.049412	0.046622	0.035567	0.072977	0.045250	0.041719	0.049738	-0.000934	0.621189	0.521195	0.064544	0.669176	0.574391	0.028069	0.706040	0.607644	0.059892
3	0.005555556	1.097442	1.006786	0.124481	1.089132	1.022444	-0.219921	1.231440	1.060960	0.035301	1.234681	1.062531	-0.133854	0.917358	1.497589	-0.094042	1.054740	1.385116	0.017337	1.047513	1.360743	-0.163168	0.653068	1.666463	-0.098423	0.574989	1.531845	-0.094424	0.695575	1.606359	0.013328	0.813325	1.427397	0.118262	0.962927	1.486514	0.065720	0.939460	1.106666	0.129626	0.949141	1.266401	0.173367	0.833876	0.865502	0.060218	NaN	NaN	NaN	0.922042	1.434497	-0.231612	0.902695	1.020803	-0.182305	0.908273	1.175134	-0.267410	0.794216	0.799003	-0.062436	1.092958	0.510258	0.228039	0.987323	0.051869	0.226040	1.021417	0.043530	0.327031	1.165789	0.097649	0.270686	1.045793	0.528356	-0.297643	0.981325	0.036321	-0.288858	0.979294	0.038902	-0.406489	1.117908	0.118113	-0.377882	0.124853	0.049415	0.046543	0.035573	0.072984	0.045184	0.041710	0.049741	-0.000994	0.621205	0.521177	0.064468	0.669191	0.574373	0.028005	0.706059	0.607628	0.059836
4	0.008333333	1.097490	1.006775	0.124449	1.089177	1.022434	-0.219960	1.231465	1.060946	0.035272	1.234724	1.062505	-0.133872	0.917376	1.497564	-0.094059	1.054773	1.385093	0.017304	1.047540	1.360734	-0.163187	0.653114	1.666455	-0.098413	0.575043	1.531827	-0.094420	0.695640	1.606348	0.013341	0.813394	1.427385	0.118226	0.962982	1.486496	0.065719	0.939478	1.106662	0.129582	0.949164	1.266353	0.173337	0.833898	0.865474	0.060176	NaN	NaN	NaN	0.922084	1.434479	-0.231634	0.902702	1.020815	-0.182320	0.908280	1.175120	-0.267440	0.794249	0.798998	-0.062480	1.092992	0.510265	0.228034	0.987327	0.051863	0.226033	1.021430	0.043533	0.327017	1.165785	0.097644	0.270678	1.045761	0.528343	-0.297656	0.981330	0.036325	-0.288868	0.979289	0.038894	-0.406499	1.117912	0.118141	-0.377906	0.124858	0.049417	0.046482	0.035562	0.072984	0.045100	0.041688	0.049745	-0.001063	0.621231	0.521169	0.064432	0.669185	0.574374	0.027951	0.706037	0.607604	0.059765
5	0.011111111	1.097524	1.006776	0.124403	1.089251	1.022400	-0.219980	1.231528	1.060943	0.035246	1.234781	1.062474	-0.133913	0.917437	1.497554	-0.094067	1.054824	1.385079	0.017281	1.047605	1.360747	-0.163214	0.653182	1.666448	-0.098409	0.575086	1.531847	-0.094440	0.695680	1.606336	0.013336	0.813470	1.427374	0.118225	0.963044	1.486467	0.065707	0.939477	1.106630	0.129540	0.949200	1.266318	0.173314	0.833906	0.865464	0.060151	NaN	NaN	NaN	0.922127	1.434483	-0.231649	0.902734	1.020829	-0.182322	0.908293	1.175084	-0.267433	0.794284	0.798990	-0.062495	1.093019	0.510251	0.228026	0.987297	0.051838	0.226022	1.021430	0.043533	0.327016	1.165804	0.097638	0.270682	1.045792	0.528350	-0.297694	0.981315	0.036326	-0.288870	0.979284	0.038891	-0.406492	1.117899	0.118132	-0.377906	0.124829	0.049428	0.046378	0.035566	0.072970	0.045014	0.041880	0.049731	-0.001039	0.621242	0.521170	0.064336	0.669179	0.574361	0.027884	0.706051	0.607589	0.059690
6	0.013888889	1.097562	1.006760	0.124387	1.089310	1.022390	-0.220007	1.231575	1.060945	0.035216	1.234828	1.062471	-0.133934	0.917482	1.497538	-0.094075	1.054858	1.385070	0.017261	1.047632	1.360724	-0.163237	0.653238	1.666454	-0.098414	0.575139	1.531843	-0.094437	0.695723	1.606309	0.013332	0.813539	1.427364	0.118200	0.963109	1.486467	0.065691	0.939489	1.106631	0.129514	0.949237	1.266290	0.173278	0.833937	0.865442	0.060119	NaN	NaN	NaN	0.922166	1.434471	-0.231656	0.902729	1.020809	-0.182337	0.908325	1.175098	-0.267460	0.794306	0.798975	-0.062523	1.093053	0.510251	0.228028	0.987320	0.051847	0.226022	1.021432	0.043524	0.327036	1.165808	0.097647	0.270687	1.045797	0.528342	-0.297709	0.981332	0.036330	-0.288860	0.979298	0.038887	-0.406488	1.117907	0.118131	-0.377884	0.124816	0.049405	0.046277	0.035537	0.072969	0.044927	0.041647	0.049753	-0.001250	0.621240	0.521143	0.064284	0.669177	0.574342	0.027825	0.706041	0.607579	0.059644
7	0.016666667	1.097593	1.006745	0.124361	1.089385	1.022382	-0.220033	1.231630	1.060935	0.035203	1.234875	1.062429	-0.133965	0.917506	1.497522	-0.094095	1.054918	1.385056	0.017246	1.047692	1.360716	-0.163262	0.653300	1.666441	-0.098400	0.575198	1.531834	-0.094447	0.695769	1.606308	0.013336	0.813614	1.427339	0.118189	0.963155	1.486439	0.065688	0.939497	1.106616	0.129448	0.949278	1.266264	0.173239	0.833923	0.865420	0.060077	NaN	NaN	NaN	0.922199	1.434460	-0.231674	0.902751	1.020789	-0.182336	0.908341	1.175077	-0.267485	0.794354	0.798952	-0.062551	1.093096	0.510270	0.228017	0.987327	0.051849	0.226022	1.021418	0.043512	0.327021	1.165820	0.097621	0.270685	1.045787	0.528337	-0.297732	0.981318	0.036329	-0.288864	0.979299	0.038884	-0.406486	1.117922	0.118131	-0.377914	0.124791	0.049386	0.046172	0.035544	0.072972	0.044831	0.041864	0.049739	-0.001215	0.621240	0.521137	0.064199	0.669157	0.574329	0.027758	0.706047	0.607558	0.059563
8	0.019444444	1.097638	1.006732	0.124326	1.089430	1.022365	-0.220057	1.231679	1.060926	0.035173	1.234944	1.062417	-0.133974	0.917578	1.497524	-0.094090	1.054968	1.385042	0.017223	1.047750	1.360712	-0.163299	0.653369	1.666440	-0.098398	0.575273	1.531823	-0.094462	0.695837	1.606285	0.013341	0.813650	1.427332	0.118170	0.963230	1.486431	0.065674	0.939514	1.106604	0.129409	0.949321	1.266237	0.173202	0.833942	0.865390	0.060035	NaN	NaN	NaN	0.922244	1.434457	-0.231679	0.902762	1.020796	-0.182330	0.908367	1.175053	-0.267489	0.794407	0.798938	-0.062592	1.093120	0.510251	0.228006	0.987342	0.051856	0.226030	1.021438	0.043519	0.327033	1.165851	0.097627	0.270685	1.045821	0.528326	-0.297744	0.981336	0.036318	-0.288865	0.979317	0.038873	-0.406471	1.117944	0.118137	-0.377884	0.124782	0.049399	0.046062	0.035533	0.072974	0.044719	0.041629	0.049727	-0.001461	0.621226	0.521119	0.064135	0.669194	0.574338	0.027681	0.706077	0.607514	0.059507
9	0.022222222	1.097655	1.006700	0.124299	1.089491	1.022345	-0.220082	1.231725	1.060910	0.035166	1.235002	1.062399	-0.134000	0.917612	1.497502	-0.094100	1.054990	1.385013	0.017196	1.047784	1.360697	-0.163310	0.653400	1.666432	-0.098404	0.575294	1.531816	-0.094489	0.695865	1.606279	0.013336	0.813711	1.427309	0.118146	0.963287	1.486411	0.065674	0.939496	1.106561	0.129353	0.949365	1.266192	0.173177	0.833935	0.865377	0.059989	NaN	NaN	NaN	0.922257	1.434434	-0.231702	0.902764	1.020788	-0.182343	0.908382	1.175037	-0.267509	0.794443	0.798920	-0.062628	1.093166	0.510248	0.228003	0.987338	0.051842	0.226024	1.021446	0.043499	0.327027	1.165860	0.097636	0.270697	1.045811	0.528315	-0.297764	0.981326	0.036302	-0.288876	0.979312	0.038867	-0.406477	1.117955	0.118162	-0.377919	0.124755	0.049388	0.045953	0.035530	0.072981	0.044601	0.041580	0.049708	-0.001577	0.621233	0.521096	0.064049	0.669156	0.574330	0.027619	0.706057	0.607519	0.059421
10	0.025000000	1.097697	1.006705	0.124252	1.089558	1.022316	-0.220110	1.231780	1.060912	0.035134	1.235050	1.062384	-0.134015	0.917696	1.497503	-0.094108	1.055062	1.385006	0.017171	1.047835	1.360684	-0.163351	0.653488	1.666430	-0.098391	0.575346	1.531825	-0.094496	0.695945	1.606257	0.013334	0.813775	1.427285	0.118119	0.963362	1.486395	0.065662	0.939515	1.106559	0.129315	0.949404	1.266146	0.173138	0.833962	0.865358	0.059967	NaN	NaN	NaN	0.922304	1.434432	-0.231715	0.902793	1.020764	-0.182318	0.908380	1.175009	-0.267509	0.794464	0.798919	-0.062662	1.093201	0.510244	0.227996	0.987370	0.051842	0.226033	1.021445	0.043493	0.327030	1.165854	0.097603	0.270693	1.045800	0.528310	-0.297769	0.981335	0.036294	-0.288875	0.979312	0.038862	-0.406472	1.117953	0.118147	-0.377908	0.124733	0.049386	0.045817	0.035526	0.072996	0.044475	0.041555	0.049711	-0.001686	0.621225	0.521102	0.063960	0.669159	0.574316	0.027540	0.706048	0.607491	0.059325
11	0.027777778	1.097725	1.006686	0.124223	1.089610	1.022317	-0.220136	1.231823	1.060901	0.035099	1.235094	1.062360	-0.134030	0.917717	1.497480	-0.094119	1.055106	1.385001	0.017142	1.047892	1.360680	-0.163372	0.653526	1.666411	-0.098396	0.575405	1.531815	-0.094496	0.695989	1.606237	0.013329	0.813839	1.427272	0.118114	0.963408	1.486367	0.065648	0.939512	1.106535	0.129275	0.949445	1.266113	0.173095	0.833964	0.865326	0.059910	NaN	NaN	NaN	0.922322	1.434418	-0.231722	0.902822	1.020758	-0.182366	0.908420	1.174996	-0.267540	0.794482	0.798908	-0.062691	1.093230	0.510231	0.227981	0.987364	0.051837	0.226039	1.021444	0.043477	0.327035	1.165860	0.097606	0.270696	1.045819	0.528328	-0.297806	0.981328	0.036297	-0.288878	0.979311	0.038833	-0.406468	1.117957	0.118144	-0.377916	0.124702	0.049367	0.045658	0.035486	0.072978	0.044326	0.041515	0.049720	-0.001833	0.621214	0.521088	0.063876	0.669166	0.574338	0.027444	0.706051	0.607488	0.059260
12	0.030555556	1.097758	1.006655	0.124195	1.089692	1.022298	-0.220162	1.231858	1.060885	0.035090	1.235154	1.062337	-0.134047	0.917774	1.497456	-0.094135	1.055161	1.384978	0.017120	1.047932	1.360659	-0.163407	0.653577	1.666410	-0.098384	0.575454	1.531791	-0.094508	0.696024	1.606218	0.013329	0.813870	1.427243	0.118080	0.963460	1.486331	0.065629	0.939503	1.106519	0.129218	0.949478	1.266067	0.173056	0.833953	0.865308	0.059844	NaN	NaN	NaN	0.922365	1.434407	-0.231733	0.902840	1.020748	-0.182367	0.908437	1.174980	-0.267568	0.794544	0.798896	-0.062706	1.093266	0.510234	0.227987	0.987353	0.051856	0.226038	1.021433	0.043474	0.327041	1.165878	0.097604	0.270706	1.045822	0.528323	-0.297824	0.981303	0.036284	-0.288884	0.979331	0.038838	-0.406478	1.117951	0.118113	-0.377897	0.124686	0.049359	0.045499	0.035448	0.072987	0.044168	0.041742	0.049684	-0.001818	0.621196	0.521087	0.063761	0.669171	0.574290	0.027337	0.706011	0.607458	0.059150
13	0.033333333	1.097798	1.006659	0.124157	1.089727	1.022278	-0.220209	1.231909	1.060874	0.035076	1.235211	1.062332	-0.134059	0.917814	1.497449	-0.094147	1.055211	1.384970	0.017089	1.047984	1.360663	-0.163443	0.653638	1.666404	-0.098396	0.575498	1.531790	-0.094535	0.696069	1.606206	0.013328	0.813933	1.427227	0.118062	0.963536	1.486326	0.065606	0.939526	1.106513	0.129168	0.949525	1.266042	0.173024	0.833972	0.865271	0.059791	NaN	NaN	NaN	0.922388	1.434401	-0.231761	0.902849	1.020772	-0.182386	0.908428	1.174967	-0.267576	0.794549	0.798874	-0.062761	1.093300	0.510227	0.227979	0.987368	0.051842	0.226072	1.021446	0.043457	0.327040	1.165880	0.097589	0.270711	1.045821	0.528304	-0.297851	0.981320	0.036282	-0.288888	0.979317	0.038822	-0.406470	1.117936	0.118100	-0.377907	0.124660	0.049356	0.045325	0.035389	0.072999	0.043998	0.041445	0.049690	-0.002142	0.621159	0.521089	0.063652	0.669133	0.574301	0.027247	0.705998	0.607455	0.059053
14	0.036111111	1.097812	1.006643	0.124124	1.089800	1.022270	-0.220249	1.231957	1.060867	0.035069	1.235282	1.062324	-0.134070	0.917871	1.497430	-0.094147	1.055265	1.384947	0.017059	1.048041	1.360658	-0.163465	0.653679	1.666384	-0.098374	0.575540	1.531799	-0.094531	0.696109	1.606189	0.013332	0.813970	1.427208	0.118048	0.963593	1.486294	0.065586	0.939522	1.106474	0.129121	0.949553	1.265989	0.172987	0.833952	0.865251	0.059727	NaN	NaN	NaN	0.922439	1.434397	-0.231774	0.902896	1.020765	-0.182400	0.908477	1.174972	-0.267599	0.794599	0.798857	-0.062801	1.093329	0.510225	0.227975	0.987365	0.051835	0.226052	1.021442	0.043458	0.327043	1.165884	0.097593	0.270717	1.045844	0.528290	-0.297868	0.981304	0.036289	-0.288886	0.979333	0.038805	-0.406464	1.117932	0.118063	-0.377902	0.124626	0.049371	0.045137	0.035364	0.073003	0.043824	0.041389	0.049701	-0.002299	0.621146	0.521095	0.063527	0.669109	0.574309	0.027175	0.705990	0.607455	0.058972
15	0.038888889	1.097862	1.006645	0.124096	1.089859	1.022240	-0.220279	1.232004	1.060860	0.035037	1.235353	1.062314	-0.134090	0.917938	1.497440	-0.094163	1.055326	1.384946	0.017036	1.048104	1.360658	-0.163509	0.653748	1.666393	-0.098372	0.575564	1.531786	-0.094547	0.696161	1.606182	0.013329	0.814027	1.427210	0.118030	0.963645	1.486286	0.065567	0.939559	1.106462	0.129053	0.949590	1.265965	0.172941	0.833974	0.865224	0.059690	NaN	NaN	NaN	0.922467	1.434401	-0.231790	0.902942	1.020756	-0.182407	0.908509	1.174974	-0.267626	0.794637	0.798870	-0.062835	1.093345	0.510211	0.227962	0.987382	0.051845	0.226062	1.021438	0.043451	0.327048	1.165903	0.097590	0.270727	1.045865	0.528295	-0.297904	0.981307	0.036288	-0.288881	0.979327	0.038791	-0.406470	1.117947	0.118078	-0.377916	0.124620	0.049375	0.044950	0.035319	0.072993	0.043638	0.041347	0.049702	-0.002473	0.621098	0.521089	0.063388	0.669137	0.574305	0.027017	0.705987	0.607427	0.058851
16	0.041666667	1.097878	1.006630	0.124068	1.089929	1.022245	-0.220304	1.232043	1.060848	0.035014	1.235419	1.062311	-0.134106	0.917964	1.497430	-0.094175	1.055370	1.384924	0.017011	1.048122	1.360636	-0.163551	0.653765	1.666389	-0.098374	0.575602	1.531779	-0.094552	0.696198	1.606166	0.013322	0.814081	1.427186	0.118008	0.963701	1.486255	0.065538	0.939546	1.106444	0.128971	0.949636	1.265945	0.172906	0.833984	0.865199	0.059614	NaN	NaN	NaN	0.922500	1.434400	-0.231811	0.902932	1.020758	-0.182439	0.908495	1.174961	-0.267651	0.794654	0.798859	-0.062882	1.093367	0.510207	0.227948	0.987378	0.051832	0.226072	1.021440	0.043461	0.327038	1.165896	0.097578	0.270722	1.045870	0.528288	-0.297934	0.981295	0.036270	-0.288909	0.979319	0.038798	-0.406485	1.117935	0.118061	-0.377925	0.124575	0.049401	0.044717	0.035252	0.073015	0.043409	0.041279	0.049717	-0.002662	0.621087	0.521105	0.063268	0.669069	0.574293	0.026883	0.705929	0.607430	0.058719
17	0.044444444	1.097904	1.006635	0.124040	1.090014	1.022233	-0.220358	1.232092	1.060846	0.034991	1.235468	1.062296	-0.134128	0.918009	1.497425	-0.094220	1.055414	1.384905	0.016983	1.048190	1.360640	-0.163603	0.653827	1.666395	-0.098380	0.575667	1.531776	-0.094559	0.696222	1.606138	0.013318	0.814151	1.427169	0.117965	0.963758	1.486228	0.065510	0.939555	1.106417	0.128917	0.949647	1.265898	0.172860	0.833979	0.865198	0.059547	NaN	NaN	NaN	0.922542	1.434404	-0.231816	0.902995	1.020783	-0.182468	0.908533	1.174988	-0.267682	0.794695	0.798865	-0.062907	1.093405	0.510221	0.227940	0.987373	0.051847	0.226073	1.021439	0.043454	0.327041	1.165884	0.097548	0.270737	1.045883	0.528304	-0.297968	0.981294	0.036281	-0.288899	0.979332	0.038808	-0.406481	1.117946	0.118069	-0.377915	0.124576	0.049427	0.044512	0.035175	0.073039	0.043210	0.041229	0.049742	-0.002867	0.621064	0.521092	0.063117	0.669083	0.574299	0.026704	0.705930	0.607419	0.058604
18	0.047222222	1.097939	1.006617	0.123998	1.090058	1.022228	-0.220409	1.232138	1.060824	0.034966	1.235533	1.062285	-0.134161	0.918075	1.497424	-0.094212	1.055458	1.384887	0.016950	1.048217	1.360632	-0.163636	0.653866	1.666390	-0.098374	0.575700	1.531773	-0.094566	0.696285	1.606133	0.013321	0.814197	1.427150	0.117960	0.963804	1.486213	0.065500	0.939587	1.106403	0.128879	0.949689	1.265871	0.172814	0.833980	0.865186	0.059484	NaN	NaN	NaN	0.922561	1.434417	-0.231847	0.902981	1.020795	-0.182495	0.908558	1.174987	-0.267732	0.794704	0.798852	-0.062959	1.093414	0.510215	0.227942	0.987351	0.051839	0.226064	1.021431	0.043462	0.327059	1.165888	0.097571	0.270729	1.045885	0.528295	-0.297985	0.981294	0.036295	-0.288890	0.979319	0.038821	-0.406480	1.117921	0.118045	-0.377926	0.124515	0.049466	0.044264	0.035067	0.073055	0.042976	0.041171	0.049768	-0.003076	0.621014	0.521105	0.062938	0.669046	0.574301	0.026539	0.705869	0.607430	0.058470
19	0.050000000	1.097959	1.006606	0.123965	1.090140	1.022241	-0.220454	1.232185	1.060811	0.034946	1.235601	1.062275	-0.134166	0.918111	1.497416	-0.094239	1.055519	1.384860	0.016920	1.048268	1.360623	-0.163668	0.653912	1.666384	-0.098372	0.575728	1.531768	-0.094582	0.696314	1.606113	0.013306	0.814244	1.427134	0.117921	0.963860	1.486191	0.065483	0.939609	1.106381	0.128787	0.949742	1.265837	0.172761	0.833985	0.865155	0.059410	NaN	NaN	NaN	0.922612	1.434420	-0.231854	0.903013	1.020805	-0.182514	0.908580	1.175017	-0.267773	0.794726	0.798866	-0.062993	1.093433	0.510215	0.227913	0.987366	0.051850	0.226054	1.021416	0.043462	0.327055	1.165874	0.097539	0.270738	1.045899	0.528309	-0.298030	0.981281	0.036287	-0.288892	0.979318	0.038826	-0.406488	1.117935	0.118059	-0.377962	0.124466	0.049510	0.044017	0.034983	0.073076	0.042757	0.041134	0.049814	-0.003311	0.620991	0.521124	0.062775	0.669035	0.574296	0.026360	0.705839	0.607418	0.058317
20	0.052777778	1.097989	1.006595	0.123934	1.090213	1.022245	-0.220512	1.232214	1.060796	0.034911	1.235654	1.062244	-0.134209	0.918171	1.497418	-0.094256	1.055542	1.384833	0.016875	1.048302	1.360609	-0.163724	0.653960	1.666383	-0.098363	0.575774	1.531761	-0.094583	0.696374	1.606108	0.013315	0.814311	1.427120	0.117910	0.963899	1.486166	0.065464	0.939627	1.106360	0.128718	0.949749	1.265792	0.172715	0.834020	0.865134	0.059328	NaN	NaN	NaN	0.922650	1.434439	-0.231892	0.903027	1.020847	-0.182555	0.908570	1.175035	-0.267803	0.794748	0.798887	-0.063060	1.093468	0.510219	0.227918	0.987362	0.051832	0.226058	1.021428	0.043464	0.327060	1.165869	0.097540	0.270743	1.045910	0.528314	-0.298065	0.981305	0.036292	-0.288883	0.979305	0.038820	-0.406493	1.117926	0.118039	-0.377938	0.124404	0.049541	0.043762	0.034886	0.073114	0.042531	0.041060	0.049841	-0.003573	0.620952	0.521110	0.062612	0.669029	0.574314	0.026183	0.705786	0.607441	0.058163
21	0.055555556	1.098043	1.006599	0.123894	1.090294	1.022251	-0.220560	1.232265	1.060775	0.034897	1.235726	1.062241	-0.134225	0.918215	1.497408	-0.094276	1.055612	1.384821	0.016850	1.048358	1.360617	-0.163756	0.654014	1.666381	-0.098363	0.575847	1.531756	-0.094579	0.696413	1.606091	0.013317	0.814359	1.427096	0.117873	0.963980	1.486144	0.065435	0.939618	1.106320	0.128631	0.949799	1.265766	0.172672	0.834015	0.865113	0.059232	NaN	NaN	NaN	0.922699	1.434450	-0.231904	0.903055	1.020861	-0.182577	0.908604	1.175078	-0.267855	0.794784	0.798906	-0.063106	1.093481	0.510221	0.227906	0.987359	0.051845	0.226060	1.021423	0.043475	0.327055	1.165866	0.097533	0.270752	1.045925	0.528331	-0.298088	0.981296	0.036299	-0.288893	0.979314	0.038839	-0.406480	1.117923	0.118048	-0.377957	0.124373	0.049577	0.043474	0.034826	0.073155	0.042315	0.041014	0.049877	-0.003866	0.620925	0.521110	0.062423	0.669002	0.574319	0.026024	0.705742	0.607437	0.057996
22	0.058333333	1.098053	1.006584	0.123854	1.090389	1.022267	-0.220610	1.232312	1.060764	0.034876	1.235805	1.062235	-0.134256	0.918278	1.497413	-0.094279	1.055666	1.384795	0.016809	1.048403	1.360615	-0.163810	0.654073	1.666381	-0.098358	0.575895	1.531765	-0.094596	0.696462	1.606072	0.013302	0.814425	1.427088	0.117858	0.964030	1.486131	0.065412	0.939629	1.106292	0.128532	0.949858	1.265744	0.172627	0.834040	0.865092	0.059159	NaN	NaN	NaN	0.922740	1.434470	-0.231927	0.903095	1.020907	-0.182591	0.908624	1.175089	-0.267889	0.794801	0.798930	-0.063153	1.093505	0.510221	0.227901	0.987364	0.051843	0.226070	1.021447	0.043474	0.327060	1.165887	0.097537	0.270760	1.045931	0.528341	-0.298117	0.981306	0.036301	-0.288880	0.979306	0.038852	-0.406491	1.117935	0.118050	-0.377948	0.124290	0.049637	0.043159	0.034765	0.073191	0.042075	0.040967	0.049923	-0.004167	0.620863	0.521110	0.062225	0.668992	0.574331	0.025845	0.705747	0.607443	0.057853
23	0.061111111	1.098110	1.006585	0.123821	1.090471	1.022279	-0.220672	1.232339	1.060746	0.034841	1.235859	1.062209	-0.134291	0.918322	1.497398	-0.094305	1.055714	1.384780	0.016774	1.048466	1.360618	-0.163856	0.654107	1.666376	-0.098356	0.575931	1.531737	-0.094598	0.696499	1.606058	0.013301	0.814485	1.427069	0.117834	0.964093	1.486106	0.065391	0.939682	1.106268	0.128477	0.949870	1.265694	0.172584	0.834027	0.865079	0.059062	NaN	NaN	NaN	0.922788	1.434485	-0.231961	0.903108	1.020936	-0.182639	0.908628	1.175127	-0.267954	0.794854	0.798959	-0.063223	1.093546	0.510235	0.227894	0.987386	0.051866	0.226066	1.021439	0.043483	0.327059	1.165874	0.097535	0.270753	1.045911	0.528324	-0.298115	0.981309	0.036309	-0.288879	0.979302	0.038849	-0.406487	1.117924	0.118054	-0.377970	0.124219	0.049722	0.042833	0.034727	0.073227	0.041775	0.040933	0.049963	-0.004511	0.620824	0.521099	0.062022	0.668945	0.574352	0.025652	0.705726	0.607426	0.057659
24	0.063888889	1.098152	1.006575	0.123779	1.090560	1.022297	-0.220714	1.232378	1.060723	0.034800	1.235940	1.062201	-0.134324	0.918356	1.497383	-0.094308	1.055746	1.384742	0.016730	1.048522	1.360614	-0.163907	0.654158	1.666380	-0.098352	0.576006	1.531728	-0.094620	0.696525	1.606026	0.013284	0.814535	1.427048	0.117791	0.964136	1.486078	0.065359	0.939690	1.106211	0.128388	0.949901	1.265646	0.172528	0.834044	0.865052	0.058988	NaN	NaN	NaN	0.922855	1.434512	-0.231985	0.903111	1.020943	-0.182673	0.908655	1.175169	-0.268006	0.794887	0.798975	-0.063278	1.093575	0.510234	0.227889	0.987376	0.051877	0.226065	1.021438	0.043478	0.327061	1.165873	0.097526	0.270757	1.045943	0.528352	-0.298158	0.981314	0.036320	-0.288887	0.979315	0.038859	-0.406484	1.117943	0.118092	-0.377979	0.124164	0.049754	0.042492	0.034669	0.073307	0.041426	0.040902	0.050030	-0.004899	0.620794	0.521115	0.061798	0.668987	0.574517	0.025449	0.705678	0.607415	0.057507
25	0.066666667	1.098199	1.006566	0.123745	1.090646	1.022299	-0.220758	1.232421	1.060720	0.034780	1.236005	1.062179	-0.134367	0.918406	1.497385	-0.094337	1.055801	1.384723	0.016687	1.048565	1.360613	-0.163966	0.654212	1.666374	-0.098347	0.576052	1.531744	-0.094621	0.696616	1.606015	0.013300	0.814645	1.427028	0.117782	0.964183	1.486049	0.065343	0.939720	1.106211	0.128316	0.949952	1.265615	0.172477	0.834051	0.865018	0.058903	NaN	NaN	NaN	0.922894	1.434536	-0.232013	0.903154	1.021026	-0.182727	0.908696	1.175217	-0.268063	0.794907	0.799000	-0.063340	1.093599	0.510249	0.227874	0.987378	0.051876	0.226066	1.021462	0.043500	0.327075	1.165878	0.097539	0.270764	1.045931	0.528356	-0.298185	0.981341	0.036335	-0.288876	0.979292	0.038909	-0.406498	1.117934	0.118094	-0.377978	0.124088	0.049764	0.042120	0.034597	0.073368	0.041019	0.040837	0.050080	-0.005292	0.620742	0.521112	0.061551	0.668881	0.574397	0.025255	0.705662	0.607439	0.057347
26	0.069444444	1.098242	1.006577	0.123702	1.090731	1.022314	-0.220828	1.232462	1.060693	0.034761	1.236077	1.062155	-0.134390	0.918442	1.497366	-0.094350	1.055860	1.384701	0.016652	1.048616	1.360610	-0.164005	0.654259	1.666374	-0.098357	0.576125	1.531731	-0.094618	0.696674	1.606006	0.013295	0.814694	1.426998	0.117763	0.964256	1.486030	0.065307	0.939748	1.106166	0.128224	0.949991	1.265567	0.172426	0.834054	0.865002	0.058793	NaN	NaN	NaN	0.922961	1.434554	-0.232032	0.903179	1.021056	-0.182744	0.908709	1.175243	-0.268116	0.794936	0.799040	-0.063427	1.093638	0.510263	0.227872	0.987365	0.051880	0.226064	1.021458	0.043503	0.327074	1.165883	0.097531	0.270761	1.045957	0.528376	-0.298215	0.981314	0.036330	-0.288885	0.979313	0.038907	-0.406483	1.117953	0.118121	-0.377989	0.124009	0.049774	0.041704	0.034528	0.073429	0.040596	0.040763	0.050149	-0.005727	0.620692	0.521135	0.061316	0.668854	0.574445	0.025076	0.705641	0.607450	0.057161
27	0.072222222	1.098298	1.006577	0.123659	1.090810	1.022293	-0.220866	1.232499	1.060686	0.034728	1.236151	1.062127	-0.134432	0.918505	1.497362	-0.094359	1.055909	1.384678	0.016626	1.048686	1.360618	-0.164064	0.654326	1.666373	-0.098347	0.576205	1.531741	-0.094641	0.696748	1.606001	0.013293	0.814760	1.426991	0.117749	0.964310	1.486020	0.065294	0.939754	1.106143	0.128136	0.950037	1.265540	0.172373	0.834070	0.864982	0.058695	NaN	NaN	NaN	0.922995	1.434572	-0.232065	0.903212	1.021126	-0.182780	0.908734	1.175280	-0.268154	0.794985	0.799062	-0.063512	1.093679	0.510258	0.227862	0.987402	0.051882	0.226088	1.021467	0.043514	0.327080	1.165900	0.097547	0.270763	1.045965	0.528376	-0.298236	0.981344	0.036341	-0.288878	0.979309	0.038911	-0.406483	1.117945	0.118120	-0.378000	0.123926	0.049820	0.041273	0.034469	0.073470	0.040114	0.040677	0.050246	-0.006194	0.620620	0.521147	0.061035	0.668805	0.574470	0.024889	0.705596	0.607461	0.056974
28	0.075000000	1.098336	1.006558	0.123633	1.090871	1.022295	-0.220910	1.232537	1.060667	0.034695	1.236221	1.062116	-0.134472	0.918544	1.497354	-0.094384	1.055961	1.384660	0.016571	1.048728	1.360618	-0.164113	0.654369	1.666379	-0.098350	0.576249	1.531734	-0.094649	0.696777	1.605965	0.013283	0.814818	1.426969	0.117707	0.964348	1.485984	0.065262	0.939774	1.106125	0.128060	0.950088	1.265485	0.172315	0.834056	0.864961	0.058575	NaN	NaN	NaN	0.923054	1.434592	-0.232090	0.903212	1.021161	-0.182863	0.908719	1.175314	-0.268210	0.795003	0.799100	-0.063583	1.093697	0.510266	0.227849	0.987393	0.051898	0.226079	1.021480	0.043517	0.327075	1.165910	0.097559	0.270772	1.045966	0.528373	-0.298274	0.981360	0.036357	-0.288868	0.979316	0.038927	-0.406481	1.117949	0.118138	-0.378018	0.123832	0.049883	0.040814	0.034385	0.073500	0.039601	0.040564	0.050360	-0.006679	0.620591	0.521186	0.060782	0.668753	0.574482	0.024648	0.705545	0.607436	0.056751
29	0.077777778	1.098374	1.006567	0.123572	1.090993	1.022297	-0.220969	1.232575	1.060647	0.034652	1.236297	1.062104	-0.134502	0.918598	1.497332	-0.094403	1.056009	1.384639	0.016539	1.048791	1.360613	-0.164165	0.654430	1.666372	-0.098341	0.576285	1.531722	-0.094681	0.696817	1.605955	0.013279	0.814901	1.426941	0.117698	0.964400	1.485957	0.065236	0.939804	1.106073	0.127969	0.950135	1.265443	0.172239	0.834033	0.864931	0.058467	NaN	NaN	NaN	0.923125	1.434613	-0.232117	0.903239	1.021212	-0.182884	0.908758	1.175353	-0.268265	0.795071	0.799132	-0.063704	1.093747	0.510275	0.227843	0.987405	0.051897	0.226079	1.021472	0.043516	0.327076	1.165901	0.097530	0.270764	1.045981	0.528398	-0.298307	0.981348	0.036346	-0.288884	0.979327	0.038929	-0.406488	1.117965	0.118154	-0.378011	0.123769	0.049975	0.040292	0.034321	0.073523	0.039058	0.040403	0.050470	-0.007119	0.620579	0.521210	0.060460	0.668728	0.574529	0.024395	0.705488	0.607443	0.056521
30	0.080555556	1.098420	1.006567	0.123530	1.091075	1.022275	-0.221025	1.232603	1.060625	0.034642	1.236384	1.062089	-0.134552	0.918651	1.497330	-0.094422	1.056066	1.384616	0.016487	1.048863	1.360623	-0.164217	0.654467	1.666363	-0.098347	0.576335	1.531713	-0.094696	0.696875	1.605932	0.013269	0.814968	1.426911	0.117674	0.964456	1.485934	0.065215	0.939816	1.106057	0.127887	0.950182	1.265383	0.172176	0.834040	0.864900	0.058363	NaN	NaN	NaN	0.923183	1.434626	-0.232161	0.903234	1.021273	-0.182946	0.908755	1.175386	-0.268313	0.795139	0.799145	-0.063812	1.093783	0.510279	0.227837	0.987402	0.051903	0.226081	1.021487	0.043524	0.327087	1.165926	0.097541	0.270780	1.045978	0.528409	-0.298326	0.981341	0.036366	-0.288889	0.979304	0.038932	-0.406491	1.117945	0.118146	-0.378026	0.123702	0.050058	0.039694	0.034339	0.073505	0.038648	0.040248	0.050562	-0.007644	0.620540	0.521200	0.060166	0.668692	0.574575	0.024100	0.705441	0.607443	0.056294
31	0.083333333	1.098437	1.006536	0.123470	1.091166	1.022269	-0.221069	1.232650	1.060611	0.034614	1.236467	1.062073	-0.134584	0.918685	1.497293	-0.094436	1.056120	1.384580	0.016459	1.048921	1.360618	-0.164273	0.654511	1.666356	-0.098346	0.576404	1.531713	-0.094715	0.696914	1.605906	0.013258	0.815035	1.426887	0.117651	0.964503	1.485899	0.065184	0.939818	1.106006	0.127789	0.950245	1.265344	0.172128	0.834028	0.864858	0.058248	NaN	NaN	NaN	0.923269	1.434643	-0.232197	0.903259	1.021315	-0.182987	0.908793	1.175426	-0.268348	0.795212	0.799159	-0.063952	1.093828	0.510292	0.227829	0.987411	0.051911	0.226078	1.021483	0.043515	0.327086	1.165915	0.097540	0.270768	1.045980	0.528399	-0.298364	0.981341	0.036374	-0.288881	0.979317	0.038930	-0.406482	1.117965	0.118161	-0.378036	0.123594	0.050137	0.039124	0.034265	0.073594	0.038126	0.040129	0.050653	-0.008213	0.620488	0.521217	0.059792	0.668644	0.574582	0.023826	0.705359	0.607450	0.056050
32	0.086111111	1.098484	1.006548	0.123418	1.091264	1.022255	-0.221113	1.232675	1.060593	0.034569	1.236527	1.062038	-0.134638	0.918740	1.497295	-0.094477	1.056157	1.384554	0.016411	1.048957	1.360603	-0.164315	0.654557	1.666355	-0.098345	0.576464	1.531702	-0.094723	0.696974	1.605879	0.013261	0.815104	1.426844	0.117634	0.964558	1.485875	0.065160	0.939853	1.105992	0.127696	0.950299	1.265315	0.172062	0.834027	0.864846	0.058139	NaN	NaN	NaN	0.923338	1.434680	-0.232235	0.903272	1.021380	-0.183050	0.908806	1.175459	-0.268404	0.795252	0.799189	-0.064091	1.093844	0.510278	0.227816	0.987420	0.051907	0.226100	1.021491	0.043508	0.327091	1.165952	0.097541	0.270781	1.045983	0.528399	-0.298404	0.981357	0.036324	-0.288882	0.979301	0.038922	-0.406493	1.117952	0.118136	-0.378034	0.123484	0.050195	0.038477	0.034116	0.073745	0.037452	0.039987	0.050744	-0.008836	0.620439	0.521221	0.059446	0.668569	0.574611	0.023530	0.705329	0.607428	0.055792
33	0.088888889	1.098526	1.006540	0.123355	1.091322	1.022226	-0.221158	1.232725	1.060567	0.034542	1.236629	1.062025	-0.134676	0.918790	1.497288	-0.094480	1.056225	1.384542	0.016380	1.049031	1.360608	-0.164364	0.654610	1.666337	-0.098337	0.576502	1.531683	-0.094759	0.697036	1.605840	0.013252	0.815154	1.426800	0.117607	0.964627	1.485840	0.065137	0.939852	1.105948	0.127590	0.950333	1.265231	0.172003	0.834007	0.864798	0.058006	NaN	NaN	NaN	0.923407	1.434694	-0.232268	0.903264	1.021398	-0.183080	0.908787	1.175467	-0.268436	0.795346	0.799208	-0.064229	1.093889	0.510276	0.227813	0.987414	0.051899	0.226084	1.021479	0.043507	0.327095	1.165941	0.097514	0.270779	1.045985	0.528377	-0.298431	0.981337	0.036369	-0.288888	0.979311	0.038928	-0.406489	1.117975	0.118143	-0.378028	0.123378	0.050273	0.037784	0.033972	0.073814	0.036820	0.039866	0.050832	-0.009531	0.620413	0.521235	0.059089	0.668570	0.574607	0.023159	0.705284	0.607425	0.055510
34	0.091666667	1.098524	1.006483	0.123292	1.091426	1.022211	-0.221206	1.232756	1.060562	0.034510	1.236720	1.062011	-0.134711	0.918831	1.497261	-0.094501	1.056253	1.384504	0.016359	1.049108	1.360615	-0.164399	0.654659	1.666325	-0.098334	0.576567	1.531679	-0.094762	0.697057	1.605796	0.013242	0.815206	1.426758	0.117607	0.964675	1.485786	0.065113	0.939858	1.105902	0.127509	0.950392	1.265184	0.171912	0.834001	0.864759	0.057892	NaN	NaN	NaN	0.923501	1.434715	-0.232300	0.903312	1.021473	-0.183138	0.908829	1.175518	-0.268498	0.795441	0.799209	-0.064370	1.093937	0.510272	0.227810	0.987430	0.051903	0.226091	1.021496	0.043488	0.327092	1.165967	0.097518	0.270790	1.046000	0.528379	-0.298466	0.981331	0.036338	-0.288902	0.979289	0.038886	-0.406488	1.117951	0.118117	-0.378026	0.123251	0.050309	0.037080	0.033815	0.073853	0.036124	0.039764	0.050955	-0.010165	0.620407	0.521211	0.058713	0.668579	0.574633	0.022786	0.705262	0.607389	0.055193
35	0.094444444	1.098571	1.006496	0.123239	1.091501	1.022175	-0.221250	1.232770	1.060521	0.034474	1.236777	1.061971	-0.134750	0.918886	1.497259	-0.094515	1.056305	1.384487	0.016315	1.049160	1.360616	-0.164459	0.654697	1.666308	-0.098322	0.576609	1.531665	-0.094798	0.697116	1.605772	0.013234	0.815274	1.426703	0.117570	0.964717	1.485758	0.065087	0.939848	1.105864	0.127419	0.950418	1.265113	0.171836	0.833979	0.864727	0.057785	NaN	NaN	NaN	0.923550	1.434738	-0.232338	0.903301	1.021517	-0.183200	0.908808	1.175547	-0.268541	0.795499	0.799233	-0.064525	1.093975	0.510269	0.227796	0.987420	0.051884	0.226106	1.021480	0.043463	0.327105	1.165965	0.097497	0.270805	1.046005	0.528361	-0.298491	0.981337	0.036328	-0.288890	0.979282	0.038882	-0.406488	1.117940	0.118125	-0.378026	0.123116	0.050364	0.036376	0.033686	0.073924	0.035382	0.039695	0.051062	-0.010912	0.620371	0.521207	0.058291	0.668531	0.574646	0.022425	0.705275	0.607364	0.054892
36	0.097222222	1.098592	1.006481	0.123186	1.091578	1.022146	-0.221301	1.232800	1.060506	0.034444	1.236863	1.061946	-0.134777	0.918927	1.497229	-0.094538	1.056353	1.384455	0.016289	1.049215	1.360611	-0.164505	0.654733	1.666289	-0.098325	0.576665	1.531638	-0.094814	0.697145	1.605721	0.013221	0.815309	1.426672	0.117547	0.964783	1.485715	0.065067	0.939859	1.105835	0.127337	0.950449	1.265027	0.171758	0.833957	0.864678	0.057652	NaN	NaN	NaN	0.923634	1.434772	-0.232370	0.903369	1.021563	-0.183276	0.908834	1.175580	-0.268584	0.795582	0.799216	-0.064651	1.094000	0.510252	0.227795	0.987424	0.051893	0.226111	1.021477	0.043474	0.327114	1.165978	0.097469	0.270809	1.046017	0.528364	-0.298526	0.981302	0.036335	-0.288892	0.979296	0.038877	-0.406491	1.117941	0.118103	-0.378046	0.122967	0.050463	0.035621	0.033667	0.074002	0.034668	0.039679	0.051152	-0.011761	0.620342	0.521197	0.057852	0.668527	0.574649	0.022092	0.705226	0.607348	0.054555
37	0.100000000	1.098623	1.006470	0.123116	1.091638	1.022130	-0.221347	1.232830	1.060503	0.034400	1.236937	1.061926	-0.134809	0.918971	1.497234	-0.094551	1.056381	1.384416	0.016253	1.049264	1.360612	-0.164544	0.654782	1.666278	-0.098313	0.576730	1.531627	-0.094838	0.697185	1.605686	0.013222	0.815362	1.426626	0.117530	0.964821	1.485675	0.065046	0.939857	1.105792	0.127254	0.950476	1.264981	0.171701	0.833933	0.864642	0.057515	NaN	NaN	NaN	0.923689	1.434788	-0.232410	0.903372	1.021637	-0.183338	0.908857	1.175619	-0.268640	0.795625	0.799247	-0.064795	1.094044	0.510240	0.227788	0.987436	0.051892	0.226111	1.021487	0.043455	0.327135	1.165985	0.097453	0.270844	1.045991	0.528353	-0.298552	0.981287	0.036324	-0.288878	0.979290	0.038870	-0.406491	1.117908	0.118065	-0.378028	0.122803	0.050521	0.034797	0.033613	0.074171	0.033860	0.039582	0.051263	-0.012634	0.620297	0.521190	0.057459	0.668507	0.574608	0.021745	0.705214	0.607311	0.054205
38	0.102777778	1.098618	1.006439	0.123042	1.091743	1.022104	-0.221399	1.232877	1.060499	0.034378	1.236991	1.061884	-0.134827	0.919025	1.497223	-0.094568	1.056432	1.384387	0.016233	1.049341	1.360619	-0.164588	0.654832	1.666266	-0.098312	0.576747	1.531619	-0.094870	0.697224	1.605642	0.013218	0.815396	1.426560	0.117491	0.964869	1.485628	0.065025	0.939834	1.105734	0.127170	0.950516	1.264907	0.171618	0.833918	0.864593	0.057380	NaN	NaN	NaN	0.923762	1.434820	-0.232442	0.903412	1.021665	-0.183388	0.908865	1.175642	-0.268687	0.795719	0.799236	-0.064945	1.094068	0.510237	0.227778	0.987436	0.051899	0.226119	1.021480	0.043452	0.327149	1.166002	0.097448	0.270842	1.046008	0.528345	-0.298600	0.981296	0.036330	-0.288881	0.979284	0.038845	-0.406482	1.117915	0.118051	-0.378041	0.122658	0.050617	0.033920	0.033464	0.074314	0.032902	0.039448	0.051392	-0.013470	0.620183	0.521157	0.057053	0.668502	0.574649	0.021406	0.705201	0.607289	0.053867
39	0.105555556	1.098633	1.006435	0.122989	1.091837	1.022083	-0.221457	1.232900	1.060495	0.034338	1.237088	1.061871	-0.134869	0.919098	1.497221	-0.094572	1.056491	1.384355	0.016200	1.049400	1.360628	-0.164624	0.654867	1.666260	-0.098309	0.576790	1.531606	-0.094898	0.697283	1.605624	0.013206	0.815455	1.426519	0.117451	0.964912	1.485571	0.065010	0.939809	1.105711	0.127081	0.950537	1.264835	0.171549	0.833908	0.864555	0.057226	NaN	NaN	NaN	0.923844	1.434854	-0.232471	0.903478	1.021736	-0.183436	0.908909	1.175686	-0.268744	0.795804	0.799250	-0.065115	1.094115	0.510227	0.227776	0.987437	0.051875	0.226153	1.021474	0.043422	0.327149	1.166034	0.097438	0.270869	1.046257	0.528136	-0.298428	0.981277	0.036300	-0.288885	0.979284	0.038820	-0.406476	1.117901	0.118041	-0.378029	0.122515	0.050700	0.032931	0.033265	0.074466	0.031913	0.039263	0.051555	-0.014304	0.620067	0.521160	0.056578	0.668456	0.574593	0.021048	0.705137	0.607283	0.053492
40	0.108333333	1.098644	1.006412	0.122901	1.091923	1.022067	-0.221508	1.232908	1.060478	0.034298	1.237147	1.061838	-0.134897	0.919137	1.497204	-0.094595	1.056523	1.384317	0.016165	1.049461	1.360634	-0.164680	0.654915	1.666232	-0.098297	0.576852	1.531582	-0.094911	0.697318	1.605570	0.013200	0.815506	1.426451	0.117410	0.964948	1.485540	0.064986	0.939772	1.105636	0.126995	0.950542	1.264752	0.171468	0.833874	0.864511	0.057092	NaN	NaN	NaN	0.923883	1.434890	-0.232512	0.903500	1.021773	-0.183508	0.908928	1.175728	-0.268808	0.795845	0.799261	-0.065279	1.094149	0.510208	0.227772	0.987437	0.051861	0.226152	1.021472	0.043410	0.327138	1.166026	0.097409	0.270889	1.046254	0.528123	-0.298469	0.981276	0.036288	-0.288894	0.979275	0.038823	-0.406464	1.117903	0.118042	-0.378045	0.122446	0.050793	0.031975	0.032989	0.074633	0.030993	0.039111	0.051664	-0.015374	0.619976	0.521136	0.056110	0.668411	0.574582	0.020620	0.705116	0.607254	0.053074
41	0.111111111	1.098647	1.006403	0.122830	1.092030	1.022041	-0.221576	1.232926	1.060467	0.034272	1.237241	1.061830	-0.134920	0.919198	1.497208	-0.094614	1.056571	1.384298	0.016149	1.049544	1.360652	-0.164723	0.654958	1.666238	-0.098292	0.576889	1.531575	-0.094937	0.697355	1.605552	0.013182	0.815517	1.426419	0.117370	0.965014	1.485494	0.064985	0.939749	1.105609	0.126904	0.950584	1.264704	0.171396	0.833854	0.864472	0.056928	NaN	NaN	NaN	0.923972	1.434937	-0.232538	0.903566	1.021835	-0.183569	0.908994	1.175774	-0.268857	0.795950	0.799281	-0.065443	1.094195	0.510220	0.227756	0.987465	0.051875	0.226167	1.021472	0.043391	0.327161	1.166031	0.097387	0.270907	1.046268	0.528146	-0.298509	0.981277	0.036287	-0.288874	0.979285	0.038821	-0.406475	1.117911	0.118059	-0.378052	0.122306	0.050900	0.030976	0.032834	0.074705	0.030021	0.039087	0.051762	-0.016468	0.619890	0.521100	0.055581	0.668330	0.574587	0.020175	0.705058	0.607201	0.052606
42	0.113888889	1.098628	1.006386	0.122742	1.092107	1.022047	-0.221648	1.232939	1.060467	0.034227	1.237325	1.061810	-0.134954	0.919248	1.497203	-0.094636	1.056603	1.384264	0.016118	1.049615	1.360659	-0.164785	0.655011	1.666211	-0.098287	0.576914	1.531570	-0.094973	0.697376	1.605494	0.013171	0.815545	1.426359	0.117322	0.965029	1.485443	0.064970	0.939711	1.105536	0.126811	0.950573	1.264630	0.171321	0.833820	0.864425	0.056751	NaN	NaN	NaN	0.924019	1.434968	-0.232573	0.903584	1.021900	-0.183652	0.909011	1.175827	-0.268921	0.795983	0.799299	-0.065583	1.094250	0.510208	0.227734	0.987450	0.051873	0.226170	1.021492	0.043396	0.327158	1.166040	0.097371	0.270911	1.046257	0.528140	-0.298554	0.981271	0.036277	-0.288865	0.979279	0.038827	-0.406476	1.117899	0.118055	-0.378042	0.122193	0.050950	0.029933	0.032703	0.074815	0.028894	0.038968	0.051959	-0.017575	0.619740	0.521107	0.054998	0.668283	0.574577	0.019674	0.704981	0.607144	0.052187
43	0.116666667	1.098619	1.006364	0.122655	1.092226	1.022032	-0.221714	1.232965	1.060459	0.034189	1.237414	1.061790	-0.134995	0.919317	1.497212	-0.094640	1.056657	1.384236	0.016085	1.049665	1.360673	-0.164818	0.655047	1.666207	-0.098292	0.576967	1.531559	-0.094999	0.697420	1.605473	0.013161	0.815578	1.426308	0.117277	0.965080	1.485397	0.064946	0.939639	1.105468	0.126694	0.950569	1.264553	0.171251	0.833811	0.864367	0.056559	NaN	NaN	NaN	0.924103	1.435021	-0.232607	0.903632	1.021960	-0.183736	0.909055	1.175890	-0.268982	0.796056	0.799302	-0.065754	1.094283	0.510201	0.227724	0.987452	0.051865	0.226164	1.021481	0.043392	0.327167	1.166048	0.097361	0.270917	1.046043	0.528362	-0.298798	0.981277	0.036285	-0.288898	0.979282	0.038799	-0.406481	1.117902	0.118048	-0.378050	0.122006	0.051057	0.028751	0.032746	0.074838	0.027788	0.038737	0.052084	-0.018738	0.619660	0.521111	0.054441	0.668300	0.574592	0.019086	0.704870	0.607131	0.051762
44	0.119444444	1.098631	1.006355	0.122581	1.092338	1.022036	-0.221797	1.232978	1.060453	0.034155	1.237492	1.061769	-0.135016	0.919366	1.497207	-0.094657	1.056671	1.384198	0.016044	1.049712	1.360680	-0.164875	0.655083	1.666187	-0.098287	0.577010	1.531543	-0.095038	0.697469	1.605429	0.013164	0.815594	1.426272	0.117218	0.965117	1.485358	0.064926	0.939590	1.105406	0.126587	0.950557	1.264467	0.171169	0.833756	0.864310	0.056370	NaN	NaN	NaN	0.924142	1.435058	-0.232642	0.903687	1.022026	-0.183816	0.909074	1.175936	-0.269049	0.796097	0.799337	-0.065925	1.094310	0.510210	0.227719	0.987489	0.051873	0.226177	1.021495	0.043399	0.327177	1.166060	0.097362	0.270933	1.046288	0.528183	-0.298659	0.981281	0.036300	-0.288887	0.979288	0.038816	-0.406474	1.117895	0.118055	-0.378070	0.121883	0.051154	0.027476	0.032508	0.074907	0.026462	0.038442	0.052210	-0.019954	0.619565	0.521070	0.053856	0.668249	0.574605	0.018550	0.704743	0.607111	0.051372
45	0.122222222	1.098618	1.006333	0.122491	1.092455	1.022036	-0.221875	1.232990	1.060444	0.034110	1.237579	1.061758	-0.135038	0.919416	1.497209	-0.094685	1.056710	1.384166	0.016024	1.049791	1.360705	-0.164925	0.655133	1.666174	-0.098281	0.577070	1.531527	-0.095061	0.697510	1.605395	0.013139	0.815603	1.426197	0.117180	0.965159	1.485316	0.064909	0.939480	1.105330	0.126460	0.950547	1.264384	0.171099	0.833721	0.864237	0.056178	NaN	NaN	NaN	0.924219	1.435111	-0.232666	0.903752	1.022075	-0.183913	0.909130	1.176002	-0.269136	0.796158	0.799357	-0.066097	1.094360	0.510204	0.227697	0.987488	0.051879	0.226170	1.021497	0.043395	0.327188	1.166088	0.097362	0.270934	1.046296	0.528175	-0.298702	0.981261	0.036294	-0.288906	0.979283	0.038820	-0.406475	1.117901	0.118053	-0.378087	0.121796	0.051280	0.026276	0.032278	0.074969	0.025202	0.038343	0.052395	-0.021180	0.619553	0.521063	0.053175	0.668187	0.574633	0.018027	0.704665	0.607086	0.050942
46	0.125000000	1.098597	1.006323	0.122396	1.092580	1.022045	-0.221949	1.233014	1.060449	0.034078	1.237669	1.061733	-0.135072	0.919469	1.497212	-0.094710	1.056740	1.384123	0.015978	1.049843	1.360728	-0.164970	0.655176	1.666179	-0.098279	0.577109	1.531519	-0.095103	0.697560	1.605369	0.013131	0.815639	1.426158	0.117112	0.965190	1.485273	0.064891	0.939476	1.105286	0.126374	0.950490	1.264305	0.171011	0.833708	0.864170	0.055968	NaN	NaN	NaN	0.924284	1.435170	-0.232707	0.903777	1.022157	-0.183998	0.909167	1.176082	-0.269210	0.796193	0.799383	-0.066283	1.094402	0.510209	0.227688	0.987489	0.051901	0.226182	1.021504	0.043398	0.327195	1.166080	0.097328	0.270935	1.046310	0.528202	-0.298757	0.981292	0.036311	-0.288892	0.979294	0.038825	-0.406478	1.117887	0.118050	-0.378087	0.121559	0.051321	0.024940	0.032233	0.075010	0.023973	0.038284	0.052476	-0.022605	0.619480	0.521064	0.052488	0.668150	0.574584	0.017518	0.704578	0.607062	0.050432
47	0.127777778	1.098583	1.006314	0.122321	1.092692	1.022051	-0.222039	1.233016	1.060424	0.034043	1.237760	1.061702	-0.135099	0.919522	1.497209	-0.094716	1.056768	1.384086	0.015952	1.049905	1.360756	-0.165032	0.655215	1.666155	-0.098272	0.577142	1.531491	-0.095127	0.697591	1.605334	0.013113	0.815644	1.426104	0.117047	0.965217	1.485218	0.064878	0.939379	1.105216	0.126247	0.950453	1.264214	0.170937	0.833692	0.864093	0.055772	NaN	NaN	NaN	0.924363	1.435221	-0.232730	0.903857	1.022225	-0.184092	0.909227	1.176141	-0.269292	0.796302	0.799406	-0.066481	1.094438	0.510236	0.227662	0.987523	0.051920	0.226189	1.021519	0.043393	0.327188	1.166105	0.097338	0.270944	1.046088	0.528419	-0.299005	0.981277	0.036306	-0.288900	0.979278	0.038831	-0.406482	1.117918	0.118102	-0.378110	0.121348	0.051434	0.023578	0.032181	0.075085	0.022503	0.038199	0.052638	-0.024075	0.619429	0.521052	0.051838	0.668084	0.574545	0.016988	0.704509	0.607030	0.049931
48	0.130555556	1.098574	1.006307	0.122225	1.092821	1.022052	-0.222113	1.233045	1.060426	0.034010	1.237857	1.061697	-0.135123	0.919566	1.497211	-0.094752	1.056826	1.384062	0.015926	1.049961	1.360772	-0.165072	0.655263	1.666148	-0.098274	0.577188	1.531488	-0.095172	0.697615	1.605302	0.013094	0.815663	1.426048	0.116989	0.965241	1.485183	0.064866	0.939306	1.105126	0.126122	0.950443	1.264135	0.170862	0.833648	0.864034	0.055558	NaN	NaN	NaN	0.924432	1.435294	-0.232763	0.903950	1.022292	-0.184179	0.909313	1.176242	-0.269398	0.796385	0.799475	-0.066727	1.094487	0.510232	0.227637	0.987509	0.051905	0.226196	1.021530	0.043402	0.327208	1.166109	0.097341	0.270953	1.046122	0.528436	-0.299065	0.981272	0.036310	-0.288905	0.979285	0.038841	-0.406484	1.117922	0.118093	-0.378114	0.121149	0.051528	0.022161	0.031961	0.075304	0.020960	0.038085	0.052756	-0.025495	0.619337	0.521017	0.051151	0.668090	0.574568	0.016392	0.704447	0.607012	0.049371
49	0.133333333	1.098547	1.006293	0.122129	1.092929	1.022058	-0.222182	1.233059	1.060429	0.033980	1.237945	1.061670	-0.135157	0.919600	1.497227	-0.094771	1.056837	1.384017	0.015870	1.050012	1.360799	-0.165124	0.655307	1.666149	-0.098275	0.577228	1.531488	-0.095205	0.697677	1.605275	0.013094	0.815674	1.425998	0.116925	0.965266	1.485126	0.064850	0.939234	1.105063	0.125995	0.950384	1.264041	0.170777	0.833596	0.863956	0.055338	NaN	NaN	NaN	0.924498	1.435343	-0.232781	0.903987	1.022366	-0.184304	0.909366	1.176314	-0.269503	0.796438	0.799490	-0.066960	1.094516	0.510253	0.227611	0.987546	0.051964	0.226203	1.021527	0.043396	0.327214	1.166118	0.097339	0.270956	1.046379	0.528264	-0.298925	0.981281	0.036323	-0.288896	0.979293	0.038842	-0.406467	1.117926	0.118100	-0.378117	0.121049	0.051591	0.020541	0.031736	0.075481	0.019423	0.038002	0.052896	-0.027058	0.619174	0.520979	0.050461	0.668071	0.574599	0.015672	0.704368	0.606984	0.048801
50	0.136111111	1.098530	1.006285	0.122056	1.093048	1.022066	-0.222268	1.233050	1.060410	0.033944	1.238047	1.061647	-0.135174	0.919653	1.497222	-0.094776	1.056870	1.383985	0.015846	1.050075	1.360819	-0.165172	0.655370	1.666139	-0.098276	0.577257	1.531475	-0.095244	0.697706	1.605224	0.013075	0.815672	1.425925	0.116850	0.965296	1.485070	0.064839	0.939165	1.104977	0.125878	0.950301	1.263932	0.170688	0.833526	0.863889	0.055109	NaN	NaN	NaN	0.924565	1.435407	-0.232803	0.904081	1.022455	-0.184405	0.909444	1.176401	-0.269607	0.796489	0.799536	-0.067220	1.094552	0.510277	0.227606	0.987534	0.051944	0.226217	1.021538	0.043423	0.327219	1.166111	0.097330	0.270949	1.046129	0.528465	-0.299155	0.981284	0.036337	-0.288901	0.979304	0.038856	-0.406476	1.117952	0.118123	-0.378147	0.120872	0.051723	0.019039	0.031544	0.075642	0.017829	0.037928	0.053032	-0.028777	0.618992	0.520987	0.049681	0.668037	0.574620	0.014971	0.704315	0.606961	0.048212
51	0.138888889	1.098503	1.006275	0.121967	1.093163	1.022077	-0.222354	1.233054	1.060419	0.033918	1.238118	1.061628	-0.135202	0.919717	1.497241	-0.094790	1.056894	1.383953	0.015806	1.050150	1.360870	-0.165230	0.655401	1.666128	-0.098276	0.577328	1.531465	-0.095283	0.697765	1.605200	0.013066	0.815671	1.425858	0.116785	0.965300	1.485026	0.064832	0.939098	1.104916	0.125737	0.950222	1.263825	0.170591	0.833474	0.863816	0.054884	NaN	NaN	NaN	0.924631	1.435467	-0.232829	0.904138	1.022559	-0.184516	0.909480	1.176511	-0.269703	0.796545	0.799587	-0.067491	1.094586	0.510290	0.227570	0.987546	0.051949	0.226208	1.021549	0.043401	0.327218	1.166128	0.097334	0.270960	1.046422	0.528283	-0.299026	0.981303	0.036350	-0.288888	0.979304	0.038886	-0.406490	1.117948	0.118138	-0.378159	0.120676	0.051808	0.017413	0.031404	0.075836	0.016026	0.037664	0.053211	-0.030389	0.618911	0.520961	0.048917	0.667907	0.574668	0.014310	0.704245	0.606921	0.047564
52	0.141666667	1.098500	1.006263	0.121883	1.093298	1.022076	-0.222433	1.233068	1.060402	0.033889	1.238217	1.061608	-0.135215	0.919762	1.497235	-0.094788	1.056920	1.383912	0.015778	1.050209	1.360908	-0.165288	0.655464	1.666128	-0.098272	0.577387	1.531458	-0.095322	0.697785	1.605147	0.013061	0.815675	1.425781	0.116697	0.965316	1.484954	0.064825	0.938954	1.104833	0.125578	0.950165	1.263722	0.170489	0.833396	0.863737	0.054623	NaN	NaN	NaN	0.924721	1.435524	-0.232851	0.904229	1.022644	-0.184632	0.909581	1.176605	-0.269816	0.796658	0.799621	-0.067766	1.094601	0.510297	0.227544	0.987533	0.051938	0.226203	1.021560	0.043436	0.327225	1.166119	0.097317	0.270962	1.046174	0.528491	-0.299266	0.981299	0.036364	-0.288889	0.979301	0.038893	-0.406487	1.117956	0.118139	-0.378164	0.120557	0.051990	0.015656	0.031183	0.075914	0.014370	0.037411	0.053396	-0.032153	0.618836	0.520920	0.048122	0.667870	0.574759	0.013647	0.704185	0.606882	0.046911
53	0.144444444	1.098481	1.006243	0.121799	1.093420	1.022064	-0.222506	1.233079	1.060389	0.033854	1.238308	1.061577	-0.135224	0.919797	1.497244	-0.094818	1.056956	1.383875	0.015748	1.050282	1.360929	-0.165328	0.655501	1.666127	-0.098273	0.577415	1.531440	-0.095375	0.697851	1.605122	0.013051	0.815658	1.425716	0.116637	0.965332	1.484889	0.064818	0.938884	1.104758	0.125444	0.950096	1.263610	0.170386	0.833339	0.863652	0.054392	NaN	NaN	NaN	0.924800	1.435591	-0.232872	0.904340	1.022739	-0.184766	0.909687	1.176720	-0.269932	0.796734	0.799682	-0.068084	1.094617	0.510292	0.227527	0.987558	0.051961	0.226225	1.021561	0.043426	0.327232	1.166128	0.097333	0.270969	1.046473	0.528322	-0.299124	0.981301	0.036371	-0.288892	0.979287	0.038889	-0.406488	1.117956	0.118155	-0.378161	0.120410	0.052046	0.013888	0.030968	0.075914	0.012595	0.037339	0.053610	-0.034067	0.618737	0.520880	0.047228	0.667763	0.574824	0.012981	0.704133	0.606808	0.046254
54	0.147222222	1.098426	1.006213	0.121701	1.093552	1.022049	-0.222594	1.233075	1.060393	0.033837	1.238391	1.061555	-0.135238	0.919851	1.497240	-0.094815	1.056962	1.383829	0.015703	1.050364	1.360970	-0.165384	0.655565	1.666128	-0.098259	0.577464	1.531433	-0.095439	0.697852	1.605066	0.013035	0.815613	1.425628	0.116559	0.965315	1.484811	0.064823	0.938791	1.104669	0.125273	0.950015	1.263493	0.170282	0.833214	0.863556	0.054119	NaN	NaN	NaN	0.924858	1.435648	-0.232896	0.904422	1.022845	-0.184901	0.909739	1.176824	-0.270061	0.796809	0.799731	-0.068399	1.094628	0.510301	0.227504	0.987561	0.051978	0.226221	1.021563	0.043428	0.327227	1.166116	0.097321	0.270977	1.046211	0.528530	-0.299379	0.981297	0.036360	-0.288905	0.979299	0.038895	-0.406484	1.117961	0.118166	-0.378179	0.120084	0.052192	0.012053	0.030975	0.076055	0.010760	0.037095	0.053805	-0.035968	0.618695	0.520854	0.046362	0.667655	0.574694	0.012196	0.704016	0.606704	0.045592
55	0.150000000	1.098400	1.006189	0.121608	1.093718	1.022060	-0.222689	1.233104	1.060395	0.033799	1.238484	1.061526	-0.135257	0.919885	1.497235	-0.094825	1.056992	1.383786	0.015668	1.050438	1.361001	-0.165439	0.655614	1.666114	-0.098251	0.577483	1.531415	-0.095505	0.697889	1.605032	0.013026	0.815604	1.425538	0.116468	0.965327	1.484731	0.064820	0.938688	1.104591	0.125135	0.949932	1.263350	0.170176	0.833117	0.863469	0.053875	NaN	NaN	NaN	0.924936	1.435709	-0.232932	0.904554	1.022964	-0.185067	0.909823	1.176921	-0.270173	0.796837	0.799768	-0.068689	1.094651	0.510298	0.227478	0.987551	0.051957	0.226230	1.021563	0.043416	0.327242	1.166126	0.097332	0.270964	1.046509	0.528368	-0.299226	0.981295	0.036366	-0.288916	0.979276	0.038919	-0.406495	1.117942	0.118154	-0.378191	0.119909	0.052339	0.010010	0.030652	0.076248	0.008674	0.036901	0.054030	-0.037896	0.618536	0.520864	0.045451	0.667579	0.574726	0.011330	0.703909	0.606622	0.044922
56	0.152777778	1.098391	1.006178	0.121533	1.093866	1.022080	-0.222798	1.233103	1.060372	0.033771	1.238581	1.061500	-0.135275	0.919927	1.497242	-0.094823	1.056989	1.383732	0.015641	1.050496	1.361020	-0.165492	0.655674	1.666121	-0.098248	0.577525	1.531413	-0.095569	0.697916	1.604975	0.013028	0.815583	1.425451	0.116397	0.965318	1.484640	0.064815	0.938547	1.104498	0.124954	0.949856	1.263214	0.170073	0.833029	0.863374	0.053629	NaN	NaN	NaN	0.925011	1.435766	-0.232949	0.904631	1.023064	-0.185218	0.909900	1.177004	-0.270296	0.796901	0.799836	-0.068959	1.094664	0.510316	0.227418	0.987549	0.051963	0.226238	1.021559	0.043423	0.327241	1.166111	0.097318	0.270980	1.046538	0.528373	-0.299276	0.981308	0.036383	-0.288906	0.979279	0.038902	-0.406483	1.117941	0.118171	-0.378200	0.119687	0.052443	0.008041	0.030512	0.076460	0.006830	0.036869	0.054258	-0.040048	0.618365	0.520763	0.044499	0.667462	0.574770	0.010516	0.703780	0.606577	0.044205
57	0.155555556	1.098340	1.006144	0.121437	1.093995	1.022065	-0.222888	1.233118	1.060363	0.033743	1.238680	1.061478	-0.135293	0.919951	1.497222	-0.094842	1.057007	1.383681	0.015627	1.050580	1.361052	-0.165546	0.655727	1.666112	-0.098233	0.577583	1.531409	-0.095622	0.697931	1.604919	0.013011	0.815544	1.425359	0.116338	0.965309	1.484561	0.064830	0.938449	1.104396	0.124789	0.949752	1.263072	0.169968	0.832929	0.863240	0.053365	NaN	NaN	NaN	0.925103	1.435811	-0.232981	0.904750	1.023173	-0.185387	0.909974	1.177081	-0.270409	0.796940	0.799869	-0.069264	1.094678	0.510316	0.227397	0.987560	0.051988	0.226239	1.021558	0.043417	0.327256	1.166114	0.097313	0.270965	1.046292	0.528561	-0.299519	0.981291	0.036379	-0.288919	0.979268	0.038910	-0.406480	1.117955	0.118154	-0.378212	0.119430	0.052635	0.005948	0.030289	0.076638	0.004504	0.036527	0.054567	-0.042007	0.618224	0.520710	0.043532	0.667467	0.574864	0.009695	0.703722	0.606471	0.043475
58	0.158333333	1.098323	1.006142	0.121355	1.094156	1.022075	-0.222994	1.233122	1.060354	0.033713	1.238789	1.061453	-0.135316	0.919994	1.497227	-0.094854	1.057022	1.383637	0.015601	1.050661	1.361091	-0.165609	0.655768	1.666106	-0.098240	0.577616	1.531408	-0.095689	0.697966	1.604877	0.013003	0.815527	1.425263	0.116262	0.965297	1.484469	0.064827	0.938323	1.104320	0.124636	0.949669	1.262941	0.169856	0.832833	0.863142	0.053109	NaN	NaN	NaN	0.925184	1.435889	-0.233013	0.904834	1.023258	-0.185574	0.910018	1.177166	-0.270525	0.796961	0.799921	-0.069572	1.094681	0.510307	0.227373	0.987535	0.051958	0.226251	1.021553	0.043410	0.327263	1.166123	0.097313	0.270986	1.046574	0.528375	-0.299377	0.981301	0.036369	-0.288909	0.979248	0.038904	-0.406489	1.117929	0.118162	-0.378224	0.119268	0.052792	0.003728	0.029918	0.076769	0.002433	0.036428	0.054754	-0.044398	0.618143	0.520612	0.042494	0.667294	0.574756	0.008858	0.703647	0.606365	0.042625
59	0.161111111	1.098273	1.006097	0.121264	1.094332	1.022061	-0.223097	1.233134	1.060335	0.033674	1.238886	1.061433	-0.135348	0.920045	1.497208	-0.094849	1.057043	1.383598	0.015584	1.050768	1.361145	-0.165656	0.655815	1.666085	-0.098224	0.577679	1.531401	-0.095743	0.697991	1.604834	0.013002	0.815477	1.425156	0.116197	0.965291	1.484370	0.064844	0.938182	1.104188	0.124462	0.949587	1.262808	0.169744	0.832719	0.862995	0.052814	NaN	NaN	NaN	0.925276	1.435944	-0.233045	0.904972	1.023350	-0.185754	0.910140	1.177265	-0.270664	0.797043	0.799959	-0.069896	1.094674	0.510309	0.227333	0.987549	0.051970	0.226255	1.021559	0.043416	0.327261	1.166112	0.097295	0.270985	1.046605	0.528400	-0.299433	0.981275	0.036372	-0.288910	0.979241	0.038911	-0.406496	1.117909	0.118152	-0.378247	0.119100	0.052922	0.001471	0.029799	0.076967	0.000140	0.036362	0.055045	-0.046510	0.618117	0.520517	0.041362	0.667312	0.574742	0.007850	0.703611	0.606273	0.041743
60	0.163888889	1.098232	1.006059	0.121168	1.094511	1.022053	-0.223209	1.233168	1.060335	0.033634	1.239021	1.061432	-0.135356	0.920089	1.497195	-0.094859	1.057063	1.383548	0.015556	1.050876	1.361182	-0.165699	0.655898	1.666093	-0.098217	0.577726	1.531400	-0.095828	0.698021	1.604777	0.012991	0.815432	1.425055	0.116117	0.965274	1.484269	0.064841	0.938052	1.104116	0.124308	0.949495	1.262657	0.169623	0.832602	0.862888	0.052508	NaN	NaN	NaN	0.925370	1.436005	-0.233066	0.905094	1.023446	-0.185935	0.910268	1.177380	-0.270806	0.797132	0.800000	-0.070247	1.094665	0.510295	0.227302	0.987560	0.051964	0.226244	1.021545	0.043403	0.327259	1.166108	0.097282	0.270998	1.046360	0.528568	-0.299675	0.981280	0.036372	-0.288898	0.979245	0.038902	-0.406493	1.117913	0.118148	-0.378242	0.118820	0.053038	-0.000925	0.029637	0.077126	-0.002201	0.035832	0.055368	-0.049011	0.618034	0.520479	0.040281	0.667176	0.574712	0.006934	0.703550	0.606185	0.040881
61	0.166666667	1.098223	1.006068	0.121103	1.094662	1.022052	-0.223308	1.233180	1.060322	0.033606	1.239104	1.061409	-0.135400	0.920141	1.497181	-0.094864	1.057052	1.383482	0.015540	1.050952	1.361211	-0.165748	0.655937	1.666078	-0.098212	0.577770	1.531408	-0.095883	0.698041	1.604732	0.012967	0.815390	1.424955	0.116025	0.965225	1.484171	0.064832	0.937920	1.104020	0.124160	0.949381	1.262514	0.169496	0.832474	0.862767	0.052216	NaN	NaN	NaN	0.925475	1.436069	-0.233108	0.905147	1.023534	-0.186097	0.910400	1.177485	-0.270960	0.797218	0.800057	-0.070673	1.094675	0.510287	0.227281	0.987537	0.051957	0.226251	1.021540	0.043401	0.327261	1.166110	0.097294	0.270997	1.046649	0.528384	-0.299522	0.981264	0.036373	-0.288899	0.979227	0.038895	-0.406496	1.117906	0.118147	-0.378260	0.118591	0.053163	-0.003297	0.029343	0.077355	-0.004649	0.035826	0.055602	-0.051595	0.617823	0.520394	0.039158	0.667053	0.574701	0.005998	0.703412	0.606099	0.040066
62	0.169444444	1.098176	1.006032	0.120996	1.094817	1.022031	-0.223430	1.233198	1.060314	0.033571	1.239230	1.061403	-0.135420	0.920184	1.497160	-0.094875	1.057070	1.383422	0.015546	1.051071	1.361261	-0.165790	0.656004	1.666090	-0.098207	0.577807	1.531400	-0.095958	0.698078	1.604673	0.012956	0.815358	1.424848	0.115947	0.965225	1.484070	0.064848	0.937732	1.103895	0.123980	0.949297	1.262368	0.169365	0.832368	0.862652	0.051888	NaN	NaN	NaN	0.925576	1.436132	-0.233136	0.905228	1.023600	-0.186284	0.910537	1.177586	-0.271116	0.797352	0.800031	-0.071136	1.094667	0.510287	0.227239	0.987534	0.051951	0.226262	1.021546	0.043402	0.327261	1.166107	0.097284	0.270983	1.046682	0.528362	-0.299579	0.981266	0.036370	-0.288916	0.979230	0.038890	-0.406487	1.117906	0.118132	-0.378264	0.118296	0.053429	-0.005974	0.029307	0.077570	-0.007199	0.035597	0.055878	-0.054120	0.617643	0.520332	0.037923	0.667084	0.574670	0.004928	0.703272	0.605988	0.039146
63	0.172222222	1.098156	1.006009	0.120922	1.094980	1.022003	-0.223531	1.233220	1.060295	0.033530	1.239358	1.061381	-0.135465	0.920225	1.497143	-0.094892	1.057074	1.383366	0.015503	1.051160	1.361301	-0.165841	0.656067	1.666078	-0.098202	0.577859	1.531421	-0.096035	0.698115	1.604612	0.012955	0.815322	1.424749	0.115888	0.965191	1.483964	0.064841	0.937619	1.103806	0.123844	0.949211	1.262232	0.169237	0.832217	0.862537	0.051549	NaN	NaN	NaN	0.925701	1.436201	-0.233170	0.905289	1.023719	-0.186465	0.910664	1.177699	-0.271283	0.797415	0.800044	-0.071555	1.094684	0.510299	0.227207	0.987550	0.051952	0.226253	1.021542	0.043388	0.327272	1.166130	0.097294	0.271007	1.046723	0.528364	-0.299618	0.981273	0.036370	-0.288913	0.979231	0.038879	-0.406512	1.117911	0.118140	-0.378266	0.118175	0.053603	-0.008482	0.028951	0.077764	-0.009808	0.035456	0.056133	-0.056781	0.617519	0.520280	0.036789	0.667052	0.574607	0.003811	0.703168	0.605874	0.038244
64	0.175000000	1.098107	1.005978	0.120813	1.095144	1.021985	-0.223632	1.233244	1.060277	0.033493	1.239496	1.061374	-0.135493	0.920270	1.497113	-0.094888	1.057085	1.383300	0.015505	1.051288	1.361344	-0.165874	0.656144	1.666073	-0.098196	0.577896	1.531410	-0.096109	0.698155	1.604557	0.012940	0.815267	1.424634	0.115775	0.965171	1.483861	0.064860	0.937433	1.103665	0.123688	0.949091	1.262038	0.169110	0.832071	0.862404	0.051201	NaN	NaN	NaN	0.925819	1.436264	-0.233196	0.905412	1.023809	-0.186700	0.910830	1.177821	-0.271471	0.797546	0.800029	-0.072014	1.094682	0.510283	0.227173	0.987548	0.051946	0.226252	1.021539	0.043385	0.327283	1.166149	0.097297	0.271000	1.046771	0.528368	-0.299691	0.981250	0.036361	-0.288910	0.979239	0.038867	-0.406498	1.117914	0.118133	-0.378302	0.117906	0.053749	-0.011177	0.028756	0.077941	-0.012646	0.035143	0.056513	-0.059558	0.617487	0.520243	0.035397	0.666885	0.574555	0.002770	0.703109	0.605785	0.037267
65	0.177777778	1.098121	1.005965	0.120717	1.095305	1.021971	-0.223741	1.233265	1.060263	0.033441	1.239627	1.061354	-0.135526	0.920317	1.497091	-0.094904	1.057087	1.383240	0.015484	1.051395	1.361379	-0.165923	0.656226	1.666072	-0.098171	0.577940	1.531434	-0.096175	0.698179	1.604491	0.012932	0.815258	1.424526	0.115697	0.965150	1.483744	0.064857	0.937283	1.103555	0.123497	0.948984	1.261874	0.168972	0.831906	0.862281	0.050812	NaN	NaN	NaN	0.925920	1.436343	-0.233228	0.905548	1.023961	-0.186986	0.910946	1.177912	-0.271625	0.797685	0.800005	-0.072518	1.094691	0.510270	0.227146	0.987560	0.051943	0.226262	1.021554	0.043386	0.327273	1.166156	0.097279	0.271021	1.046824	0.528354	-0.299712	0.981253	0.036363	-0.288922	0.979230	0.038849	-0.406500	1.117919	0.118118	-0.378284	0.117727	0.053838	-0.014097	0.028395	0.078149	-0.015482	0.034971	0.056793	-0.062558	0.617302	0.520230	0.034191	0.666853	0.574570	0.001682	0.703006	0.605703	0.036158
66	0.180555556	1.098066	1.005929	0.120614	1.095466	1.021966	-0.223844	1.233269	1.060244	0.033406	1.239753	1.061334	-0.135567	0.920375	1.497069	-0.094925	1.057094	1.383170	0.015466	1.051498	1.361420	-0.165979	0.656266	1.666046	-0.098177	0.577981	1.531424	-0.096247	0.698232	1.604444	0.012915	0.815189	1.424396	0.115608	0.965103	1.483620	0.064874	0.937091	1.103392	0.123329	0.948874	1.261697	0.168822	0.831732	0.862164	0.050398	NaN	NaN	NaN	0.926045	1.436414	-0.233263	0.905646	1.024097	-0.187237	0.911048	1.178018	-0.271794	0.797745	0.800074	-0.073015	1.094688	0.510258	0.227110	0.987555	0.051930	0.226247	1.021537	0.043368	0.327276	1.166145	0.097247	0.271024	1.046852	0.528361	-0.299772	0.981236	0.036344	-0.288935	0.979236	0.038841	-0.406499	1.117918	0.118094	-0.378304	0.117486	0.053984	-0.016950	0.028318	0.078332	-0.018514	0.034853	0.056962	-0.065505	0.617043	0.520154	0.032825	0.666797	0.574532	0.000477	0.702849	0.605658	0.035171
67	0.183333333	1.098039	1.005888	0.120506	1.095641	1.021954	-0.223963	1.233306	1.060225	0.033368	1.239906	1.061325	-0.135598	0.920427	1.497040	-0.094930	1.057112	1.383111	0.015465	1.051629	1.361462	-0.166008	0.656352	1.666033	-0.098165	0.578018	1.531422	-0.096326	0.698258	1.604365	0.012901	0.815115	1.424263	0.115492	0.965077	1.483497	0.064884	0.936893	1.103272	0.123139	0.948749	1.261510	0.168696	0.831553	0.862045	0.049967	NaN	NaN	NaN	0.926189	1.436497	-0.233300	0.905756	1.024213	-0.187493	0.911173	1.178131	-0.271988	0.797795	0.800118	-0.073527	1.094704	0.510252	0.227077	0.987588	0.051931	0.226246	1.021554	0.043363	0.327283	1.166160	0.097242	0.271004	1.046904	0.528350	-0.299821	0.981227	0.036359	-0.288944	0.979237	0.038837	-0.406499	1.117952	0.118113	-0.378300	0.117252	0.054212	-0.019895	0.028091	0.078488	-0.021597	0.034917	0.057231	-0.068506	0.616845	0.520067	0.031462	0.666570	0.574550	-0.000661	0.702586	0.605603	0.034138
68	0.186111111	1.098030	1.005870	0.120423	1.095791	1.021941	-0.224069	1.233304	1.060211	0.033337	1.240040	1.061309	-0.135643	0.920463	1.497017	-0.094939	1.057092	1.383021	0.015448	1.051742	1.361500	-0.166056	0.656420	1.666024	-0.098166	0.578051	1.531442	-0.096410	0.698322	1.604297	0.012897	0.815076	1.424118	0.115392	0.965007	1.483350	0.064902	0.936670	1.103109	0.122984	0.948643	1.261340	0.168546	0.831411	0.861936	0.049526	NaN	NaN	NaN	0.926351	1.436589	-0.233353	0.905829	1.024328	-0.187768	0.911286	1.178239	-0.272168	0.797827	0.800186	-0.074045	1.094703	0.510260	0.227032	0.987597	0.051942	0.226256	1.021550	0.043356	0.327288	1.166163	0.097242	0.271030	1.046946	0.528352	-0.299884	0.981236	0.036337	-0.288934	0.979246	0.038832	-0.406501	1.117949	0.118107	-0.378312	0.116980	0.054431	-0.023014	0.027894	0.078611	-0.024713	0.034659	0.057450	-0.071953	0.616728	0.520053	0.030085	0.666418	0.574630	-0.001826	0.702330	0.605557	0.033078
69	0.188888889	1.097974	1.005820	0.120304	1.095968	1.021932	-0.224181	1.233341	1.060196	0.033307	1.240199	1.061286	-0.135683	0.920512	1.496981	-0.094951	1.057112	1.382956	0.015448	1.051866	1.361546	-0.166073	0.656499	1.666005	-0.098153	0.578123	1.531423	-0.096479	0.698360	1.604217	0.012888	0.814961	1.423983	0.115283	0.964989	1.483224	0.064927	0.936474	1.102937	0.122773	0.948527	1.261151	0.168411	0.831272	0.861853	0.049071	NaN	NaN	NaN	0.926507	1.436683	-0.233388	0.905973	1.024442	-0.188018	0.911459	1.178370	-0.272376	0.797948	0.800182	-0.074613	1.094714	0.510266	0.227000	0.987610	0.051942	0.226263	1.021557	0.043348	0.327291	1.166163	0.097237	0.271016	1.047007	0.528332	-0.299933	0.981243	0.036349	-0.288940	0.979248	0.038816	-0.406499	1.117976	0.118115	-0.378347	0.116779	0.054490	-0.026150	0.027621	0.078915	-0.028120	0.034449	0.057700	-0.075265	0.616486	0.519974	0.028587	0.666358	0.574575	-0.003193	0.702054	0.605483	0.031945
70	0.191666667	1.097931	1.005771	0.120178	1.096139	1.021931	-0.224300	1.233354	1.060190	0.033278	1.240337	1.061271	-0.135722	0.920571	1.496967	-0.094955	1.057081	1.382881	0.015429	1.051976	1.361573	-0.166112	0.656554	1.665998	-0.098147	0.578153	1.531443	-0.096564	0.698436	1.604143	0.012870	0.814903	1.423806	0.115172	0.964938	1.483101	0.064946	0.936262	1.102790	0.122587	0.948403	1.260954	0.168255	0.831084	0.861732	0.048569	NaN	NaN	NaN	0.926659	1.436787	-0.233438	0.906072	1.024530	-0.188267	0.911626	1.178519	-0.272603	0.797987	0.800221	-0.075181	1.094732	0.510267	0.226964	0.987628	0.051947	0.226256	1.021563	0.043343	0.327307	1.166195	0.097251	0.271021	1.047057	0.528362	-0.299989	0.981245	0.036346	-0.288936	0.979243	0.038829	-0.406493	1.117989	0.118122	-0.378356	0.116639	0.054618	-0.029513	0.027428	0.079123	-0.031485	0.034328	0.058012	-0.078741	0.616174	0.519986	0.027112	0.666072	0.574607	-0.004392	0.701835	0.605462	0.030760
71	0.194444444	1.097885	1.005726	0.120052	1.096317	1.021907	-0.224405	1.233381	1.060170	0.033246	1.240479	1.061250	-0.135746	0.920603	1.496944	-0.094957	1.057093	1.382823	0.015432	1.052099	1.361620	-0.166132	0.656629	1.665979	-0.098130	0.578235	1.531431	-0.096631	0.698473	1.604050	0.012848	0.814796	1.423649	0.115049	0.964882	1.482955	0.064963	0.936039	1.102610	0.122358	0.948270	1.260756	0.168106	0.830880	0.861621	0.048033	NaN	NaN	NaN	0.926804	1.436882	-0.233456	0.906264	1.024635	-0.188556	0.911798	1.178679	-0.272799	0.798039	0.800212	-0.075739	1.094723	0.510260	0.226929	0.987624	0.051945	0.226269	1.021569	0.043336	0.327299	1.166197	0.097232	0.271037	1.047103	0.528357	-0.300051	0.981240	0.036342	-0.288936	0.979256	0.038824	-0.406499	1.118009	0.118102	-0.378353	0.116424	0.054841	-0.032833	0.027226	0.079171	-0.035001	0.034321	0.058242	-0.082274	0.615921	0.519918	0.025602	0.666016	0.574639	-0.005733	0.701650	0.605407	0.029489
72	0.197222222	1.097867	1.005687	0.119926	1.096506	1.021886	-0.224511	1.233390	1.060155	0.033209	1.240634	1.061251	-0.135796	0.920641	1.496915	-0.094960	1.057095	1.382764	0.015436	1.052204	1.361651	-0.166149	0.656702	1.665952	-0.098118	0.578247	1.531432	-0.096705	0.698547	1.603969	0.012832	0.814699	1.423462	0.114903	0.964847	1.482822	0.064993	0.935816	1.102439	0.122136	0.948125	1.260563	0.167965	0.830724	0.861538	0.047512	NaN	NaN	NaN	0.926967	1.436991	-0.233490	0.906515	1.024770	-0.188845	0.911983	1.178835	-0.273008	0.798163	0.800263	-0.076408	1.094740	0.510260	0.226883	0.987637	0.051961	0.226275	1.021581	0.043345	0.327308	1.166214	0.097259	0.271045	1.047183	0.528367	-0.300128	0.981239	0.036360	-0.288940	0.979261	0.038839	-0.406494	1.118017	0.118109	-0.378364	0.116149	0.055056	-0.036380	0.026981	0.079281	-0.038790	0.034226	0.058401	-0.086015	0.615761	0.519874	0.023994	0.665899	0.574599	-0.007130	0.701449	0.605397	0.028347
73	0.200000000	1.097851	1.005665	0.119802	1.096689	1.021862	-0.224634	1.233392	1.060137	0.033185	1.240767	1.061232	-0.135828	0.920685	1.496902	-0.094954	1.057086	1.382687	0.015439	1.052314	1.361695	-0.166177	0.656759	1.665934	-0.098110	0.578305	1.531417	-0.096777	0.698594	1.603888	0.012814	0.814588	1.423270	0.114797	0.964795	1.482690	0.065018	0.935615	1.102261	0.121940	0.947954	1.260331	0.167810	0.830519	0.861401	0.046998	NaN	NaN	NaN	0.927135	1.437107	-0.233515	0.906721	1.024916	-0.189189	0.912206	1.179036	-0.273234	0.798213	0.800331	-0.077053	1.094736	0.510268	0.226852	0.987627	0.051955	0.226264	1.021581	0.043345	0.327314	1.166214	0.097227	0.271042	1.047229	0.528376	-0.300190	0.981266	0.036357	-0.288934	0.979268	0.038834	-0.406503	1.118031	0.118126	-0.378385	0.115906	0.055200	-0.040038	0.026788	0.079557	-0.042519	0.034075	0.058568	-0.089806	0.615482	0.519889	0.022352	0.665622	0.574683	-0.008455	0.701159	0.605270	0.027124
74	0.202777778	1.097789	1.005605	0.119676	1.096867	1.021845	-0.224717	1.233414	1.060129	0.033159	1.240922	1.061219	-0.135856	0.920731	1.496874	-0.094948	1.057080	1.382617	0.015440	1.052419	1.361744	-0.166190	0.656830	1.665917	-0.098100	0.578361	1.531395	-0.096833	0.698642	1.603808	0.012798	0.814460	1.423077	0.114654	0.964715	1.482536	0.065048	0.935390	1.102064	0.121707	0.947757	1.260099	0.167650	0.830294	0.861245	0.046465	NaN	NaN	NaN	0.927291	1.437235	-0.233528	0.906923	1.025042	-0.189484	0.912411	1.179211	-0.273430	0.798287	0.800348	-0.077730	1.094738	0.510276	0.226820	0.987642	0.051956	0.226283	1.021580	0.043351	0.327308	1.166203	0.097215	0.271043	1.047305	0.528387	-0.300266	0.981267	0.036368	-0.288933	0.979267	0.038836	-0.406500	1.118035	0.118122	-0.378398	0.115674	0.055371	-0.043620	0.026608	0.079807	-0.046398	0.033920	0.058981	-0.093625	0.615118	0.519896	0.020728	0.665623	0.574630	-0.010048	0.700839	0.605215	0.025773
75	0.205555556	1.097768	1.005577	0.119556	1.097046	1.021817	-0.224838	1.233409	1.060106	0.033136	1.241055	1.061194	-0.135884	0.920782	1.496876	-0.094945	1.057044	1.382535	0.015441	1.052524	1.361786	-0.166217	0.656888	1.665896	-0.098089	0.578425	1.531368	-0.096904	0.698692	1.603717	0.012789	0.814334	1.422870	0.114529	0.964638	1.482407	0.065083	0.935161	1.101866	0.121490	0.947547	1.259861	0.167494	0.830063	0.861087	0.045891	NaN	NaN	NaN	0.927442	1.437351	-0.233552	0.907074	1.025156	-0.189806	0.912561	1.179360	-0.273646	0.798352	0.800366	-0.078428	1.094730	0.510265	0.226769	0.987653	0.051964	0.226279	1.021603	0.043351	0.327320	1.166237	0.097229	0.271050	1.047347	0.528407	-0.300354	0.981278	0.036379	-0.288942	0.979283	0.038839	-0.406506	1.118043	0.118115	-0.378422	0.115478	0.055569	-0.047418	0.026250	0.080011	-0.050456	0.033789	0.059285	-0.097608	0.614804	0.519902	0.018984	0.665310	0.574680	-0.011436	0.700665	0.605116	0.024431
76	0.208333333	1.097713	1.005525	0.119407	1.097287	1.021831	-0.224963	1.233433	1.060103	0.033093	1.241159	1.061148	-0.135897	0.920794	1.496855	-0.094939	1.057034	1.382454	0.015458	1.052629	1.361838	-0.166226	0.656946	1.665873	-0.098089	0.578472	1.531355	-0.096972	0.698723	1.603637	0.012764	0.814215	1.422700	0.114402	0.964575	1.482250	0.065121	0.934925	1.101639	0.121225	0.947321	1.259630	0.167321	0.829788	0.860944	0.045291	NaN	NaN	NaN	0.927591	1.437479	-0.233556	0.907265	1.025319	-0.190161	0.912742	1.179493	-0.273861	0.798412	0.800357	-0.079082	1.094716	0.510277	0.226739	0.987653	0.051959	0.226289	1.021603	0.043362	0.327318	1.166221	0.097224	0.271060	1.047426	0.528442	-0.300420	0.981272	0.036368	-0.288948	0.979291	0.038859	-0.406493	1.118055	0.118121	-0.378438	0.115343	0.055768	-0.051407	0.026130	0.080178	-0.054542	0.033871	0.059453	-0.101785	0.614502	0.519896	0.017155	0.665100	0.574769	-0.013021	0.700416	0.605006	0.023079
77	0.211111111	1.097694	1.005500	0.119278	1.097498	1.021827	-0.225089	1.233442	1.060091	0.033067	1.241289	1.061113	-0.135923	0.920844	1.496836	-0.094929	1.057011	1.382384	0.015464	1.052736	1.361902	-0.166269	0.657001	1.665843	-0.098072	0.578510	1.531345	-0.097056	0.698750	1.603543	0.012746	0.814085	1.422497	0.114235	0.964479	1.482110	0.065169	0.934670	1.101429	0.120970	0.947104	1.259367	0.167147	0.829534	0.860816	0.044672	NaN	NaN	NaN	0.927742	1.437603	-0.233577	0.907464	1.025488	-0.190540	0.912961	1.179698	-0.274137	0.798566	0.800364	-0.079801	1.094707	0.510275	0.226692	0.987654	0.051965	0.226299	1.021606	0.043351	0.327333	1.166215	0.097211	0.271067	1.047511	0.528465	-0.300514	0.981257	0.036379	-0.288948	0.979265	0.038847	-0.406517	1.118074	0.118138	-0.378438	0.114976	0.056021	-0.055363	0.026046	0.080332	-0.058726	0.033802	0.059774	-0.106027	0.614240	0.519866	0.015350	0.664945	0.574683	-0.014586	0.700094	0.604971	0.021659
78	0.213888889	1.097618	1.005449	0.119153	1.097725	1.021836	-0.225217	1.233437	1.060084	0.033040	1.241394	1.061073	-0.135940	0.920851	1.496821	-0.094917	1.056983	1.382313	0.015469	1.052834	1.361961	-0.166291	0.657036	1.665806	-0.098070	0.578547	1.531319	-0.097136	0.698774	1.603448	0.012716	0.813965	1.422264	0.114074	0.964395	1.481952	0.065212	0.934382	1.101155	0.120683	0.946848	1.259104	0.166965	0.829308	0.860661	0.044054	NaN	NaN	NaN	0.927879	1.437737	-0.233606	0.907643	1.025660	-0.190940	0.913170	1.179905	-0.274406	0.798625	0.800365	-0.080542	1.094689	0.510268	0.226650	0.987646	0.051966	0.226276	1.021594	0.043364	0.327326	1.166197	0.097191	0.271074	1.047568	0.528491	-0.300600	0.981247	0.036404	-0.288948	0.979249	0.038845	-0.406511	1.118090	0.118137	-0.378453	0.114791	0.056300	-0.059487	0.025688	0.080683	-0.063189	0.033640	0.060161	-0.110344	0.613896	0.519812	0.013505	0.664634	0.574784	-0.016085	0.699744	0.604873	0.020163
79	0.216666667	1.097551	1.005405	0.119009	1.097991	1.021858	-0.225350	1.233436	1.060058	0.033009	1.241524	1.061036	-0.135965	0.920892	1.496807	-0.094897	1.056952	1.382239	0.015500	1.052959	1.362018	-0.166310	0.657090	1.665776	-0.098066	0.578578	1.531277	-0.097196	0.698807	1.603355	0.012708	0.813820	1.422034	0.113902	0.964287	1.481804	0.065262	0.934098	1.100916	0.120430	0.946589	1.258841	0.166784	0.829015	0.860512	0.043372	NaN	NaN	NaN	0.928056	1.437871	-0.233627	0.907801	1.025793	-0.191335	0.913405	1.180118	-0.274656	0.798766	0.800373	-0.081411	1.094660	0.510267	0.226622	0.987647	0.051990	0.226294	1.021602	0.043368	0.327335	1.166193	0.097192	0.271068	1.047641	0.528506	-0.300679	0.981231	0.036400	-0.288962	0.979253	0.038857	-0.406523	1.118096	0.118151	-0.378490	0.114601	0.056460	-0.063720	0.025562	0.081068	-0.067582	0.033475	0.060577	-0.114723	0.613641	0.519799	0.011502	0.664587	0.574740	-0.017875	0.699479	0.604780	0.018726
80	0.219444444	1.097503	1.005377	0.118890	1.098200	1.021852	-0.225472	1.233444	1.060065	0.032981	1.241648	1.060997	-0.135981	0.920914	1.496802	-0.094895	1.056918	1.382153	0.015508	1.053075	1.362098	-0.166336	0.657140	1.665746	-0.098059	0.578629	1.531266	-0.097268	0.698813	1.603267	0.012671	0.813688	1.421790	0.113753	0.964182	1.481645	0.065318	0.933814	1.100675	0.120158	0.946347	1.258581	0.166602	0.828787	0.860377	0.042718	NaN	NaN	NaN	0.928197	1.437998	-0.233623	0.907916	1.025947	-0.191685	0.913576	1.180302	-0.274914	0.798800	0.800417	-0.082225	1.094657	0.510278	0.226585	0.987649	0.051978	0.226295	1.021599	0.043364	0.327339	1.166182	0.097185	0.271077	1.047716	0.528543	-0.300778	0.981247	0.036402	-0.288960	0.979230	0.038876	-0.406521	1.118152	0.118174	-0.378434	0.114410	0.056714	-0.068152	0.025404	0.081173	-0.072050	0.033404	0.060897	-0.119382	0.613374	0.519701	0.009579	0.664206	0.574730	-0.019435	0.699212	0.604775	0.017187
81	0.222222222	1.097464	1.005348	0.118788	1.098443	1.021829	-0.225608	1.233445	1.060047	0.032954	1.241772	1.060967	-0.136001	0.920936	1.496768	-0.094869	1.056871	1.382072	0.015521	1.053172	1.362154	-0.166347	0.657173	1.665711	-0.098049	0.578625	1.531238	-0.097353	0.698844	1.603164	0.012656	0.813555	1.421566	0.113597	0.964055	1.481467	0.065372	0.933507	1.100407	0.119846	0.946102	1.258306	0.166431	0.828521	0.860190	0.042072	NaN	NaN	NaN	0.928360	1.438134	-0.233635	0.908209	1.026056	-0.192108	0.913779	1.180487	-0.275195	0.798815	0.800497	-0.082996	1.094625	0.510280	0.226526	0.987666	0.052008	0.226308	1.021588	0.043359	0.327338	1.166179	0.097178	0.271085	1.047803	0.528552	-0.300860	0.981230	0.036419	-0.288966	0.979232	0.038877	-0.406527	1.118088	0.118154	-0.378514	0.114144	0.057086	-0.072620	0.025065	0.081477	-0.076753	0.033351	0.061353	-0.124070	0.613055	0.519661	0.007532	0.664149	0.574676	-0.021381	0.698905	0.604668	0.015534
82	0.225000000	1.097400	1.005311	0.118636	1.098649	1.021812	-0.225758	1.233437	1.060039	0.032913	1.241926	1.060941	-0.136023	0.920988	1.496785	-0.094840	1.056848	1.382001	0.015545	1.053292	1.362231	-0.166380	0.657217	1.665659	-0.098051	0.578677	1.531205	-0.097423	0.698867	1.603072	0.012630	0.813420	1.421357	0.113458	0.963930	1.481300	0.065435	0.933184	1.100169	0.119527	0.945794	1.258002	0.166243	0.828212	0.860047	0.041382	NaN	NaN	NaN	0.928512	1.438252	-0.233647	0.908438	1.026217	-0.192556	0.913939	1.180663	-0.275439	0.798779	0.800543	-0.083805	1.094602	0.510252	0.226484	0.987657	0.051978	0.226303	1.021602	0.043353	0.327348	1.166181	0.097195	0.271098	1.047849	0.528574	-0.300938	0.981233	0.036407	-0.288966	0.979229	0.038884	-0.406528	1.118160	0.118208	-0.378460	0.113959	0.057294	-0.077218	0.024862	0.081954	-0.081535	0.033232	0.061868	-0.128877	0.612781	0.519599	0.005367	0.663832	0.574714	-0.022980	0.698562	0.604551	0.013918
83	0.227777778	1.097321	1.005258	0.118502	1.098862	1.021780	-0.225877	1.233436	1.060028	0.032889	1.242064	1.060911	-0.136045	0.920999	1.496742	-0.094817	1.056806	1.381910	0.015562	1.053413	1.362295	-0.166380	0.657250	1.665617	-0.098057	0.578691	1.531159	-0.097513	0.698882	1.602980	0.012601	0.813239	1.421088	0.113262	0.963799	1.481123	0.065495	0.932819	1.099872	0.119180	0.945505	1.257668	0.166049	0.827869	0.859852	0.040637	NaN	NaN	NaN	0.928671	1.438386	-0.233661	0.908639	1.026401	-0.192992	0.914190	1.180858	-0.275708	0.798879	0.800579	-0.084665	1.094576	0.510267	0.226448	0.987652	0.051980	0.226305	1.021593	0.043368	0.327351	1.166165	0.097182	0.271096	1.047951	0.528585	-0.301022	0.981233	0.036396	-0.288983	0.979210	0.038877	-0.406533	1.118084	0.118151	-0.378533	0.113777	0.057537	-0.081931	0.024705	0.082262	-0.086494	0.033229	0.062248	-0.133807	0.612495	0.519547	0.003253	0.663748	0.574704	-0.025058	0.698286	0.604475	0.012294
84	0.230555556	1.097269	1.005229	0.118378	1.099094	1.021772	-0.226014	1.233446	1.060022	0.032873	1.242236	1.060876	-0.136061	0.921041	1.496727	-0.094785	1.056756	1.381816	0.015610	1.053538	1.362368	-0.166391	0.657283	1.665569	-0.098046	0.578751	1.531108	-0.097607	0.698893	1.602874	0.012573	0.813054	1.420810	0.113127	0.963650	1.480936	0.065561	0.932484	1.099615	0.118861	0.945239	1.257373	0.165879	0.827502	0.859694	0.039946	NaN	NaN	NaN	0.928820	1.438509	-0.233658	0.908876	1.026605	-0.193485	0.914439	1.181098	-0.276044	0.799016	0.800595	-0.085608	1.094564	0.510253	0.226380	0.987636	0.051974	0.226319	1.021598	0.043367	0.327358	1.166166	0.097175	0.271103	1.048029	0.528622	-0.301118	0.981205	0.036421	-0.288990	0.979210	0.038874	-0.406541	1.118175	0.118210	-0.378492	0.113524	0.058001	-0.086692	0.024557	0.082616	-0.091523	0.033332	0.062790	-0.138780	0.612081	0.519501	0.001032	0.663464	0.574660	-0.026792	0.698077	0.604332	0.010502
85	0.233333333	1.097188	1.005173	0.118239	1.099257	1.021747	-0.226127	1.233439	1.060004	0.032849	1.242385	1.060854	-0.136074	0.921077	1.496717	-0.094760	1.056685	1.381700	0.015645	1.053640	1.362427	-0.166401	0.657324	1.665509	-0.098049	0.578767	1.531067	-0.097716	0.698903	1.602764	0.012539	0.812906	1.420516	0.112962	0.963508	1.480734	0.065622	0.932157	1.099353	0.118534	0.944947	1.257082	0.165668	0.827192	0.859496	0.039228	NaN	NaN	NaN	0.929012	1.438655	-0.233676	0.908994	1.026736	-0.193928	0.914723	1.181370	-0.276349	0.799024	0.800650	-0.086488	1.094561	0.510278	0.226352	0.987629	0.051979	0.226325	1.021601	0.043355	0.327366	1.166166	0.097170	0.271123	1.048093	0.528635	-0.301205	0.981221	0.036401	-0.288971	0.979193	0.038867	-0.406535	1.118080	0.118165	-0.378577	0.113359	0.058350	-0.091773	0.024485	0.083049	-0.096555	0.033217	0.063283	-0.144033	0.611890	0.519428	-0.001262	0.663418	0.574769	-0.028910	0.697858	0.604160	0.008754
86	0.236111111	1.097137	1.005143	0.118114	1.099489	1.021731	-0.226263	1.233437	1.060001	0.032826	1.242550	1.060831	-0.136077	0.921104	1.496684	-0.094727	1.056654	1.381611	0.015695	1.053765	1.362490	-0.166401	0.657352	1.665450	-0.098048	0.578784	1.531022	-0.097798	0.698904	1.602637	0.012506	0.812710	1.420252	0.112793	0.963350	1.480524	0.065692	0.931823	1.099082	0.118200	0.944643	1.256753	0.165452	0.826867	0.859300	0.038512	NaN	NaN	NaN	0.929223	1.438794	-0.233700	0.909162	1.026875	-0.194337	0.914992	1.181587	-0.276674	0.799034	0.800680	-0.087370	1.094522	0.510255	0.226285	0.987639	0.051999	0.226328	1.021606	0.043363	0.327374	1.166164	0.097182	0.271122	1.048189	0.528646	-0.301279	0.981218	0.036399	-0.288985	0.979203	0.038885	-0.406525	1.118100	0.118149	-0.378586	0.113188	0.058673	-0.096904	0.024249	0.083475	-0.101871	0.033133	0.063950	-0.149310	0.611612	0.519346	-0.003559	0.663126	0.574670	-0.030854	0.697681	0.603990	0.006890
87	0.238888889	1.097116	1.005149	0.117972	1.099679	1.021698	-0.226389	1.233438	1.059992	0.032792	1.242676	1.060777	-0.136088	0.921143	1.496665	-0.094690	1.056566	1.381482	0.015733	1.053890	1.362565	-0.166426	0.657387	1.665402	-0.098059	0.578817	1.530968	-0.097894	0.698918	1.602540	0.012480	0.812547	1.419955	0.112633	0.963211	1.480326	0.065762	0.931501	1.098805	0.117880	0.944318	1.256425	0.165230	0.826507	0.859083	0.037711	NaN	NaN	NaN	0.929437	1.438951	-0.233700	0.909347	1.027002	-0.194826	0.915257	1.181804	-0.276999	0.799075	0.800695	-0.088322	1.094527	0.510257	0.226251	0.987654	0.051994	0.226320	1.021602	0.043345	0.327376	1.166173	0.097161	0.271123	1.048279	0.528662	-0.301376	0.981217	0.036401	-0.288987	0.979205	0.038864	-0.406540	1.118103	0.118157	-0.378615	0.113044	0.059116	-0.102040	0.024203	0.083872	-0.107116	0.033239	0.064447	-0.154724	0.611401	0.519267	-0.005969	0.662934	0.574666	-0.032931	0.697279	0.603934	0.005052
88	0.241666667	1.097035	1.005082	0.117838	1.099903	1.021665	-0.226527	1.233442	1.059983	0.032770	1.242841	1.060756	-0.136080	0.921183	1.496637	-0.094658	1.056510	1.381366	0.015784	1.054041	1.362643	-0.166432	0.657418	1.665347	-0.098069	0.578875	1.530908	-0.097977	0.698915	1.602429	0.012449	0.812376	1.419680	0.112439	0.963078	1.480108	0.065828	0.931114	1.098471	0.117510	0.943975	1.256061	0.164997	0.826104	0.858885	0.036922	NaN	NaN	NaN	0.929675	1.439126	-0.233721	0.909599	1.027161	-0.195314	0.915505	1.182049	-0.277331	0.799095	0.800717	-0.089347	1.094502	0.510255	0.226188	0.987659	0.051995	0.226339	1.021607	0.043349	0.327376	1.166172	0.097161	0.271122	1.048357	0.528663	-0.301453	0.981200	0.036396	-0.288990	0.979187	0.038870	-0.406544	1.118115	0.118142	-0.378626	0.112907	0.059445	-0.107394	0.024025	0.084402	-0.112690	0.033140	0.065095	-0.160360	0.611173	0.519150	-0.008448	0.662816	0.574678	-0.035156	0.697075	0.603785	0.003044
89	0.244444444	1.096999	1.005078	0.117691	1.100149	1.021618	-0.226682	1.233435	1.059967	0.032747	1.243005	1.060719	-0.136083	0.921210	1.496603	-0.094628	1.056474	1.381251	0.015831	1.054180	1.362704	-0.166439	0.657457	1.665290	-0.098087	0.578891	1.530863	-0.098090	0.698923	1.602318	0.012418	0.812228	1.419396	0.112286	0.962921	1.479895	0.065896	0.930727	1.098183	0.117138	0.943671	1.255716	0.164758	0.825948	0.858586	0.035846	NaN	NaN	NaN	0.929921	1.439282	-0.233740	0.909907	1.027325	-0.195894	0.915787	1.182297	-0.277669	0.799304	0.800712	-0.090427	1.094538	0.510275	0.226137	0.987666	0.051978	0.226336	1.021603	0.043339	0.327384	1.166208	0.097163	0.271133	1.048443	0.528674	-0.301546	0.981214	0.036392	-0.288991	0.979190	0.038828	-0.406557	1.118213	0.118185	-0.378579	0.112828	0.059990	-0.112820	0.023805	0.084856	-0.118292	0.033158	0.065783	-0.165821	0.610861	0.519053	-0.010937	0.662556	0.574736	-0.037136	0.696711	0.603665	0.001119
90	0.247222222	1.096925	1.005030	0.117521	1.100383	1.021584	-0.226845	1.233449	1.059964	0.032724	1.243185	1.060703	-0.136101	0.921242	1.496565	-0.094595	1.056412	1.381127	0.015865	1.054304	1.362767	-0.166451	0.657480	1.665226	-0.098101	0.578915	1.530806	-0.098209	0.698938	1.602204	0.012387	0.812051	1.419129	0.112133	0.962808	1.479674	0.065985	0.930300	1.097856	0.116732	0.943342	1.255331	0.164517	0.825655	0.858298	0.035037	NaN	NaN	NaN	0.930149	1.439462	-0.233733	0.910185	1.027496	-0.196465	0.916085	1.182540	-0.278012	0.799264	0.800721	-0.091422	1.094499	0.510263	0.226080	0.987667	0.051963	0.226326	1.021650	0.043326	0.327345	1.166194	0.097151	0.271133	1.048533	0.528693	-0.301648	0.981209	0.036400	-0.289008	0.979174	0.038834	-0.406559	1.118152	0.118153	-0.378681	0.112674	0.060395	-0.118433	0.023865	0.085484	-0.123992	0.033172	0.066368	-0.171646	0.610641	0.519008	-0.013535	0.662404	0.574758	-0.039512	0.696376	0.603532	-0.000908
91	0.250000000	1.096862	1.005010	0.117379	1.100641	1.021557	-0.226989	1.233451	1.059957	0.032700	1.243388	1.060692	-0.136114	0.921292	1.496542	-0.094550	1.056339	1.381007	0.015908	1.054489	1.362857	-0.166463	0.657528	1.665168	-0.098109	0.578975	1.530710	-0.098322	0.698929	1.602098	0.012345	0.811869	1.418841	0.111917	0.962703	1.479461	0.066045	0.929849	1.097555	0.116326	0.943039	1.254963	0.164261	0.825315	0.858076	0.034200	NaN	NaN	NaN	0.930369	1.439621	-0.233746	0.910388	1.027657	-0.196959	0.916348	1.182777	-0.278346	0.799346	0.800744	-0.092477	1.094501	0.510252	0.226014	0.987695	0.051988	0.226338	1.021708	0.043268	0.327250	1.166197	0.097150	0.271124	1.048628	0.528721	-0.301744	0.981190	0.036415	-0.289025	0.979201	0.038822	-0.406573	1.118168	0.118138	-0.378677	0.112492	0.060833	-0.124154	0.023816	0.085805	-0.129782	0.033088	0.067038	-0.177443	0.610222	0.519085	-0.016184	0.662207	0.574747	-0.041751	0.696214	0.603362	-0.003028
92	0.252777778	1.096809	1.004998	0.117230	1.100878	1.021514	-0.227136	1.233450	1.059955	0.032681	1.243571	1.060690	-0.136118	0.921325	1.496510	-0.094513	1.056290	1.380877	0.015951	1.054649	1.362950	-0.166460	0.657571	1.665115	-0.098123	0.578989	1.530663	-0.098430	0.698957	1.601967	0.012313	0.811641	1.418559	0.111705	0.962573	1.479252	0.066104	0.929469	1.097260	0.115948	0.942711	1.254571	0.163988	0.824913	0.857869	0.033347	NaN	NaN	NaN	0.930575	1.439785	-0.233751	0.910582	1.027811	-0.197501	0.916615	1.183005	-0.278683	0.799344	0.800782	-0.093502	1.094513	0.510270	0.225974	0.987699	0.051989	0.226319	1.021541	0.043217	0.327373	1.166211	0.097154	0.271116	1.048722	0.528733	-0.301853	0.981203	0.036409	-0.289024	0.979202	0.038825	-0.406580	1.118264	0.118190	-0.378634	0.112393	0.061383	-0.129912	0.023283	0.086696	-0.135964	0.033193	0.067857	-0.183397	0.610071	0.519029	-0.018960	0.662054	0.574858	-0.044136	0.695883	0.603275	-0.005111
93	0.255555556	1.096741	1.004970	0.117103	1.101144	1.021483	-0.227260	1.233449	1.059943	0.032661	1.243754	1.060664	-0.136134	0.921353	1.496471	-0.094471	1.056227	1.380746	0.016009	1.054824	1.363031	-0.166457	0.657593	1.665055	-0.098144	0.579025	1.530585	-0.098546	0.698970	1.601844	0.012275	0.811427	1.418242	0.111470	0.962434	1.479011	0.066197	0.929045	1.096904	0.115522	0.942329	1.254119	0.163698	0.824445	0.857651	0.032469	NaN	NaN	NaN	0.930796	1.439959	-0.233743	0.910755	1.027982	-0.198028	0.916913	1.183244	-0.279020	0.799395	0.800796	-0.094681	1.094495	0.510279	0.225905	0.987718	0.051997	0.226328	1.021548	0.043232	0.327374	1.166228	0.097143	0.271121	1.048829	0.528757	-0.301967	0.981186	0.036409	-0.289047	0.979193	0.038812	-0.406580	1.118288	0.118174	-0.378648	0.112177	0.061829	-0.135923	0.023486	0.087023	-0.141765	0.033260	0.068529	-0.189586	0.609622	0.518929	-0.021709	0.661896	0.574846	-0.046589	0.695636	0.603114	-0.007368
94	0.258333333	1.096695	1.004963	0.116940	1.101402	1.021444	-0.227410	1.233436	1.059934	0.032638	1.243918	1.060654	-0.136146	0.921378	1.496443	-0.094433	1.056164	1.380628	0.016035	1.055018	1.363134	-0.166449	0.657632	1.664986	-0.098169	0.579075	1.530513	-0.098666	0.698969	1.601723	0.012236	0.811202	1.417892	0.111279	0.962305	1.478795	0.066285	0.928596	1.096559	0.115069	0.942030	1.253731	0.163427	0.824011	0.857411	0.031561	NaN	NaN	NaN	0.931018	1.440116	-0.233750	0.911027	1.028174	-0.198633	0.917233	1.183514	-0.279426	0.799483	0.800854	-0.095860	1.094494	0.510283	0.225849	0.987723	0.051978	0.226312	1.021566	0.043233	0.327373	1.166243	0.097164	0.271114	1.048934	0.528776	-0.302072	0.981195	0.036420	-0.289082	0.979205	0.038785	-0.406600	1.118179	0.117887	-0.378555	0.112212	0.062495	-0.142035	0.023522	0.087641	-0.148035	0.033253	0.069431	-0.195928	0.609541	0.518844	-0.024597	0.661797	0.574936	-0.049036	0.695338	0.602977	-0.009581
95	0.261111111	1.096595	1.004911	0.116780	1.101704	1.021415	-0.227558	1.233441	1.059926	0.032616	1.244108	1.060645	-0.136164	0.921427	1.496409	-0.094373	1.056130	1.380510	0.016086	1.055207	1.363227	-0.166437	0.657693	1.664924	-0.098178	0.579109	1.530432	-0.098789	0.698971	1.601579	0.012184	0.810938	1.417554	0.111073	0.962137	1.478535	0.066381	0.928145	1.096168	0.114614	0.941696	1.253323	0.163167	0.823583	0.857207	0.030641	NaN	NaN	NaN	0.931233	1.440260	-0.233743	0.911306	1.028351	-0.199301	0.917655	1.183824	-0.279870	0.799439	0.800947	-0.096953	1.094495	0.510290	0.225779	0.987738	0.051998	0.226316	1.021564	0.043235	0.327365	1.166246	0.097153	0.271103	1.049026	0.528802	-0.302162	0.981165	0.036459	-0.289202	0.979206	0.038771	-0.406613	1.118332	0.118187	-0.378705	0.112229	0.063004	-0.148257	0.023479	0.088376	-0.154464	0.033423	0.070326	-0.202249	0.609203	0.518792	-0.027439	0.661430	0.574981	-0.051452	0.694889	0.602895	-0.011865
96	0.263888889	1.096546	1.004893	0.116611	1.102013	1.021388	-0.227713	1.233462	1.059929	0.032605	1.244306	1.060619	-0.136181	0.921468	1.496376	-0.094329	1.056081	1.380381	0.016143	1.055393	1.363319	-0.166407	0.657720	1.664858	-0.098203	0.579160	1.530358	-0.098922	0.698971	1.601455	0.012144	0.810730	1.417212	0.110845	0.962019	1.478294	0.066457	0.927717	1.095845	0.114196	0.941336	1.252915	0.162892	0.823162	0.856957	0.029671	NaN	NaN	NaN	0.931478	1.440424	-0.233735	0.911646	1.028568	-0.200060	0.917986	1.184088	-0.280233	0.799423	0.800986	-0.098155	1.094495	0.510296	0.225721	0.987760	0.052008	0.226318	1.021560	0.043224	0.327359	1.166256	0.097151	0.271101	1.049154	0.528842	-0.302288	0.981244	0.036541	-0.289105	0.979222	0.038784	-0.406631	1.118370	0.118182	-0.378715	0.112076	0.063641	-0.154618	0.023490	0.088852	-0.160919	0.033539	0.071064	-0.208942	0.609009	0.518812	-0.030391	0.661316	0.574997	-0.054045	0.694686	0.602771	-0.014196
97	0.266666667	1.096447	1.004864	0.116431	1.102286	1.021366	-0.227843	1.234084	1.060358	0.032967	1.244530	1.060590	-0.136201	0.921500	1.496354	-0.094278	1.055997	1.380233	0.016193	1.055559	1.363415	-0.166385	0.657746	1.664788	-0.098218	0.579188	1.530278	-0.099035	0.699004	1.601328	0.012109	0.810527	1.416871	0.110628	0.961855	1.478043	0.066553	0.927250	1.095473	0.113725	0.940973	1.252510	0.162611	0.822756	0.856692	0.028616	NaN	NaN	NaN	0.931705	1.440593	-0.233739	0.911847	1.028764	-0.200614	0.918271	1.184371	-0.280605	0.799578	0.800998	-0.099507	1.094491	0.510289	0.225668	0.987765	0.052010	0.226316	1.021517	0.043392	0.327521	1.166273	0.097138	0.271115	1.049241	0.528850	-0.302399	0.981230	0.036531	-0.289109	0.979227	0.038766	-0.406629	1.118377	0.118182	-0.378741	0.112102	0.064325	-0.161081	0.023395	0.089638	-0.167537	0.033593	0.071948	-0.215503	0.608494	0.518845	-0.033427	0.661232	0.575055	-0.056718	0.694232	0.602745	-0.016548
98	0.269444444	1.096403	1.004840	0.116262	1.102566	1.021358	-0.227979	1.234112	1.060386	0.032952	1.244698	1.060603	-0.136226	0.921547	1.496329	-0.094199	1.055958	1.380093	0.016254	1.055733	1.363510	-0.166349	0.657799	1.664729	-0.098230	0.579216	1.530194	-0.099160	0.698996	1.601185	0.012059	0.810289	1.416479	0.110396	0.961663	1.477767	0.066639	0.926752	1.095051	0.113209	0.940510	1.252056	0.162299	0.822271	0.856423	0.027525	NaN	NaN	NaN	0.931960	1.440778	-0.233738	0.912322	1.029117	-0.200303	0.918610	1.184675	-0.280980	0.799676	0.801061	-0.100685	1.094476	0.510296	0.225605	0.987774	0.052025	0.226322	1.021589	0.043316	0.327416	1.166272	0.097132	0.271108	1.049344	0.528882	-0.302513	0.981237	0.036528	-0.289111	0.979218	0.038741	-0.406629	1.118409	0.118175	-0.378762	0.112102	0.064873	-0.167701	0.023678	0.090204	-0.174403	0.033965	0.072773	-0.222407	0.608264	0.518907	-0.036476	0.660946	0.575143	-0.059288	0.694004	0.602558	-0.018973
99	0.272222222	1.096306	1.004804	0.116099	1.102810	1.021311	-0.228109	1.234072	1.060364	0.032929	1.244886	1.060583	-0.136259	0.921591	1.496307	-0.094138	1.055905	1.379961	0.016312	1.055895	1.363609	-0.166323	0.657812	1.664654	-0.098256	0.579248	1.530127	-0.099284	0.699003	1.601055	0.012021	0.810085	1.416169	0.110185	0.961445	1.477480	0.066735	0.926274	1.094687	0.112726	0.940044	1.251598	0.161978	0.821849	0.856188	0.026403	NaN	NaN	NaN	0.932216	1.440975	-0.233733	0.912480	1.029329	-0.200910	0.918898	1.184932	-0.281376	0.799642	0.801138	-0.102015	1.094462	0.510291	0.225551	0.987770	0.052004	0.226306	1.021632	0.043309	0.327385	1.166278	0.097142	0.271121	1.049443	0.528881	-0.302623	0.981239	0.036536	-0.289136	0.979194	0.038753	-0.406648	1.118422	0.118185	-0.378792	0.112161	0.065690	-0.174342	0.023770	0.091065	-0.181370	0.034207	0.073747	-0.229438	0.607924	0.518897	-0.039569	0.660749	0.575230	-0.061908	0.693561	0.602538	-0.021366
100	0.275000000	1.096212	1.004757	0.115907	1.103065	1.021292	-0.228234	1.234053	1.060339	0.032914	1.245072	1.060576	-0.136275	0.921628	1.496278	-0.094065	1.055862	1.379821	0.016372	1.056078	1.363717	-0.166271	0.657855	1.664580	-0.098273	0.579309	1.530033	-0.099397	0.699011	1.600920	0.011966	0.809876	1.415786	0.109967	0.961233	1.477200	0.066852	0.925805	1.094297	0.112218	0.939614	1.251142	0.161681	0.821432	0.855921	0.025344	NaN	NaN	NaN	0.932545	1.441228	-0.233703	0.912745	1.029557	-0.201593	0.919249	1.185246	-0.281796	0.799700	0.801206	-0.103437	1.094447	0.510286	0.225477	0.987770	0.052023	0.226329	1.021628	0.043306	0.327384	1.166278	0.097137	0.271117	1.049549	0.528918	-0.302717	0.981219	0.036397	-0.289025	0.979201	0.038733	-0.406644	1.118429	0.118275	-0.378925	0.112260	0.066319	-0.181336	0.023842	0.091846	-0.188682	0.034649	0.074690	-0.236562	0.607610	0.518887	-0.042669	0.660506	0.575407	-0.064682	0.693275	0.602449	-0.023905
101	0.277777778	1.096136	1.004733	0.115768	1.103320	1.021248	-0.228364	1.234050	1.060344	0.032906	1.245260	1.060555	-0.136292	0.921677	1.496260	-0.093984	1.055785	1.379663	0.016440	1.056257	1.363822	-0.166215	0.657882	1.664506	-0.098295	0.579334	1.529968	-0.099526	0.699010	1.600787	0.011912	0.809667	1.415431	0.109737	0.961024	1.476915	0.066972	0.925318	1.093879	0.111753	0.939179	1.250674	0.161388	0.820972	0.855648	0.024192	NaN	NaN	NaN	0.932839	1.441465	-0.233666	0.913244	1.029898	-0.202439	0.919631	1.185602	-0.282248	0.799763	0.801305	-0.104726	1.094421	0.510268	0.225426	0.987769	0.052015	0.226314	1.021640	0.043299	0.327398	1.166284	0.097120	0.271141	1.049656	0.528953	-0.302820	0.981182	0.036440	-0.289110	0.979212	0.038721	-0.406641	1.118465	0.118293	-0.378941	0.112407	0.067155	-0.188123	0.023941	0.092560	-0.195885	0.034864	0.075514	-0.243871	0.607345	0.518978	-0.045951	0.660307	0.575467	-0.067514	0.692724	0.602522	-0.026350
102	0.280555556	1.096018	1.004692	0.115589	1.103572	1.021229	-0.228485	1.234027	1.060343	0.032883	1.245432	1.060530	-0.136297	0.921698	1.496213	-0.093891	1.055722	1.379534	0.016513	1.056403	1.363915	-0.166172	0.657890	1.664422	-0.098311	0.579394	1.529875	-0.099633	0.699033	1.600639	0.011882	0.809373	1.415008	0.109502	0.960800	1.476614	0.067083	0.924810	1.093428	0.111251	0.938718	1.250182	0.161063	0.820503	0.855429	0.022982	NaN	NaN	NaN	0.933128	1.441684	-0.233639	0.913508	1.030128	-0.203151	0.920096	1.186028	-0.282735	0.799824	0.801395	-0.106199	1.094408	0.510273	0.225366	0.987774	0.051988	0.226329	1.021628	0.043310	0.327406	1.166266	0.097098	0.271143	1.049760	0.528980	-0.302929	0.981180	0.036430	-0.289117	0.979201	0.038744	-0.406652	1.118336	0.117876	-0.378697	0.112451	0.067809	-0.195225	0.024108	0.093544	-0.203466	0.035357	0.076509	-0.251389	0.606736	0.519169	-0.049199	0.659989	0.575596	-0.070249	0.692332	0.602516	-0.029035
103	0.283333333	1.095928	1.004640	0.115428	1.103835	1.021207	-0.228587	1.233990	1.060323	0.032868	1.245602	1.060507	-0.136294	0.921734	1.496193	-0.093812	1.055621	1.379365	0.016597	1.056569	1.364013	-0.166127	0.657926	1.664352	-0.098332	0.579417	1.529791	-0.099741	0.699012	1.600502	0.011824	0.809075	1.414584	0.109213	0.960578	1.476331	0.067212	0.924259	1.092938	0.110713	0.938272	1.249659	0.160739	0.820084	0.855198	0.021763	NaN	NaN	NaN	0.933439	1.441921	-0.233596	0.911319	1.030400	-0.206674	0.920502	1.186395	-0.283162	0.799743	0.801477	-0.107563	1.094402	0.510281	0.225312	0.987794	0.052015	0.226347	1.021652	0.043312	0.327401	1.166264	0.097088	0.271164	1.049846	0.529031	-0.303013	0.981147	0.036453	-0.289143	0.979185	0.038725	-0.406651	1.118487	0.118197	-0.378844	0.112644	0.068626	-0.202451	0.024208	0.094237	-0.211074	0.035882	0.077467	-0.258971	0.606440	0.519306	-0.052520	0.659743	0.575803	-0.073068	0.691882	0.602490	-0.031588
104	0.286111111	1.095819	1.004630	0.115280	1.104111	1.021170	-0.228719	1.233964	1.060333	0.032844	1.245748	1.060460	-0.136289	0.921771	1.496166	-0.093715	1.055529	1.379216	0.016687	1.056731	1.364128	-0.166084	0.657965	1.664277	-0.098358	0.579462	1.529685	-0.099860	0.699004	1.600359	0.011783	0.808778	1.414191	0.108948	0.960348	1.476035	0.067326	0.923732	1.092508	0.110161	0.937836	1.249151	0.160421	0.819667	0.855030	0.020496	NaN	NaN	NaN	0.933761	1.442171	-0.233544	0.911812	1.030682	-0.207355	0.920843	1.186723	-0.283558	0.799895	0.801512	-0.109059	1.094385	0.510260	0.225265	0.987786	0.052003	0.226363	1.021651	0.043313	0.327425	1.166255	0.097078	0.271177	1.049957	0.529050	-0.303122	0.981189	0.036441	-0.289113	0.979186	0.038736	-0.406659	1.118352	0.117893	-0.378729	0.112888	0.069533	-0.209871	0.024502	0.095347	-0.218788	0.036293	0.078589	-0.266681	0.606073	0.519332	-0.055909	0.659550	0.575995	-0.076019	0.691483	0.602458	-0.034284
105	0.288888889	1.095713	1.004602	0.115101	1.104404	1.021152	-0.228842	1.233946	1.060310	0.032827	1.245890	1.060425	-0.136281	0.921805	1.496146	-0.093622	1.055449	1.379072	0.016791	1.056888	1.364212	-0.166018	0.657993	1.664182	-0.098387	0.579505	1.529599	-0.100000	0.699018	1.600224	0.011732	0.808494	1.413774	0.108655	0.960140	1.475754	0.067450	0.923207	1.092047	0.109575	0.937350	1.248659	0.160102	0.819013	0.854837	0.019227	NaN	NaN	NaN	0.934056	1.442409	-0.233522	0.912226	1.030855	-0.207977	0.921273	1.187105	-0.284037	0.799852	0.801585	-0.110590	1.094356	0.510248	0.225214	0.987775	0.052022	0.226367	1.021637	0.043303	0.327423	1.166261	0.097055	0.271184	1.050097	0.529083	-0.303225	0.981154	0.036448	-0.289136	0.979171	0.038737	-0.406649	1.118371	0.117892	-0.378734	0.112996	0.070377	-0.217306	0.024818	0.096224	-0.226700	0.036891	0.079635	-0.274500	0.605753	0.519464	-0.059350	0.659341	0.576172	-0.079108	0.691080	0.602437	-0.037012
106	0.291666667	1.095637	1.004594	0.114953	1.104665	1.021111	-0.228984	1.233889	1.060286	0.032805	1.246031	1.060376	-0.136302	0.921855	1.496133	-0.093523	1.055349	1.378917	0.016870	1.057058	1.364299	-0.165972	0.658012	1.664109	-0.098412	0.579556	1.529501	-0.100134	0.698995	1.600079	0.011676	0.808239	1.413338	0.108378	0.959928	1.475464	0.067578	0.922671	1.091578	0.108976	0.936830	1.248135	0.159754	0.818392	0.854618	0.017965	NaN	NaN	NaN	0.934315	1.442617	-0.233486	0.912847	1.031066	-0.208541	0.921618	1.187444	-0.284485	0.799873	0.801690	-0.112042	1.094343	0.510245	0.225151	0.987773	0.051988	0.226360	1.021643	0.043319	0.327431	1.166250	0.097031	0.271214	1.050222	0.529111	-0.303344	0.981160	0.036451	-0.289128	0.979162	0.038718	-0.406658	1.118532	0.118223	-0.378891	0.113311	0.071436	-0.224951	0.025250	0.097329	-0.234703	0.037413	0.080828	-0.282543	0.605309	0.519666	-0.062894	0.659089	0.576397	-0.082133	0.691012	0.602172	-0.039910
107	0.294444444	1.095550	1.004563	0.114801	1.104983	1.021086	-0.229126	1.233884	1.060282	0.032795	1.246200	1.060344	-0.136304	0.921876	1.496095	-0.093441	1.055253	1.378766	0.016965	1.057218	1.364394	-0.165922	0.658042	1.664012	-0.098439	0.579559	1.529411	-0.100246	0.698979	1.599930	0.011617	0.807920	1.412901	0.108082	0.959670	1.475127	0.067712	0.922172	1.091141	0.108384	0.936355	1.247624	0.159407	0.817901	0.854350	0.016603	NaN	NaN	NaN	0.934581	1.442850	-0.233435	0.914629	1.031380	-0.208371	0.921973	1.187783	-0.284934	0.800094	0.801719	-0.113711	1.094327	0.510225	0.225093	0.987781	0.051993	0.226362	1.021645	0.043304	0.327444	1.166238	0.097026	0.271219	1.050387	0.529166	-0.303437	0.981146	0.036447	-0.289133	0.979166	0.038733	-0.406656	1.118552	0.118224	-0.378894	0.113433	0.072318	-0.232647	0.025360	0.098244	-0.242758	0.038055	0.082050	-0.290542	0.604844	0.519853	-0.066473	0.658860	0.576448	-0.085290	0.690073	0.602489	-0.042618
108	0.297222222	1.095464	1.004535	0.114649	1.105296	1.021087	-0.229284	1.233847	1.060280	0.032764	1.246363	1.060308	-0.136312	0.921898	1.496067	-0.093322	1.055124	1.378595	0.017083	1.057404	1.364513	-0.165859	0.658057	1.663922	-0.098472	0.579601	1.529336	-0.100363	0.698946	1.599778	0.011571	0.807623	1.412435	0.107814	0.959393	1.474799	0.067848	0.921646	1.090682	0.107772	0.935861	1.247075	0.159026	0.817351	0.854137	0.015212	NaN	NaN	NaN	0.934860	1.443086	-0.233388	0.915024	1.031688	-0.209042	0.922470	1.188242	-0.285452	0.799989	0.801827	-0.115283	1.094322	0.510226	0.225043	0.987798	0.052009	0.226386	1.021667	0.043319	0.327450	1.166251	0.097021	0.271245	1.050524	0.529181	-0.303534	0.981150	0.036472	-0.289137	0.979173	0.038746	-0.406665	1.118560	0.118245	-0.378897	0.113832	0.073428	-0.240570	0.025812	0.099438	-0.251072	0.038500	0.083395	-0.298905	0.604638	0.520021	-0.070158	0.658635	0.576648	-0.088437	0.689864	0.602396	-0.045610
109	0.300000000	1.095373	1.004519	0.114494	1.105576	1.021061	-0.229468	1.233810	1.060261	0.032743	1.246547	1.060291	-0.136324	0.921929	1.496041	-0.093207	1.054982	1.378428	0.017198	1.057577	1.364625	-0.165796	0.658103	1.663838	-0.098509	0.579598	1.529255	-0.100486	0.698932	1.599630	0.011525	0.807296	1.411944	0.107516	0.959101	1.474459	0.068000	0.921038	1.090191	0.107127	0.935370	1.246546	0.158659	0.816760	0.853862	0.013733	NaN	NaN	NaN	0.935154	1.443336	-0.233324	0.915431	1.032024	-0.209018	0.922954	1.188687	-0.285940	0.799982	0.801952	-0.116918	1.094288	0.510211	0.224997	0.987793	0.052002	0.226360	1.021663	0.043307	0.327450	1.166261	0.097026	0.271234	1.050654	0.529235	-0.303643	0.981142	0.036460	-0.289131	0.979184	0.038737	-0.406660	1.118585	0.118246	-0.378924	0.114144	0.074487	-0.248600	0.026112	0.100638	-0.259408	0.039166	0.084720	-0.307299	0.604354	0.520140	-0.073912	0.658398	0.576967	-0.091599	0.689418	0.602413	-0.048506
110	0.302777778	1.095255	1.004478	0.114308	1.105925	1.021059	-0.229686	1.233791	1.060267	0.032727	1.246742	1.060283	-0.136327	0.921974	1.496031	-0.093105	1.054857	1.378266	0.017323	1.057774	1.364743	-0.165697	0.658116	1.663743	-0.098540	0.579642	1.529170	-0.100605	0.698936	1.599475	0.011456	0.806972	1.411162	0.107106	0.958811	1.474132	0.068138	0.920413	1.089714	0.106490	0.934839	1.245983	0.158290	0.816166	0.853692	0.012447	NaN	NaN	NaN	0.935473	1.443623	-0.233263	0.915789	1.032176	-0.210312	0.923352	1.189090	-0.286423	0.800092	0.802042	-0.118618	1.094272	0.510221	0.224936	0.987806	0.052005	0.226370	1.021671	0.043320	0.327454	1.166258	0.097007	0.271249	1.050822	0.529272	-0.303754	0.981143	0.036470	-0.289132	0.979172	0.038742	-0.406653	1.118606	0.118256	-0.378918	0.114566	0.075633	-0.256777	0.026553	0.101831	-0.267904	0.039821	0.086223	-0.315725	0.603874	0.520359	-0.077699	0.658241	0.577215	-0.094933	0.689072	0.602508	-0.051632
111	0.305555556	1.095167	1.004490	0.114157	1.106236	1.021047	-0.229870	1.233754	1.060246	0.032700	1.246937	1.060266	-0.136319	0.922015	1.496019	-0.092992	1.054723	1.378108	0.017431	1.058008	1.364901	-0.165585	0.658129	1.663663	-0.098588	0.579680	1.529087	-0.100759	0.698940	1.599322	0.011405	0.806690	1.410728	0.106802	0.958521	1.473807	0.068270	0.919809	1.089265	0.105874	0.934295	1.245432	0.157952	0.815518	0.853506	0.011053	NaN	NaN	NaN	0.935828	1.443926	-0.233215	0.916416	1.032684	-0.210609	0.923780	1.189545	-0.286924	0.800088	0.802176	-0.120263	1.094269	0.510235	0.224876	0.987814	0.052008	0.226384	1.021677	0.043321	0.327470	1.166256	0.097020	0.271253	1.050999	0.529302	-0.303869	0.981165	0.036482	-0.289136	0.979168	0.038740	-0.406657	1.118629	0.118258	-0.378938	0.114940	0.076902	-0.265070	0.027061	0.103162	-0.276456	0.040478	0.087679	-0.324258	0.603755	0.520654	-0.081905	0.657967	0.577442	-0.098225	0.688497	0.602639	-0.054698
112	0.308333333	1.095064	1.004461	0.113965	1.106569	1.021039	-0.230064	1.233745	1.060265	0.032682	1.247143	1.060269	-0.136300	0.922060	1.495996	-0.092871	1.054582	1.377938	0.017565	1.058267	1.365062	-0.165475	0.658156	1.663578	-0.098632	0.579684	1.529004	-0.100903	0.698901	1.599164	0.011335	0.806422	1.410324	0.106507	0.958278	1.473479	0.068420	0.919159	1.088776	0.105221	0.933752	1.244887	0.157587	0.814942	0.853245	0.009539	NaN	NaN	NaN	0.936188	1.444209	-0.233150	0.916667	1.032886	-0.211218	0.924237	1.189989	-0.287426	0.800165	0.802265	-0.122018	1.094236	0.510232	0.224804	0.987834	0.052054	0.226376	1.021677	0.043314	0.327454	1.166271	0.097018	0.271261	1.051172	0.529341	-0.303967	0.981155	0.036494	-0.289152	0.979156	0.038726	-0.406667	1.118677	0.118275	-0.378954	0.115365	0.078053	-0.273431	0.027637	0.104515	-0.285209	0.041266	0.089321	-0.333097	0.603440	0.520822	-0.085858	0.657844	0.577808	-0.101658	0.688274	0.602565	-0.057802
113	0.311111111	1.094957	1.004461	0.113788	1.106841	1.021020	-0.230246	1.233709	1.060252	0.032669	1.247350	1.060252	-0.136293	0.922092	1.495970	-0.092751	1.054458	1.377759	0.017705	1.058509	1.365219	-0.165348	0.658188	1.663484	-0.098666	0.579726	1.528913	-0.101068	0.698926	1.599020	0.011275	0.806099	1.409856	0.106181	0.957983	1.473157	0.068590	0.918508	1.088241	0.104554	0.933128	1.244302	0.157158	0.814439	0.852987	0.008034	NaN	NaN	NaN	0.936585	1.444502	-0.233090	0.917064	1.033186	-0.211839	0.924664	1.190358	-0.287910	0.800235	0.802395	-0.123816	1.094242	0.510253	0.224746	0.987838	0.052034	0.226396	1.021695	0.043341	0.327473	1.166286	0.097033	0.271267	1.051347	0.529360	-0.304073	0.981151	0.036511	-0.289159	0.979193	0.038740	-0.406667	1.118692	0.118278	-0.378966	0.115935	0.079543	-0.282055	0.028221	0.105961	-0.294066	0.042005	0.090918	-0.341819	0.603086	0.521034	-0.089829	0.657736	0.577969	-0.105125	0.688002	0.602548	-0.061088
114	0.313888889	1.094854	1.004438	0.113611	1.107152	1.020995	-0.230422	1.233675	1.060252	0.032634	1.247538	1.060228	-0.136268	0.922134	1.495957	-0.092618	1.054324	1.377585	0.017870	1.058762	1.365384	-0.165225	0.658174	1.663381	-0.098726	0.579740	1.528821	-0.101206	0.698904	1.598851	0.011204	0.805716	1.409348	0.105819	0.957719	1.472812	0.068755	0.917814	1.087705	0.103841	0.932542	1.243737	0.156759	0.813829	0.852688	0.006467	NaN	NaN	NaN	0.936961	1.444779	-0.233040	0.917515	1.033471	-0.212679	0.925244	1.190887	-0.288502	0.800322	0.802535	-0.125548	1.094207	0.510232	0.224685	0.987835	0.052040	0.226365	1.021695	0.043337	0.327475	1.166291	0.097044	0.271257	1.051499	0.529392	-0.304183	0.981149	0.036518	-0.289174	0.979175	0.038757	-0.406683	1.118724	0.118292	-0.378989	0.116292	0.080812	-0.290673	0.028799	0.107376	-0.303071	0.042794	0.092684	-0.350828	0.602839	0.521274	-0.093832	0.657577	0.578247	-0.108714	0.687479	0.602648	-0.064251
115	0.316666667	1.094720	1.004430	0.113397	1.107476	1.020981	-0.230587	1.233668	1.060276	0.032618	1.247754	1.060217	-0.136248	0.922153	1.495941	-0.092507	1.054216	1.377396	0.018036	1.059002	1.365542	-0.165109	0.658191	1.663284	-0.098772	0.580895	1.528460	-0.101761	0.698892	1.598710	0.011127	0.805320	1.408825	0.105431	0.957443	1.472475	0.068900	0.917102	1.087192	0.103146	0.931957	1.243152	0.156353	0.813135	0.852428	0.005002	NaN	NaN	NaN	0.937353	1.445089	-0.232972	0.918061	1.033829	-0.213536	0.925726	1.191366	-0.289034	0.800381	0.802643	-0.127447	1.094190	0.510250	0.224614	0.987847	0.052052	0.226387	1.021700	0.043347	0.327468	1.166289	0.097054	0.271258	1.051678	0.529431	-0.304287	0.981155	0.036502	-0.289189	0.979187	0.038756	-0.406711	1.118754	0.118313	-0.379013	0.116863	0.082312	-0.299411	0.029488	0.108979	-0.312058	0.043785	0.094292	-0.359941	0.602816	0.521420	-0.097961	0.657472	0.578545	-0.112335	0.687311	0.602755	-0.067800
116	0.319444444	1.094606	1.004400	0.113190	1.107748	1.020932	-0.230728	1.233618	1.060265	0.032606	1.247961	1.060214	-0.136218	0.922237	1.495936	-0.092371	1.054080	1.377226	0.018193	1.059241	1.365686	-0.165006	0.658201	1.663181	-0.098851	0.580911	1.528360	-0.101916	0.698868	1.598536	0.011052	0.804983	1.408397	0.105117	0.957099	1.472137	0.069070	0.916394	1.086660	0.102444	0.931360	1.242545	0.155932	0.812525	0.852195	0.003401	NaN	NaN	NaN	0.937704	1.445367	-0.232910	0.918410	1.034107	-0.214213	0.926154	1.191780	-0.289577	0.800320	0.802901	-0.129221	1.094164	0.510261	0.224546	0.987877	0.052073	0.226369	1.021704	0.043330	0.327465	1.166309	0.097057	0.271265	1.051807	0.529442	-0.304390	0.981160	0.036520	-0.289207	0.979148	0.038828	-0.406837	1.118775	0.118286	-0.379036	0.117626	0.083865	-0.308376	0.030024	0.110551	-0.321285	0.044814	0.096290	-0.369168	0.602639	0.521649	-0.102279	0.657333	0.578898	-0.116008	0.686661	0.602962	-0.071054
117	0.322222222	1.094466	1.004370	0.112957	1.108032	1.020885	-0.230878	1.233559	1.060247	0.032587	1.248158	1.060194	-0.136188	0.922300	1.495912	-0.092223	1.053954	1.377038	0.018385	1.059462	1.365821	-0.164906	0.658197	1.663077	-0.098886	0.580922	1.528274	-0.102046	0.698843	1.598383	0.010959	0.804652	1.407937	0.104805	0.956762	1.471745	0.069258	0.915727	1.086146	0.101760	0.930712	1.241895	0.155511	0.811874	0.851900	0.001762	NaN	NaN	NaN	0.938069	1.445630	-0.232816	0.918711	1.034381	-0.215006	0.926679	1.192243	-0.290089	0.800453	0.803040	-0.131202	1.094143	0.510266	0.224479	0.987886	0.052078	0.226372	1.021698	0.043333	0.327461	1.166300	0.097057	0.271259	1.051969	0.529476	-0.304481	0.981159	0.036525	-0.289201	0.979179	0.038820	-0.406800	1.118806	0.118284	-0.379051	0.118208	0.085367	-0.317386	0.030858	0.112202	-0.330635	0.045797	0.098082	-0.378513	0.602078	0.522138	-0.106402	0.657206	0.579276	-0.119812	0.686462	0.602990	-0.074488
118	0.325000000	1.094372	1.004357	0.112763	1.108297	1.020831	-0.231044	1.233521	1.060251	0.032570	1.248389	1.060186	-0.136171	0.922348	1.495893	-0.092088	1.053866	1.376901	0.018513	1.059685	1.365964	-0.164791	0.658184	1.662972	-0.098942	0.580879	1.528180	-0.102163	0.698819	1.598219	0.010897	0.804350	1.407490	0.104436	0.956444	1.471354	0.069443	0.914953	1.085586	0.101006	0.930085	1.241314	0.155107	0.811219	0.851679	0.000131	NaN	NaN	NaN	0.938435	1.445939	-0.232735	0.919198	1.034752	-0.215920	0.927181	1.192732	-0.290622	0.800533	0.803282	-0.133038	1.094099	0.510255	0.224398	0.987889	0.052074	0.226381	1.021720	0.043321	0.327470	1.166295	0.097046	0.271270	1.052101	0.529498	-0.304590	0.981163	0.036504	-0.289215	0.979158	0.038784	-0.406805	1.118835	0.118281	-0.379081	0.118989	0.087012	-0.326586	0.031591	0.114017	-0.340102	0.046640	0.100144	-0.387998	0.601625	0.522576	-0.110561	0.657184	0.579630	-0.123623	0.686256	0.603007	-0.078091
119	0.327777778	1.094190	1.004306	0.112536	1.108581	1.020790	-0.231227	1.233491	1.060253	0.032560	1.248587	1.060163	-0.136150	0.922390	1.495864	-0.091952	1.053762	1.376750	0.018666	1.059925	1.366108	-0.164669	0.658163	1.662860	-0.098996	0.579751	1.528337	-0.101894	0.698785	1.598052	0.010832	0.804011	1.406996	0.104115	0.956116	1.470957	0.069603	0.914136	1.085014	0.100267	0.929416	1.240658	0.154651	0.810568	0.851366	-0.001458	NaN	NaN	NaN	0.938847	1.446274	-0.232638	0.919686	1.035120	-0.216875	0.927844	1.193341	-0.291223	0.800583	0.803443	-0.135019	1.094055	0.510245	0.224323	0.987888	0.052066	0.226378	1.021685	0.043325	0.327469	1.166295	0.097040	0.271260	1.052270	0.529517	-0.304693	0.981146	0.036496	-0.289233	0.979165	0.038777	-0.406821	1.118858	0.118273	-0.379096	0.119611	0.088745	-0.335847	0.032524	0.115707	-0.349744	0.047747	0.102225	-0.397472	0.601857	0.522627	-0.115311	0.657025	0.579986	-0.127476	0.685685	0.603136	-0.081551
120	0.330555556	1.094049	1.004281	0.112308	1.108873	1.020765	-0.231421	1.233427	1.060233	0.032546	1.248786	1.060143	-0.136129	0.922434	1.495838	-0.091814	1.053610	1.376535	0.018830	1.060165	1.366243	-0.164553	0.658142	1.662755	-0.099052	0.579744	1.528193	-0.102028	0.698724	1.597904	0.010754	0.803676	1.406444	0.103744	0.955829	1.470580	0.069761	0.913361	1.084442	0.099514	0.928676	1.239976	0.154155	0.809815	0.851132	-0.003195	NaN	NaN	NaN	0.939247	1.446614	-0.232535	0.920010	1.035380	-0.217793	0.928419	1.193857	-0.291794	0.800761	0.803586	-0.137028	1.094023	0.510228	0.224258	0.987896	0.052076	0.226383	1.021692	0.043305	0.327476	1.166303	0.097058	0.271255	1.052445	0.529524	-0.304780	0.981144	0.036511	-0.289247	0.979160	0.038661	-0.406701	1.118897	0.118269	-0.379118	0.120454	0.090518	-0.345215	0.033399	0.117666	-0.359497	0.049111	0.104063	-0.407255	0.601728	0.522923	-0.119875	0.656819	0.580345	-0.131359	0.685396	0.603361	-0.085265
121	0.333333333	1.093898	1.004257	0.112124	1.109193	1.020744	-0.231670	1.233406	1.060260	0.032536	1.248998	1.060126	-0.136127	0.922523	1.495828	-0.091653	1.053438	1.376318	0.018982	1.060416	1.366396	-0.164403	0.658138	1.662657	-0.099085	0.579767	1.528058	-0.102184	0.698690	1.597751	0.010681	0.803330	1.405886	0.103353	0.955524	1.470167	0.069920	0.912570	1.083864	0.098740	0.927987	1.239312	0.153739	0.809187	0.850809	-0.004905	NaN	NaN	NaN	0.939691	1.446965	-0.232427	0.920310	1.035615	-0.218655	0.928870	1.194304	-0.292320	0.800756	0.803772	-0.138950	1.093962	0.510227	0.224178	0.987886	0.052044	0.226367	1.021692	0.043311	0.327468	1.166288	0.097061	0.271261	1.052586	0.529530	-0.304897	0.981141	0.036491	-0.289245	0.979131	0.038684	-0.406770	1.118919	0.118263	-0.379135	0.121401	0.092382	-0.354755	0.034332	0.119651	-0.369262	0.050112	0.106461	-0.417041	0.601548	0.523336	-0.124461	0.656780	0.580811	-0.135334	0.684950	0.603624	-0.088952
122	0.336111111	1.093736	1.004233	0.111920	1.109501	1.020699	-0.231889	1.233353	1.060245	0.032529	1.249209	1.060115	-0.136126	0.922592	1.495804	-0.091491	1.053250	1.376079	0.019180	1.060678	1.366565	-0.164234	0.658116	1.662539	-0.099141	0.579776	1.527916	-0.102330	0.698643	1.597596	0.010613	0.802953	1.405371	0.102951	0.955197	1.469763	0.070113	0.911787	1.083283	0.097912	0.927199	1.238616	0.153299	0.808457	0.850509	-0.006642	NaN	NaN	NaN	0.940112	1.447276	-0.232306	0.920991	1.036122	-0.219907	0.929405	1.194817	-0.292872	0.800903	0.804005	-0.141086	1.093916	0.510227	0.224107	0.987878	0.052056	0.226392	1.021687	0.043309	0.327479	1.166286	0.097025	0.271256	1.052753	0.529529	-0.304987	0.981126	0.036482	-0.289252	0.979150	0.038634	-0.406742	1.118957	0.118252	-0.379146	0.122323	0.094261	-0.364503	0.035297	0.121524	-0.379237	0.051349	0.108795	-0.427082	0.601337	0.523909	-0.129083	0.656717	0.581258	-0.139360	0.684826	0.603619	-0.092684
123	0.338888889	1.093594	1.004214	0.111718	1.109848	1.020666	-0.232109	1.233291	1.060237	0.032515	1.249412	1.060107	-0.136142	0.922666	1.495791	-0.091315	1.053038	1.375840	0.019366	1.060947	1.366720	-0.164061	0.658117	1.662425	-0.099188	0.579795	1.527774	-0.102461	0.698612	1.597439	0.010547	0.802548	1.404873	0.102556	0.954825	1.469328	0.070326	0.910906	1.082662	0.097040	0.926430	1.237925	0.152857	0.807727	0.850172	-0.008387	NaN	NaN	NaN	0.940501	1.447607	-0.232197	0.921334	1.036466	-0.220830	0.930111	1.195432	-0.293495	0.800785	0.804226	-0.143046	1.093842	0.510210	0.224015	0.987892	0.052041	0.226395	1.021684	0.043284	0.327476	1.166268	0.097012	0.271271	1.052909	0.529550	-0.305111	0.981109	0.036485	-0.289277	0.979139	0.038620	-0.406757	1.118996	0.118242	-0.379179	0.123324	0.096126	-0.374275	0.036424	0.123823	-0.389350	0.052744	0.111057	-0.437077	0.601326	0.524202	-0.133859	0.656672	0.581767	-0.143436	0.684462	0.603853	-0.096477
124	0.341666667	1.093441	1.004195	0.111530	1.110218	1.020644	-0.232340	1.233232	1.060239	0.032508	1.249619	1.060090	-0.136136	0.922754	1.495776	-0.091153	1.052844	1.375611	0.019553	1.061190	1.366878	-0.163876	0.658086	1.662307	-0.099260	0.579828	1.527624	-0.102623	0.698577	1.597280	0.010466	0.802114	1.404294	0.102129	0.954427	1.468882	0.070534	0.909891	1.082073	0.096576	0.925652	1.237197	0.152358	0.807019	0.849992	-0.010200	NaN	NaN	NaN	0.940926	1.447954	-0.232067	0.921575	1.036709	-0.221815	0.930776	1.196033	-0.294091	0.801039	0.804446	-0.145219	1.093793	0.510195	0.223949	0.987896	0.052044	0.226377	1.021672	0.043296	0.327472	1.166265	0.097018	0.271267	1.053109	0.529589	-0.305231	0.981118	0.036484	-0.289281	0.979144	0.038604	-0.406767	1.119012	0.118226	-0.379195	0.124417	0.098353	-0.384139	0.037515	0.125891	-0.399506	0.054058	0.113577	-0.447224	0.601022	0.524764	-0.138641	0.656604	0.582355	-0.147530	0.683992	0.604175	-0.100318
125	0.344444444	1.093191	1.004179	0.111567	1.110555	1.020622	-0.232533	1.233188	1.060245	0.032497	1.249831	1.060086	-0.136136	0.922824	1.495758	-0.090980	1.052666	1.375392	0.019765	1.061469	1.367029	-0.163684	0.658091	1.662193	-0.099317	0.579832	1.527503	-0.102777	0.698564	1.597117	0.010387	0.801695	1.403761	0.101741	0.954074	1.468453	0.070749	0.909043	1.081477	0.095760	0.924845	1.236463	0.151868	0.806386	0.849701	-0.012093	NaN	NaN	NaN	0.941377	1.448333	-0.231933	0.922270	1.037197	-0.222996	0.931426	1.196597	-0.294674	0.800938	0.804717	-0.147284	1.093741	0.510187	0.223872	0.987873	0.052032	0.226386	1.021672	0.043277	0.327489	1.166266	0.097012	0.271282	1.053274	0.529610	-0.305368	0.981101	0.036473	-0.289292	0.979149	0.038585	-0.406766	1.119056	0.118232	-0.379211	0.125486	0.100550	-0.394195	0.038690	0.128119	-0.409837	0.055564	0.116052	-0.457601	0.600765	0.525369	-0.143485	0.656573	0.582888	-0.151740	0.683612	0.604428	-0.104207
126	0.347222222	1.093169	1.004143	0.111152	1.110914	1.020621	-0.232765	1.233118	1.060232	0.032478	1.250051	1.060081	-0.136121	0.922875	1.495737	-0.090807	1.052470	1.375153	0.019954	1.061706	1.367220	-0.163492	0.658077	1.662071	-0.099371	0.579848	1.527341	-0.102942	0.698511	1.596936	0.010300	0.801297	1.403240	0.101340	0.953728	1.468034	0.070960	0.908101	1.080838	0.094886	0.924063	1.235731	0.151365	0.805620	0.849493	-0.013903	NaN	NaN	NaN	0.941785	1.448693	-0.231796	0.922720	1.037600	-0.224018	0.931984	1.197178	-0.295203	0.801159	0.804912	-0.149476	1.093701	0.510191	0.223768	0.987877	0.052031	0.226369	1.021660	0.043277	0.327478	1.166264	0.097021	0.271272	1.053430	0.529628	-0.305488	0.981068	0.036477	-0.289295	0.979134	0.038585	-0.406780	1.119088	0.118232	-0.379222	0.126601	0.102643	-0.404343	0.039841	0.130562	-0.420238	0.057048	0.118719	-0.468122	0.600837	0.525735	-0.148353	0.656489	0.583408	-0.156038	0.683581	0.604585	-0.108241
127	0.350000000	1.093020	1.004125	0.110987	1.111247	1.020639	-0.232960	1.233049	1.060228	0.032470	1.250271	1.060090	-0.136099	0.922929	1.495714	-0.090618	1.052323	1.374928	0.020135	1.061929	1.367384	-0.163309	0.658065	1.661972	-0.099446	0.581066	1.526896	-0.103492	0.698470	1.596732	0.010196	0.800887	1.402730	0.100893	0.953340	1.467573	0.071162	0.907192	1.080227	0.094019	0.923276	1.234965	0.150847	0.804866	0.849194	-0.015881	NaN	NaN	NaN	0.942241	1.449102	-0.231646	0.923063	1.038015	-0.225061	0.932684	1.197816	-0.295824	0.801123	0.805161	-0.151683	1.093624	0.510165	0.223665	0.987884	0.052024	0.226375	1.021671	0.043285	0.327479	1.166227	0.097008	0.271271	1.053600	0.529646	-0.305603	0.981060	0.036505	-0.289327	0.979153	0.038574	-0.406781	1.119138	0.118244	-0.379260	0.127913	0.105016	-0.414568	0.041389	0.132957	-0.430851	0.058705	0.121547	-0.478588	0.600678	0.526496	-0.153351	0.656459	0.583978	-0.160304	0.683317	0.604900	-0.112354
128	0.352777778	1.092833	1.004104	0.110753	1.111536	1.020601	-0.233107	1.232996	1.060226	0.032461	1.250471	1.060087	-0.136092	0.922998	1.495697	-0.090415	1.052161	1.374685	0.020330	1.062116	1.367556	-0.163117	0.658063	1.661855	-0.099501	0.581050	1.526761	-0.103679	0.698449	1.596562	0.010110	0.800481	1.402226	0.100475	0.952995	1.467146	0.071350	0.906319	1.079551	0.093098	0.922478	1.234248	0.150351	0.804086	0.848969	-0.017805	NaN	NaN	NaN	0.942700	1.449502	-0.231480	0.923617	1.038486	-0.226172	0.933379	1.198476	-0.296499	0.801259	0.805429	-0.153878	1.093547	0.510167	0.223560	0.987887	0.052036	0.226360	1.021673	0.043296	0.327478	1.166222	0.097013	0.271284	1.053755	0.529646	-0.305731	0.981059	0.036505	-0.289305	0.979126	0.038571	-0.406799	1.119157	0.118232	-0.379290	0.129217	0.107513	-0.424865	0.042796	0.135505	-0.441518	0.060408	0.124347	-0.489254	0.600579	0.527097	-0.158399	0.656411	0.584583	-0.164610	0.682740	0.605347	-0.116245
129	0.355555556	1.092657	1.004080	0.110554	1.112020	1.020758	-0.232834	1.232937	1.060226	0.032453	1.250708	1.060092	-0.136046	0.923020	1.495668	-0.090216	1.051990	1.374464	0.020522	1.062350	1.367727	-0.162913	0.658053	1.661735	-0.099569	0.581104	1.526599	-0.103845	0.698406	1.596369	0.010024	0.799961	1.401568	0.099993	0.952573	1.466673	0.071602	0.905482	1.078958	0.092176	0.921583	1.233490	0.149867	0.803415	0.848680	-0.019855	NaN	NaN	NaN	0.943132	1.449863	-0.231322	0.924295	1.039062	-0.227469	0.934032	1.199123	-0.297113	0.801306	0.805767	-0.156220	1.093469	0.510169	0.223468	0.987908	0.052048	0.226380	1.021657	0.043288	0.327467	1.166224	0.097011	0.271282	1.053957	0.529682	-0.305881	0.981071	0.036505	-0.289322	0.979139	0.038573	-0.406792	1.119204	0.118244	-0.379312	0.130570	0.109983	-0.435383	0.044136	0.138206	-0.452418	0.062264	0.127164	-0.499918	0.600608	0.527591	-0.163516	0.656422	0.585241	-0.168975	0.682570	0.605618	-0.120312
130	0.358333333	1.092481	1.004056	0.110331	1.112321	1.020768	-0.232980	1.232839	1.060222	0.032428	1.250925	1.060097	-0.136012	0.923085	1.495669	-0.090020	1.051820	1.374244	0.020731	1.062601	1.367900	-0.162712	0.658055	1.661635	-0.099620	0.581138	1.526474	-0.104037	0.698409	1.596204	0.009938	0.799439	1.400958	0.099538	0.952130	1.466194	0.071846	0.904603	1.078325	0.091126	0.920643	1.232698	0.149291	0.802576	0.848599	-0.021877	NaN	NaN	NaN	0.943581	1.450269	-0.231153	0.924636	1.039412	-0.228404	0.934616	1.199759	-0.297638	0.801458	0.806092	-0.158499	1.093397	0.510170	0.223355	0.987916	0.052048	0.226362	1.021669	0.043294	0.327470	1.166209	0.097020	0.271276	1.054179	0.529727	-0.306026	0.981062	0.036545	-0.289322	0.979146	0.038574	-0.406808	1.119241	0.118245	-0.379326	0.131937	0.112484	-0.445977	0.045868	0.140917	-0.463406	0.063971	0.130345	-0.510977	0.600355	0.528468	-0.168714	0.656538	0.586016	-0.173506	0.682295	0.605973	-0.124519
131	0.361111111	1.092281	1.004016	0.110076	1.112724	1.020805	-0.233140	1.232761	1.060216	0.032423	1.251152	1.060107	-0.135965	0.923152	1.495648	-0.089792	1.051591	1.373981	0.020993	1.062890	1.368113	-0.162483	0.658028	1.661510	-0.099687	0.581193	1.526319	-0.104208	0.698375	1.596013	0.009864	0.798958	1.400359	0.099105	0.951699	1.465720	0.072082	0.903736	1.077692	0.090175	0.919833	1.231959	0.148788	0.801987	0.848312	-0.024015	NaN	NaN	NaN	0.944058	1.450662	-0.230974	0.925252	1.039926	-0.229624	0.935435	1.200519	-0.298303	0.801430	0.806478	-0.160754	1.093297	0.510173	0.223251	0.987908	0.052053	0.226345	1.021668	0.043296	0.327475	1.166201	0.097027	0.271266	1.054402	0.529743	-0.306172	0.981065	0.036543	-0.289343	0.979137	0.038557	-0.406811	1.119292	0.118266	-0.379343	0.133428	0.115223	-0.456695	0.047626	0.143755	-0.474595	0.066016	0.133391	-0.522064	0.600463	0.529096	-0.173892	0.656492	0.586717	-0.177977	0.682045	0.606458	-0.128855
132	0.363888889	1.092077	1.003977	0.109805	1.113105	1.020767	-0.233307	1.232695	1.060211	0.032418	1.251388	1.060099	-0.135929	0.923193	1.495634	-0.089564	1.051349	1.373698	0.021295	1.063192	1.368322	-0.162218	0.658039	1.661406	-0.099759	0.581209	1.526206	-0.104383	0.698363	1.595858	0.009778	0.798493	1.399822	0.098654	0.951287	1.465226	0.072282	0.902853	1.077077	0.089233	0.918948	1.231160	0.148249	0.801124	0.848235	-0.026201	NaN	NaN	NaN	0.944538	1.451080	-0.230800	0.925850	1.040424	-0.230794	0.936156	1.201209	-0.298991	0.801592	0.806717	-0.163218	1.093211	0.510150	0.223162	0.987918	0.052052	0.226370	1.021675	0.043313	0.327475	1.166202	0.097025	0.271272	1.054658	0.529799	-0.306318	0.981068	0.036559	-0.289352	0.979152	0.038569	-0.406818	1.119339	0.118272	-0.379355	0.135165	0.118005	-0.467497	0.049368	0.146763	-0.485823	0.068060	0.136495	-0.533153	0.600448	0.529888	-0.179097	0.656494	0.587497	-0.182464	0.681806	0.606927	-0.133097
133	0.366666667	1.091896	1.003935	0.109569	1.113449	1.020770	-0.233450	1.232613	1.060214	0.032415	1.251582	1.060075	-0.135885	0.923250	1.495628	-0.089344	1.051087	1.373420	0.021564	1.063444	1.368526	-0.161948	0.658058	1.661289	-0.099811	0.581276	1.526056	-0.104547	0.698354	1.595690	0.009702	0.797970	1.399233	0.098204	0.950838	1.464749	0.072518	0.901954	1.076416	0.088179	0.918065	1.230380	0.147658	0.800458	0.848026	-0.028329	NaN	NaN	NaN	0.945051	1.451538	-0.230593	0.926169	1.040807	-0.231913	0.936825	1.201882	-0.299619	0.801782	0.807105	-0.165572	1.093087	0.510161	0.223046	0.987912	0.052042	0.226345	1.021674	0.043315	0.327463	1.166202	0.097035	0.271273	1.054893	0.529808	-0.306457	0.981064	0.036565	-0.289352	0.979163	0.038568	-0.406827	1.119371	0.118258	-0.379397	0.136845	0.120914	-0.478360	0.051136	0.149903	-0.497160	0.070379	0.139693	-0.544528	0.600281	0.530882	-0.184396	0.656592	0.588278	-0.187069	0.681517	0.607397	-0.137259
134	0.369444444	1.091692	1.003895	0.109302	1.113851	1.020791	-0.233613	1.232543	1.060201	0.032413	1.251794	1.060060	-0.135846	0.923255	1.495585	-0.089136	1.050840	1.373132	0.021839	1.063703	1.368719	-0.161684	0.658058	1.661177	-0.099885	0.581279	1.525941	-0.104709	0.698344	1.595536	0.009619	0.797467	1.398636	0.097725	0.950371	1.464295	0.072732	0.901086	1.075790	0.087116	0.917186	1.229615	0.147074	0.799718	0.847915	-0.030683	NaN	NaN	NaN	0.945544	1.451945	-0.230400	0.926816	1.041344	-0.233127	0.937546	1.202616	-0.300245	0.801837	0.807491	-0.168079	1.093000	0.510162	0.222957	0.987931	0.052057	0.226361	1.021685	0.043346	0.327468	1.166181	0.097035	0.271248	1.055142	0.529841	-0.306598	0.981074	0.036565	-0.289373	0.979159	0.038569	-0.406818	1.119409	0.118268	-0.379403	0.138562	0.123877	-0.489351	0.053124	0.152939	-0.508840	0.072629	0.143123	-0.556010	0.600364	0.531718	-0.189706	0.656730	0.589071	-0.191704	0.681008	0.608019	-0.141563
135	0.372222222	1.091497	1.003853	0.109056	1.114305	1.020810	-0.233826	1.232456	1.060200	0.032415	1.252008	1.060060	-0.135803	0.923292	1.495577	-0.088912	1.050632	1.372877	0.022066	1.063923	1.368898	-0.161430	0.658065	1.661063	-0.099932	0.581308	1.525831	-0.104858	0.698327	1.595379	0.009546	0.796936	1.397999	0.097205	0.949863	1.463806	0.072996	0.900221	1.075129	0.086061	0.916319	1.228830	0.146439	0.798943	0.847837	-0.032865	NaN	NaN	NaN	0.946022	1.452368	-0.230205	0.927466	1.041907	-0.234364	0.938286	1.203376	-0.300879	0.801972	0.807888	-0.170497	1.092881	0.510170	0.222845	0.987947	0.052071	0.226345	1.021689	0.043339	0.327469	1.166185	0.097062	0.271265	1.055387	0.529872	-0.306729	0.981075	0.036560	-0.289360	0.979165	0.038572	-0.406831	1.119467	0.118276	-0.379438	0.140301	0.126921	-0.500450	0.055106	0.156100	-0.520412	0.074959	0.146562	-0.567530	0.600115	0.532776	-0.195145	0.656766	0.590018	-0.196379	0.680864	0.608578	-0.146005
136	0.375000000	1.091179	1.003602	0.108306	1.114763	1.020832	-0.234039	1.232353	1.060170	0.032408	1.252205	1.060019	-0.135736	0.923318	1.495535	-0.088674	1.050434	1.372639	0.022286	1.064139	1.369081	-0.161193	0.658061	1.660952	-0.099995	0.581356	1.525716	-0.105008	0.698318	1.595238	0.009452	0.796355	1.397390	0.096689	0.949373	1.463309	0.073292	0.899286	1.074449	0.084914	0.915458	1.228043	0.145848	0.798210	0.847663	-0.035280	NaN	NaN	NaN	0.946530	1.452835	-0.229986	0.927893	1.042304	-0.235362	0.939035	1.204126	-0.301537	0.802074	0.808259	-0.173042	1.092760	0.510168	0.222730	0.987936	0.052058	0.226359	1.021692	0.043359	0.327482	1.166162	0.097065	0.271259	1.055664	0.529924	-0.306869	0.981070	0.036568	-0.289377	0.979167	0.038570	-0.406841	1.119505	0.118263	-0.379443	0.142398	0.130067	-0.511707	0.057230	0.159573	-0.532245	0.077556	0.150233	-0.579344	0.600289	0.533637	-0.200651	0.656748	0.590858	-0.201057	0.680625	0.609137	-0.150483
137	0.377777778	1.091000	1.003583	0.108066	1.115175	1.020838	-0.234203	1.232293	1.060181	0.032417	1.252429	1.059992	-0.135676	0.923383	1.495528	-0.088405	1.050201	1.372401	0.022547	1.064452	1.369289	-0.160904	0.658072	1.660843	-0.100061	0.581394	1.525586	-0.105172	0.698300	1.595080	0.009357	0.795814	1.396780	0.096194	0.948922	1.462839	0.073511	0.898404	1.073835	0.083824	0.914531	1.227237	0.145299	0.797510	0.847605	-0.037645	NaN	NaN	NaN	0.947035	1.453280	-0.229767	0.928680	1.042968	-0.236681	0.939784	1.204867	-0.302181	0.802121	0.808752	-0.175546	1.092621	0.510169	0.222632	0.987948	0.052070	0.226341	1.021699	0.043351	0.327479	1.166160	0.097062	0.271259	1.055892	0.529991	-0.307019	0.981095	0.036579	-0.289385	0.979162	0.038559	-0.406847	1.119557	0.118265	-0.379471	0.144268	0.133225	-0.522942	0.059400	0.163045	-0.544201	0.080181	0.153812	-0.591006	0.600270	0.534747	-0.206264	0.656948	0.591771	-0.205920	0.680146	0.609890	-0.154974
138	0.380555556	1.090803	1.003517	0.107804	1.115539	1.020868	-0.234374	1.232188	1.060171	0.032432	1.252650	1.059976	-0.135609	0.923403	1.495499	-0.088153	1.049925	1.372136	0.022837	1.064753	1.369531	-0.160592	0.658080	1.660714	-0.100112	0.581467	1.525437	-0.105318	0.698284	1.594921	0.009269	0.795253	1.396081	0.095648	0.948394	1.462305	0.073708	0.897550	1.073218	0.082729	0.913572	1.226432	0.144662	0.796688	0.847498	-0.040120	NaN	NaN	NaN	0.947515	1.453714	-0.229553	0.929311	1.043530	-0.237920	0.940496	1.205599	-0.302833	0.802339	0.809209	-0.178098	1.092500	0.510178	0.222529	0.987944	0.052060	0.226344	1.021700	0.043363	0.327472	1.166136	0.097063	0.271252	1.056135	0.530018	-0.307144	0.981107	0.036591	-0.289428	0.979155	0.038567	-0.406861	1.119602	0.118247	-0.379500	0.146423	0.136671	-0.534372	0.061784	0.166675	-0.556221	0.082979	0.157524	-0.602849	0.600332	0.535785	-0.211850	0.657019	0.592732	-0.210746	0.679982	0.610479	-0.159474
139	0.383333333	1.090637	1.003487	0.107607	1.115895	1.020888	-0.234544	1.232092	1.060157	0.032435	1.252898	1.059967	-0.135561	0.923434	1.495446	-0.087855	1.049585	1.371864	0.023139	1.065077	1.369746	-0.160276	0.658050	1.660586	-0.100191	0.581476	1.525316	-0.105483	0.698264	1.594749	0.009173	0.794704	1.395473	0.095110	0.947799	1.461766	0.073979	0.896557	1.072532	0.081492	0.912567	1.225623	0.143985	0.796030	0.847450	-0.042535	NaN	NaN	NaN	0.948008	1.454152	-0.229316	0.929728	1.043984	-0.239027	0.941311	1.206368	-0.303511	0.802522	0.809644	-0.180768	1.092371	0.510181	0.222411	0.987953	0.052073	0.226350	1.021703	0.043370	0.327484	1.166145	0.097100	0.271243	1.056359	0.530052	-0.307268	0.981038	0.036534	-0.289364	0.979180	0.038558	-0.406870	1.119653	0.118256	-0.379527	0.148541	0.140116	-0.545781	0.064195	0.170355	-0.568260	0.085622	0.161726	-0.614870	0.600310	0.536898	-0.217457	0.656923	0.593964	-0.215836	0.679548	0.611238	-0.164077
140	0.386111111	1.090447	1.003432	0.107386	1.116248	1.020903	-0.234735	1.231999	1.060158	0.032441	1.253094	1.059943	-0.135509	0.923469	1.495442	-0.087551	1.049240	1.371569	0.023463	1.065343	1.369940	-0.159957	0.658056	1.660469	-0.100245	0.581473	1.525201	-0.105648	0.698236	1.594598	0.009076	0.794165	1.394859	0.094539	0.947276	1.461264	0.074250	0.895675	1.071856	0.080371	0.911695	1.224852	0.143401	0.795175	0.847444	-0.044966	NaN	NaN	NaN	0.948507	1.454578	-0.229055	0.930646	1.044638	-0.240434	0.942133	1.207203	-0.304180	0.802666	0.810137	-0.183446	1.092247	0.510184	0.222312	0.987959	0.052071	0.226349	1.021710	0.043375	0.327475	1.166105	0.097088	0.271246	1.056558	0.530082	-0.307388	0.981041	0.036561	-0.289347	0.979149	0.038522	-0.406880	1.119693	0.118242	-0.379554	0.150649	0.143847	-0.557415	0.066735	0.174245	-0.580436	0.088564	0.165616	-0.626730	0.600411	0.538132	-0.223105	0.657322	0.594797	-0.220660	0.679423	0.612002	-0.168805
141	0.388888889	1.090260	1.003396	0.107170	1.116616	1.020897	-0.234896	1.231884	1.060132	0.032464	1.253295	1.059950	-0.135465	0.923014	1.495138	-0.087065	1.048926	1.371309	0.023794	1.065609	1.370134	-0.159650	0.658067	1.660337	-0.100315	0.581510	1.525088	-0.105822	0.698245	1.594421	0.008977	0.793604	1.394212	0.093963	0.946784	1.460778	0.074493	0.894685	1.071177	0.079147	0.910513	1.223929	0.142990	0.794550	0.847344	-0.047607	NaN	NaN	NaN	0.949068	1.455062	-0.228801	0.931237	1.045212	-0.241581	0.942949	1.208045	-0.304842	0.802794	0.810627	-0.186064	1.092111	0.510163	0.222196	0.987973	0.052073	0.226341	1.021713	0.043381	0.327466	1.166106	0.097107	0.271232	1.056800	0.530147	-0.307523	0.981060	0.036591	-0.289306	0.979171	0.038515	-0.406883	1.119741	0.118240	-0.379580	0.153197	0.147625	-0.569175	0.069203	0.178078	-0.592543	0.091469	0.169783	-0.638873	0.600527	0.539273	-0.228932	0.657604	0.595868	-0.225562	0.679329	0.612676	-0.173482
142	0.391666667	1.090018	1.003330	0.106911	1.117008	1.020914	-0.235084	1.231777	1.060132	0.032479	1.253507	1.059945	-0.135426	0.923048	1.495124	-0.086812	1.048635	1.371039	0.024093	1.065862	1.370319	-0.159360	0.658057	1.660218	-0.100376	0.581491	1.524983	-0.105950	0.698202	1.594255	0.008892	0.793000	1.393509	0.093360	0.946252	1.460249	0.074727	0.893739	1.070551	0.077891	0.909822	1.223197	0.142031	0.793723	0.847310	-0.050204	NaN	NaN	NaN	0.949635	1.455548	-0.228571	0.931823	1.045656	-0.242826	0.943554	1.208729	-0.305414	0.802914	0.811136	-0.188764	1.091977	0.510150	0.222076	0.987960	0.052040	0.226316	1.021707	0.043367	0.327473	1.166070	0.097090	0.271239	1.057010	0.530168	-0.307644	0.981109	0.036592	-0.289440	0.979164	0.038513	-0.406913	1.119782	0.118230	-0.379605	0.155533	0.151325	-0.580876	0.071925	0.182332	-0.604918	0.094522	0.173989	-0.651051	0.600675	0.540525	-0.234804	0.657841	0.596979	-0.230645	0.679000	0.613532	-0.178317
143	0.394444444	1.089776	1.003262	0.106665	1.117368	1.020907	-0.235237	1.231671	1.060113	0.032508	1.253708	1.059948	-0.135378	0.923064	1.495104	-0.086551	1.048435	1.370841	0.024384	1.066171	1.370528	-0.159025	0.658048	1.660098	-0.100458	0.581415	1.524902	-0.106073	0.698187	1.594095	0.008796	0.792422	1.392792	0.092816	0.945682	1.459705	0.074969	0.892726	1.069853	0.076676	0.908572	1.222276	0.141620	0.793004	0.847259	-0.052764	NaN	NaN	NaN	0.950242	1.456059	-0.228284	0.932664	1.046336	-0.244209	0.944503	1.209581	-0.306190	0.803087	0.811718	-0.191547	1.091849	0.510146	0.221954	0.987957	0.052048	0.226324	1.021708	0.043382	0.327457	1.166073	0.097104	0.271235	1.057259	0.530225	-0.307790	0.981097	0.036602	-0.289457	0.979133	0.038502	-0.406933	1.119847	0.118222	-0.379646	0.158073	0.155363	-0.592704	0.074696	0.186551	-0.617266	0.097635	0.178496	-0.663254	0.600938	0.541890	-0.240771	0.658079	0.598138	-0.235741	0.678945	0.614325	-0.183205
144	0.397222222	1.089547	1.003194	0.106421	1.117753	1.020932	-0.235407	1.231554	1.060081	0.032515	1.253939	1.059967	-0.135308	0.923054	1.495079	-0.086301	1.048110	1.370553	0.024690	1.066481	1.370731	-0.158691	0.658030	1.659977	-0.100524	0.580265	1.525077	-0.105797	0.698141	1.593929	0.008694	0.791815	1.392146	0.092189	0.945033	1.459122	0.075254	0.891690	1.069174	0.075439	0.907554	1.221403	0.140970	0.792219	0.847163	-0.055452	NaN	NaN	NaN	0.950838	1.456537	-0.227991	0.933122	1.046850	-0.245293	0.945436	1.210524	-0.306864	0.803370	0.812268	-0.194365	1.091681	0.510109	0.221828	0.987953	0.052061	0.226325	1.021706	0.043379	0.327460	1.166052	0.097122	0.271226	1.057413	0.530241	-0.308004	0.981073	0.036603	-0.289481	0.979140	0.038497	-0.406940	1.119896	0.118212	-0.379658	0.160660	0.159455	-0.604601	0.077462	0.191021	-0.629682	0.100924	0.183083	-0.675509	0.601113	0.543153	-0.246786	0.658410	0.599312	-0.240956	0.678782	0.615165	-0.188146
145	0.400000000	1.089299	1.003156	0.106154	1.118200	1.020994	-0.235633	1.231451	1.060087	0.032536	1.254174	1.059963	-0.135232	0.923072	1.495065	-0.086012	1.047757	1.370250	0.025011	1.066791	1.370944	-0.158293	0.658024	1.659867	-0.100600	0.580264	1.524964	-0.105938	0.698125	1.593767	0.008605	0.791257	1.391452	0.091564	0.944412	1.458567	0.075533	0.890630	1.068498	0.074092	0.906533	1.220562	0.140287	0.791390	0.847197	-0.058065	NaN	NaN	NaN	0.951316	1.456949	-0.227716	0.934067	1.047615	-0.246720	0.946184	1.211281	-0.307445	0.804147	0.812695	-0.196917	1.091526	0.510099	0.221704	0.987959	0.052065	0.226306	1.021710	0.043388	0.327442	1.166026	0.097129	0.271222	1.057773	0.530423	-0.308148	0.981088	0.036610	-0.289485	0.979150	0.038480	-0.406961	1.119931	0.118185	-0.379683	0.163271	0.163688	-0.616669	0.080350	0.195426	-0.642200	0.104212	0.187777	-0.687793	0.601395	0.544533	-0.252811	0.658698	0.600594	-0.246195	0.678736	0.616107	-0.193111
146	0.402777778	1.088999	1.003067	0.105864	1.118662	1.021054	-0.235855	1.231328	1.060063	0.032560	1.254431	1.059972	-0.135137	0.923060	1.495022	-0.085725	1.047378	1.369921	0.025348	1.067109	1.371182	-0.157891	0.658008	1.659750	-0.100678	0.580251	1.524857	-0.106108	0.698105	1.593601	0.008511	0.790627	1.390794	0.090955	0.943903	1.458041	0.075764	0.889597	1.067822	0.072789	0.905537	1.219752	0.139591	0.790651	0.847085	-0.060820	NaN	NaN	NaN	0.951913	1.457434	-0.227392	0.934831	1.048227	-0.247969	0.946976	1.212085	-0.308076	0.804325	0.813238	-0.199742	1.091382	0.510079	0.221578	0.987956	0.052069	0.226299	1.021695	0.043398	0.327435	1.166019	0.097145	0.271202	1.058048	0.530459	-0.308308	0.981067	0.036617	-0.289530	0.979148	0.038470	-0.406979	1.120005	0.118190	-0.379705	0.166095	0.168056	-0.628759	0.083476	0.200104	-0.654756	0.107621	0.192851	-0.700240	0.601608	0.545978	-0.258899	0.659057	0.601900	-0.251495	0.678783	0.616967	-0.198119
147	0.405555556	1.088751	1.003040	0.105626	1.119107	1.021104	-0.236073	1.231238	1.060087	0.032577	1.254671	1.059968	-0.135077	0.923099	1.495006	-0.085422	1.046996	1.369634	0.025669	1.067373	1.371385	-0.157541	0.657981	1.659635	-0.100747	0.580249	1.524747	-0.106268	0.698091	1.593432	0.008418	0.789931	1.390104	0.090299	0.943251	1.457484	0.076009	0.888441	1.067081	0.071503	0.904427	1.218864	0.138940	0.789758	0.847038	-0.063565	NaN	NaN	NaN	0.952484	1.457966	-0.227098	0.935445	1.048793	-0.249241	0.948012	1.213073	-0.308834	0.804595	0.813849	-0.202591	1.091224	0.510059	0.221467	0.987964	0.052065	0.226295	1.021684	0.043377	0.327425	1.166007	0.097162	0.271208	1.058313	0.530503	-0.308466	0.981056	0.036633	-0.289535	0.979138	0.038428	-0.406994	1.120054	0.118173	-0.379737	0.168872	0.172545	-0.640869	0.086538	0.204929	-0.667394	0.111089	0.197843	-0.712748	0.602140	0.547392	-0.265202	0.659487	0.603258	-0.256825	0.678658	0.617972	-0.203249
148	0.408333333	1.088468	1.003001	0.105344	1.119545	1.021143	-0.236282	1.231145	1.060066	0.032599	1.254928	1.059964	-0.134982	0.923130	1.494970	-0.085116	1.046657	1.369309	0.026004	1.067598	1.371552	-0.157208	0.658004	1.659518	-0.100807	0.581441	1.524314	-0.106865	0.698080	1.593262	0.008327	0.789312	1.389417	0.089641	0.942570	1.456913	0.076300	0.887292	1.066365	0.070123	0.903417	1.217984	0.138232	0.789061	0.847017	-0.066315	NaN	NaN	NaN	0.953083	1.458460	-0.226760	0.936393	1.049533	-0.250678	0.948928	1.214006	-0.309458	0.804878	0.814477	-0.205474	1.091070	0.510049	0.221354	0.987961	0.052081	0.226283	1.021694	0.043404	0.327419	1.165986	0.097169	0.271189	1.058599	0.530501	-0.308637	0.981055	0.036616	-0.289562	0.979129	0.038420	-0.407007	1.120088	0.118145	-0.379774	0.171893	0.177271	-0.653075	0.089765	0.209924	-0.680150	0.114622	0.202990	-0.725277	0.602474	0.548995	-0.271359	0.659912	0.604591	-0.262254	0.678772	0.618939	-0.208486
149	0.411111111	1.088213	1.002967	0.105066	1.119922	1.021147	-0.236425	1.231023	1.060053	0.032602	1.255165	1.059972	-0.134908	0.923183	1.494980	-0.084811	1.046358	1.369017	0.026341	1.067905	1.371775	-0.156827	0.657970	1.659403	-0.100882	0.581451	1.524192	-0.107054	0.698063	1.593077	0.008219	0.788639	1.388721	0.088984	0.941914	1.456312	0.076569	0.886233	1.065704	0.068773	0.902356	1.217117	0.137546	0.788080	0.847039	-0.069067	NaN	NaN	NaN	0.953678	1.458986	-0.226419	0.936864	1.050030	-0.251841	0.949826	1.214876	-0.310054	0.805119	0.815149	-0.208449	1.090908	0.510032	0.221232	0.987963	0.052070	0.226284	1.021668	0.043383	0.327415	1.165976	0.097179	0.271202	1.058920	0.530545	-0.308854	0.981045	0.036626	-0.289588	0.979179	0.038429	-0.407074	1.120168	0.118145	-0.379776	0.175058	0.181974	-0.665416	0.093093	0.215019	-0.692850	0.118391	0.208308	-0.737820	0.602892	0.550559	-0.277595	0.660349	0.606040	-0.267657	0.678793	0.620011	-0.213672
150	0.413888889	1.087969	1.002958	0.104802	1.120283	1.021129	-0.236569	1.230913	1.060042	0.032619	1.255409	1.059969	-0.134842	0.923203	1.494951	-0.084506	1.046097	1.368733	0.026667	1.068252	1.372035	-0.156350	0.657967	1.659282	-0.100946	0.581501	1.524021	-0.107231	0.698028	1.592877	0.008129	0.788061	1.388004	0.088362	0.941320	1.455720	0.076802	0.884948	1.064952	0.067299	0.901271	1.216233	0.136836	0.787405	0.847028	-0.071929	NaN	NaN	NaN	0.954189	1.459465	-0.226130	0.937884	1.050825	-0.253302	0.950851	1.215783	-0.310807	0.805403	0.815817	-0.211373	1.090723	0.509993	0.221097	0.987973	0.052060	0.226273	1.021665	0.043393	0.327412	1.165977	0.097188	0.271196	1.059202	0.530548	-0.309018	0.981028	0.036626	-0.289599	0.979077	0.038355	-0.406937	1.120217	0.118113	-0.379809	0.178097	0.186916	-0.677674	0.096671	0.220044	-0.705587	0.122088	0.213844	-0.750473	0.603515	0.552154	-0.284034	0.660848	0.607572	-0.273165	0.678831	0.621081	-0.218954
151	0.416666667	1.087694	1.002905	0.104541	1.120678	1.021122	-0.236717	1.230789	1.059998	0.032648	1.255623	1.059945	-0.134766	0.923227	1.494915	-0.084179	1.045701	1.368349	0.027029	1.068567	1.372286	-0.155888	0.657964	1.659159	-0.101003	0.581564	1.523868	-0.107436	0.697985	1.592680	0.008023	0.787386	1.387321	0.087649	0.940708	1.455102	0.077043	0.883791	1.064286	0.065976	0.900118	1.215306	0.136021	0.786589	0.847025	-0.074781	NaN	NaN	NaN	0.954791	1.460010	-0.225753	0.938700	1.051544	-0.254575	0.951748	1.216671	-0.311446	0.805777	0.816422	-0.214350	1.090537	0.509991	0.220972	0.987957	0.052041	0.226276	1.021671	0.043394	0.327412	1.165941	0.097188	0.271183	1.059501	0.530583	-0.309203	0.981021	0.036632	-0.289617	0.978964	0.038276	-0.406706	1.120283	0.118106	-0.379839	0.181468	0.192019	-0.690173	0.100179	0.225372	-0.718462	0.126005	0.219402	-0.763157	0.604001	0.553923	-0.290415	0.661389	0.609094	-0.278705	0.678770	0.622222	-0.224163
152	0.419444444	1.087465	1.002871	0.104282	1.121089	1.021136	-0.236896	1.230649	1.059982	0.032667	1.255831	1.059930	-0.134720	0.923232	1.494890	-0.083840	1.045284	1.367952	0.027415	1.068799	1.372467	-0.155513	0.657942	1.659051	-0.101074	0.581585	1.523739	-0.107606	0.697978	1.592494	0.007938	0.786706	1.386613	0.086982	0.940035	1.454457	0.077305	0.882582	1.063642	0.064514	0.899011	1.214388	0.135240	0.785643	0.847143	-0.077723	NaN	NaN	NaN	0.955419	1.460563	-0.225362	0.939663	1.052329	-0.255913	0.952754	1.217729	-0.312063	0.806147	0.817055	-0.217682	1.090371	0.509993	0.220856	0.987970	0.052038	0.226264	1.021662	0.043402	0.327401	1.165940	0.097176	0.271184	1.059745	0.530582	-0.309345	0.981034	0.036633	-0.289632	0.979131	0.038334	-0.407055	1.120326	0.118091	-0.379862	0.184846	0.197108	-0.702647	0.103943	0.230886	-0.731309	0.129999	0.225471	-0.775985	0.604609	0.555672	-0.296821	0.661919	0.610644	-0.284309	0.678954	0.623409	-0.229505
153	0.422222222	1.087217	1.002833	0.104035	1.121511	1.021137	-0.237055	1.230508	1.059932	0.032681	1.256059	1.059910	-0.134658	0.923254	1.494851	-0.083475	1.044920	1.367588	0.027796	1.069044	1.372675	-0.155133	0.657931	1.658929	-0.101137	0.581619	1.523580	-0.107806	0.697943	1.592313	0.007834	0.786047	1.385864	0.086265	0.939411	1.453806	0.077612	0.881353	1.062909	0.063022	0.897599	1.213454	0.133977	0.785770	0.846899	-0.080914	NaN	NaN	NaN	0.956010	1.461102	-0.225001	0.940528	1.053111	-0.257315	0.953773	1.218683	-0.312748	0.806494	0.817789	-0.220543	1.090199	0.509986	0.220720	0.987968	0.052026	0.226258	1.021661	0.043405	0.327399	1.165941	0.097194	0.271172	1.060020	0.530599	-0.309484	0.981025	0.036628	-0.289641	0.979127	0.038309	-0.407065	1.120397	0.118082	-0.379898	0.188419	0.202499	-0.715205	0.107647	0.236498	-0.744221	0.134169	0.231302	-0.788727	0.605177	0.557550	-0.303461	0.662471	0.612352	-0.289964	0.679339	0.624468	-0.234977
154	0.425000000	1.086965	1.002772	0.103742	1.121936	1.021195	-0.237224	1.230336	1.059889	0.032706	1.256277	1.059903	-0.134583	0.923219	1.494806	-0.083106	1.044597	1.367229	0.028117	1.069411	1.372953	-0.154684	0.657921	1.658814	-0.101205	0.581630	1.523466	-0.107977	0.697968	1.592142	0.007745	0.785461	1.385155	0.085588	0.938819	1.453178	0.077846	0.880108	1.062165	0.061537	0.896409	1.212527	0.133110	0.784971	0.846955	-0.083952	NaN	NaN	NaN	0.956607	1.461639	-0.224611	0.941169	1.053664	-0.258608	0.954897	1.219745	-0.313447	0.806738	0.818577	-0.223357	1.090034	0.509969	0.220597	0.987991	0.052027	0.226237	1.021658	0.043395	0.327397	1.165931	0.097181	0.271180	1.060239	0.530639	-0.309620	0.981021	0.036648	-0.289662	0.979136	0.038300	-0.407086	1.120450	0.118054	-0.379924	0.192019	0.207925	-0.727814	0.111615	0.242493	-0.757249	0.138355	0.237253	-0.801467	0.605793	0.559374	-0.309881	0.663060	0.614086	-0.295657	0.679619	0.625694	-0.240511
155	0.427777778	1.086688	1.002708	0.103431	1.122397	1.021240	-0.237424	1.230190	1.059857	0.032753	1.256479	1.059879	-0.134491	0.923192	1.494757	-0.082760	1.044266	1.366881	0.028416	1.069782	1.373219	-0.154172	0.657935	1.658690	-0.101266	0.581636	1.523324	-0.108133	0.697921	1.591957	0.007647	0.784768	1.384437	0.084849	0.938158	1.452514	0.078125	0.878898	1.061467	0.060001	0.895165	1.211599	0.132250	0.784105	0.847011	-0.086870	NaN	NaN	NaN	0.957160	1.462161	-0.224215	0.942235	1.054540	-0.260154	0.955927	1.220786	-0.314055	0.807114	0.819378	-0.226363	1.089864	0.509959	0.220467	0.987996	0.052032	0.226218	1.021669	0.043414	0.327384	1.165925	0.097191	0.271174	1.060508	0.530697	-0.309780	0.980995	0.036645	-0.289683	0.979142	0.038291	-0.407104	1.120560	0.118107	-0.379989	0.195665	0.213578	-0.740390	0.115533	0.248472	-0.770257	0.142734	0.243340	-0.814245	0.606622	0.561383	-0.316789	0.663717	0.615882	-0.301366	0.679908	0.627030	-0.246110
156	0.430555556	1.086178	1.002611	0.103487	1.122849	1.021281	-0.237630	1.230018	1.059810	0.032776	1.256675	1.059878	-0.134396	0.923162	1.494703	-0.082386	1.043858	1.366485	0.028785	1.070089	1.373443	-0.153726	0.657936	1.658561	-0.101334	0.581692	1.523188	-0.108300	0.697918	1.591783	0.007558	0.784047	1.383769	0.084116	0.937403	1.451838	0.078431	0.877718	1.060842	0.058442	0.893869	1.210594	0.131342	0.783339	0.846983	-0.089890	NaN	NaN	NaN	0.957785	1.462718	-0.223775	0.942938	1.055228	-0.261344	0.956854	1.221697	-0.314635	0.807450	0.820220	-0.229562	1.089706	0.509942	0.220343	0.988005	0.052036	0.226221	1.021666	0.043403	0.327395	1.165921	0.097210	0.271174	1.060760	0.530758	-0.309948	0.981026	0.036647	-0.289703	0.979153	0.038274	-0.407113	1.120486	0.117945	-0.379866	0.199496	0.219387	-0.753086	0.119586	0.254235	-0.783260	0.147105	0.249873	-0.827151	0.607217	0.563467	-0.323335	0.664476	0.617676	-0.307143	0.679963	0.628391	-0.251560
157	0.433333333	1.085881	1.002556	0.103164	1.123302	1.021309	-0.237859	1.229853	1.059787	0.032817	1.256868	1.059865	-0.134302	0.923123	1.494637	-0.082028	1.043394	1.366090	0.029198	1.070328	1.373649	-0.153319	0.657927	1.658437	-0.101404	0.581727	1.523046	-0.108478	0.697887	1.591624	0.007462	0.783316	1.383023	0.083322	0.936708	1.451212	0.078699	0.876375	1.060099	0.056866	0.892599	1.209681	0.130493	0.782485	0.847053	-0.093010	NaN	NaN	NaN	0.958394	1.463300	-0.223338	0.944237	1.056256	-0.262830	0.958183	1.222851	-0.315411	0.807882	0.821074	-0.232683	1.089533	0.509929	0.220223	0.988022	0.052036	0.226203	1.021671	0.043408	0.327380	1.165901	0.097196	0.271179	1.061015	0.530841	-0.310084	0.981004	0.036663	-0.289702	0.979167	0.038256	-0.407126	1.120289	0.117563	-0.379560	0.203516	0.225219	-0.765855	0.123877	0.260674	-0.796425	0.151815	0.256516	-0.840021	0.608475	0.565430	-0.330363	0.665165	0.619547	-0.312903	0.680234	0.629901	-0.257133
158	0.436111111	1.085591	1.002514	0.102859	1.123753	1.021347	-0.238035	1.229673	1.059750	0.032844	1.257101	1.059878	-0.134165	0.923111	1.494591	-0.081621	1.042986	1.365699	0.029597	1.070599	1.373901	-0.152867	0.657947	1.658316	-0.101465	0.581753	1.522912	-0.108631	0.697857	1.591454	0.007363	0.782725	1.382356	0.082600	0.936050	1.450568	0.078920	0.875198	1.059386	0.055225	0.891267	1.208723	0.129587	0.781856	0.847035	-0.096146	NaN	NaN	NaN	0.958971	1.463875	-0.222909	0.944984	1.056897	-0.264150	0.959881	1.224053	-0.316525	0.808248	0.821913	-0.235755	1.089334	0.509904	0.220099	0.988039	0.052040	0.226199	1.021676	0.043436	0.327372	1.165900	0.097221	0.271160	1.061287	0.530886	-0.310210	0.981024	0.036660	-0.289714	0.979172	0.038250	-0.407132	1.120663	0.118022	-0.379991	0.207637	0.231386	-0.778570	0.128278	0.267175	-0.809510	0.156406	0.263213	-0.852891	0.609076	0.567651	-0.337033	0.665895	0.621452	-0.318740	0.680628	0.631269	-0.262793
159	0.438888889	1.085316	1.002472	0.102574	1.124176	1.021353	-0.238192	1.229537	1.059740	0.032888	1.257342	1.059881	-0.134050	0.923134	1.494545	-0.081215	1.042651	1.365344	0.029980	1.070914	1.374155	-0.152335	0.657939	1.658198	-0.101544	0.581762	1.522799	-0.108796	0.697806	1.591274	0.007246	0.782088	1.381591	0.081785	0.935317	1.449881	0.079201	0.873946	1.058718	0.053556	0.889957	1.207737	0.128611	0.780882	0.847290	-0.099259	NaN	NaN	NaN	0.959596	1.464468	-0.222483	0.945975	1.057694	-0.265600	0.960898	1.225087	-0.317073	0.808607	0.822810	-0.238975	1.089143	0.509894	0.219965	0.988045	0.052050	0.226206	1.021688	0.043435	0.327381	1.165898	0.097232	0.271177	1.061556	0.530964	-0.310349	0.980997	0.036690	-0.289734	0.979169	0.038254	-0.407156	1.120748	0.118054	-0.380050	0.211868	0.237634	-0.791351	0.132711	0.273470	-0.822621	0.161239	0.270460	-0.865963	0.609821	0.569708	-0.343577	0.666704	0.623428	-0.324659	0.680928	0.632865	-0.268508
160	0.441666667	1.085003	1.002387	0.102200	1.124647	1.021373	-0.238360	1.229363	1.059698	0.032915	1.257567	1.059882	-0.133943	0.923143	1.494524	-0.080819	1.043119	1.365636	0.030627	1.071231	1.374400	-0.151776	0.657933	1.658078	-0.101605	0.581860	1.522638	-0.108973	0.697755	1.591088	0.007143	0.781291	1.380828	0.080970	0.934540	1.449157	0.079527	0.872642	1.057987	0.051911	0.888715	1.206714	0.127644	0.780088	0.847487	-0.102497	NaN	NaN	NaN	0.960269	1.465059	-0.222035	0.946789	1.058471	-0.266974	0.961973	1.226147	-0.317732	0.809102	0.823766	-0.242222	1.088921	0.509892	0.219834	0.988066	0.052087	0.226203	1.021696	0.043468	0.327361	1.165877	0.097247	0.271168	1.061870	0.531049	-0.310524	0.981018	0.036686	-0.289746	0.979169	0.038246	-0.407174	1.120801	0.118046	-0.380069	0.216067	0.244077	-0.804164	0.137385	0.280529	-0.835829	0.166202	0.277264	-0.878868	0.610828	0.572032	-0.350515	0.667513	0.625504	-0.330531	0.681170	0.634438	-0.274094
161	0.444444444	1.084736	1.002312	0.101845	1.125070	1.021379	-0.238524	1.229214	1.059691	0.032939	1.257796	1.059854	-0.133845	0.923196	1.494521	-0.080427	1.042558	1.365185	0.031005	1.071517	1.374661	-0.151266	0.657950	1.657970	-0.101668	0.581906	1.522476	-0.109181	0.697719	1.590914	0.007037	0.780594	1.380080	0.080152	0.933897	1.448456	0.079794	0.871393	1.057324	0.050171	0.887399	1.205686	0.126617	0.779451	0.847617	-0.105801	NaN	NaN	NaN	0.960877	1.465652	-0.221525	0.947824	1.059393	-0.268359	0.963017	1.227277	-0.318239	0.809516	0.824683	-0.245491	1.088718	0.509865	0.219703	0.988072	0.052086	0.226195	1.021708	0.043473	0.327360	1.165871	0.097252	0.271163	1.062196	0.531124	-0.310677	0.980986	0.036713	-0.289770	0.979169	0.038243	-0.407180	1.120856	0.118043	-0.380100	0.220529	0.250668	-0.817075	0.142032	0.287377	-0.848993	0.171297	0.284422	-0.891898	0.611672	0.574458	-0.357307	0.668434	0.627605	-0.336422	0.681640	0.635994	-0.279898
162	0.447222222	1.084476	1.002285	0.101514	1.125412	1.021334	-0.238659	1.229011	1.059622	0.032970	1.258024	1.059850	-0.133739	0.923178	1.494484	-0.080039	1.041937	1.364685	0.031385	1.071739	1.374891	-0.150773	0.657926	1.657840	-0.101736	0.581936	1.522319	-0.109355	0.697689	1.590724	0.006942	0.779886	1.379398	0.079414	0.933181	1.447751	0.080056	0.870188	1.056583	0.048481	0.886050	1.204702	0.125637	0.778587	0.847871	-0.109153	NaN	NaN	NaN	0.961455	1.466214	-0.221025	0.948912	1.060310	-0.269837	0.963898	1.228324	-0.318792	0.809920	0.825627	-0.248684	1.088479	0.509821	0.219575	0.988065	0.052080	0.226182	1.021701	0.043480	0.327353	1.165841	0.097261	0.271160	1.062534	0.531216	-0.310857	0.981003	0.036725	-0.289782	0.979168	0.038241	-0.407193	1.120919	0.118051	-0.380130	0.225042	0.257435	-0.829971	0.147048	0.294573	-0.862331	0.176601	0.291838	-0.904892	0.612536	0.576653	-0.363923	0.669303	0.629779	-0.342424	0.682009	0.637758	-0.285707
163	0.450000000	1.084180	1.002240	0.101191	1.125888	1.021403	-0.238851	1.228850	1.059602	0.032986	1.258237	1.059808	-0.133634	0.923144	1.494415	-0.079602	1.041412	1.364249	0.031742	1.072070	1.375157	-0.150220	0.657930	1.657712	-0.101804	0.581975	1.522182	-0.109556	0.697625	1.590532	0.006848	0.779168	1.378608	0.078566	0.932371	1.447014	0.080347	0.868846	1.055829	0.046597	0.884702	1.203671	0.124628	0.777937	0.848049	-0.112597	NaN	NaN	NaN	0.962071	1.466798	-0.220511	0.949914	1.061106	-0.271199	0.965029	1.229455	-0.319366	0.810420	0.826598	-0.251956	1.088253	0.509811	0.219446	0.988064	0.052095	0.226171	1.021695	0.043497	0.327344	1.165848	0.097292	0.271164	1.062604	0.530900	-0.310913	0.980945	0.036667	-0.289813	0.979148	0.038245	-0.407207	1.120968	0.118042	-0.380157	0.229684	0.264263	-0.842868	0.152096	0.301822	-0.875593	0.182058	0.299293	-0.918000	0.613932	0.579100	-0.371116	0.670176	0.631909	-0.348415	0.682284	0.639606	-0.291382
164	0.452777778	1.083885	1.002159	0.100825	1.126306	1.021436	-0.239050	1.228684	1.059590	0.033003	1.258442	1.059788	-0.133532	0.923093	1.494357	-0.079173	1.040899	1.363799	0.032108	1.072433	1.375454	-0.149612	0.657913	1.657584	-0.101869	0.582019	1.522032	-0.109748	0.697593	1.590360	0.006760	0.778335	1.377837	0.077687	0.931552	1.446300	0.080636	0.867639	1.055176	0.044901	0.883292	1.202631	0.123573	0.777124	0.848389	-0.115904	NaN	NaN	NaN	0.962693	1.467418	-0.219981	0.951029	1.062009	-0.272653	0.966128	1.230585	-0.319908	0.810756	0.827633	-0.255304	1.088005	0.509775	0.219311	0.988058	0.052089	0.226143	1.021704	0.043515	0.327342	1.165823	0.097307	0.271161	1.062966	0.530981	-0.311100	0.980904	0.036676	-0.289841	0.979174	0.038238	-0.407225	1.121031	0.118036	-0.380168	0.234527	0.271239	-0.855745	0.157366	0.309278	-0.889193	0.187801	0.307050	-0.931192	0.614885	0.581743	-0.378065	0.671065	0.634162	-0.354421	0.682764	0.641259	-0.297344
165	0.455555556	1.083625	1.002102	0.100443	1.126737	1.021477	-0.239213	1.228510	1.059553	0.033043	1.258671	1.059761	-0.133437	0.923010	1.494302	-0.078746	1.040343	1.363320	0.032500	1.072692	1.375694	-0.149053	0.657889	1.657449	-0.101930	0.582018	1.521912	-0.109927	0.697566	1.590175	0.006682	0.777562	1.377098	0.076869	0.930778	1.445577	0.080874	0.866378	1.054440	0.042993	0.881934	1.201600	0.122512	0.776287	0.848791	-0.119352	NaN	NaN	NaN	0.963304	1.468022	-0.219449	0.951942	1.062895	-0.274041	0.967193	1.231621	-0.320466	0.811149	0.828627	-0.258640	1.087715	0.509733	0.219175	0.988078	0.052119	0.226148	1.021684	0.043515	0.327324	1.165795	0.097295	0.271172	1.063409	0.531119	-0.311241	0.980974	0.036772	-0.289841	0.979177	0.038232	-0.407242	1.121092	0.118012	-0.380195	0.239506	0.278449	-0.868672	0.162570	0.316737	-0.902429	0.193775	0.315009	-0.944631	0.615750	0.584492	-0.384933	0.671992	0.636544	-0.360372	0.683202	0.643224	-0.303244
166	0.458333333	1.083308	1.001986	0.100051	1.127154	1.021538	-0.239401	1.228333	1.059525	0.033093	1.258868	1.059721	-0.133339	0.922932	1.494238	-0.078326	1.039721	1.362845	0.032911	1.072924	1.375924	-0.148493	0.657862	1.657329	-0.101994	0.581984	1.521812	-0.110083	0.697503	1.590007	0.006597	0.776864	1.376318	0.076034	0.929901	1.444841	0.081180	0.865161	1.053668	0.041155	0.880539	1.200580	0.121477	0.775667	0.849066	-0.122958	NaN	NaN	NaN	0.963913	1.468609	-0.218892	0.953195	1.063951	-0.275530	0.968444	1.232796	-0.321166	0.811667	0.829697	-0.261988	1.087443	0.509700	0.219023	0.988081	0.052112	0.226140	1.021696	0.043526	0.327328	1.165759	0.097305	0.271174	1.063734	0.531244	-0.311451	0.980959	0.036774	-0.289865	0.979158	0.038205	-0.407255	1.121133	0.118016	-0.380232	0.244452	0.285672	-0.881594	0.168357	0.324783	-0.915917	0.199574	0.322914	-0.957507	0.616765	0.587253	-0.391852	0.673040	0.638913	-0.366419	0.683298	0.645191	-0.308970
167	0.461111111	1.082947	1.001859	0.099714	1.127669	1.021616	-0.239646	1.228135	1.059483	0.033138	1.259049	1.059683	-0.133231	0.922819	1.494149	-0.077917	1.039090	1.362325	0.033319	1.073185	1.376141	-0.147837	0.657858	1.657199	-0.102062	0.581946	1.521695	-0.110238	0.697424	1.589829	0.006507	0.776004	1.375571	0.075112	0.929016	1.444115	0.081432	0.863854	1.053034	0.039218	0.879200	1.199526	0.120292	0.774999	0.849490	-0.126491	NaN	NaN	NaN	0.964538	1.469175	-0.218347	0.954045	1.064717	-0.276951	0.969743	1.234025	-0.321756	0.812190	0.830739	-0.265405	1.087172	0.509665	0.218884	0.988061	0.052087	0.226127	1.021676	0.043539	0.327311	1.165751	0.097331	0.271159	1.064007	0.531268	-0.311588	0.980966	0.036781	-0.289873	0.979156	0.038210	-0.407277	1.121183	0.117982	-0.380245	0.249700	0.293264	-0.894413	0.174264	0.332955	-0.929595	0.205643	0.331029	-0.970594	0.617954	0.590029	-0.398952	0.673984	0.641357	-0.372517	0.684071	0.647078	-0.315005
168	0.463888889	1.082606	1.001782	0.099394	1.128152	1.021663	-0.239829	1.227960	1.059451	0.033198	1.259287	1.059685	-0.133091	0.922740	1.494072	-0.077437	1.038493	1.361805	0.033738	1.073477	1.376387	-0.147205	0.657849	1.657076	-0.102114	0.581933	1.521569	-0.110396	0.697365	1.589656	0.006414	0.775203	1.374839	0.074242	0.928158	1.443342	0.081695	0.862659	1.052342	0.037309	0.877876	1.198462	0.119150	0.774304	0.849874	-0.130103	NaN	NaN	NaN	0.965157	1.469755	-0.217771	0.955266	1.065672	-0.278466	0.970804	1.235069	-0.322279	0.812683	0.831905	-0.268791	1.086908	0.509617	0.218749	0.988079	0.052114	0.226130	1.021665	0.043549	0.327316	1.165723	0.097324	0.271161	1.064324	0.531308	-0.311745	0.980952	0.036787	-0.289884	0.979127	0.038197	-0.407288	1.121246	0.117992	-0.380268	0.254992	0.301002	-0.907325	0.180137	0.341171	-0.943033	0.211939	0.339506	-0.983809	0.618983	0.592976	-0.405934	0.675014	0.643870	-0.378615	0.684263	0.649218	-0.320890
169	0.466666667	1.082234	1.001705	0.099073	1.128562	1.021698	-0.240011	1.227721	1.059400	0.033264	1.259514	1.059687	-0.132948	0.922668	1.493992	-0.076943	1.038009	1.361374	0.034123	1.073779	1.376622	-0.146570	0.657829	1.656956	-0.102167	0.581906	1.521442	-0.110574	0.697312	1.589478	0.006331	0.774424	1.374106	0.073368	0.927295	1.442587	0.081963	0.861288	1.051561	0.035326	0.876435	1.197464	0.118013	0.773667	0.850324	-0.133797	NaN	NaN	NaN	0.965844	1.470387	-0.217192	0.956198	1.066505	-0.279752	0.972161	1.236329	-0.322978	0.813120	0.833107	-0.272258	1.086663	0.509587	0.218617	0.988068	0.052118	0.226110	1.021669	0.043563	0.327312	1.165709	0.097348	0.271158	1.064585	0.531334	-0.311892	0.980939	0.036784	-0.289891	0.979153	0.038174	-0.407301	1.121295	0.117976	-0.380286	0.260388	0.308828	-0.920256	0.185826	0.349291	-0.956387	0.218274	0.347860	-0.996917	0.619951	0.596044	-0.412952	0.676042	0.646452	-0.384711	0.684871	0.651332	-0.326908
170	0.469444444	1.081866	1.001656	0.098774	1.129056	1.021789	-0.240198	1.227481	1.059338	0.033313	1.259755	1.059690	-0.132757	0.922677	1.493970	-0.076502	1.037419	1.360893	0.034555	1.074032	1.376838	-0.145939	0.657793	1.656819	-0.102230	0.581937	1.521298	-0.110759	0.697249	1.589279	0.006249	0.773557	1.373292	0.072418	0.926395	1.441818	0.082260	0.860114	1.050953	0.033360	0.875027	1.196413	0.116882	0.772881	0.850884	-0.137451	NaN	NaN	NaN	0.966490	1.470991	-0.216616	0.957675	1.067686	-0.281361	0.973469	1.237631	-0.323617	0.813623	0.834290	-0.275763	1.086418	0.509557	0.218493	0.988080	0.052094	0.226109	1.021665	0.043561	0.327301	1.165681	0.097376	0.271140	1.064877	0.531357	-0.312052	0.980933	0.036783	-0.289906	0.979121	0.038216	-0.407232	1.121367	0.117957	-0.380305	0.265966	0.316832	-0.933066	0.192057	0.357877	-0.969777	0.224934	0.356757	-1.010021	0.621103	0.599066	-0.420041	0.677108	0.649085	-0.390844	0.685386	0.653559	-0.332963
171	0.472222222	1.081510	1.001555	0.098482	1.129512	1.021843	-0.240370	1.227253	1.059274	0.033379	1.259991	1.059706	-0.132581	0.922650	1.493895	-0.076051	1.036819	1.360427	0.035030	1.074255	1.377035	-0.145320	0.657774	1.656704	-0.102278	0.581962	1.521132	-0.110964	0.697216	1.589084	0.006157	0.772779	1.372573	0.071485	0.925557	1.441058	0.082482	0.858842	1.050350	0.031293	0.873673	1.195427	0.115677	0.772150	0.851503	-0.141102	NaN	NaN	NaN	0.967098	1.471570	-0.216029	0.958535	1.068413	-0.282695	0.974546	1.238692	-0.324166	0.814094	0.835537	-0.279281	1.086158	0.509543	0.218367	0.988088	0.052104	0.226076	1.021670	0.043574	0.327310	1.165662	0.097373	0.271139	1.065162	0.531385	-0.312223	0.980913	0.036788	-0.289936	0.979044	0.038113	-0.407238	1.121418	0.117932	-0.380334	0.271719	0.324945	-0.946049	0.198411	0.366642	-0.983145	0.231491	0.365526	-1.023070	0.622343	0.602279	-0.427165	0.678282	0.651767	-0.397086	0.685828	0.655864	-0.338990
172	0.475000000	1.081118	1.001455	0.098173	1.129999	1.021908	-0.240537	1.227035	1.059259	0.033432	1.260204	1.059710	-0.132405	0.922608	1.493800	-0.075606	1.036276	1.359981	0.035463	1.074603	1.377291	-0.144599	0.657763	1.656583	-0.102346	0.581975	1.520996	-0.111154	0.697143	1.588891	0.006069	0.772053	1.371822	0.070508	0.924623	1.440284	0.082725	0.857548	1.049622	0.029274	0.872275	1.194376	0.114489	0.771489	0.852013	-0.144897	NaN	NaN	NaN	0.967769	1.472176	-0.215433	0.959835	1.069403	-0.284333	0.975939	1.240001	-0.324760	0.814635	0.836724	-0.282788	1.085893	0.509526	0.218240	0.988081	0.052093	0.226088	1.021665	0.043577	0.327295	1.165628	0.097365	0.271125	1.065449	0.531382	-0.312365	0.980923	0.036779	-0.289949	0.979160	0.038118	-0.407341	1.121480	0.117902	-0.380340	0.277495	0.333317	-0.958914	0.204731	0.375473	-0.996490	0.238254	0.374570	-1.036091	0.623852	0.605402	-0.434445	0.679491	0.654561	-0.403247	0.686670	0.658055	-0.345236
173	0.477777778	1.080727	1.001348	0.097811	1.130478	1.021952	-0.240688	1.226800	1.059198	0.033515	1.260409	1.059716	-0.132260	0.922524	1.493716	-0.075118	1.035725	1.359519	0.035944	1.074842	1.377506	-0.143870	0.657743	1.656453	-0.102416	0.582017	1.520860	-0.111332	0.697109	1.588696	0.005990	0.771280	1.371053	0.069538	0.923708	1.439536	0.082996	0.856160	1.048985	0.027244	0.870873	1.193363	0.113246	0.770834	0.852591	-0.148740	NaN	NaN	NaN	0.968472	1.472785	-0.214848	0.960797	1.070313	-0.285682	0.977248	1.241222	-0.325347	0.815171	0.838044	-0.286340	1.085608	0.509490	0.218103	0.988092	0.052089	0.226082	1.021659	0.043575	0.327280	1.165639	0.097411	0.271133	1.065750	0.531398	-0.312532	0.980930	0.036790	-0.289966	0.979163	0.038100	-0.407352	1.121548	0.117895	-0.380365	0.283605	0.341884	-0.971813	0.211367	0.384550	-1.009825	0.245279	0.383888	-1.048983	0.625271	0.608746	-0.441663	0.680700	0.657402	-0.409507	0.687064	0.660518	-0.351295
174	0.480555556	1.080330	1.001234	0.097480	1.130938	1.021981	-0.240836	1.226566	1.059147	0.033572	1.260617	1.059729	-0.132094	0.922341	1.493590	-0.074630	1.035047	1.358994	0.036426	1.075023	1.377680	-0.143234	0.657719	1.656331	-0.102484	0.582035	1.520735	-0.111503	0.697052	1.588497	0.005889	0.771797	1.369754	0.068324	0.922807	1.438740	0.083240	0.854878	1.048358	0.025068	0.869433	1.192353	0.111942	0.770162	0.853166	-0.152543	NaN	NaN	NaN	0.969133	1.473366	-0.214214	0.962228	1.071463	-0.287331	0.978427	1.242391	-0.325899	0.815671	0.839367	-0.289900	1.085317	0.509463	0.217965	0.988093	0.052086	0.226066	1.021664	0.043582	0.327265	1.165614	0.097417	0.271128	1.066066	0.531429	-0.312705	0.980915	0.036758	-0.289992	0.979169	0.038081	-0.407390	1.121606	0.117869	-0.380384	0.289571	0.350536	-0.984607	0.217780	0.393821	-1.023060	0.252326	0.393312	-1.061848	0.626812	0.612104	-0.448893	0.681966	0.660359	-0.415753	0.687851	0.663023	-0.357498
175	0.483333333	1.079977	1.001141	0.097150	1.131397	1.022026	-0.240962	1.226336	1.059100	0.033639	1.260828	1.059729	-0.131950	0.922215	1.493480	-0.074157	1.034474	1.358512	0.036878	1.075345	1.377938	-0.142496	0.657697	1.656198	-0.102557	0.582046	1.520612	-0.111703	0.697011	1.588300	0.005791	0.770979	1.369036	0.067277	0.921903	1.437981	0.083478	0.853518	1.047716	0.022980	0.868114	1.191392	0.110753	0.769476	0.853785	-0.156400	NaN	NaN	NaN	0.970059	1.473781	-0.213510	0.963250	1.072295	-0.288786	0.979849	1.243719	-0.326480	0.816277	0.840749	-0.293465	1.084995	0.509439	0.217826	0.988091	0.052080	0.226035	1.021651	0.043577	0.327246	1.165587	0.097438	0.271092	1.066420	0.531487	-0.312888	0.980923	0.036789	-0.290010	0.979185	0.038069	-0.407408	1.121680	0.117850	-0.380436	0.295841	0.359426	-0.997332	0.224483	0.403157	-1.036150	0.259548	0.402932	-1.074714	0.628326	0.615524	-0.456094	0.683343	0.663331	-0.422036	0.688407	0.665624	-0.363651
176	0.486111111	1.079563	1.001065	0.096822	1.131977	1.022134	-0.241207	1.226115	1.059044	0.033716	1.261020	1.059706	-0.131806	0.922094	1.493381	-0.073725	1.033900	1.358070	0.037280	1.075674	1.378176	-0.141771	0.657686	1.656085	-0.102638	0.582100	1.520470	-0.111882	0.696977	1.588107	0.005698	0.770231	1.368233	0.066315	0.920935	1.437204	0.083708	0.852213	1.047066	0.020782	0.866657	1.190398	0.109383	0.768766	0.854404	-0.160289	NaN	NaN	NaN	0.970649	1.474320	-0.212859	0.964508	1.073265	-0.290338	0.981236	1.244996	-0.327078	0.816848	0.842171	-0.297126	1.084694	0.509429	0.217689	0.988108	0.052098	0.226022	1.021671	0.043613	0.327243	1.165575	0.097459	0.271090	1.066796	0.531512	-0.313099	0.980923	0.036794	-0.290029	0.979186	0.038047	-0.407417	1.121718	0.117822	-0.380462	0.302390	0.368528	-1.010191	0.231496	0.412635	-1.049314	0.266842	0.412768	-1.087487	0.629801	0.619064	-0.463308	0.684741	0.666406	-0.428379	0.689492	0.667960	-0.370003
177	0.488888889	1.079158	1.000988	0.096518	1.132555	1.022225	-0.241420	1.225883	1.059003	0.033778	1.261215	1.059674	-0.131659	0.921959	1.493266	-0.073263	1.033237	1.357596	0.037721	1.075894	1.378338	-0.141096	0.657689	1.655971	-0.102714	0.582086	1.520364	-0.112084	0.696919	1.587922	0.005609	0.769482	1.367401	0.065332	0.920008	1.436404	0.083926	0.850907	1.046481	0.018580	0.865243	1.189348	0.108043	0.767984	0.855125	-0.164234	NaN	NaN	NaN	0.971330	1.474921	-0.212139	0.965730	1.074225	-0.291767	0.982452	1.246233	-0.327453	0.817375	0.843553	-0.300783	1.084357	0.509392	0.217542	0.988110	0.052096	0.226011	1.021671	0.043605	0.327220	1.165565	0.097490	0.271053	1.067428	0.531758	-0.313457	0.980915	0.036815	-0.290059	0.979181	0.038032	-0.407432	1.122078	0.118057	-0.380602	0.308950	0.377815	-1.022873	0.238798	0.422654	-1.062403	0.274311	0.422808	-1.100169	0.631377	0.622689	-0.470591	0.686153	0.669554	-0.434716	0.690149	0.670731	-0.376188
178	0.491666667	1.078753	1.000904	0.096213	1.133012	1.022288	-0.241594	1.225663	1.058957	0.033843	1.261404	1.059658	-0.131525	0.921864	1.493172	-0.072754	1.032540	1.357059	0.038192	1.076101	1.378533	-0.140345	0.657661	1.655859	-0.102785	0.582117	1.520244	-0.112289	0.696895	1.587737	0.005519	0.768610	1.366760	0.064294	0.919045	1.435602	0.084141	0.849460	1.045899	0.016330	0.863817	1.188396	0.106728	0.767427	0.855841	-0.168178	NaN	NaN	NaN	0.972005	1.475475	-0.211478	0.967048	1.075369	-0.293361	0.983837	1.247533	-0.328041	0.818000	0.845009	-0.304464	1.084073	0.509357	0.217394	0.988105	0.052066	0.225976	1.021672	0.043611	0.327216	1.165560	0.097498	0.271047	1.067520	0.531511	-0.313395	0.980918	0.036809	-0.290094	0.979190	0.038005	-0.407456	1.121818	0.117859	-0.380378	0.315563	0.387194	-1.035507	0.245794	0.432400	-1.075361	0.282001	0.432974	-1.112805	0.632957	0.626405	-0.477824	0.687631	0.672767	-0.441029	0.691099	0.673424	-0.382527
179	0.494444444	1.078329	1.000783	0.095861	1.133467	1.022308	-0.241744	1.225419	1.058886	0.033916	1.261639	1.059673	-0.131360	0.921786	1.493076	-0.072264	1.031980	1.356581	0.038586	1.076403	1.378736	-0.139604	0.657654	1.655747	-0.102863	0.582132	1.520109	-0.112490	0.696845	1.587566	0.005416	0.767835	1.366041	0.063248	0.918060	1.434812	0.084317	0.848191	1.045316	0.014030	0.862363	1.187401	0.105346	0.766658	0.856592	-0.172158	NaN	NaN	NaN	0.972662	1.476045	-0.210753	0.968182	1.076258	-0.294836	0.985267	1.248814	-0.328602	0.818657	0.846459	-0.308133	1.083760	0.509321	0.217247	0.988119	0.052074	0.225966	1.021666	0.043609	0.327190	1.165524	0.097513	0.271032	1.067880	0.531532	-0.313535	0.980907	0.036808	-0.290106	0.979195	0.037989	-0.407489	1.121920	0.117754	-0.380547	0.322389	0.396852	-1.048090	0.253398	0.442770	-1.088279	0.289651	0.443302	-1.125322	0.634717	0.630251	-0.485175	0.689158	0.676047	-0.447371	0.691988	0.676220	-0.388824
180	0.497222222	1.077920	1.000649	0.095504	1.133873	1.022304	-0.241865	1.225203	1.058837	0.033964	1.261852	1.059690	-0.131176	0.921729	1.492963	-0.071803	1.031314	1.356060	0.039060	1.076738	1.378943	-0.138853	0.657640	1.655622	-0.102912	0.582170	1.519987	-0.112700	0.696808	1.587376	0.005307	0.767128	1.365182	0.062241	0.917191	1.434002	0.084505	0.846812	1.044811	0.011759	0.860890	1.186444	0.103907	0.766018	0.857403	-0.176204	NaN	NaN	NaN	0.973296	1.476562	-0.209999	0.969401	1.077234	-0.296360	0.986705	1.250195	-0.328644	0.819417	0.848099	-0.311837	1.083466	0.509283	0.217094	0.988129	0.052099	0.225962	1.021658	0.043626	0.327182	1.165528	0.097553	0.271012	1.068225	0.531567	-0.313701	0.980890	0.036835	-0.290140	0.979188	0.037965	-0.407491	1.121996	0.117733	-0.380574	0.329443	0.406627	-1.060702	0.260917	0.453110	-1.101076	0.297602	0.453861	-1.137785	0.636503	0.634156	-0.492466	0.690729	0.679439	-0.453710	0.692808	0.679120	-0.395049
181	0.500000000	1.077553	1.000519	0.095195	1.134303	1.022318	-0.242007	1.224994	1.058786	0.034036	1.262073	1.059702	-0.130982	0.921656	1.492844	-0.071313	1.030605	1.355516	0.039572	1.076929	1.379113	-0.138104	0.657627	1.655515	-0.102975	0.582108	1.519888	-0.112918	0.696769	1.587191	0.005221	0.766360	1.364462	0.061089	0.916197	1.433149	0.084733	0.845280	1.044224	0.009387	0.859448	1.185460	0.102552	0.765476	0.858217	-0.180325	NaN	NaN	NaN	0.973809	1.477161	-0.209241	0.970690	1.078398	-0.297865	0.988088	1.251439	-0.329114	0.819983	0.849604	-0.315520	1.083152	0.509239	0.216934	0.988138	0.052080	0.225928	1.021677	0.043641	0.327183	1.165513	0.097574	0.271003	1.068551	0.531604	-0.313855	0.980907	0.036834	-0.290175	0.979204	0.037958	-0.407525	1.122056	0.117704	-0.380612	0.336521	0.416567	-1.073193	0.268586	0.463504	-1.113893	0.305745	0.464733	-1.150170	0.638376	0.638085	-0.499789	0.692336	0.682896	-0.460101	0.694159	0.681860	-0.401563
182	0.502777778	1.077156	1.000405	0.094885	1.134743	1.022364	-0.242143	1.224745	1.058723	0.034146	1.262294	1.059714	-0.130786	0.921512	1.492725	-0.070829	1.029977	1.355032	0.040010	1.077109	1.379234	-0.137366	0.657628	1.655403	-0.103033	0.582132	1.519780	-0.113125	0.696740	1.587000	0.005131	0.765639	1.363728	0.060009	0.915211	1.432319	0.084932	0.843872	1.043637	0.007023	0.858009	1.184467	0.101023	0.764832	0.859065	-0.184387	NaN	NaN	NaN	0.974505	1.477684	-0.208460	0.972054	1.079479	-0.299351	0.989645	1.252888	-0.329563	0.820731	0.851241	-0.319257	1.082823	0.509195	0.216762	0.988144	0.052098	0.225926	1.021673	0.043645	0.327146	1.165480	0.097573	0.270999	1.068509	0.531194	-0.314007	0.980903	0.036842	-0.290202	0.979211	0.037922	-0.407522	1.122138	0.117684	-0.380641	0.343752	0.426667	-1.085515	0.276294	0.474141	-1.126597	0.313964	0.475597	-1.162439	0.640411	0.642129	-0.507134	0.694034	0.686427	-0.466534	0.695003	0.684974	-0.407853
183	0.505555556	1.076790	1.000323	0.094533	1.135132	1.022425	-0.242284	1.224495	1.058667	0.034226	1.262484	1.059705	-0.130594	0.921287	1.492593	-0.070309	1.029374	1.354544	0.040457	1.077384	1.379449	-0.136501	0.657613	1.655288	-0.103097	0.582119	1.519655	-0.113314	0.696709	1.586816	0.005060	0.764816	1.362983	0.058983	0.914260	1.431460	0.085107	0.842464	1.043180	0.004710	0.856472	1.183483	0.099568	0.764142	0.859898	-0.188483	NaN	NaN	NaN	0.975189	1.478235	-0.207688	0.973369	1.080495	-0.300905	0.991020	1.254189	-0.329955	0.821417	0.852926	-0.323019	1.082479	0.509134	0.216600	0.988137	0.052099	0.225905	1.021671	0.043642	0.327153	1.165481	0.097603	0.271002	1.068866	0.531251	-0.314195	0.980912	0.036846	-0.290221	0.979223	0.037912	-0.407554	1.122227	0.117682	-0.380691	0.351136	0.436950	-1.097776	0.284240	0.484998	-1.139209	0.322319	0.486638	-1.174641	0.642416	0.646304	-0.514497	0.695795	0.690011	-0.472846	0.696136	0.688042	-0.414247
184	0.508333333	1.076359	1.000243	0.094213	1.135587	1.022473	-0.242442	1.224205	1.058575	0.034347	1.262676	1.059668	-0.130379	0.921142	1.492455	-0.069809	1.028686	1.353980	0.040909	1.077592	1.379636	-0.135739	0.657608	1.655174	-0.103154	0.582127	1.519551	-0.113505	0.696675	1.586620	0.004976	0.764003	1.362265	0.057876	0.913246	1.430623	0.085273	0.841068	1.042633	0.002209	0.854975	1.182484	0.097999	0.763377	0.860896	-0.192620	NaN	NaN	NaN	0.975848	1.478770	-0.206898	0.974692	1.081609	-0.302320	0.992360	1.255504	-0.330339	0.822062	0.854568	-0.326715	1.082135	0.509093	0.216456	0.988143	0.052088	0.225886	1.021665	0.043669	0.327143	1.165442	0.097610	0.270983	1.069311	0.531442	-0.314227	0.980892	0.036854	-0.290239	0.979234	0.037886	-0.407569	1.122310	0.117659	-0.380713	0.358620	0.447477	-1.110005	0.292298	0.496018	-1.151732	0.330693	0.497861	-1.186682	0.644393	0.650541	-0.521770	0.697515	0.693680	-0.479250	0.697251	0.691252	-0.420789
185	0.511111111	1.075904	1.000100	0.093846	1.136086	1.022482	-0.242586	1.223935	1.058490	0.034436	1.262874	1.059680	-0.130185	0.921006	1.492294	-0.069324	1.027971	1.353380	0.041349	1.077757	1.379769	-0.135008	0.657583	1.655066	-0.103210	0.582154	1.519436	-0.113688	0.696605	1.586424	0.004893	0.763221	1.361525	0.056748	0.912231	1.429760	0.085484	0.839607	1.042087	-0.000332	0.853502	1.181503	0.096484	0.762715	0.861861	-0.196806	NaN	NaN	NaN	0.976484	1.479308	-0.206116	0.975286	1.082303	-0.303248	0.994003	1.256993	-0.330831	0.822822	0.856316	-0.330466	1.081757	0.509034	0.216308	0.988140	0.052065	0.225871	1.021666	0.043671	0.327144	1.165439	0.097648	0.270989	1.069857	0.531724	-0.314417	0.980898	0.036877	-0.290248	0.979225	0.037865	-0.407580	1.122379	0.117641	-0.380743	0.366285	0.458084	-1.122133	0.300585	0.507404	-1.163939	0.339359	0.509179	-1.198581	0.646552	0.654943	-0.529209	0.699278	0.697427	-0.485621	0.698291	0.694601	-0.427020
186	0.513888889	1.075463	0.999978	0.093478	1.136577	1.022552	-0.242698	1.223619	1.058398	0.034565	1.263023	1.059655	-0.130000	0.920909	1.492179	-0.068849	1.027283	1.352800	0.041809	1.078002	1.379986	-0.134125	0.657576	1.654951	-0.103273	0.582137	1.519339	-0.113859	0.696561	1.586221	0.004802	0.762463	1.360774	0.055693	0.911260	1.428876	0.085594	0.838162	1.041661	-0.002830	0.852004	1.180536	0.094940	0.762260	0.862800	-0.201036	NaN	NaN	NaN	0.977116	1.479891	-0.205318	0.976740	1.083454	-0.304755	0.995395	1.258276	-0.331128	0.823577	0.858088	-0.334246	1.081374	0.509022	0.216172	0.988141	0.052103	0.225850	1.021663	0.043701	0.327116	1.165403	0.097658	0.270979	1.070296	0.531839	-0.314615	0.980894	0.036863	-0.290273	0.979232	0.037838	-0.407609	1.122476	0.117634	-0.380769	0.374063	0.468889	-1.134159	0.309152	0.518720	-1.176386	0.348272	0.520942	-1.210433	0.648631	0.659400	-0.536495	0.701150	0.701357	-0.492038	0.699514	0.697854	-0.433483
187	0.516666667	1.074980	0.999823	0.093083	1.137167	1.022617	-0.242894	1.223322	1.058316	0.034662	1.263213	1.059644	-0.129818	0.920739	1.492050	-0.068336	1.026623	1.352245	0.042243	1.078199	1.380123	-0.133323	0.657566	1.654832	-0.103328	0.582154	1.519220	-0.114037	0.696482	1.586030	0.004709	0.761614	1.360011	0.054577	0.910242	1.428013	0.085752	0.836816	1.041290	-0.005360	0.850475	1.179560	0.093274	0.761776	0.863831	-0.205285	NaN	NaN	NaN	0.977780	1.480467	-0.204523	0.978119	1.084632	-0.306193	0.996933	1.259720	-0.331441	0.824278	0.859840	-0.338002	1.081008	0.508943	0.216024	0.988145	0.052095	0.225852	1.021651	0.043698	0.327125	1.165353	0.097660	0.270966	1.070658	0.531870	-0.314793	0.980891	0.036882	-0.290288	0.979259	0.037831	-0.407647	1.122567	0.117630	-0.380802	0.382035	0.479941	-1.146075	0.317508	0.530337	-1.188537	0.357216	0.532713	-1.222172	0.651028	0.663798	-0.543853	0.703112	0.705216	-0.498410	0.700928	0.701476	-0.440066
188	0.519444444	1.074563	0.999724	0.092744	1.137695	1.022641	-0.243026	1.223064	1.058248	0.034783	1.263340	1.059623	-0.129633	0.920650	1.491948	-0.067794	1.025944	1.351683	0.042730	1.078388	1.380256	-0.132535	0.657545	1.654727	-0.103385	0.582062	1.519132	-0.114205	0.696391	1.585822	0.004613	0.760864	1.359264	0.053359	0.909160	1.427107	0.085917	0.835293	1.040795	-0.007941	0.848886	1.178534	0.091710	0.761119	0.864820	-0.209595	NaN	NaN	NaN	0.978445	1.481043	-0.203669	0.979545	1.085789	-0.307690	0.998443	1.261123	-0.331847	0.825192	0.861784	-0.341810	1.080639	0.508902	0.215870	0.988165	0.052102	0.225842	1.021662	0.043715	0.327115	1.165316	0.097671	0.270958	1.071050	0.531903	-0.314958	0.980900	0.036893	-0.290325	0.979247	0.037794	-0.407660	1.122643	0.117622	-0.380833	0.390144	0.491133	-1.157894	0.326333	0.542144	-1.200577	0.366180	0.544615	-1.233747	0.653230	0.668498	-0.551149	0.704948	0.709261	-0.504770	0.702188	0.704625	-0.446280
189	0.522222222	1.074136	0.999633	0.092398	1.138247	1.022735	-0.243160	1.222770	1.058186	0.034856	1.263516	1.059601	-0.129420	0.920461	1.491759	-0.067243	1.025254	1.351116	0.043161	1.078605	1.380443	-0.131749	0.657523	1.654608	-0.103438	0.582031	1.519021	-0.114387	0.696307	1.585627	0.004520	0.760092	1.358589	0.052166	0.908181	1.426201	0.086020	0.833828	1.040316	-0.010594	0.847398	1.177587	0.090000	0.760442	0.866014	-0.213890	NaN	NaN	NaN	0.979040	1.481571	-0.202814	0.980915	1.086926	-0.309080	1.000127	1.262696	-0.332096	0.825990	0.863653	-0.345669	1.080247	0.508835	0.215729	0.988159	0.052096	0.225846	1.021660	0.043741	0.327097	1.165287	0.097685	0.270962	1.071135	0.531665	-0.315011	0.980888	0.036927	-0.290332	0.979261	0.037799	-0.407687	1.122765	0.117643	-0.380871	0.398418	0.502529	-1.169590	0.335110	0.553963	-1.212473	0.375527	0.556883	-1.245216	0.655585	0.673217	-0.558404	0.706894	0.713381	-0.511074	0.703559	0.708374	-0.452801
190	0.525000000	1.073707	0.999524	0.092033	1.138669	1.022765	-0.243247	1.222482	1.058132	0.034921	1.263727	1.059618	-0.129188	0.920250	1.491591	-0.066746	1.024585	1.350551	0.043561	1.078825	1.380613	-0.130937	0.657519	1.654501	-0.103500	0.581967	1.518935	-0.114561	0.696216	1.585424	0.004438	0.759363	1.357873	0.050995	0.907151	1.425317	0.086141	0.832483	1.039988	-0.013230	0.845846	1.176588	0.088363	0.759921	0.867228	-0.218244	NaN	NaN	NaN	0.979629	1.482116	-0.201974	0.982385	1.088211	-0.310582	1.001456	1.263960	-0.332293	0.827129	0.865635	-0.349219	1.079848	0.508783	0.215575	0.988145	0.052093	0.225810	1.021639	0.043751	0.327092	1.165252	0.097719	0.270969	1.071617	0.531936	-0.315175	0.980894	0.036928	-0.290358	0.979270	0.037777	-0.407720	1.122842	0.117613	-0.380890	0.406743	0.514097	-1.181210	0.343987	0.566146	-1.224129	0.384777	0.569157	-1.256460	0.657910	0.677982	-0.565614	0.709001	0.717451	-0.517360	0.705097	0.711829	-0.459232
191	0.527777778	1.073266	0.999395	0.091660	1.138963	1.022775	-0.243189	1.222219	1.058085	0.034997	1.263939	1.059620	-0.128923	0.920009	1.491394	-0.066167	1.023765	1.349895	0.043985	1.079086	1.380809	-0.130047	0.657510	1.654373	-0.103540	0.581944	1.518861	-0.114757	0.696112	1.585215	0.004354	0.758450	1.357173	0.049739	0.906032	1.424404	0.086346	0.831106	1.039672	-0.015946	0.844271	1.175607	0.086568	0.759480	0.868345	-0.222568	NaN	NaN	NaN	0.980227	1.482669	-0.201111	0.983793	1.089378	-0.311991	1.003183	1.265529	-0.332590	0.828021	0.867609	-0.353070	1.079449	0.508710	0.215408	0.988147	0.052099	0.225797	1.021649	0.043786	0.327074	1.165231	0.097726	0.270955	1.071929	0.531940	-0.315322	0.980881	0.036945	-0.290386	0.979285	0.037756	-0.407743	1.122936	0.117617	-0.380923	0.415366	0.525992	-1.192524	0.353381	0.578562	-1.235866	0.394428	0.581777	-1.267597	0.660336	0.682891	-0.572793	0.711130	0.721761	-0.523775	0.706551	0.715435	-0.465682
192	0.530555556	1.072832	0.999283	0.091311	1.139313	1.022874	-0.243110	1.221885	1.058015	0.035081	1.264151	1.059596	-0.128672	0.919818	1.491228	-0.065634	1.022970	1.349251	0.044437	1.079212	1.380900	-0.129310	0.657498	1.654261	-0.103591	0.581920	1.518760	-0.114969	0.696047	1.585003	0.004279	0.757796	1.356407	0.048663	0.904990	1.423474	0.086409	0.829629	1.039247	-0.018745	0.842661	1.174645	0.084861	0.758919	0.869667	-0.226951	NaN	NaN	NaN	0.981339	1.483352	-0.199953	0.985139	1.090524	-0.313339	1.004803	1.266908	-0.332900	0.828792	0.869638	-0.356909	1.079001	0.508651	0.215232	0.988169	0.052096	0.225790	1.021642	0.043807	0.327052	1.165196	0.097761	0.270942	1.072268	0.531969	-0.315513	0.980893	0.036965	-0.290414	0.979287	0.037747	-0.407759	1.123027	0.117607	-0.380944	0.424054	0.537866	-1.203748	0.362615	0.591047	-1.247305	0.403999	0.594452	-1.278588	0.662892	0.687956	-0.580054	0.713210	0.726050	-0.530016	0.707837	0.719574	-0.472154
193	0.533333333	1.072346	0.999151	0.090896	1.140393	1.023114	-0.243794	1.221574	1.057968	0.035225	1.264314	1.059549	-0.128435	0.919670	1.491069	-0.065139	1.022329	1.348684	0.044796	1.079443	1.381075	-0.128398	0.657461	1.654137	-0.103656	0.581921	1.518664	-0.115175	0.695954	1.584770	0.004195	0.756874	1.355699	0.047412	0.903910	1.422591	0.086513	0.827855	1.038927	-0.021256	0.841159	1.173620	0.083067	0.758359	0.870995	-0.231366	NaN	NaN	NaN	0.981835	1.483866	-0.199132	0.986743	1.091886	-0.314869	1.006343	1.268409	-0.333001	0.829653	0.871695	-0.360780	1.078562	0.508617	0.215049	0.988161	0.052088	0.225769	1.021641	0.043814	0.327043	1.165167	0.097795	0.270936	1.072596	0.532005	-0.315678	0.980874	0.037001	-0.290447	0.979304	0.037710	-0.407785	1.123101	0.117613	-0.380970	0.432874	0.550011	-1.214993	0.372162	0.603853	-1.258704	0.413900	0.607370	-1.289427	0.665509	0.693045	-0.587309	0.715538	0.730400	-0.536397	0.709476	0.723092	-0.478408
194	0.536111111	1.071885	0.999035	0.090543	1.140900	1.023161	-0.243941	1.221260	1.057881	0.035335	1.264509	1.059517	-0.128196	0.919485	1.490898	-0.064686	1.021534	1.348097	0.045181	1.079604	1.381230	-0.127503	0.657456	1.654018	-0.103695	0.581948	1.518549	-0.115398	0.695866	1.584551	0.004104	0.755995	1.354993	0.046178	0.902763	1.421605	0.086630	0.826877	1.038578	-0.024214	0.839586	1.172722	0.081289	0.757845	0.872513	-0.235883	NaN	NaN	NaN	0.982342	1.484377	-0.198251	0.988066	1.093009	-0.316117	1.007788	1.269778	-0.333178	0.830603	0.873869	-0.364674	1.078133	0.508567	0.214872	0.988145	0.052103	0.225751	1.021646	0.043839	0.327037	1.165120	0.097829	0.270910	1.072949	0.532065	-0.315853	0.980875	0.036982	-0.290464	0.979320	0.037721	-0.407820	1.123222	0.117621	-0.380995	0.441866	0.562208	-1.226054	0.381739	0.616740	-1.269816	0.423891	0.620369	-1.300085	0.668203	0.698148	-0.594552	0.717735	0.734862	-0.542663	0.711263	0.727332	-0.485128
195	0.538888889	1.071408	0.998903	0.090184	1.141342	1.023163	-0.244057	1.220985	1.057826	0.035442	1.264672	1.059471	-0.127952	0.919140	1.490653	-0.064125	1.020638	1.347409	0.045688	1.079666	1.381326	-0.126637	0.657429	1.653884	-0.103737	0.581951	1.518454	-0.115621	0.695839	1.584337	0.004038	0.755229	1.354315	0.044926	0.901740	1.420701	0.086692	0.825236	1.038389	-0.026810	0.838024	1.171734	0.079452	0.757428	0.873825	-0.240366	NaN	NaN	NaN	0.982797	1.484846	-0.197396	0.989765	1.094429	-0.317642	1.009554	1.271357	-0.333397	0.831413	0.875968	-0.368531	1.077728	0.508517	0.214706	0.988156	0.052097	0.225731	1.021628	0.043847	0.327013	1.165084	0.097845	0.270889	1.073294	0.532117	-0.316044	0.980857	0.036992	-0.290487	0.979309	0.037692	-0.407831	1.123281	0.117603	-0.381015	0.450819	0.574404	-1.237027	0.391572	0.629762	-1.280839	0.434029	0.633532	-1.310530	0.670969	0.703403	-0.601678	0.720103	0.739452	-0.548956	0.712826	0.730942	-0.491325
196	0.541666667	1.070992	0.998810	0.089825	1.141791	1.023178	-0.244137	1.220644	1.057728	0.035548	1.264866	1.059442	-0.127715	0.918930	1.490459	-0.063558	1.019954	1.346813	0.046041	1.079819	1.381459	-0.125787	0.657433	1.653748	-0.103779	0.582006	1.518321	-0.115834	0.695776	1.584115	0.003953	0.754476	1.353642	0.043568	0.900642	1.419737	0.086774	0.823791	1.038169	-0.029562	0.836474	1.170802	0.077638	0.757171	0.875315	-0.244912	NaN	NaN	NaN	0.983363	1.485356	-0.196489	0.991165	1.095636	-0.318915	1.011193	1.272777	-0.333549	0.832496	0.878163	-0.372407	1.077306	0.508486	0.214537	0.988160	0.052101	0.225713	1.021632	0.043848	0.327000	1.165073	0.097884	0.270877	1.073773	0.532213	-0.316285	0.980887	0.037014	-0.290501	0.979310	0.037687	-0.407872	1.123375	0.117581	-0.381038	0.460105	0.587234	-1.247567	0.401523	0.643011	-1.291740	0.444417	0.646937	-1.320955	0.673654	0.708819	-0.608756	0.722362	0.743939	-0.555069	0.714319	0.735296	-0.497685
197	0.544444444	1.070508	0.998689	0.089474	1.142331	1.023250	-0.244268	1.220312	1.057626	0.035660	1.265032	1.059425	-0.127496	0.918693	1.490273	-0.063021	1.019167	1.346173	0.046465	1.080029	1.381602	-0.124852	0.657410	1.653624	-0.103814	0.582039	1.518212	-0.116029	0.695724	1.583905	0.003867	0.753734	1.352893	0.042327	0.899477	1.418790	0.086839	0.822339	1.037894	-0.032345	0.834877	1.169895	0.075729	0.756805	0.876761	-0.249492	NaN	NaN	NaN	0.983925	1.485864	-0.195569	0.996547	1.099439	-0.322238	1.012657	1.274233	-0.333558	0.833425	0.880404	-0.376265	1.076889	0.508410	0.214381	0.988167	0.052102	0.225699	1.021630	0.043855	0.326991	1.165056	0.097943	0.270860	1.074241	0.532349	-0.316481	0.980886	0.037007	-0.290536	0.979313	0.037642	-0.407885	1.123462	0.117561	-0.381071	0.469390	0.599682	-1.258288	0.411726	0.656454	-1.302422	0.454884	0.660418	-1.331091	0.676292	0.714338	-0.615786	0.724719	0.748699	-0.561273	0.716313	0.739134	-0.504103
198	0.547222222	1.070020	0.998555	0.089079	1.142853	1.023333	-0.244365	1.219964	1.057526	0.035771	1.265222	1.059423	-0.127246	0.918477	1.490105	-0.062513	1.018259	1.345510	0.046952	1.080151	1.381705	-0.123950	0.657407	1.653504	-0.103859	0.582048	1.518068	-0.116244	0.695656	1.583675	0.003781	0.752927	1.352230	0.041041	0.898388	1.417923	0.086896	0.820919	1.037621	-0.035114	0.833361	1.168998	0.073859	0.756463	0.878251	-0.254153	NaN	NaN	NaN	0.984536	1.486394	-0.194575	0.997186	1.100161	-0.323084	1.014234	1.275649	-0.333674	0.834395	0.882605	-0.380180	1.076488	0.508362	0.214207	0.988136	0.052084	0.225673	1.021641	0.043875	0.326962	1.165015	0.097973	0.270841	1.074659	0.532529	-0.316609	0.980880	0.037041	-0.290543	0.979340	0.037644	-0.407907	1.123530	0.117533	-0.381085	0.478954	0.612609	-1.268803	0.421979	0.670104	-1.313007	0.465614	0.674111	-1.341115	0.679214	0.719948	-0.622854	0.727159	0.753454	-0.567433	0.717815	0.743732	-0.510462
199	0.550000000	1.069518	0.998370	0.088667	1.143505	1.023478	-0.244504	1.219591	1.057439	0.035859	1.265442	1.059415	-0.126944	0.918282	1.489917	-0.061984	1.017502	1.344930	0.047296	1.080314	1.381838	-0.123148	0.657393	1.653364	-0.103896	0.581128	1.518265	-0.116663	0.695589	1.583429	0.003688	0.752050	1.351536	0.039703	0.897112	1.416958	0.086932	0.819733	1.037404	-0.038084	0.831808	1.168095	0.071918	0.756191	0.879872	-0.258782	NaN	NaN	NaN	0.985081	1.486907	-0.193624	0.997925	1.100910	-0.323947	1.015916	1.277124	-0.333739	0.835354	0.884980	-0.384090	1.076059	0.508331	0.214048	0.988168	0.052099	0.225647	1.021637	0.043906	0.326954	1.164984	0.098011	0.270823	1.075059	0.532432	-0.316816	0.980881	0.037050	-0.290578	0.979335	0.037634	-0.407936	1.123630	0.117531	-0.381103	0.488607	0.625642	-1.278982	0.432467	0.683783	-1.323213	0.476211	0.687910	-1.350794	0.682148	0.725652	-0.629952	0.729636	0.758358	-0.573618	0.719727	0.748216	-0.517113
200	0.552777778	1.069003	0.998229	0.088291	1.144073	1.023517	-0.244582	1.219212	1.057343	0.035979	1.265655	1.059415	-0.126653	0.918087	1.489756	-0.061473	1.016641	1.344240	0.047701	1.080469	1.381959	-0.122182	0.657402	1.653236	-0.103926	0.581132	1.518144	-0.116852	0.695519	1.583188	0.003599	0.751103	1.350882	0.038379	0.895940	1.416030	0.086943	0.818488	1.037316	-0.041379	0.830213	1.167210	0.069985	0.755822	0.881600	-0.263349	NaN	NaN	NaN	0.985618	1.487391	-0.192658	0.998695	1.101691	-0.324862	1.017549	1.278601	-0.333849	0.836379	0.887307	-0.387969	1.075602	0.508285	0.213900	0.988156	0.052100	0.225636	1.021646	0.043909	0.326942	1.164959	0.098023	0.270795	1.075460	0.532483	-0.316996	0.980868	0.037055	-0.290585	0.979340	0.037610	-0.407946	1.123687	0.117479	-0.381132	0.498354	0.638897	-1.289083	0.442961	0.697782	-1.333369	0.487067	0.701945	-1.360379	0.685185	0.731295	-0.636934	0.732206	0.763332	-0.579735	0.721297	0.752636	-0.523497
201	0.555555556	1.068531	0.998075	0.087946	1.145616	1.024036	-0.245518	1.218855	1.057269	0.036067	1.265830	1.059396	-0.126350	0.917826	1.489551	-0.060934	1.015689	1.343540	0.048166	1.080576	1.382022	-0.121259	0.657410	1.653105	-0.103962	0.581116	1.517996	-0.117051	0.695434	1.582943	0.003502	0.750398	1.350212	0.037063	0.894780	1.415063	0.086865	0.817127	1.037089	-0.044522	0.828659	1.166327	0.068006	0.755555	0.883374	-0.268000	NaN	NaN	NaN	0.986183	1.487879	-0.191693	1.000265	1.102800	-0.326218	1.019101	1.280016	-0.333731	0.837405	0.889800	-0.391882	1.075134	0.508222	0.213734	0.988158	0.052100	0.225622	1.021628	0.043929	0.326920	1.164919	0.098055	0.270778	1.075840	0.532529	-0.317157	0.980867	0.037034	-0.290603	0.979350	0.037583	-0.407979	1.123786	0.117470	-0.381145	0.508299	0.652240	-1.298944	0.453713	0.711947	-1.343239	0.498129	0.716014	-1.369718	0.688289	0.737131	-0.643868	0.734736	0.768325	-0.585832	0.723433	0.756949	-0.529530
202	0.558333333	1.068046	0.997916	0.087569	1.145103	1.023588	-0.244752	1.218496	1.057174	0.036195	1.265985	1.059379	-0.126093	0.917720	1.489426	-0.060086	1.014882	1.342931	0.048509	1.080658	1.382100	-0.120313	0.657381	1.652968	-0.103990	0.581116	1.517884	-0.117253	0.695359	1.582704	0.003409	0.749626	1.349530	0.035632	0.893584	1.414146	0.086940	0.815804	1.036948	-0.047568	0.827141	1.165480	0.066059	0.755323	0.885183	-0.272687	NaN	NaN	NaN	0.986822	1.488400	-0.190656	1.000520	1.103408	-0.326753	1.020659	1.281444	-0.333723	0.838409	0.892275	-0.395781	1.074640	0.508170	0.213569	0.988175	0.052096	0.225592	1.021636	0.043925	0.326907	1.164894	0.098093	0.270738	1.076233	0.532562	-0.317312	0.980869	0.037049	-0.290634	0.979337	0.037560	-0.407983	1.123868	0.117444	-0.381158	0.518323	0.665755	-1.308570	0.464394	0.726124	-1.352861	0.509341	0.730330	-1.378922	0.691324	0.743170	-0.650670	0.737415	0.773447	-0.591940	0.725055	0.762171	-0.536106
203	0.561111111	1.067531	0.997726	0.087174	1.145561	1.023604	-0.244826	1.218125	1.057086	0.036321	1.266136	1.059343	-0.125835	0.917382	1.489161	-0.059520	1.013967	1.342257	0.048870	1.080707	1.382141	-0.119423	0.657386	1.652812	-0.104020	0.581084	1.517781	-0.117440	0.695245	1.582456	0.003310	0.748849	1.348862	0.034232	0.892336	1.413153	0.086942	0.814630	1.036764	-0.050650	0.825639	1.164688	0.063984	0.754974	0.887178	-0.277365	NaN	NaN	NaN	0.987343	1.488879	-0.189670	1.001958	1.104632	-0.327881	1.023215	1.283202	-0.333869	0.839417	0.894845	-0.399724	1.074113	0.508075	0.213370	0.988156	0.052092	0.225574	1.021633	0.043939	0.326897	1.164844	0.098118	0.270719	1.076580	0.532565	-0.317432	0.980890	0.037074	-0.290658	0.979335	0.037540	-0.408001	1.123947	0.117417	-0.381184	0.528490	0.679509	-1.318127	0.475457	0.740539	-1.362385	0.520718	0.744783	-1.387837	0.694355	0.749260	-0.657545	0.740051	0.778657	-0.597923	0.727462	0.766202	-0.542145
204	0.563888889	1.066983	0.997523	0.086748	1.146083	1.023675	-0.244911	1.217757	1.057013	0.036433	1.266261	1.059324	-0.125554	0.917132	1.488923	-0.059044	1.013013	1.341584	0.049263	1.080885	1.382290	-0.118365	0.657362	1.652672	-0.104048	0.581055	1.517639	-0.117630	0.695170	1.582233	0.003205	0.748019	1.348260	0.032842	0.891235	1.412226	0.086882	0.813374	1.036618	-0.053852	0.824035	1.163857	0.061927	0.754712	0.889020	-0.282104	NaN	NaN	NaN	0.987879	1.489343	-0.188644	1.003512	1.105966	-0.329109	1.024812	1.284689	-0.333839	0.840488	0.897299	-0.403636	1.073651	0.508013	0.213225	0.988160	0.052066	0.225543	1.021639	0.043946	0.326878	1.164843	0.098148	0.270716	1.076924	0.532588	-0.317572	0.980861	0.037068	-0.290687	0.979346	0.037520	-0.408023	1.124046	0.117403	-0.381209	0.538744	0.693305	-1.327442	0.486625	0.755164	-1.371725	0.532122	0.759412	-1.396575	0.697679	0.755376	-0.664361	0.742767	0.784028	-0.603974	0.729279	0.771489	-0.548782
205	0.566666667	1.066446	0.997371	0.086373	1.146518	1.023682	-0.244999	1.217384	1.056944	0.036590	1.266383	1.059301	-0.125265	0.916870	1.488684	-0.058515	1.012175	1.340918	0.049629	1.080950	1.382390	-0.117488	0.657340	1.652521	-0.104091	0.581019	1.517556	-0.117831	0.695097	1.581987	0.003131	0.747065	1.347688	0.031426	0.889972	1.411275	0.086851	0.812037	1.036579	-0.057060	0.822497	1.163073	0.059849	0.754627	0.890939	-0.286869	NaN	NaN	NaN	0.988412	1.489803	-0.187594	1.005146	1.107287	-0.330280	1.026182	1.286003	-0.333670	0.841606	0.899983	-0.407542	1.073142	0.507930	0.213036	0.988193	0.052071	0.225525	1.021613	0.043949	0.326859	1.164787	0.098166	0.270687	1.077278	0.532604	-0.317694	0.980855	0.037070	-0.290707	0.979350	0.037509	-0.408047	1.124111	0.117368	-0.381221	0.549209	0.707303	-1.336612	0.497842	0.769888	-1.380797	0.543524	0.774090	-1.405077	0.700979	0.761712	-0.671175	0.745550	0.789378	-0.609930	0.731630	0.775986	-0.554806
206	0.569444444	1.065927	0.997231	0.085976	1.147042	1.023777	-0.245085	1.216971	1.056819	0.036735	1.266534	1.059261	-0.124913	0.916530	1.488427	-0.057958	1.011246	1.340234	0.050054	1.080998	1.382445	-0.116539	0.657326	1.652402	-0.104123	0.580945	1.517428	-0.118038	0.695023	1.581756	0.003032	0.746424	1.347009	0.030000	0.888653	1.410279	0.086824	0.810868	1.036573	-0.060253	0.820563	1.162224	0.057985	0.754530	0.892903	-0.291674	NaN	NaN	NaN	0.988931	1.490218	-0.186574	1.006890	1.108716	-0.331510	1.027650	1.287457	-0.333453	0.842833	0.902622	-0.411483	1.072685	0.507877	0.212853	0.988176	0.052083	0.225537	1.021617	0.043967	0.326851	1.164769	0.098207	0.270679	1.077654	0.532622	-0.317824	0.980866	0.037063	-0.290718	0.979354	0.037494	-0.408063	1.124199	0.117360	-0.381240	0.559753	0.721504	-1.345435	0.509180	0.784728	-1.389525	0.555259	0.788985	-1.413296	0.704498	0.767908	-0.677887	0.748342	0.794867	-0.615926	0.733856	0.780938	-0.561006
207	0.572222222	1.065413	0.997096	0.085595	1.146669	1.023204	-0.244262	1.216565	1.056707	0.036872	1.266738	1.059253	-0.124555	0.916145	1.488153	-0.057436	1.010293	1.339534	0.050454	1.081126	1.382525	-0.115540	0.657286	1.652264	-0.104176	0.580891	1.517314	-0.118223	0.694961	1.581520	0.002937	0.745572	1.346411	0.028531	0.887460	1.409369	0.086708	0.809666	1.036558	-0.063463	0.819067	1.161458	0.055876	0.754412	0.895059	-0.296458	NaN	NaN	NaN	0.989508	1.490698	-0.185523	1.008550	1.110095	-0.332640	1.028993	1.288805	-0.333282	0.844010	0.905487	-0.415375	1.072226	0.507831	0.212704	0.988182	0.052073	0.225510	1.021597	0.043964	0.326835	1.164711	0.098236	0.270653	1.078042	0.532646	-0.317954	0.980848	0.037060	-0.290758	0.979365	0.037463	-0.408079	1.124276	0.117346	-0.381258	0.570420	0.735758	-1.354128	0.520731	0.799701	-1.398120	0.567114	0.804048	-1.421364	0.707667	0.774653	-0.684567	0.751299	0.800437	-0.621759	0.735204	0.786693	-0.567527
208	0.575000000	1.064847	0.996906	0.085151	1.147576	1.023514	-0.244726	1.216206	1.056622	0.036975	1.266947	1.059263	-0.124203	0.915744	1.487911	-0.057191	1.009454	1.338923	0.050755	1.081170	1.382572	-0.114598	0.657255	1.652133	-0.104213	0.580828	1.517191	-0.118453	0.694901	1.581265	0.002841	0.744799	1.345813	0.027044	0.886146	1.408369	0.086669	0.808403	1.036493	-0.066784	0.817579	1.160735	0.053703	0.754180	0.897255	-0.301251	NaN	NaN	NaN	0.990010	1.491137	-0.184482	1.010275	1.111490	-0.333822	1.030618	1.290246	-0.333087	0.845226	0.908247	-0.419299	1.071729	0.507755	0.212558	0.988173	0.052060	0.225506	1.021580	0.043984	0.326808	1.164684	0.098262	0.270636	1.078461	0.532669	-0.318059	0.980841	0.037081	-0.290779	0.979372	0.037441	-0.408111	1.124372	0.117347	-0.381275	0.581202	0.750205	-1.362527	0.532311	0.814947	-1.406489	0.579028	0.819179	-1.429160	0.711257	0.781120	-0.691114	0.754235	0.806131	-0.627716	0.738060	0.791317	-0.573445
209	0.577777778	1.064243	0.996723	0.084718	1.148445	1.023820	-0.245170	1.215844	1.056530	0.037117	1.267109	1.059241	-0.123881	0.915479	1.487703	-0.056695	1.008459	1.338241	0.051171	1.081895	1.383180	-0.113341	0.657237	1.652009	-0.104256	0.580797	1.517069	-0.118675	0.694834	1.581016	0.002761	0.744022	1.345223	0.025597	0.884930	1.407445	0.086552	0.807121	1.036631	-0.070081	0.816072	1.159929	0.051452	0.754234	0.899376	-0.306111	NaN	NaN	NaN	0.990495	1.491561	-0.183389	1.011963	1.112902	-0.334891	1.031991	1.291488	-0.332799	0.846426	0.911084	-0.423226	1.071245	0.507691	0.212408	0.988186	0.052078	0.225488	1.021571	0.043994	0.326803	1.164643	0.098271	0.270626	1.078838	0.532648	-0.318168	0.980822	0.037094	-0.290813	0.979378	0.037423	-0.408116	1.124454	0.117325	-0.381281	0.592041	0.764800	-1.370757	0.544066	0.830244	-1.414639	0.590984	0.834523	-1.436725	0.714818	0.787799	-0.697731	0.757214	0.811874	-0.633507	0.740088	0.796438	-0.579618
210	0.580555556	1.063650	0.996534	0.084292	1.149197	1.024049	-0.245406	1.215398	1.056414	0.037267	1.267272	1.059238	-0.123600	0.915184	1.487435	-0.055996	1.007407	1.337488	0.051552	1.081779	1.383105	-0.112460	0.657177	1.651861	-0.104314	0.580722	1.516951	-0.118900	0.694771	1.580797	0.002662	0.743265	1.344632	0.024081	0.883593	1.406498	0.086433	0.805968	1.036648	-0.073409	0.814531	1.159225	0.049280	0.754248	0.901619	-0.310985	NaN	NaN	NaN	0.991016	1.491993	-0.182319	1.013602	1.114288	-0.336000	1.033756	1.293028	-0.332479	0.847623	0.914029	-0.427130	1.070719	0.507609	0.212257	0.988170	0.052098	0.225472	1.021574	0.044002	0.326780	1.164586	0.098279	0.270610	1.079206	0.532627	-0.318248	0.980812	0.037082	-0.290825	0.979402	0.037412	-0.408137	1.124539	0.117339	-0.381280	0.603017	0.779566	-1.378875	0.555923	0.845708	-1.422428	0.603069	0.849857	-1.443941	0.718432	0.794601	-0.704181	0.760227	0.817752	-0.639269	0.742616	0.801967	-0.585786
211	0.583333333	1.063132	0.996371	0.083944	1.149875	1.024212	-0.245519	1.214950	1.056271	0.037417	1.267410	1.059195	-0.123307	0.914816	1.487175	-0.055495	1.006526	1.336879	0.051796	1.081719	1.383072	-0.111543	0.657151	1.651743	-0.104362	0.580702	1.516832	-0.119109	0.694683	1.580563	0.002561	0.742385	1.344137	0.022574	0.882240	1.405494	0.086391	0.804821	1.036794	-0.076757	0.813031	1.158526	0.047011	0.754277	0.903956	-0.315829	NaN	NaN	NaN	0.991480	1.492413	-0.181238	1.015317	1.115755	-0.337062	1.035275	1.294404	-0.332176	0.848873	0.916976	-0.431051	1.070226	0.507549	0.212116	0.988170	0.052085	0.225460	1.021563	0.044009	0.326763	1.164545	0.098317	0.270610	1.079584	0.532641	-0.318336	0.980817	0.037084	-0.290841	0.979398	0.037389	-0.408155	1.124624	0.117312	-0.381290	0.614135	0.794451	-1.386624	0.567852	0.861377	-1.429999	0.615340	0.865547	-1.450988	0.722096	0.801596	-0.710667	0.763387	0.823681	-0.644976	0.745303	0.807314	-0.591850
212	0.586111111	1.062596	0.996154	0.083527	1.150376	1.024268	-0.245570	1.214546	1.056165	0.037577	1.267566	1.059166	-0.122956	0.914479	1.486914	-0.054991	1.005508	1.336192	0.052197	1.081581	1.382987	-0.110586	0.657111	1.651612	-0.104418	0.580641	1.516722	-0.119302	0.694636	1.580337	0.002468	0.741735	1.343543	0.021040	0.880987	1.404529	0.086252	0.803581	1.037027	-0.080154	0.811558	1.157801	0.044729	0.754409	0.906307	-0.320761	NaN	NaN	NaN	0.991926	1.492822	-0.180165	1.017107	1.117209	-0.338159	1.037026	1.295968	-0.331936	0.850166	0.920041	-0.434916	1.069682	0.507484	0.211956	0.988176	0.052064	0.225419	1.021541	0.044038	0.326753	1.164491	0.098355	0.270587	1.079963	0.532676	-0.318462	0.980806	0.037105	-0.290849	0.979409	0.037361	-0.408175	1.124713	0.117309	-0.381300	0.625412	0.809453	-1.394212	0.579961	0.877087	-1.437356	0.627719	0.881307	-1.457686	0.725714	0.808502	-0.716906	0.766489	0.829741	-0.650622	0.747396	0.813359	-0.598073
213	0.588888889	1.062014	0.995964	0.083094	1.150871	1.024329	-0.245615	1.214094	1.056019	0.037736	1.267704	1.059157	-0.122608	0.914100	1.486631	-0.054486	1.004486	1.335474	0.052512	1.081526	1.382960	-0.109643	0.657062	1.651487	-0.104467	0.580597	1.516612	-0.119512	0.694519	1.580106	0.002360	0.740893	1.343023	0.019492	0.879699	1.403497	0.086108	0.802421	1.037153	-0.083583	0.810003	1.157146	0.042468	0.754276	0.908789	-0.325517	NaN	NaN	NaN	0.992407	1.493229	-0.179047	1.018923	1.118665	-0.339287	1.038555	1.297396	-0.331639	0.851588	0.923118	-0.438754	1.069164	0.507390	0.211766	0.988151	0.052061	0.225413	1.021546	0.044055	0.326735	1.164447	0.098368	0.270581	1.080394	0.532733	-0.318582	0.980784	0.037128	-0.290874	0.979412	0.037348	-0.408186	1.124814	0.117315	-0.381305	0.636851	0.824584	-1.401408	0.592225	0.892921	-1.444327	0.640111	0.897096	-1.464107	0.729559	0.815739	-0.723210	0.769646	0.835821	-0.656231	0.750396	0.818397	-0.603892
214	0.591666667	1.061456	0.995739	0.082666	1.151304	1.024378	-0.245663	1.213642	1.055870	0.037905	1.267824	1.059121	-0.122251	0.913731	1.486351	-0.053986	1.003559	1.334787	0.052760	1.081450	1.382924	-0.108685	0.657029	1.651355	-0.104526	0.580553	1.516514	-0.119730	0.694434	1.579874	0.002252	0.740193	1.342516	0.018052	0.878416	1.402555	0.085956	0.801260	1.037436	-0.086945	0.808542	1.156444	0.040035	0.754164	0.911401	-0.330354	NaN	NaN	NaN	0.992953	1.493682	-0.177951	1.020625	1.120086	-0.340272	1.040294	1.298868	-0.331321	0.852927	0.926160	-0.442643	1.068574	0.507263	0.211595	0.988161	0.052052	0.225394	1.021533	0.044063	0.326720	1.164411	0.098387	0.270560	1.080781	0.532755	-0.318697	0.980788	0.037129	-0.290880	0.979404	0.037332	-0.408209	1.124907	0.117290	-0.381301	0.648315	0.839886	-1.408462	0.604471	0.908938	-1.451117	0.652616	0.913063	-1.470320	0.733465	0.822825	-0.729470	0.773023	0.842124	-0.661709	0.752885	0.824533	-0.610062
215	0.594444444	1.060868	0.995552	0.082258	1.151795	1.024409	-0.245717	1.213201	1.055768	0.038066	1.267975	1.059098	-0.121851	0.913425	1.486078	-0.053518	1.002439	1.334006	0.053162	1.081437	1.382929	-0.107634	0.656983	1.651227	-0.104577	0.580523	1.516403	-0.119938	0.694305	1.579619	0.002137	0.739349	1.342036	0.016455	0.877042	1.401516	0.085801	0.800115	1.037672	-0.090407	0.807024	1.155854	0.037747	0.754402	0.913898	-0.335249	NaN	NaN	NaN	0.993305	1.494058	-0.176824	1.022288	1.121421	-0.341379	1.041995	1.300276	-0.330948	0.854930	0.929299	-0.446664	1.067995	0.507166	0.211445	0.988145	0.052047	0.225372	1.021527	0.044074	0.326700	1.164357	0.098403	0.270556	1.081238	0.532837	-0.318856	0.980799	0.037139	-0.290888	0.979431	0.037330	-0.408221	1.125034	0.117272	-0.381307	0.659884	0.855294	-1.415249	0.616904	0.925141	-1.457615	0.665345	0.929164	-1.476295	0.737587	0.829989	-0.735580	0.776238	0.848270	-0.667204	0.755555	0.829987	-0.615699
216	0.597222222	1.060363	0.995382	0.081848	1.152341	1.024444	-0.245758	1.212776	1.055616	0.038217	1.268103	1.059075	-0.121491	0.913075	1.485802	-0.053048	1.001470	1.333308	0.053405	1.081383	1.382890	-0.106727	0.656953	1.651099	-0.104634	0.580506	1.516306	-0.120158	0.694187	1.579376	0.002022	0.738620	1.341536	0.014943	0.875837	1.400585	0.085599	0.798978	1.037996	-0.093896	0.805561	1.155240	0.035384	0.753471	0.917229	-0.340146	NaN	NaN	NaN	0.993904	1.494514	-0.175793	1.024001	1.122815	-0.342357	1.043665	1.301739	-0.330457	0.856325	0.932452	-0.450465	1.067444	0.507063	0.211303	0.988145	0.052053	0.225356	1.021527	0.044105	0.326704	1.164335	0.098428	0.270559	1.081685	0.532890	-0.318991	0.980814	0.037153	-0.290913	0.979440	0.037318	-0.408246	1.125136	0.117248	-0.381310	0.671485	0.870862	-1.421758	0.629465	0.941356	-1.463788	0.678149	0.945373	-1.481843	0.741386	0.837530	-0.741636	0.779621	0.854679	-0.672599	0.758290	0.835788	-0.621490
217	0.600000000	1.059791	0.995217	0.081438	1.152944	1.024522	-0.245806	1.212388	1.055514	0.038394	1.268200	1.059039	-0.121145	0.912632	1.485477	-0.052513	1.000529	1.332602	0.053632	1.081327	1.382884	-0.105699	0.656897	1.650959	-0.104699	0.580469	1.516184	-0.120387	0.694081	1.579137	0.001917	0.737892	1.341029	0.013364	0.874485	1.399576	0.085410	0.797751	1.038383	-0.097392	0.804165	1.154513	0.032997	0.753905	0.919835	-0.345115	NaN	NaN	NaN	0.994370	1.494879	-0.174662	1.025756	1.124284	-0.343343	1.045355	1.303145	-0.330102	0.857729	0.935694	-0.454318	1.066909	0.506984	0.211156	0.988162	0.052042	0.225339	1.021523	0.044129	0.326690	1.164280	0.098456	0.270526	1.082159	0.532913	-0.319112	0.980811	0.037145	-0.290935	0.979462	0.037294	-0.408255	1.125248	0.117231	-0.381321	0.683228	0.886743	-1.427828	0.641949	0.957763	-1.469752	0.690836	0.961688	-1.487140	0.745536	0.844887	-0.747486	0.783149	0.861067	-0.677957	0.760922	0.841928	-0.627445
218	0.602777778	1.059199	0.994975	0.080982	1.153553	1.024646	-0.245848	1.211934	1.055371	0.038572	1.268348	1.059044	-0.120772	0.912251	1.485145	-0.052012	0.999438	1.331808	0.053994	1.081334	1.382893	-0.104754	0.656866	1.650830	-0.104742	0.580447	1.516076	-0.120639	0.693962	1.578899	0.001823	0.737108	1.340596	0.011838	0.873323	1.398774	0.085079	0.796618	1.038856	-0.100936	0.802634	1.154022	0.030673	0.754321	0.922379	-0.349977	NaN	NaN	NaN	0.994746	1.495239	-0.173523	1.027645	1.125814	-0.344354	1.047025	1.304599	-0.329642	0.859198	0.939001	-0.458149	1.066380	0.506922	0.210978	0.988165	0.052073	0.225333	1.021527	0.044138	0.326677	1.164245	0.098486	0.270514	1.082644	0.532946	-0.319215	0.980820	0.037174	-0.290944	0.979457	0.037283	-0.408272	1.125381	0.117207	-0.381337	0.695080	0.902408	-1.433716	0.654672	0.974337	-1.475296	0.703853	0.978180	-1.492187	0.749722	0.852417	-0.753380	0.786595	0.867615	-0.683271	0.763383	0.848105	-0.633238
219	0.605555556	1.058636	0.994771	0.080548	1.154120	1.024748	-0.245911	1.211474	1.055261	0.038786	1.268474	1.059044	-0.120404	0.911938	1.484880	-0.051571	0.998442	1.331072	0.054217	1.081247	1.382855	-0.103727	0.656799	1.650702	-0.104814	0.580417	1.515966	-0.120883	0.693828	1.578648	0.001723	0.736429	1.340141	0.010200	0.872054	1.397849	0.084820	0.795561	1.039284	-0.104460	0.801110	1.153602	0.027930	0.754738	0.925153	-0.354932	NaN	NaN	NaN	0.995207	1.495619	-0.172390	1.029549	1.127400	-0.345292	1.048664	1.306065	-0.329116	0.860754	0.942424	-0.461916	1.065847	0.506841	0.210814	0.988166	0.052045	0.225314	1.021528	0.044150	0.326675	1.164208	0.098515	0.270515	1.083021	0.532926	-0.319305	0.980813	0.037174	-0.290967	0.979491	0.037264	-0.408297	1.125472	0.117179	-0.381334	0.706981	0.918389	-1.439451	0.667440	0.990838	-1.480570	0.716910	0.994740	-1.496887	0.753968	0.860058	-0.759251	0.790172	0.874231	-0.688488	0.765667	0.854990	-0.639275
220	0.608333333	1.058089	0.994568	0.080122	1.154707	1.024874	-0.245954	1.211017	1.055102	0.038970	1.268630	1.059014	-0.120009	0.911599	1.484581	-0.051029	0.997466	1.330322	0.054453	1.081146	1.382812	-0.102750	0.656763	1.650546	-0.104884	0.580402	1.515851	-0.121155	0.693733	1.578413	0.001616	0.735597	1.339793	0.008645	0.870674	1.396829	0.084615	0.794492	1.039735	-0.108083	0.799784	1.153012	0.025347	0.755118	0.927963	-0.359812	NaN	NaN	NaN	0.995433	1.495921	-0.171194	1.031369	1.128912	-0.346242	1.050365	1.307549	-0.328661	0.862382	0.945917	-0.465698	1.065305	0.506793	0.210648	0.988151	0.052033	0.225282	1.021535	0.044172	0.326643	1.164185	0.098558	0.270504	1.083449	0.532974	-0.319429	0.980826	0.037209	-0.291004	0.979485	0.037257	-0.408314	1.125576	0.117140	-0.381342	0.719096	0.934397	-1.444863	0.680350	1.007637	-1.485471	0.729893	1.011332	-1.501191	0.758354	0.867628	-0.764889	0.793838	0.880813	-0.693602	0.769262	0.860455	-0.644672
221	0.611111111	1.057490	0.994362	0.079728	1.155232	1.024937	-0.245987	1.210619	1.054976	0.039128	1.268729	1.058985	-0.119703	0.911199	1.484282	-0.050511	0.996431	1.329613	0.054769	1.081090	1.382753	-0.101751	0.656718	1.650405	-0.104953	0.580352	1.515736	-0.121429	0.693608	1.578154	0.001513	0.734953	1.339312	0.007044	0.869366	1.395877	0.084330	0.793416	1.040241	-0.111713	0.798273	1.152599	0.022912	0.755523	0.930980	-0.364787	NaN	NaN	NaN	0.995842	1.496297	-0.170003	1.033072	1.130325	-0.347124	1.051953	1.308912	-0.328175	0.863896	0.949412	-0.469512	1.064777	0.506711	0.210464	0.988170	0.052068	0.225280	1.021523	0.044183	0.326635	1.164159	0.098583	0.270507	1.083828	0.532991	-0.319526	0.980849	0.037200	-0.291009	0.979516	0.037229	-0.408315	1.125676	0.117112	-0.381371	0.731219	0.950634	-1.450010	0.693430	1.024450	-1.490105	0.743104	1.028153	-1.505254	0.762677	0.875471	-0.770446	0.797455	0.887577	-0.698667	0.772922	0.866369	-0.650064
222	0.613888889	1.056894	0.994191	0.079342	1.155755	1.025024	-0.246032	1.210200	1.054857	0.039284	1.268797	1.058926	-0.119346	0.910784	1.483982	-0.050041	0.995347	1.328829	0.054970	1.081053	1.382707	-0.100763	0.656660	1.650255	-0.105016	0.580334	1.515612	-0.121713	0.693487	1.577885	0.001399	0.734224	1.338941	0.005432	0.868053	1.394892	0.084106	0.792311	1.040879	-0.115297	0.796806	1.152129	0.020373	0.755933	0.933896	-0.369733	NaN	NaN	NaN	0.996180	1.496611	-0.168862	1.034846	1.131783	-0.348018	1.053691	1.310383	-0.327636	0.865478	0.952957	-0.473339	1.064206	0.506639	0.210269	0.988162	0.052073	0.225249	1.021522	0.044205	0.326616	1.164097	0.098609	0.270486	1.084214	0.533008	-0.319627	0.980841	0.037226	-0.291028	0.979538	0.037232	-0.408368	1.125786	0.117093	-0.381376	0.743394	0.966915	-1.454764	0.706476	1.041390	-1.494464	0.756419	1.045035	-1.509021	0.767029	0.883439	-0.775867	0.801114	0.894411	-0.703629	0.775854	0.873086	-0.655582
223	0.616666667	1.056269	0.993966	0.078899	1.156302	1.025095	-0.246075	1.209762	1.054737	0.039448	1.268875	1.058867	-0.118937	0.910366	1.483674	-0.049573	0.994270	1.328048	0.055171	1.080962	1.382674	-0.099790	0.656623	1.650097	-0.105084	0.580318	1.515483	-0.121981	0.693338	1.577605	0.001291	0.733508	1.338517	0.003810	0.866696	1.393909	0.083800	0.791314	1.041454	-0.118967	0.795378	1.151639	0.017746	0.756439	0.937068	-0.374711	NaN	NaN	NaN	0.996558	1.496932	-0.167657	1.036746	1.133310	-0.348972	1.055276	1.311718	-0.327006	0.867143	0.956569	-0.477049	1.063642	0.506563	0.210090	0.988170	0.052083	0.225213	1.021524	0.044244	0.326607	1.164082	0.098632	0.270468	1.084599	0.533020	-0.319739	0.980860	0.037247	-0.291072	0.979543	0.037206	-0.408377	1.125904	0.117062	-0.381407	0.755637	0.983333	-1.459383	0.719679	1.058627	-1.498475	0.769686	1.062078	-1.512481	0.771463	0.891495	-0.781215	0.804893	0.901299	-0.708460	0.779066	0.879260	-0.660854
224	0.619444444	1.055673	0.993752	0.078468	1.156862	1.025181	-0.246111	1.209255	1.054595	0.039642	1.268968	1.058814	-0.118478	0.909972	1.483352	-0.049076	0.993121	1.327262	0.055438	1.080836	1.382628	-0.098812	0.656570	1.649953	-0.105133	0.580274	1.515376	-0.122225	0.693208	1.577327	0.001178	0.732752	1.338225	0.002219	0.865393	1.392919	0.083511	0.790335	1.042087	-0.122629	0.793923	1.151250	0.015268	0.756879	0.940148	-0.379567	NaN	NaN	NaN	0.996864	1.497232	-0.166551	1.038655	1.134818	-0.349824	1.057005	1.313161	-0.326457	0.868800	0.960170	-0.480754	1.063036	0.506486	0.209864	0.988162	0.052082	0.225210	1.021498	0.044251	0.326593	1.164036	0.098690	0.270446	1.084996	0.533050	-0.319835	0.980847	0.037276	-0.291084	0.979578	0.037196	-0.408407	1.125991	0.117011	-0.381423	0.768005	0.999741	-1.463444	0.732752	1.075799	-1.502130	0.783034	1.079084	-1.515472	0.775990	0.899447	-0.786462	0.808699	0.908261	-0.713225	0.782182	0.885785	-0.666250
225	0.622222222	1.055143	0.993633	0.078087	1.157411	1.025260	-0.246113	1.208787	1.054468	0.039799	1.269076	1.058762	-0.118054	0.909587	1.483037	-0.048607	0.992158	1.326541	0.055641	1.080651	1.382525	-0.097812	0.656530	1.649802	-0.105185	0.580219	1.515242	-0.122450	0.693074	1.577059	0.001065	0.732013	1.337885	0.000544	0.864171	1.391946	0.083172	0.789259	1.042787	-0.126268	0.792567	1.150845	0.012630	0.757303	0.943367	-0.384421	NaN	NaN	NaN	0.997246	1.497530	-0.165359	1.040556	1.136380	-0.350684	1.058649	1.314533	-0.325814	0.870464	0.963966	-0.484415	1.062456	0.506371	0.209652	0.988151	0.052088	0.225185	1.021504	0.044298	0.326570	1.163985	0.098736	0.270429	1.085427	0.533046	-0.319939	0.980857	0.037279	-0.291140	0.979583	0.037191	-0.408438	1.126115	0.116973	-0.381451	0.780436	1.016313	-1.467442	0.746081	1.093112	-1.505468	0.796538	1.096175	-1.518242	0.780611	0.907638	-0.791619	0.812606	0.915279	-0.718001	0.785486	0.892470	-0.671478
226	0.625000000	1.054599	0.993498	0.077655	1.157966	1.025298	-0.246132	1.208330	1.054327	0.039957	1.269176	1.058718	-0.117694	0.909113	1.482699	-0.048121	0.991108	1.325858	0.055822	1.080646	1.382498	-0.096777	0.656472	1.649650	-0.105239	0.580186	1.515114	-0.122693	0.692927	1.576819	0.000962	0.731320	1.337555	-0.001104	0.862778	1.390968	0.082871	0.788415	1.043580	-0.130027	0.791147	1.150369	0.009956	0.757859	0.946679	-0.389403	NaN	NaN	NaN	0.997657	1.497878	-0.164167	1.042322	1.137869	-0.351536	1.060249	1.315938	-0.325082	0.872083	0.967687	-0.488086	1.061885	0.506280	0.209491	0.988147	0.052073	0.225157	1.021511	0.044305	0.326551	1.163955	0.098775	0.270420	1.085892	0.533040	-0.320037	0.980875	0.037297	-0.291164	0.979596	0.037159	-0.408445	1.126221	0.116944	-0.381477	0.793052	1.033001	-1.471017	0.759448	1.110442	-1.508512	0.810013	1.113375	-1.520671	0.785321	0.915885	-0.796788	0.816587	0.922450	-0.722678	0.788811	0.899057	-0.676714
227	0.627777778	1.053969	0.993272	0.077205	1.158549	1.025355	-0.246153	1.207849	1.054178	0.040102	1.269275	1.058678	-0.117347	0.908640	1.482362	-0.047613	0.989888	1.325009	0.056082	1.080558	1.382471	-0.095774	0.656433	1.649516	-0.105289	0.580103	1.514989	-0.122922	0.692785	1.576547	0.000846	0.730626	1.337181	-0.002752	0.861390	1.389950	0.082557	0.787467	1.044389	-0.133754	0.789701	1.150082	0.007330	0.758590	0.949938	-0.394256	NaN	NaN	NaN	0.997990	1.498186	-0.163010	1.044071	1.139343	-0.352308	1.061894	1.317343	-0.324520	0.873763	0.971520	-0.491653	1.061302	0.506222	0.209333	0.988174	0.052112	0.225154	1.021503	0.044334	0.326533	1.163900	0.098798	0.270394	1.086355	0.533043	-0.320152	0.980856	0.037290	-0.291190	0.979621	0.037172	-0.408490	1.126348	0.116919	-0.381502	0.805559	1.049834	-1.474294	0.772677	1.127820	-1.511239	0.823495	1.130652	-1.522763	0.790022	0.924192	-0.801690	0.820468	0.929612	-0.727222	0.792196	0.905826	-0.681951
228	0.630555556	1.053310	0.993057	0.076732	1.159136	1.025432	-0.246197	1.207387	1.054063	0.040248	1.269366	1.058605	-0.116998	0.908194	1.482016	-0.047160	0.988906	1.324247	0.056197	1.080394	1.382372	-0.094762	0.656373	1.649353	-0.105329	0.579985	1.514865	-0.123140	0.692610	1.576286	0.000733	0.729801	1.336854	-0.004471	0.860106	1.389017	0.082183	0.786618	1.045148	-0.137531	0.788331	1.149790	0.004619	0.759166	0.953494	-0.399112	NaN	NaN	NaN	0.998322	1.498474	-0.161884	1.045968	1.140893	-0.353181	1.063532	1.318812	-0.323788	0.875635	0.975429	-0.495273	1.060699	0.506135	0.209151	0.988186	0.052119	0.225120	1.021478	0.044342	0.326513	1.163859	0.098831	0.270373	1.086792	0.533055	-0.320264	0.980877	0.037330	-0.291223	0.979602	0.037140	-0.408511	1.126437	0.116885	-0.381512	0.818166	1.066736	-1.477318	0.786331	1.145126	-1.513399	0.837105	1.148033	-1.524498	0.794899	0.932554	-0.806507	0.824439	0.936913	-0.731590	0.795685	0.912601	-0.686966
229	0.633333333	1.052708	0.992887	0.076279	1.159624	1.025498	-0.246222	1.206869	1.053901	0.040420	1.269451	1.058505	-0.116587	0.907832	1.481696	-0.046719	0.987788	1.323488	0.056386	1.080198	1.382283	-0.093770	0.656307	1.649200	-0.105383	0.579870	1.514761	-0.123380	0.692450	1.576018	0.000603	0.729257	1.336519	-0.006137	0.858764	1.388023	0.081869	0.785729	1.046040	-0.141285	0.786927	1.149404	0.001918	0.759726	0.956894	-0.403955	NaN	NaN	NaN	0.998647	1.498773	-0.160736	1.047957	1.142554	-0.353957	1.065084	1.320184	-0.323115	0.877382	0.979358	-0.498889	1.060097	0.506032	0.208974	0.988181	0.052102	0.225115	1.021472	0.044360	0.326492	1.163808	0.098882	0.270350	1.087177	0.533048	-0.320347	0.980859	0.037341	-0.291239	0.979619	0.037115	-0.408540	1.126551	0.116846	-0.381526	0.830913	1.083559	-1.479908	0.799729	1.162851	-1.515471	0.850841	1.165467	-1.525842	0.799721	0.940963	-0.811207	0.828491	0.944216	-0.735913	0.798827	0.919588	-0.691955
230	0.636111111	1.052127	0.992718	0.075861	1.160163	1.025530	-0.246206	1.206391	1.053754	0.040591	1.269572	1.058459	-0.116169	0.907427	1.481391	-0.046257	0.986620	1.322709	0.056622	1.080031	1.382161	-0.092664	0.656226	1.649031	-0.105448	0.579779	1.514636	-0.123609	0.692306	1.575742	0.000490	0.728481	1.336233	-0.007851	0.857371	1.387086	0.081482	0.784783	1.046941	-0.145083	0.785547	1.149060	-0.000760	0.760553	0.960399	-0.408882	NaN	NaN	NaN	0.998976	1.499010	-0.159500	1.049848	1.144109	-0.354698	1.066749	1.321590	-0.322378	0.879118	0.983271	-0.502414	1.059504	0.505957	0.208751	0.988156	0.052123	0.225104	1.021450	0.044378	0.326481	1.163748	0.098931	0.270347	1.087550	0.533038	-0.320409	0.980871	0.037344	-0.291279	0.979614	0.037113	-0.408554	1.126644	0.116797	-0.381536	0.843721	1.100531	-1.482209	0.813192	1.180239	-1.517113	0.864506	1.182916	-1.526853	0.804551	0.949578	-0.815858	0.832630	0.951618	-0.740234	0.802332	0.926564	-0.696785
231	0.638888889	1.051555	0.992487	0.075420	1.160671	1.025553	-0.246225	1.205947	1.053630	0.040766	1.269684	1.058424	-0.115739	0.906865	1.481001	-0.045745	0.985516	1.321923	0.056696	1.079996	1.382122	-0.091740	0.656166	1.648887	-0.105494	0.579691	1.514515	-0.123882	0.692163	1.575451	0.000361	0.727807	1.336017	-0.009587	0.855996	1.386110	0.081074	0.783986	1.047844	-0.148891	0.784283	1.148736	-0.003618	0.761440	0.963957	-0.413678	NaN	NaN	NaN	0.999152	1.499153	-0.158046	1.051638	1.145561	-0.355446	1.068236	1.322850	-0.321566	0.880981	0.987316	-0.505868	1.058952	0.505874	0.208547	0.988148	0.052104	0.225075	1.021440	0.044377	0.326478	1.163685	0.098978	0.270324	1.087914	0.533009	-0.320503	0.980850	0.037356	-0.291302	0.979637	0.037079	-0.408567	1.126719	0.116744	-0.381544	0.856503	1.117638	-1.484340	0.827041	1.198101	-1.518191	0.878265	1.200480	-1.527573	0.809376	0.958259	-0.820295	0.836828	0.959121	-0.744401	0.805620	0.933756	-0.701640
232	0.641666667	1.050944	0.992234	0.074921	1.161219	1.025623	-0.246228	1.205480	1.053466	0.040912	1.269802	1.058362	-0.115337	0.906396	1.480646	-0.045254	0.984307	1.321095	0.056851	1.079731	1.381928	-0.090640	0.656089	1.648726	-0.105560	0.579607	1.514365	-0.124131	0.692016	1.575160	0.000243	0.727122	1.335766	-0.011277	0.854666	1.385179	0.080648	0.783196	1.048849	-0.152761	0.782843	1.148523	-0.006309	0.762123	0.967647	-0.418410	NaN	NaN	NaN	0.999370	1.499367	-0.156785	1.053425	1.147068	-0.356230	1.069879	1.324263	-0.320809	0.882817	0.991432	-0.509354	1.058366	0.505748	0.208326	0.988142	0.052096	0.225073	1.021425	0.044392	0.326454	1.163663	0.099019	0.270324	1.088287	0.533029	-0.320576	0.980846	0.037380	-0.291325	0.979642	0.037078	-0.408583	1.126813	0.116723	-0.381539	0.869312	1.134852	-1.486025	0.840689	1.215889	-1.519193	0.892134	1.217921	-1.527857	0.814397	0.966797	-0.824624	0.840865	0.966574	-0.748362	0.809546	0.940722	-0.706302
233	0.644444444	1.050086	0.991881	0.074552	1.161806	1.025672	-0.246212	1.205005	1.053333	0.041070	1.269888	1.058300	-0.114960	0.905975	1.480268	-0.044859	0.983162	1.320322	0.057004	1.079557	1.381791	-0.089681	0.656023	1.648576	-0.105614	0.579515	1.514234	-0.124375	0.691880	1.574876	0.000114	0.726310	1.335507	-0.013057	0.853228	1.384201	0.080239	0.782517	1.049880	-0.156539	0.781532	1.148226	-0.009069	0.762996	0.971376	-0.423212	NaN	NaN	NaN	0.999680	1.499583	-0.155529	1.055390	1.148690	-0.356921	1.071478	1.325542	-0.319986	0.884608	0.995627	-0.512892	1.057746	0.505643	0.208090	0.988128	0.052088	0.225048	1.021404	0.044394	0.326452	1.163606	0.099031	0.270303	1.088676	0.533024	-0.320650	0.980839	0.037354	-0.291345	0.979640	0.037024	-0.408609	1.126916	0.116683	-0.381540	0.882193	1.151967	-1.487316	0.854502	1.233695	-1.519705	0.905999	1.235631	-1.527903	0.819353	0.975732	-0.828824	0.845103	0.974214	-0.752273	0.813383	0.947918	-0.710923
234	0.647222222	1.049590	0.991723	0.074092	1.162396	1.025726	-0.246201	1.204483	1.053148	0.041236	1.269994	1.058262	-0.114542	0.905514	1.479882	-0.044416	0.982100	1.319583	0.057133	1.079319	1.381622	-0.088549	0.655964	1.648422	-0.105675	0.579433	1.514100	-0.124626	0.691738	1.574576	-0.000015	0.725832	1.335168	-0.014779	0.851652	1.383032	0.079832	0.781797	1.050934	-0.160370	0.780264	1.148005	-0.011945	0.764040	0.975157	-0.428008	NaN	NaN	NaN	1.000025	1.499872	-0.154288	1.057409	1.150413	-0.357602	1.073085	1.326920	-0.319181	0.886614	0.999907	-0.516277	1.057125	0.505553	0.207874	0.988116	0.052067	0.225043	1.021395	0.044394	0.326434	1.163533	0.099050	0.270276	1.089059	0.532998	-0.320732	0.980830	0.037367	-0.291371	0.979668	0.037028	-0.408626	1.126994	0.116644	-0.381527	0.895087	1.169087	-1.488192	0.868342	1.251440	-1.519792	0.919773	1.253138	-1.527488	0.824417	0.984447	-0.832860	0.849432	0.981864	-0.756185	0.816975	0.955684	-0.715550
235	0.650000000	1.049084	0.991561	0.073627	1.162912	1.025792	-0.246184	1.203965	1.052986	0.041395	1.270082	1.058175	-0.114146	0.904969	1.479452	-0.043919	0.980857	1.318701	0.057276	1.079222	1.381511	-0.087620	0.655880	1.648266	-0.105730	0.579357	1.513975	-0.124873	0.691622	1.574296	-0.000132	0.725009	1.335018	-0.016554	0.850242	1.382077	0.079378	0.781088	1.051947	-0.164147	0.778860	1.147865	-0.014737	0.765029	0.979039	-0.432734	NaN	NaN	NaN	1.000279	1.500074	-0.152996	1.059136	1.151935	-0.358268	1.074502	1.328163	-0.318349	0.888559	1.004034	-0.519759	1.056473	0.505428	0.207691	0.988116	0.052072	0.225009	1.021378	0.044407	0.326429	1.163500	0.099139	0.270263	1.089475	0.533001	-0.320805	0.980844	0.037368	-0.291388	0.979658	0.037002	-0.408648	1.127095	0.116606	-0.381517	0.908045	1.186538	-1.489015	0.882147	1.269300	-1.519604	0.933717	1.270734	-1.526682	0.829373	0.993433	-0.836773	0.853662	0.989624	-0.759926	0.820736	0.962869	-0.719848
236	0.652777778	1.048620	0.991377	0.073080	1.163441	1.025864	-0.246173	1.203444	1.052823	0.041549	1.270185	1.058125	-0.113764	0.904526	1.479098	-0.043511	0.979634	1.317870	0.057371	1.078928	1.381302	-0.086475	0.655780	1.648104	-0.105805	0.579266	1.513835	-0.125109	0.691523	1.574029	-0.000249	0.724438	1.334797	-0.018292	0.848798	1.381102	0.078913	0.780489	1.053045	-0.168015	0.777640	1.147687	-0.017593	0.765948	0.982963	-0.437287	NaN	NaN	NaN	1.000472	1.500290	-0.151778	1.062163	1.154275	-0.359251	1.076182	1.329618	-0.317454	0.890601	1.008242	-0.522936	1.055832	0.505271	0.207467	0.988131	0.052059	0.225017	1.021371	0.044405	0.326414	1.163412	0.099147	0.270262	1.089848	0.533003	-0.320858	0.980828	0.037369	-0.291396	0.979650	0.036960	-0.408655	1.127185	0.116585	-0.381497	0.921073	1.203736	-1.489229	0.895864	1.287135	-1.519093	0.947703	1.288399	-1.525549	0.834656	1.002487	-0.840560	0.857955	0.997439	-0.763575	0.820531	0.972001	-0.724767
237	0.655555556	1.048093	0.991166	0.072591	1.164017	1.025927	-0.246170	1.202903	1.052666	0.041734	1.270248	1.058024	-0.113372	0.904036	1.478716	-0.043064	0.978463	1.317084	0.057472	1.078685	1.381114	-0.085487	0.655700	1.647943	-0.105836	0.579235	1.513718	-0.125333	0.691399	1.573742	-0.000366	0.723799	1.334654	-0.020107	0.847251	1.379930	0.078268	0.779711	1.054211	-0.171691	0.776353	1.147519	-0.020476	0.767174	0.986896	-0.442043	NaN	NaN	NaN	1.000795	1.500500	-0.150519	1.063505	1.155410	-0.359681	1.077500	1.330796	-0.316599	0.892589	1.012520	-0.526283	1.055256	0.505142	0.207257	0.988123	0.052052	0.224990	1.021382	0.044421	0.326404	1.163380	0.099174	0.270257	1.090246	0.533025	-0.320957	0.980833	0.037365	-0.291428	0.979671	0.036953	-0.408669	1.127305	0.116562	-0.381485	0.934080	1.221125	-1.489148	0.909741	1.305130	-1.518171	0.961764	1.306092	-1.524107	0.839783	1.011482	-0.844252	0.862442	1.005313	-0.767060	0.828355	0.977873	-0.728517
238	0.658333333	1.047519	0.990961	0.072138	1.164523	1.025997	-0.246167	1.202402	1.052491	0.041889	1.270274	1.057929	-0.112934	0.903586	1.478340	-0.042649	0.977223	1.316258	0.057550	1.078407	1.380933	-0.084441	0.655627	1.647792	-0.105900	0.579162	1.513617	-0.125572	0.691295	1.573473	-0.000469	0.723101	1.334533	-0.021892	0.845781	1.378943	0.077602	0.779361	1.055557	-0.175768	0.775106	1.147427	-0.023374	0.768394	0.990993	-0.446701	NaN	NaN	NaN	1.001029	1.500666	-0.149250	1.064895	1.156696	-0.360131	1.079031	1.332241	-0.315675	0.894685	1.016904	-0.529557	1.054629	0.505044	0.207052	0.988131	0.052033	0.224988	1.021366	0.044434	0.326399	1.163346	0.099185	0.270228	1.090626	0.533005	-0.321001	0.980829	0.037352	-0.291456	0.979705	0.036940	-0.408701	1.127389	0.116496	-0.381478	0.947132	1.238648	-1.488767	0.923637	1.323044	-1.516858	0.975731	1.323907	-1.522283	0.845086	1.020683	-0.847883	0.866814	1.013338	-0.770445	0.832006	0.985481	-0.732647
239	0.661111111	1.046880	0.990695	0.071673	1.165049	1.026063	-0.246179	1.201904	1.052339	0.042015	1.270350	1.057878	-0.112465	0.903082	1.477950	-0.042257	0.976003	1.315382	0.057579	1.078256	1.380771	-0.083450	0.655531	1.647651	-0.105947	0.579110	1.513505	-0.125803	0.691164	1.573187	-0.000589	0.722627	1.334337	-0.023733	0.844482	1.378024	0.077086	0.778917	1.056715	-0.179628	0.773805	1.147326	-0.026204	0.769162	0.995228	-0.451352	NaN	NaN	NaN	1.001162	1.500778	-0.147973	1.066553	1.158385	-0.360738	1.080538	1.333462	-0.314808	0.896768	1.021286	-0.532797	1.054019	0.504921	0.206853	0.988113	0.052013	0.224962	1.021370	0.044440	0.326381	1.163277	0.099207	0.270215	1.091009	0.533012	-0.321055	0.980841	0.037365	-0.291473	0.979703	0.036919	-0.408708	1.127491	0.116455	-0.381459	0.960269	1.255933	-1.488003	0.937537	1.341064	-1.515178	0.989684	1.341578	-1.520009	0.850448	1.029902	-0.851213	0.871210	1.021322	-0.773816	0.832265	0.994870	-0.737112
240	0.663888889	1.046215	0.990451	0.071189	1.165874	1.026718	-0.246606	1.201368	1.052166	0.042159	1.270436	1.057835	-0.112012	0.902523	1.477533	-0.041828	0.974758	1.314530	0.057664	1.077930	1.380547	-0.082320	0.655473	1.647486	-0.105984	0.579055	1.513375	-0.126020	0.691041	1.572919	-0.000714	0.721816	1.334263	-0.025495	0.842728	1.376806	0.076546	0.778506	1.058058	-0.183501	0.772685	1.147264	-0.029191	0.770550	0.999291	-0.455866	NaN	NaN	NaN	1.001350	1.500917	-0.146695	1.068355	1.159728	-0.361310	1.082090	1.334782	-0.313828	0.898976	1.025859	-0.535960	1.053329	0.504805	0.206593	0.988118	0.052013	0.224946	1.021368	0.044452	0.326371	1.163213	0.099247	0.270176	1.091393	0.533006	-0.321122	0.980855	0.037369	-0.291479	0.979713	0.036907	-0.408737	1.127601	0.116441	-0.381451	0.973307	1.273468	-1.486936	0.951569	1.359160	-1.512979	1.003641	1.359283	-1.517416	0.855665	1.039436	-0.854517	0.875828	1.029378	-0.777040	0.839780	1.001050	-0.740677
241	0.666666667	1.045553	0.990212	0.070702	1.166395	1.026766	-0.246562	1.200839	1.052044	0.042359	1.270492	1.057790	-0.111578	0.901978	1.477109	-0.041405	0.973542	1.313725	0.057761	1.077645	1.380354	-0.081351	0.655381	1.647332	-0.106059	0.579007	1.513268	-0.126273	0.690885	1.572646	-0.000847	0.721396	1.334113	-0.027360	0.841339	1.375951	0.075957	0.778060	1.059389	-0.187391	0.771492	1.147222	-0.032131	0.771901	1.003499	-0.460332	NaN	NaN	NaN	1.001583	1.501094	-0.145485	1.070357	1.161408	-0.361793	1.083510	1.335973	-0.312929	0.901117	1.030378	-0.539071	1.052690	0.504687	0.206351	0.988117	0.051993	0.224920	1.021366	0.044461	0.326357	1.163150	0.099280	0.270153	1.091787	0.533005	-0.321191	0.980845	0.037388	-0.291492	0.979731	0.036886	-0.408752	1.127703	0.116433	-0.381442	0.986399	1.291079	-1.485462	0.965428	1.377100	-1.510544	1.017572	1.376948	-1.514395	0.860903	1.048495	-0.857536	0.880188	1.037483	-0.780026	0.840588	1.010251	-0.744796
242	0.669444444	1.044976	0.989960	0.070242	1.166047	1.025977	-0.245607	1.200300	1.051894	0.042552	1.270510	1.057708	-0.111182	0.901485	1.476743	-0.041027	0.972267	1.312871	0.057708	1.077383	1.380189	-0.080310	0.655327	1.647191	-0.106109	0.578983	1.513143	-0.126543	0.690742	1.572386	-0.000966	0.720723	1.334029	-0.029146	0.840002	1.375103	0.075260	0.777635	1.060694	-0.191264	0.770277	1.147193	-0.035068	0.773165	1.007670	-0.464805	NaN	NaN	NaN	1.001772	1.501227	-0.144164	1.072301	1.163082	-0.362389	1.085132	1.337313	-0.311904	0.903381	1.035049	-0.542176	1.052071	0.504539	0.206142	0.988111	0.051991	0.224892	1.021382	0.044481	0.326336	1.163129	0.099319	0.270132	1.092211	0.532993	-0.321244	0.980862	0.037382	-0.291529	0.979755	0.036860	-0.408758	1.127798	0.116396	-0.381445	0.999441	1.308607	-1.483716	0.979388	1.395094	-1.507700	1.031488	1.394656	-1.511038	0.866399	1.058154	-0.860633	0.884754	1.045622	-0.783015	0.844560	1.018224	-0.748489
243	0.672222222	1.044425	0.989751	0.069801	1.167000	1.026516	-0.246228	1.199793	1.051740	0.042691	1.270516	1.057630	-0.110785	0.901013	1.476352	-0.040643	0.970988	1.312083	0.057662	1.077179	1.380001	-0.079225	0.655253	1.647035	-0.106160	0.578893	1.513023	-0.126783	0.690620	1.572097	-0.001111	0.720132	1.333965	-0.031025	0.838625	1.374260	0.074645	0.777270	1.062198	-0.195069	0.769277	1.147203	-0.038055	0.774598	1.012128	-0.469287	NaN	NaN	NaN	1.001953	1.501395	-0.142909	1.074091	1.164632	-0.362861	1.086569	1.338531	-0.310935	0.905575	1.039607	-0.545267	1.051510	0.504411	0.205924	0.988132	0.051995	0.224865	1.021371	0.044504	0.326297	1.163092	0.099338	0.270085	1.092654	0.532996	-0.321309	0.980855	0.037411	-0.291546	0.979777	0.036858	-0.408786	1.127910	0.116389	-0.381436	1.012573	1.326168	-1.481548	0.993196	1.413108	-1.504525	1.045509	1.412463	-1.507272	0.871878	1.067222	-0.863374	0.889418	1.053815	-0.785779	0.848578	1.026192	-0.752202
244	0.675000000	1.043798	0.989528	0.069339	1.167684	1.026729	-0.246317	1.199272	1.051537	0.042858	1.270484	1.057539	-0.110297	0.900475	1.475963	-0.040218	0.969652	1.311228	0.057674	1.076812	1.379763	-0.078172	0.655167	1.646881	-0.106229	0.578858	1.512897	-0.127073	0.690516	1.571830	-0.001243	0.719586	1.333888	-0.032825	0.837207	1.373422	0.074050	0.776826	1.063654	-0.198901	0.768202	1.147281	-0.041010	0.776058	1.016477	-0.473722	NaN	NaN	NaN	1.002035	1.501484	-0.141581	1.075963	1.166165	-0.363350	1.087964	1.339744	-0.309948	0.907919	1.044330	-0.548342	1.050894	0.504290	0.205710	0.988126	0.051977	0.224830	1.021372	0.044541	0.326274	1.163027	0.099384	0.270064	1.093101	0.532974	-0.321361	0.980883	0.037443	-0.291562	0.979795	0.036843	-0.408815	1.127999	0.116374	-0.381435	1.025570	1.343627	-1.478916	1.007561	1.431301	-1.500583	1.059472	1.430161	-1.503085	0.877069	1.077080	-0.866027	0.894017	1.062115	-0.788533	0.853565	1.033812	-0.755574
245	0.677777778	1.043132	0.989301	0.068859	1.168257	1.026824	-0.246327	1.198693	1.051374	0.043045	1.270531	1.057510	-0.109824	0.899900	1.475594	-0.039803	0.968395	1.310450	0.057632	1.076593	1.379575	-0.077148	0.655114	1.646744	-0.106285	0.578754	1.512794	-0.127366	0.690415	1.571549	-0.001368	0.718940	1.333879	-0.034729	0.835636	1.372454	0.073331	0.776628	1.065103	-0.202877	0.766991	1.147400	-0.043940	0.777626	1.020935	-0.478125	NaN	NaN	NaN	1.002220	1.501643	-0.140364	1.077954	1.167831	-0.363856	1.089509	1.341043	-0.308872	0.910321	1.049096	-0.551300	1.050232	0.504151	0.205456	0.988135	0.052000	0.224826	1.021381	0.044558	0.326263	1.162960	0.099442	0.270042	1.093544	0.532967	-0.321423	0.980881	0.037460	-0.291585	0.979823	0.036830	-0.408829	1.128108	0.116359	-0.381430	1.038688	1.361149	-1.475942	1.021300	1.449289	-1.496583	1.073370	1.447919	-1.498595	0.882783	1.086562	-0.868582	0.898736	1.070556	-0.791131	0.857229	1.042121	-0.758867
246	0.680555556	1.042453	0.989080	0.068395	1.168735	1.026902	-0.246285	1.198115	1.051208	0.043232	1.270573	1.057491	-0.109372	0.899355	1.475207	-0.039463	0.966847	1.309561	0.057402	1.076242	1.379376	-0.076140	0.655002	1.646591	-0.106354	0.578674	1.512676	-0.127680	0.690249	1.571239	-0.001522	0.718495	1.333798	-0.036550	0.834305	1.371622	0.072653	0.776404	1.066645	-0.206774	0.766068	1.147498	-0.046993	0.779048	1.025442	-0.482418	NaN	NaN	NaN	1.002406	1.501786	-0.139054	1.079646	1.169389	-0.364286	1.090908	1.342256	-0.307877	0.912663	1.053888	-0.554215	1.049577	0.504029	0.205241	0.988124	0.051994	0.224790	1.021368	0.044579	0.326236	1.162910	0.099513	0.270002	1.093901	0.532998	-0.321481	0.980888	0.037502	-0.291610	0.979817	0.036853	-0.408853	1.128208	0.116365	-0.381446	1.051858	1.378835	-1.472559	1.034680	1.466964	-1.492409	1.087142	1.465644	-1.493734	0.888268	1.096158	-0.870860	0.903522	1.078912	-0.793567	0.861315	1.050265	-0.762227
247	0.683333333	1.041828	0.988815	0.067885	1.169296	1.026971	-0.246199	1.197551	1.051011	0.043394	1.270658	1.057514	-0.108974	0.898837	1.474828	-0.039125	0.965765	1.308786	0.057528	1.075844	1.379140	-0.075091	0.654916	1.646441	-0.106424	0.578611	1.512558	-0.127974	0.690115	1.570957	-0.001682	0.717795	1.333818	-0.038460	0.832828	1.370704	0.071975	0.776071	1.068245	-0.210666	0.764926	1.147665	-0.049995	0.780655	1.029983	-0.486712	NaN	NaN	NaN	1.002532	1.501885	-0.137782	1.081633	1.171150	-0.364615	1.092357	1.343556	-0.306801	0.914932	1.058647	-0.557092	1.048901	0.503906	0.204993	0.988137	0.052024	0.224775	1.021355	0.044615	0.326213	1.162872	0.099540	0.269964	1.094767	0.532925	-0.321694	0.980873	0.037486	-0.291646	0.979834	0.036815	-0.408873	1.128312	0.116330	-0.381440	1.064706	1.396157	-1.468841	1.048876	1.485113	-1.487343	1.100942	1.483262	-1.488410	0.893667	1.106218	-0.873237	0.908283	1.087305	-0.795831	0.865603	1.058524	-0.765375
248	0.686111111	1.041190	0.988571	0.067375	1.169898	1.027050	-0.246138	1.196983	1.050842	0.043550	1.270719	1.057485	-0.108546	0.898272	1.474427	-0.038767	0.964512	1.307986	0.057455	1.075514	1.378867	-0.074058	0.654829	1.646300	-0.106484	0.578505	1.512455	-0.128273	0.690003	1.570685	-0.001824	0.717356	1.333757	-0.040338	0.831318	1.369795	0.071278	0.775704	1.069925	-0.214521	0.763903	1.147841	-0.052946	0.782274	1.034607	-0.490977	NaN	NaN	NaN	1.002624	1.501966	-0.136504	1.083506	1.172791	-0.365098	1.093697	1.344736	-0.305738	0.917374	1.063500	-0.559838	1.048241	0.503791	0.204723	0.988142	0.052026	0.224762	1.021358	0.044648	0.326203	1.162814	0.099575	0.269948	1.095123	0.532910	-0.321723	0.980885	0.037529	-0.291652	0.979848	0.036821	-0.408899	1.128376	0.116322	-0.381450	1.077792	1.413718	-1.464750	1.062527	1.503013	-1.482173	1.114561	1.500748	-1.482667	0.897735	1.116629	-0.874770	0.913004	1.095672	-0.798030	0.873248	1.065375	-0.767969
249	0.688888889	1.040533	0.988269	0.066850	1.170453	1.027149	-0.246092	1.196369	1.050669	0.043710	1.270736	1.057466	-0.108054	0.897628	1.473967	-0.038373	0.963161	1.307214	0.057432	1.075283	1.378698	-0.072987	0.654761	1.646169	-0.106550	0.578329	1.512377	-0.128537	0.689866	1.570421	-0.001976	0.716744	1.333793	-0.042183	0.829809	1.368892	0.070539	0.775456	1.071650	-0.218343	0.762955	1.148021	-0.056036	0.783922	1.039294	-0.495216	NaN	NaN	NaN	1.002690	1.502040	-0.135218	1.085241	1.174322	-0.365457	1.095094	1.345940	-0.304577	0.919852	1.068429	-0.562578	1.047624	0.503691	0.204465	0.988121	0.052027	0.224743	1.021357	0.044664	0.326176	1.162730	0.099629	0.269917	1.095520	0.532942	-0.321749	0.980889	0.037550	-0.291685	0.979856	0.036831	-0.408912	1.128463	0.116304	-0.381441	1.091048	1.431387	-1.460138	1.076131	1.520823	-1.476536	1.128253	1.518244	-1.476516	0.903336	1.126364	-0.876583	0.917809	1.104246	-0.800141	0.874716	1.074797	-0.771078
250	0.691666667	1.039902	0.988029	0.066355	1.171014	1.027305	-0.246071	1.195769	1.050477	0.043882	1.270696	1.057427	-0.107545	0.897087	1.473560	-0.038017	0.961848	1.306432	0.057362	1.074849	1.378400	-0.071986	0.654679	1.646029	-0.106626	0.578219	1.512263	-0.128806	0.689706	1.570129	-0.002141	0.716182	1.333807	-0.044135	0.828415	1.368018	0.069776	0.775289	1.073291	-0.222173	0.761934	1.148228	-0.059080	0.785640	1.043967	-0.499371	NaN	NaN	NaN	1.002795	1.502152	-0.133907	1.087231	1.176000	-0.365774	1.096493	1.347108	-0.303477	0.922263	1.073336	-0.565293	1.046959	0.503537	0.204225	0.988088	0.052006	0.224706	1.021330	0.044689	0.326153	1.162647	0.099697	0.269887	1.095861	0.532948	-0.321785	0.980868	0.037569	-0.291704	0.979870	0.036827	-0.408948	1.128544	0.116276	-0.381441	1.103946	1.448811	-1.455339	1.089870	1.538769	-1.470432	1.141867	1.535888	-1.470266	0.908441	1.136072	-0.878519	0.922654	1.112853	-0.801993	0.879891	1.082813	-0.773842
251	0.694444444	1.039304	0.987776	0.065879	1.171527	1.027399	-0.246019	1.195215	1.050289	0.044043	1.270640	1.057350	-0.107083	0.896619	1.473167	-0.037707	0.960628	1.305634	0.057220	1.074490	1.378174	-0.070898	0.654582	1.645887	-0.106701	0.578111	1.512157	-0.129068	0.689554	1.569838	-0.002308	0.715728	1.333875	-0.045985	0.826954	1.367152	0.069011	0.775139	1.075054	-0.226114	0.760908	1.148440	-0.062085	0.787409	1.048793	-0.503479	NaN	NaN	NaN	1.003008	1.502248	-0.132503	1.089085	1.177645	-0.366181	1.097893	1.348293	-0.302339	0.924868	1.078370	-0.567918	1.046314	0.503414	0.203980	0.988100	0.052015	0.224689	1.021321	0.044712	0.326121	1.162590	0.099755	0.269877	1.096259	0.532983	-0.321832	0.980882	0.037593	-0.291727	0.979876	0.036831	-0.408967	1.128641	0.116262	-0.381413	1.116856	1.466450	-1.450280	1.102929	1.556196	-1.464309	1.155480	1.553380	-1.463284	0.914727	1.145753	-0.879801	0.927541	1.121424	-0.803744	0.884553	1.091446	-0.775924
252	0.697222222	1.038630	0.987506	0.065387	1.172030	1.027504	-0.245954	1.194626	1.050093	0.044214	1.270577	1.057248	-0.106660	0.895991	1.472697	-0.037336	0.959220	1.304824	0.057182	1.074133	1.377864	-0.069919	0.654498	1.645741	-0.106766	0.578031	1.512044	-0.129335	0.689384	1.569539	-0.002472	0.715099	1.333929	-0.047901	0.825408	1.366261	0.068247	0.775061	1.076907	-0.229968	0.759942	1.148732	-0.065122	0.789123	1.053592	-0.507510	NaN	NaN	NaN	1.003068	1.502271	-0.131248	1.090942	1.179269	-0.366494	1.098756	1.349057	-0.300841	0.927343	1.083441	-0.570448	1.045630	0.503239	0.203725	0.988090	0.052020	0.224672	1.021300	0.044740	0.326110	1.162537	0.099749	0.269865	1.096635	0.532989	-0.321856	0.980869	0.037606	-0.291742	0.979875	0.036817	-0.408987	1.128706	0.116222	-0.381415	1.129068	1.483539	-1.445140	1.116217	1.573803	-1.457478	1.168803	1.570843	-1.456199	0.920687	1.155794	-0.881119	0.932459	1.130036	-0.805237	0.889095	1.099818	-0.778432
253	0.700000000	1.037996	0.987238	0.064897	1.172544	1.027575	-0.245891	1.194047	1.049916	0.044420	1.270547	1.057165	-0.106214	0.895326	1.472209	-0.037043	0.957864	1.304049	0.057080	1.073776	1.377634	-0.068854	0.654415	1.645616	-0.106826	0.577934	1.511964	-0.129636	0.689195	1.569245	-0.002607	0.714647	1.333988	-0.049783	0.823947	1.365396	0.067463	0.775065	1.078641	-0.233871	0.759383	1.149089	-0.068470	0.790968	1.058451	-0.511587	NaN	NaN	NaN	1.003032	1.502299	-0.130001	1.092844	1.180895	-0.366754	1.100056	1.350149	-0.299686	0.929787	1.088452	-0.572984	1.044991	0.503078	0.203480	0.988078	0.051996	0.224642	1.021292	0.044748	0.326102	1.162451	0.099778	0.269846	1.097000	0.533019	-0.321892	0.980848	0.037599	-0.291781	0.979895	0.036796	-0.408987	1.129147	0.116305	-0.381492	1.141916	1.500955	-1.439174	1.130233	1.591781	-1.449989	1.182264	1.588062	-1.448405	0.926260	1.165351	-0.882317	0.937413	1.138710	-0.806692	0.893036	1.108373	-0.781098
254	0.702777778	1.037354	0.986938	0.064420	1.173080	1.027648	-0.245790	1.193444	1.049716	0.044587	1.270508	1.057099	-0.105689	0.894760	1.471813	-0.036736	0.956643	1.303308	0.056900	1.073329	1.377327	-0.067817	0.654326	1.645480	-0.106893	0.577823	1.511864	-0.129942	0.689014	1.568933	-0.002761	0.714099	1.334068	-0.051689	0.822462	1.364504	0.066627	0.774988	1.080571	-0.237672	0.758503	1.149417	-0.071621	0.792898	1.063370	-0.515597	NaN	NaN	NaN	1.002926	1.502332	-0.128749	1.094632	1.182488	-0.367090	1.101378	1.351258	-0.298489	0.932418	1.093608	-0.575447	1.044297	0.502890	0.203218	0.988065	0.051983	0.224632	1.021280	0.044775	0.326093	1.162374	0.099833	0.269836	1.097369	0.533049	-0.321935	0.980857	0.037614	-0.291776	0.979895	0.036787	-0.409013	1.129224	0.116270	-0.381488	1.154677	1.518208	-1.432907	1.143549	1.609382	-1.442574	1.195503	1.605288	-1.440412	0.932030	1.175438	-0.883346	0.942277	1.147484	-0.808075	0.897256	1.116846	-0.783452
255	0.705555556	1.036713	0.986656	0.063946	1.173583	1.027709	-0.245698	1.192869	1.049536	0.044744	1.270496	1.057060	-0.105151	0.894228	1.471357	-0.036473	0.955289	1.302477	0.056777	1.073469	1.377394	-0.066415	0.654243	1.645352	-0.106964	0.577726	1.511774	-0.130250	0.688830	1.568631	-0.002910	0.713601	1.334174	-0.053615	0.821012	1.363665	0.065792	0.774960	1.082463	-0.241496	0.757537	1.149814	-0.074690	0.794734	1.068403	-0.519469	NaN	NaN	NaN	1.002988	1.502338	-0.127437	1.096525	1.184191	-0.367244	1.102771	1.352342	-0.297209	0.935080	1.098836	-0.577824	1.043581	0.502734	0.202922	0.988059	0.051990	0.224593	1.021272	0.044795	0.326074	1.162300	0.099888	0.269823	1.097706	0.533072	-0.321972	0.980848	0.037637	-0.291798	0.979919	0.036783	-0.409030	1.129288	0.116226	-0.381479	1.167269	1.535504	-1.426233	1.156857	1.626871	-1.434446	1.208576	1.622392	-1.432009	0.937324	1.185127	-0.884495	0.947201	1.156233	-0.809232	0.902821	1.125231	-0.785017
256	0.708333333	1.036035	0.986349	0.063433	1.174263	1.027983	-0.245707	1.192289	1.049351	0.044905	1.270505	1.057034	-0.104685	0.893622	1.470914	-0.036144	0.953856	1.301639	0.056607	1.072514	1.376752	-0.065795	0.654180	1.645220	-0.107038	0.577655	1.511693	-0.130590	0.688660	1.568322	-0.003069	0.713170	1.334289	-0.055467	0.819599	1.362807	0.064957	0.774740	1.084517	-0.245299	0.756728	1.150192	-0.077885	0.796583	1.073446	-0.523243	NaN	NaN	NaN	1.003020	1.502390	-0.126204	1.098432	1.185866	-0.367529	1.104001	1.353384	-0.295989	0.937791	1.104031	-0.580115	1.042896	0.502543	0.202650	0.988041	0.051984	0.224560	1.021242	0.044795	0.326043	1.162243	0.099934	0.269810	1.098031	0.533076	-0.321990	0.980846	0.037627	-0.291812	0.979894	0.036768	-0.409043	1.129394	0.116208	-0.381452	1.180270	1.552983	-1.419109	1.169844	1.644243	-1.425953	1.221726	1.639538	-1.423240	0.944072	1.194854	-0.884914	0.952249	1.164925	-0.810272	0.906501	1.133919	-0.787524
257	0.711111111	1.035327	0.986080	0.062924	1.175089	1.028481	-0.245894	1.191648	1.049135	0.045067	1.270493	1.056947	-0.104245	0.892987	1.470465	-0.035824	0.952618	1.300927	0.056377	1.072545	1.376780	-0.064439	0.654095	1.645080	-0.107100	0.577600	1.511608	-0.130940	0.688505	1.567983	-0.003236	0.712629	1.334421	-0.057359	0.818038	1.361905	0.064107	0.774739	1.086568	-0.249106	0.755907	1.150621	-0.080979	0.798674	1.078434	-0.527094	NaN	NaN	NaN	1.002978	1.502392	-0.124896	1.100281	1.187494	-0.367760	1.105230	1.354466	-0.294737	0.940525	1.109397	-0.582342	1.042250	0.502407	0.202406	0.988032	0.051969	0.224564	1.021236	0.044810	0.326031	1.162182	0.099944	0.269787	1.098360	0.533089	-0.322029	0.980847	0.037649	-0.291833	0.979936	0.036742	-0.409057	1.129462	0.116169	-0.381445	1.192365	1.569917	-1.411949	1.182429	1.661130	-1.417464	1.234623	1.656401	-1.413929	0.948972	1.205264	-0.885714	0.957071	1.173625	-0.811256	0.911281	1.142411	-0.789305
258	0.713888889	1.034658	0.985832	0.062377	1.175244	1.028098	-0.245563	1.191039	1.048907	0.045241	1.270479	1.056883	-0.103795	0.892383	1.470049	-0.035536	0.951226	1.300155	0.056229	1.072026	1.376424	-0.063304	0.654015	1.644955	-0.107178	0.577497	1.511533	-0.131279	0.688314	1.567658	-0.003415	0.712218	1.334621	-0.059247	0.816598	1.361109	0.063263	0.774863	1.088569	-0.252962	0.755107	1.151040	-0.084121	0.800798	1.083634	-0.530895	NaN	NaN	NaN	1.002889	1.502341	-0.123615	1.102244	1.189126	-0.367918	1.106487	1.355552	-0.293415	0.943199	1.114666	-0.584519	1.041609	0.502243	0.202151	0.988008	0.051953	0.224530	1.021227	0.044810	0.325993	1.162131	0.099983	0.269783	1.098709	0.533106	-0.322056	0.980822	0.037642	-0.291858	0.979937	0.036755	-0.409074	1.129548	0.116143	-0.381420	1.205318	1.587259	-1.403721	1.195888	1.678752	-1.408021	1.247494	1.673286	-1.404367	0.954750	1.214946	-0.885887	0.962079	1.182316	-0.812035	0.915776	1.151147	-0.791053
259	0.716666667	1.034007	0.985585	0.061868	1.175716	1.028165	-0.245498	1.190385	1.048666	0.045396	1.270503	1.056853	-0.103332	0.891870	1.469678	-0.035176	0.949851	1.299374	0.056063	1.071626	1.376104	-0.062406	0.653928	1.644810	-0.107257	0.577400	1.511471	-0.131597	0.688134	1.567360	-0.003577	0.711874	1.334695	-0.061218	0.815098	1.360243	0.062335	0.774924	1.090747	-0.256715	0.754293	1.151484	-0.087263	0.802789	1.088878	-0.534530	NaN	NaN	NaN	1.002885	1.502348	-0.122321	1.103954	1.190740	-0.368151	1.107694	1.356565	-0.292151	0.946110	1.120179	-0.586654	1.040933	0.502301	0.202115	0.988017	0.051954	0.224499	1.021206	0.044854	0.325979	1.162064	0.100031	0.269743	1.099063	0.533110	-0.322106	0.980821	0.037646	-0.291871	0.979935	0.036715	-0.409090	1.129642	0.116109	-0.381406	1.217055	1.603982	-1.396041	1.208704	1.695842	-1.398452	1.260331	1.690039	-1.394416	0.961130	1.225138	-0.885709	0.967035	1.191181	-0.812670	0.921419	1.159706	-0.791875
260	0.719444444	1.033378	0.985282	0.061339	1.176189	1.028184	-0.245406	1.189761	1.048459	0.045554	1.270420	1.056735	-0.102797	0.891266	1.469219	-0.034978	0.948580	1.298581	0.055785	1.071009	1.375690	-0.061351	0.653837	1.644662	-0.107320	0.577301	1.511406	-0.131922	0.687929	1.567068	-0.003752	0.711241	1.335015	-0.063097	0.813664	1.359422	0.061388	0.775160	1.092793	-0.260591	0.753545	1.151975	-0.090422	0.804838	1.093989	-0.538135	NaN	NaN	NaN	1.003161	1.502378	-0.120941	1.105988	1.192525	-0.368246	1.108931	1.357631	-0.290877	0.948917	1.125574	-0.588636	1.040337	0.502166	0.201830	0.987993	0.051940	0.224475	1.021194	0.044852	0.325964	1.161994	0.100062	0.269735	1.099406	0.533121	-0.322149	0.980814	0.037669	-0.291882	0.979960	0.036710	-0.409109	1.129733	0.116074	-0.381397	1.229256	1.620844	-1.387443	1.220948	1.712449	-1.388758	1.272960	1.706764	-1.384094	0.966894	1.235009	-0.885623	0.972089	1.199990	-0.813122	0.925171	1.168463	-0.793911
261	0.722222222	1.032714	0.985020	0.060850	1.176749	1.028239	-0.245322	1.189442	1.048471	0.045956	1.270340	1.056601	-0.102330	0.890641	1.468797	-0.034660	0.947194	1.297807	0.055533	1.070523	1.375317	-0.060452	0.653776	1.644528	-0.107378	0.577191	1.511341	-0.132257	0.687757	1.566747	-0.003929	0.710967	1.335184	-0.064985	0.812251	1.358632	0.060488	0.775297	1.094992	-0.264352	0.752717	1.152523	-0.093564	0.807131	1.099304	-0.541686	NaN	NaN	NaN	1.003045	1.502327	-0.119654	1.107801	1.194176	-0.368453	1.110185	1.358736	-0.289564	0.951825	1.131121	-0.590586	1.039673	0.501833	0.201269	0.988016	0.051929	0.224428	1.021194	0.044889	0.325924	1.161952	0.100077	0.269721	1.099750	0.533125	-0.322191	0.980829	0.037668	-0.291922	0.979967	0.036686	-0.409123	1.129811	0.116047	-0.381376	1.242019	1.637978	-1.378142	1.234058	1.729665	-1.378140	1.285518	1.723291	-1.373120	0.972704	1.245281	-0.885602	0.977137	1.208873	-0.813389	0.929891	1.177146	-0.795107
262	0.725000000	1.032112	0.984746	0.060349	1.177319	1.028283	-0.245224	1.188812	1.048210	0.046095	1.270282	1.056501	-0.101905	0.889985	1.468316	-0.034380	0.945745	1.297014	0.055275	1.069913	1.374879	-0.059592	0.653714	1.644383	-0.107440	0.577087	1.511261	-0.132641	0.687582	1.566462	-0.004101	0.710532	1.335497	-0.066982	0.810723	1.357773	0.059536	0.775689	1.097186	-0.268212	0.752027	1.153067	-0.096759	0.809457	1.104692	-0.545202	NaN	NaN	NaN	1.002939	1.502282	-0.118423	1.109659	1.195784	-0.368573	1.111447	1.359758	-0.288240	0.954601	1.136508	-0.592468	1.038660	0.501599	0.200865	0.988007	0.051932	0.224415	1.021187	0.044896	0.325905	1.161903	0.100079	0.269700	1.100079	0.533087	-0.322239	0.980814	0.037703	-0.291942	0.979969	0.036673	-0.409143	1.129905	0.116013	-0.381369	1.253512	1.654354	-1.369209	1.246624	1.746443	-1.367360	1.297979	1.739770	-1.362076	0.978118	1.255189	-0.885275	0.982100	1.217764	-0.813523	0.934621	1.185985	-0.796115
263	0.727777778	1.031411	0.984448	0.059783	1.177856	1.028300	-0.245133	1.188137	1.047966	0.046217	1.270287	1.056444	-0.101457	0.889371	1.467878	-0.034151	0.944489	1.296301	0.055022	1.069355	1.374487	-0.058662	0.653611	1.644228	-0.107524	0.577009	1.511178	-0.133048	0.687397	1.566135	-0.004254	0.710066	1.335821	-0.068783	0.809279	1.356961	0.058543	0.775899	1.099535	-0.271875	0.751199	1.153755	-0.099896	0.811632	1.110027	-0.548577	NaN	NaN	NaN	1.002732	1.502245	-0.117243	1.111578	1.197505	-0.368668	1.112598	1.360753	-0.286926	0.957534	1.142167	-0.594221	1.038030	0.501448	0.200589	0.988018	0.051932	0.224379	1.021186	0.044921	0.325868	1.161862	0.100130	0.269675	1.100409	0.533047	-0.322265	0.980855	0.037695	-0.291974	0.979989	0.036672	-0.409166	1.130002	0.115977	-0.381352	1.265414	1.671092	-1.359613	1.258615	1.762811	-1.356378	1.310336	1.755897	-1.350812	0.984832	1.264996	-0.884699	0.987183	1.226660	-0.813524	0.940174	1.194674	-0.796529
264	0.730555556	1.030766	0.984157	0.059249	1.178356	1.028327	-0.245028	1.187458	1.047712	0.046333	1.270291	1.056365	-0.100936	0.888765	1.467448	-0.033906	0.943086	1.295466	0.054765	1.068795	1.374133	-0.057706	0.653535	1.644093	-0.107594	0.576961	1.511111	-0.133447	0.687169	1.565801	-0.004444	0.709720	1.336111	-0.070764	0.807809	1.356197	0.057563	0.776085	1.101877	-0.275582	0.750588	1.154397	-0.103078	0.813929	1.115486	-0.551816	NaN	NaN	NaN	1.002688	1.502217	-0.115974	1.113382	1.199137	-0.368792	1.113740	1.361706	-0.285578	0.959880	1.147031	-0.596093	1.037331	0.501480	0.200483	0.988008	0.051947	0.224339	1.021197	0.044944	0.325844	1.161803	0.100200	0.269661	1.100713	0.533028	-0.322301	0.980829	0.037701	-0.291998	0.980013	0.036660	-0.409190	1.130096	0.115968	-0.381324	1.277838	1.687743	-1.349239	1.271358	1.779643	-1.344546	1.322483	1.772047	-1.339022	0.990119	1.275112	-0.883746	0.992229	1.235592	-0.813342	0.944015	1.203494	-0.797913
265	0.733333333	1.030069	0.983865	0.058687	1.178828	1.028332	-0.244945	1.186793	1.047460	0.046432	1.270197	1.056214	-0.100428	0.888146	1.466983	-0.033663	0.941675	1.294688	0.054463	1.068286	1.373732	-0.056778	0.653450	1.643948	-0.107674	0.576904	1.511046	-0.133857	0.686957	1.565474	-0.004635	0.709346	1.336416	-0.072674	0.806391	1.355388	0.056569	0.776414	1.104169	-0.279242	0.749909	1.155088	-0.106281	0.816189	1.120881	-0.555094	NaN	NaN	NaN	1.002797	1.502189	-0.114423	1.115307	1.200847	-0.368863	1.114919	1.362627	-0.284205	0.962704	1.152585	-0.597728	1.036749	0.501315	0.200223	0.988001	0.051910	0.224309	1.021181	0.044946	0.325818	1.161781	0.100230	0.269667	1.100993	0.533010	-0.322353	0.980871	0.037739	-0.292017	0.980027	0.036654	-0.409204	1.130195	0.115927	-0.381297	1.289612	1.704211	-1.338769	1.283090	1.795821	-1.332677	1.334345	1.788100	-1.326313	0.996071	1.285430	-0.882802	0.997203	1.244331	-0.813099	0.949711	1.212325	-0.797856
266	0.736111111	1.029467	0.983616	0.058144	1.179309	1.028389	-0.244860	1.186125	1.047202	0.046487	1.270183	1.056118	-0.099975	0.887464	1.466537	-0.033403	0.940327	1.293953	0.054059	1.067678	1.373360	-0.055804	0.653357	1.643794	-0.107752	0.576842	1.510985	-0.134223	0.686758	1.565130	-0.004817	0.708982	1.336762	-0.074530	0.804947	1.354630	0.055560	0.776742	1.106629	-0.282872	0.749265	1.155782	-0.109414	0.818759	1.126549	-0.558427	NaN	NaN	NaN	1.002591	1.502015	-0.113214	1.117081	1.202454	-0.368933	1.116048	1.363568	-0.282871	0.965605	1.158137	-0.599354	1.036134	0.501176	0.199924	0.988041	0.051941	0.224294	1.021200	0.044975	0.325807	1.161737	0.100240	0.269661	1.101285	0.533022	-0.322386	0.980881	0.037740	-0.292035	0.980034	0.036653	-0.409212	1.130288	0.115914	-0.381290	1.301201	1.720444	-1.328005	1.295416	1.812350	-1.320141	1.346360	1.803835	-1.314281	1.001894	1.295386	-0.881528	1.002264	1.253366	-0.812617	0.953675	1.221232	-0.798899
267	0.738888889	1.028844	0.983365	0.057603	1.179803	1.028444	-0.244769	1.185490	1.046978	0.046593	1.270151	1.056047	-0.099547	0.886840	1.466215	-0.033135	0.939023	1.293193	0.053778	1.067233	1.372999	-0.054825	0.653264	1.643658	-0.107811	0.576677	1.510954	-0.134551	0.686549	1.564795	-0.005017	0.708647	1.337049	-0.076520	0.803458	1.353890	0.054551	0.777064	1.109126	-0.286523	0.748754	1.156449	-0.112644	0.820989	1.132004	-0.561422	NaN	NaN	NaN	1.002410	1.501871	-0.112012	1.118982	1.204177	-0.368907	1.117200	1.364543	-0.281536	0.968515	1.163705	-0.600865	1.035490	0.501019	0.199659	0.988012	0.051908	0.224264	1.021205	0.045004	0.325778	1.161685	0.100253	0.269632	1.101590	0.533014	-0.322451	0.980871	0.037726	-0.292071	0.980038	0.036617	-0.409235	1.130370	0.115877	-0.381279	1.312019	1.736309	-1.317242	1.307124	1.828241	-1.307437	1.358132	1.819532	-1.301385	1.007087	1.304916	-0.881008	1.007259	1.262185	-0.812002	0.958514	1.230068	-0.799309
268	0.741666667	1.028168	0.983093	0.057049	1.180922	1.029110	-0.244768	1.184789	1.046768	0.046706	1.270188	1.055998	-0.099054	0.886228	1.465791	-0.032914	0.937489	1.292386	0.053535	1.066657	1.372624	-0.053835	0.653169	1.643515	-0.107895	0.576542	1.510895	-0.134905	0.686326	1.564461	-0.005238	0.708237	1.337509	-0.078318	0.802034	1.353119	0.053551	0.777402	1.111678	-0.290108	0.748033	1.157242	-0.115787	0.823425	1.137609	-0.564394	NaN	NaN	NaN	1.002194	1.501728	-0.110829	1.120859	1.205887	-0.368991	1.118329	1.365493	-0.280163	0.972129	1.169993	-0.602605	1.034860	0.500888	0.199315	0.988024	0.051910	0.224237	1.021203	0.045032	0.325754	1.161615	0.100279	0.269626	1.101901	0.533025	-0.322485	0.980883	0.037774	-0.292097	0.980075	0.036624	-0.409259	1.130470	0.115872	-0.381263	1.323424	1.752222	-1.305751	1.319033	1.844385	-1.294215	1.369748	1.834972	-1.288059	1.013499	1.315293	-0.878582	1.012233	1.270977	-0.811454	0.963304	1.238907	-0.799489
269	0.744444444	1.027531	0.982862	0.056492	1.181481	1.029142	-0.244629	1.184154	1.046578	0.046815	1.270150	1.055910	-0.098561	0.885590	1.465342	-0.032702	0.936085	1.291666	0.053182	1.066082	1.372202	-0.052869	0.653058	1.643366	-0.107976	0.576413	1.510811	-0.135299	0.686128	1.564111	-0.005422	0.707979	1.337873	-0.080310	0.800548	1.352363	0.052500	0.777878	1.114146	-0.293727	0.747472	1.158049	-0.118926	0.825873	1.143237	-0.567294	NaN	NaN	NaN	1.002037	1.501638	-0.109635	1.122736	1.207541	-0.368982	1.119419	1.366360	-0.278755	0.974476	1.175166	-0.603761	1.034192	0.500698	0.198994	0.988049	0.051909	0.224195	1.021200	0.045044	0.325730	1.161583	0.100369	0.269620	1.102200	0.533019	-0.322540	0.980885	0.037774	-0.292097	0.980103	0.036613	-0.409280	1.130572	0.115862	-0.381248	1.335262	1.768460	-1.293493	1.330552	1.860055	-1.280740	1.381189	1.850337	-1.274417	1.018322	1.325141	-0.877647	1.017262	1.279986	-0.810265	0.968053	1.247812	-0.799503
270	0.747222222	1.026918	0.982593	0.055922	1.182019	1.029160	-0.244525	1.183545	1.046354	0.046917	1.269982	1.055749	-0.098081	0.884923	1.464863	-0.032486	0.934757	1.290896	0.052739	1.065523	1.371780	-0.051898	0.652946	1.643230	-0.108071	0.576267	1.510715	-0.135703	0.685881	1.563753	-0.005624	0.706764	1.338639	-0.082409	0.799137	1.351643	0.051473	0.778383	1.116836	-0.297264	0.746908	1.158869	-0.122152	0.828315	1.148999	-0.570094	NaN	NaN	NaN	1.001824	1.501514	-0.108378	1.124498	1.209129	-0.368992	1.120484	1.367242	-0.277369	0.976982	1.180375	-0.604837	1.033543	0.500496	0.198668	0.988030	0.051921	0.224173	1.021186	0.045069	0.325685	1.161519	0.100402	0.269610	1.102520	0.533023	-0.322583	0.980900	0.037820	-0.292139	0.980129	0.036600	-0.409310	1.130640	0.115833	-0.381230	1.345751	1.783841	-1.281687	1.341386	1.874950	-1.268717	1.392462	1.865514	-1.260464	1.025012	1.335546	-0.874967	1.022340	1.288742	-0.809363	0.973646	1.256746	-0.798762
271	0.750000000	1.026250	0.982274	0.055367	1.182539	1.029192	-0.244399	1.182911	1.046123	0.047034	1.269863	1.055597	-0.097612	0.884284	1.464399	-0.032305	0.933348	1.290155	0.052415	1.064930	1.371356	-0.051002	0.652838	1.643091	-0.108160	0.576194	1.510630	-0.136155	0.685633	1.563386	-0.005824	0.706723	1.338962	-0.084190	0.797734	1.350931	0.050346	0.779038	1.119328	-0.300893	0.746298	1.159765	-0.125290	0.830800	1.154726	-0.572873	NaN	NaN	NaN	1.001637	1.501360	-0.107175	1.126399	1.210893	-0.368909	1.121557	1.368110	-0.275955	0.979022	1.185103	-0.605969	1.032917	0.500270	0.198356	0.988035	0.051912	0.224147	1.021187	0.045100	0.325675	1.161475	0.100393	0.269593	1.102866	0.533012	-0.322626	0.980901	0.037822	-0.292168	0.980140	0.036583	-0.409333	1.130718	0.115808	-0.381243	1.357227	1.799706	-1.268739	1.353555	1.890596	-1.253862	1.403560	1.880464	-1.246108	1.030715	1.345234	-0.873110	1.027291	1.297760	-0.807933	0.977659	1.265589	-0.798972
272	0.752777778	1.025604	0.981984	0.054839	1.182947	1.029180	-0.244318	1.182191	1.045913	0.047170	1.269779	1.055489	-0.097143	0.883668	1.463900	-0.032116	0.931885	1.289374	0.052067	1.064269	1.370930	-0.049997	0.652739	1.642945	-0.108250	0.576104	1.510577	-0.136628	0.685397	1.563036	-0.006023	0.706714	1.339361	-0.086099	0.796303	1.350185	0.049249	0.779617	1.122039	-0.304445	0.745872	1.160649	-0.128460	0.833229	1.160487	-0.575617	NaN	NaN	NaN	1.001401	1.501239	-0.105907	1.128211	1.212589	-0.368907	1.122609	1.368960	-0.274516	0.982038	1.190774	-0.607086	1.032255	0.500066	0.198028	0.988009	0.051892	0.224113	1.021183	0.045127	0.325630	1.161431	0.100438	0.269588	1.103197	0.532993	-0.322669	0.980877	0.037832	-0.292200	0.980152	0.036567	-0.409361	1.130824	0.115782	-0.381232	1.368030	1.815091	-1.255838	1.364483	1.905620	-1.239443	1.414549	1.895214	-1.231355	1.036521	1.354397	-0.871549	1.032255	1.306430	-0.806771	0.982438	1.274485	-0.798502
273	0.755555556	1.024972	0.981713	0.054275	1.183437	1.029226	-0.244194	1.181525	1.045683	0.047290	1.269737	1.055386	-0.096628	0.883072	1.463440	-0.031929	0.930525	1.288618	0.051603	1.063717	1.370489	-0.049125	0.652648	1.642806	-0.108341	0.576032	1.510503	-0.137053	0.685147	1.562673	-0.006225	0.706556	1.339868	-0.087919	0.794978	1.349512	0.048189	0.780186	1.124730	-0.307920	0.745349	1.161563	-0.131628	0.835835	1.166257	-0.578324	NaN	NaN	NaN	1.001230	1.501105	-0.104720	1.130031	1.214283	-0.368826	1.123572	1.369790	-0.273083	0.985041	1.196519	-0.608142	1.031630	0.499862	0.197691	0.987988	0.051888	0.224070	1.021175	0.045153	0.325617	1.161348	0.100452	0.269550	1.103510	0.532974	-0.322708	0.980894	0.037875	-0.292223	0.980168	0.036564	-0.409402	1.130896	0.115755	-0.381220	1.378634	1.830389	-1.242602	1.375364	1.920515	-1.224522	1.425264	1.909744	-1.216341	1.042921	1.364549	-0.868762	1.037187	1.315311	-0.805205	0.987500	1.283028	-0.798104
274	0.758333333	1.024257	0.981467	0.053671	1.183923	1.029267	-0.244050	1.180895	1.045462	0.047391	1.269701	1.055357	-0.096128	0.882448	1.462999	-0.031749	0.929144	1.287882	0.051171	1.063060	1.370036	-0.048168	0.652532	1.642667	-0.108442	0.575913	1.510422	-0.137448	0.684799	1.562393	-0.006430	0.706446	1.340336	-0.089675	0.793514	1.348800	0.047044	0.780830	1.127493	-0.311355	0.744872	1.162441	-0.134810	0.838516	1.172021	-0.580899	NaN	NaN	NaN	1.000962	1.500949	-0.103444	1.131740	1.215930	-0.368784	1.124555	1.370649	-0.271678	0.987936	1.202142	-0.609111	1.030976	0.499723	0.197370	0.988012	0.051910	0.224063	1.021162	0.045172	0.325592	1.161269	0.100520	0.269529	1.103806	0.532946	-0.322749	0.980866	0.037895	-0.292248	0.980178	0.036541	-0.409434	1.130975	0.115735	-0.381203	1.389004	1.845419	-1.229034	1.385969	1.935206	-1.209509	1.435912	1.924155	-1.200923	1.048656	1.374742	-0.866174	1.042155	1.324139	-0.803479	0.992127	1.291907	-0.797281
275	0.761111111	1.023617	0.981248	0.053102	1.184486	1.029343	-0.243933	1.180239	1.045276	0.047484	1.269625	1.055268	-0.095648	0.881769	1.462545	-0.031583	0.927689	1.287140	0.050829	1.062406	1.369595	-0.047238	0.652427	1.642536	-0.108539	0.575843	1.510359	-0.137868	0.684607	1.562091	-0.006662	0.706227	1.340901	-0.091600	0.792020	1.348096	0.045963	0.781414	1.130203	-0.314730	0.744390	1.163505	-0.137949	0.841195	1.177855	-0.583439	NaN	NaN	NaN	1.000805	1.500803	-0.102253	1.133712	1.217753	-0.368706	1.125589	1.371495	-0.270230	0.990922	1.207880	-0.609978	1.030311	0.499571	0.197019	0.987982	0.051901	0.224014	1.021167	0.045230	0.325553	1.161202	0.100554	0.269520	1.104112	0.532957	-0.322803	0.980890	0.037927	-0.292300	0.980195	0.036538	-0.409465	1.131052	0.115711	-0.381214	1.398800	1.859996	-1.215482	1.396523	1.949665	-1.193887	1.446209	1.938289	-1.185281	1.053642	1.384918	-0.863035	1.047022	1.332983	-0.801622	0.996914	1.300753	-0.796332
276	0.763888889	1.022959	0.980998	0.052576	1.185048	1.029390	-0.243800	1.179562	1.045093	0.047612	1.269585	1.055184	-0.095205	0.881049	1.462033	-0.031427	0.926224	1.286360	0.050339	1.061901	1.369191	-0.046394	0.652353	1.642404	-0.108641	0.575760	1.510281	-0.138334	0.684406	1.561766	-0.006903	0.706002	1.341398	-0.093372	0.790631	1.347420	0.044850	0.782007	1.133005	-0.318100	0.744012	1.164497	-0.141064	0.843982	1.183774	-0.585794	NaN	NaN	NaN	1.000557	1.500632	-0.101010	1.135373	1.219362	-0.368632	1.126600	1.372286	-0.268806	0.994029	1.213711	-0.610836	1.029678	0.499412	0.196663	0.987985	0.051882	0.223994	1.021136	0.045224	0.325520	1.161148	0.100586	0.269499	1.104433	0.532960	-0.322849	0.980883	0.037943	-0.292314	0.980212	0.036523	-0.409497	1.131163	0.115693	-0.381212	1.408876	1.874708	-1.201182	1.406787	1.963872	-1.178187	1.456509	1.952261	-1.169112	1.059778	1.394474	-0.860280	1.051995	1.341759	-0.799606	1.002357	1.309733	-0.794924
277	0.766666667	1.022301	0.980740	0.052022	1.185531	1.029403	-0.243688	1.178927	1.044899	0.047718	1.269517	1.055086	-0.094735	0.880377	1.461551	-0.031325	0.924933	1.285579	0.049854	1.061164	1.368719	-0.045453	0.652234	1.642278	-0.108742	0.575601	1.510230	-0.138737	0.684148	1.561400	-0.007147	0.705818	1.341938	-0.095222	0.789242	1.346761	0.043688	0.782655	1.135932	-0.321402	0.743595	1.165458	-0.144159	0.846721	1.189643	-0.588070	NaN	NaN	NaN	1.000318	1.500435	-0.099807	1.137287	1.221134	-0.368521	1.127482	1.373076	-0.267377	0.996900	1.219352	-0.611559	1.029045	0.499232	0.196308	0.987952	0.051865	0.223946	1.021133	0.045252	0.325487	1.161069	0.100627	0.269493	1.104705	0.532970	-0.322891	0.980899	0.037948	-0.292347	0.980216	0.036508	-0.409537	1.131231	0.115662	-0.381209	1.419455	1.889510	-1.186139	1.417020	1.978280	-1.161114	1.466403	1.965942	-1.152740	1.065237	1.404257	-0.857088	1.056796	1.350515	-0.797432	1.006576	1.318516	-0.793922
278	0.769444444	1.021627	0.980427	0.051441	1.185977	1.029374	-0.243583	1.178271	1.044657	0.047835	1.269409	1.054987	-0.094264	0.879792	1.461079	-0.031165	0.923511	1.284833	0.049449	1.060499	1.368220	-0.044524	0.652122	1.642147	-0.108836	0.575486	1.510160	-0.139178	0.683900	1.561015	-0.007363	0.705733	1.342424	-0.097077	0.787893	1.346062	0.042547	0.783401	1.138758	-0.324731	0.743122	1.166596	-0.147293	0.849576	1.195658	-0.590289	NaN	NaN	NaN	0.999990	1.500250	-0.098602	1.138974	1.222781	-0.368427	1.128431	1.373867	-0.265894	0.999938	1.225133	-0.612194	1.028388	0.499038	0.195954	0.987947	0.051873	0.223920	1.021124	0.045289	0.325443	1.160995	0.100683	0.269456	1.104975	0.532966	-0.322936	0.980881	0.038000	-0.292377	0.980222	0.036482	-0.409577	1.131317	0.115639	-0.381204	1.429021	1.903771	-1.171259	1.426744	1.991756	-1.145576	1.476319	1.979502	-1.135973	1.070621	1.413830	-0.853552	1.061691	1.359285	-0.795123	1.011741	1.327456	-0.792231
279	0.772222222	1.020965	0.980124	0.050873	1.186399	1.029344	-0.243451	1.177599	1.044444	0.047937	1.269264	1.054884	-0.093774	0.879092	1.460628	-0.031010	0.922046	1.284093	0.048977	1.059903	1.367753	-0.043708	0.651996	1.642017	-0.108973	0.575410	1.510090	-0.139636	0.683615	1.560656	-0.007580	0.705468	1.343035	-0.098863	0.786532	1.345383	0.041394	0.784134	1.141652	-0.328013	0.742899	1.167658	-0.150418	0.852296	1.201641	-0.592383	NaN	NaN	NaN	0.999732	1.500059	-0.097443	1.140832	1.224578	-0.368312	1.129364	1.374632	-0.264459	1.002953	1.230918	-0.612758	1.027769	0.498871	0.195632	0.987951	0.051888	0.223880	1.021112	0.045331	0.325411	1.160915	0.100690	0.269426	1.105251	0.532964	-0.322977	0.980903	0.038007	-0.292417	0.980238	0.036481	-0.409624	1.131393	0.115617	-0.381199	1.438240	1.917630	-1.156243	1.434878	2.004615	-1.129990	1.485874	1.992808	-1.118931	1.075846	1.423344	-0.850158	1.066384	1.367917	-0.792659	1.016623	1.336239	-0.790658
280	0.775000000	1.020275	0.979843	0.050302	1.186901	1.029371	-0.243289	1.176932	1.044232	0.048034	1.269106	1.054694	-0.093263	0.878372	1.460171	-0.030912	0.920713	1.283355	0.048422	1.059136	1.367220	-0.042784	0.651871	1.641895	-0.109077	0.575301	1.509996	-0.140056	0.683410	1.560283	-0.007808	0.705425	1.343612	-0.100669	0.785177	1.344753	0.040190	0.784827	1.144790	-0.331286	0.742472	1.168795	-0.153447	0.855088	1.207664	-0.594341	NaN	NaN	NaN	0.999504	1.499823	-0.096233	1.142529	1.226183	-0.368185	1.130217	1.375343	-0.263022	1.006048	1.236723	-0.613211	1.027128	0.498692	0.195295	0.987932	0.051875	0.223847	1.021095	0.045338	0.325366	1.160859	0.100717	0.269401	1.105553	0.532946	-0.323039	0.980886	0.038028	-0.292462	0.980254	0.036461	-0.409639	1.131502	0.115579	-0.381199	1.448206	1.931776	-1.140334	1.446005	2.019096	-1.110525	1.495268	2.005867	-1.101516	1.081653	1.433176	-0.846255	1.071206	1.376577	-0.790026	1.020643	1.345057	-0.789190
281	0.777777778	1.019619	0.979564	0.049714	1.187442	1.029433	-0.243153	1.176229	1.043997	0.048141	1.268996	1.054575	-0.092793	0.877667	1.459728	-0.030807	0.919384	1.282595	0.047968	1.058533	1.366777	-0.041993	0.651726	1.641742	-0.109200	0.575180	1.509916	-0.140468	0.683189	1.559924	-0.008039	0.705165	1.344168	-0.102402	0.783920	1.344091	0.039055	0.785683	1.147686	-0.334543	0.742322	1.169882	-0.156553	0.857926	1.213581	-0.596321	NaN	NaN	NaN	0.999267	1.499621	-0.095079	1.144421	1.227961	-0.367969	1.131095	1.376079	-0.261559	1.008937	1.242454	-0.613597	1.026481	0.498499	0.194956	0.987931	0.051852	0.223808	1.021088	0.045364	0.325339	1.160819	0.100790	0.269355	1.105847	0.532939	-0.323112	0.980896	0.038037	-0.292474	0.980280	0.036440	-0.409698	1.131608	0.115542	-0.381188	1.456946	1.945141	-1.124558	1.454731	2.031740	-1.093617	1.504521	2.018685	-1.083781	1.086522	1.443030	-0.842221	1.075996	1.385282	-0.787219	1.026363	1.353619	-0.787147
282	0.780555556	1.019013	0.979288	0.049144	1.187927	1.029440	-0.242992	1.175556	1.043808	0.048226	1.268908	1.054484	-0.092318	0.877027	1.459287	-0.030731	0.917936	1.281838	0.047494	1.057855	1.366231	-0.041147	0.651588	1.641600	-0.109332	0.575039	1.509851	-0.140913	0.682945	1.559584	-0.008302	0.705034	1.344763	-0.104131	0.782558	1.343443	0.037833	0.786547	1.150703	-0.337776	0.741977	1.171135	-0.159597	0.861115	1.219528	-0.598238	NaN	NaN	NaN	0.998914	1.499370	-0.093915	1.146148	1.229629	-0.367809	1.131956	1.376820	-0.260120	1.011989	1.248298	-0.613844	1.025817	0.498336	0.194623	0.987912	0.051863	0.223767	1.021091	0.045392	0.325289	1.160735	0.100838	0.269332	1.106156	0.532922	-0.323178	0.980890	0.038053	-0.292533	0.980310	0.036419	-0.409716	1.131695	0.115516	-0.381188	1.466450	1.958743	-1.107984	1.464376	2.045024	-1.075305	1.513582	2.031272	-1.065797	1.092277	1.452316	-0.838290	1.080761	1.393959	-0.784265	1.030511	1.362669	-0.784994
283	0.783333333	1.018380	0.979074	0.048593	1.188356	1.029409	-0.242857	1.174886	1.043592	0.048315	1.268860	1.054441	-0.091851	0.876406	1.458853	-0.030670	0.916519	1.281086	0.046906	1.057171	1.365735	-0.040310	0.651475	1.641459	-0.109461	0.574941	1.509802	-0.141370	0.682929	1.559210	-0.008626	0.704943	1.345376	-0.105845	0.781273	1.342800	0.036675	0.787580	1.153723	-0.340911	0.741713	1.172216	-0.162678	0.863928	1.225550	-0.599985	NaN	NaN	NaN	0.998623	1.499096	-0.092759	1.148024	1.231368	-0.367600	1.132769	1.377473	-0.258694	1.014964	1.254065	-0.614133	1.025118	0.498157	0.194260	0.987938	0.051867	0.223723	1.021095	0.045429	0.325268	1.160677	0.100927	0.269316	1.106498	0.532895	-0.323233	0.980905	0.038090	-0.292558	0.980321	0.036413	-0.409767	1.131813	0.115466	-0.381172	1.475230	1.971977	-1.091434	1.473086	2.057700	-1.057206	1.522305	2.043676	-1.047527	1.097509	1.461895	-0.833944	1.085354	1.402465	-0.781103	1.034812	1.371348	-0.782978
284	0.786111111	1.017714	0.978825	0.047988	1.188720	1.029333	-0.242688	1.174224	1.043385	0.048409	1.268736	1.054343	-0.091343	0.875667	1.458357	-0.030541	0.915289	1.280398	0.046360	1.056538	1.365222	-0.039490	0.651349	1.641308	-0.109598	0.574835	1.509768	-0.141878	0.682659	1.558907	-0.008923	0.704828	1.346017	-0.107548	0.779913	1.342181	0.035442	0.788365	1.156853	-0.343962	0.741503	1.173466	-0.165723	0.866787	1.231653	-0.601655	NaN	NaN	NaN	0.998379	1.498848	-0.091642	1.149716	1.233037	-0.367429	1.133598	1.378155	-0.257197	1.018087	1.259932	-0.614217	1.024509	0.497958	0.193919	0.987917	0.051872	0.223698	1.021075	0.045445	0.325231	1.160643	0.100952	0.269303	1.106792	0.532872	-0.323280	0.980918	0.038100	-0.292597	0.980354	0.036406	-0.409810	1.131895	0.115432	-0.381181	1.483895	1.984575	-1.074364	1.481773	2.070090	-1.038908	1.530798	2.055706	-1.028920	1.102863	1.471593	-0.829535	1.090022	1.411068	-0.777819	1.039252	1.380102	-0.780647
285	0.788888889	1.017027	0.978512	0.047341	1.189135	1.029280	-0.242543	1.173580	1.043206	0.048498	1.268635	1.054232	-0.090870	0.874981	1.457872	-0.030425	0.913966	1.279652	0.045826	1.055812	1.364699	-0.038729	0.651244	1.641181	-0.109759	0.574788	1.509717	-0.142417	0.682459	1.558599	-0.009210	0.704839	1.346639	-0.109306	0.778656	1.341531	0.034290	0.789161	1.160032	-0.347022	0.741383	1.174710	-0.168796	0.869631	1.237814	-0.603213	NaN	NaN	NaN	0.998075	1.498572	-0.090507	1.151491	1.234722	-0.367164	1.134414	1.378810	-0.255740	1.021071	1.265802	-0.614162	1.023886	0.497739	0.193529	0.987916	0.051857	0.223653	1.021083	0.045498	0.325189	1.160600	0.100948	0.269269	1.107081	0.532864	-0.323337	0.980915	0.038151	-0.292628	0.980374	0.036393	-0.409844	1.132018	0.115392	-0.381147	1.492358	1.997657	-1.057373	1.489974	2.082064	-1.020246	1.539131	2.067528	-1.010012	1.107882	1.480711	-0.824832	1.094600	1.419596	-0.774332	1.043918	1.388764	-0.778170
286	0.791666667	1.016462	0.978213	0.046804	1.189541	1.029253	-0.242406	1.172933	1.042990	0.048563	1.268489	1.054065	-0.090401	0.874311	1.457379	-0.030368	0.912507	1.278880	0.045242	1.055095	1.364138	-0.037913	0.651132	1.641040	-0.109934	0.574789	1.509632	-0.142972	0.682257	1.558279	-0.009502	0.704839	1.347286	-0.110969	0.777389	1.340928	0.033056	0.790016	1.163270	-0.350000	0.741169	1.176043	-0.171798	0.872570	1.243942	-0.604660	NaN	NaN	NaN	0.997736	1.498289	-0.089402	1.153267	1.236411	-0.366936	1.135210	1.379446	-0.254311	1.024042	1.271598	-0.614133	1.023265	0.497508	0.193145	0.987927	0.051833	0.223611	1.021072	0.045515	0.325140	1.160559	0.101018	0.269227	1.107375	0.532846	-0.323364	0.980933	0.038150	-0.292678	0.980405	0.036378	-0.409888	1.132107	0.115337	-0.381161	1.500385	2.010477	-1.040605	1.498366	2.094012	-1.001267	1.547297	2.079027	-0.991004	1.112514	1.489827	-0.820070	1.098974	1.427871	-0.770802	1.048326	1.397424	-0.775477
287	0.794444444	1.015818	0.977878	0.046223	1.190058	1.029266	-0.242263	1.172245	1.042759	0.048645	1.268379	1.053966	-0.089973	0.873759	1.456950	-0.030314	0.911106	1.278161	0.044682	1.054490	1.363621	-0.037185	0.651001	1.640917	-0.110128	0.574776	1.509547	-0.143509	0.682020	1.557948	-0.009805	0.704617	1.347913	-0.112617	0.776145	1.340293	0.031810	0.790941	1.166578	-0.352867	0.741012	1.177380	-0.174812	0.875472	1.250154	-0.606021	NaN	NaN	NaN	0.997471	1.498024	-0.088265	1.155100	1.238145	-0.366651	1.136000	1.380045	-0.252812	1.026996	1.277459	-0.614021	1.022648	0.497313	0.192805	0.987929	0.051846	0.223573	1.021072	0.045538	0.325099	1.160460	0.101063	0.269201	1.107673	0.532853	-0.323447	0.980946	0.038194	-0.292714	0.980437	0.036373	-0.409939	1.132214	0.115314	-0.381158	1.508509	2.022815	-1.022867	1.506237	2.105363	-0.982148	1.555445	2.090226	-0.971351	1.118086	1.499290	-0.815005	1.103654	1.436485	-0.766916	1.052954	1.406021	-0.772690
288	0.797222222	1.015196	0.977561	0.045623	1.189532	1.028156	-0.242062	1.171579	1.042515	0.048704	1.268230	1.053846	-0.089503	0.873180	1.456498	-0.030272	0.909898	1.277471	0.044099	1.053700	1.363033	-0.036401	0.650909	1.640790	-0.110301	0.574733	1.509503	-0.144021	0.681765	1.557617	-0.010085	0.704672	1.348482	-0.114299	0.774899	1.339665	0.030563	0.792034	1.169752	-0.355854	0.740859	1.178673	-0.177751	0.878462	1.256322	-0.607337	NaN	NaN	NaN	0.997146	1.497736	-0.087186	1.156779	1.239777	-0.366422	1.136766	1.380634	-0.251370	1.030071	1.283305	-0.613728	1.022010	0.497095	0.192473	0.987945	0.051848	0.223536	1.021075	0.045571	0.325051	1.160448	0.101093	0.269194	1.107954	0.532808	-0.323479	0.980920	0.038213	-0.292765	0.980442	0.036367	-0.409973	1.132319	0.115281	-0.381148	1.516232	2.034704	-1.004925	1.513984	2.116745	-0.962688	1.562757	2.101145	-0.952074	1.122814	1.508561	-0.809843	1.108080	1.444968	-0.763072	1.057247	1.414683	-0.769715
289	0.800000000	1.014529	0.977259	0.045041	1.190599	1.028893	-0.241868	1.170860	1.042308	0.048788	1.268036	1.053702	-0.089017	0.872463	1.455966	-0.030193	0.908553	1.276785	0.043446	1.053015	1.362472	-0.035664	0.650809	1.640670	-0.110502	0.574594	1.509494	-0.144476	0.681503	1.557308	-0.010392	0.704637	1.349167	-0.115940	0.773663	1.339075	0.029301	0.793110	1.172952	-0.358797	0.740705	1.179965	-0.180732	0.881401	1.262469	-0.608578	NaN	NaN	NaN	0.996788	1.497436	-0.086092	1.158603	1.241525	-0.366104	1.137523	1.381244	-0.249911	1.033122	1.289233	-0.613407	1.021347	0.496910	0.192129	0.987923	0.051837	0.223505	1.021060	0.045583	0.325015	1.160401	0.101093	0.269186	1.108259	0.532819	-0.323533	0.980945	0.038249	-0.292804	0.980485	0.036343	-0.409994	1.132398	0.115239	-0.381146	1.522866	2.046195	-0.987597	1.521366	2.127559	-0.943063	1.569955	2.112232	-0.931647	1.127849	1.517651	-0.804492	1.112449	1.453178	-0.759035	1.061626	1.423188	-0.766569
290	0.802777778	1.013893	0.977011	0.044478	1.191164	1.029082	-0.241677	1.170164	1.042092	0.048860	1.267901	1.053577	-0.088578	0.871772	1.455393	-0.030166	0.907168	1.276040	0.042820	1.052362	1.361942	-0.034911	0.650716	1.640546	-0.110687	0.574432	1.509483	-0.144951	0.681254	1.556987	-0.010708	0.704603	1.349845	-0.117504	0.772474	1.338444	0.028071	0.794163	1.176148	-0.361679	0.740744	1.181329	-0.183655	0.884271	1.268713	-0.609645	NaN	NaN	NaN	0.996459	1.497141	-0.085012	1.160336	1.243257	-0.365782	1.138262	1.381804	-0.248388	1.036145	1.295120	-0.612953	1.020691	0.496701	0.191779	0.987938	0.051817	0.223460	1.021060	0.045628	0.324980	1.160363	0.101107	0.269182	1.108562	0.532789	-0.323562	0.980935	0.038281	-0.292838	0.980504	0.036329	-0.410038	1.132485	0.115226	-0.381132	1.531083	2.057838	-0.968361	1.528426	2.138116	-0.923101	1.576858	2.122360	-0.911101	1.132632	1.526733	-0.799046	1.116790	1.461451	-0.754785	1.065882	1.431773	-0.763373
291	0.805555556	1.013275	0.976726	0.043867	1.191579	1.029086	-0.241562	1.169490	1.041883	0.048913	1.268389	1.053910	-0.087761	0.871118	1.454673	-0.030308	0.905766	1.275260	0.042246	1.051593	1.361367	-0.034196	0.650640	1.640436	-0.110874	0.574375	1.509435	-0.145518	0.681012	1.556671	-0.011039	0.704606	1.350467	-0.119172	0.771231	1.337828	0.026768	0.795142	1.179506	-0.364391	0.740609	1.182743	-0.186524	0.887221	1.274903	-0.610621	NaN	NaN	NaN	0.996069	1.496800	-0.083936	1.162085	1.244936	-0.365488	1.138945	1.382342	-0.246951	1.039123	1.300953	-0.612534	1.020001	0.496455	0.191363	0.987942	0.051823	0.223429	1.021045	0.045652	0.324941	1.160293	0.101166	0.269153	1.108822	0.532764	-0.323612	0.980960	0.038292	-0.292894	0.980522	0.036312	-0.410084	1.132561	0.115212	-0.381128	1.537419	2.068856	-0.950257	1.535322	2.148507	-0.902888	1.584191	2.132181	-0.891831	1.137399	1.535941	-0.793338	1.121082	1.469754	-0.750557	1.070249	1.440190	-0.759931
292	0.808333333	1.012659	0.976357	0.043274	1.192011	1.029122	-0.241411	1.168865	1.041665	0.048947	1.268252	1.053791	-0.087378	0.870519	1.454175	-0.030342	0.904520	1.274588	0.041634	1.050847	1.360793	-0.033468	0.650569	1.640331	-0.111074	0.574383	1.509374	-0.146139	0.680811	1.556355	-0.011354	0.704549	1.351067	-0.120664	0.769990	1.337170	0.025287	0.796245	1.182863	-0.366995	0.740803	1.184122	-0.189401	0.890171	1.281121	-0.611518	NaN	NaN	NaN	0.995703	1.496467	-0.082902	1.163843	1.246675	-0.365124	1.139625	1.382858	-0.245460	1.042063	1.306841	-0.611905	1.019358	0.496234	0.191022	0.987920	0.051804	0.223367	1.021033	0.045652	0.324909	1.160243	0.101204	0.269158	1.109088	0.532774	-0.323640	0.980945	0.038309	-0.292927	0.980573	0.036292	-0.410121	1.132623	0.115166	-0.381106	1.544299	2.079766	-0.931421	1.542244	2.158589	-0.882378	1.590432	2.141544	-0.872155	1.142120	1.544629	-0.787496	1.125337	1.477779	-0.746137	1.075258	1.448553	-0.756304
293	0.811111111	1.012030	0.976025	0.042683	1.192494	1.029155	-0.241253	1.168154	1.041414	0.049019	1.268061	1.053636	-0.086969	0.869913	1.453703	-0.030358	0.903254	1.273878	0.040893	1.050172	1.360227	-0.032813	0.650488	1.640216	-0.111289	0.574365	1.509350	-0.146703	0.680620	1.556061	-0.011674	0.704633	1.351732	-0.122230	0.768774	1.336522	0.023999	0.797286	1.186216	-0.369643	0.740714	1.185482	-0.192252	0.893216	1.287438	-0.612363	NaN	NaN	NaN	0.995336	1.496121	-0.081840	1.165458	1.248312	-0.364852	1.140301	1.383355	-0.243930	1.044954	1.312678	-0.611237	1.018710	0.495980	0.190690	0.987953	0.051814	0.223339	1.021017	0.045680	0.324866	1.160203	0.101181	0.269141	1.109331	0.532748	-0.323673	0.980934	0.038333	-0.292977	0.980593	0.036311	-0.410164	1.132692	0.115129	-0.381094	1.551796	2.090603	-0.911443	1.548666	2.168242	-0.861666	1.596852	2.151232	-0.851372	1.146650	1.553478	-0.781486	1.129614	1.485915	-0.741566	1.079506	1.456938	-0.752572
294	0.813888889	1.011420	0.975708	0.042058	1.192986	1.029222	-0.241100	1.167427	1.041124	0.049065	1.267780	1.053466	-0.086483	0.869256	1.453244	-0.030382	0.902000	1.273185	0.040243	1.049360	1.359641	-0.032052	0.650437	1.640141	-0.111494	0.574301	1.509346	-0.147244	0.680432	1.555789	-0.012016	0.704656	1.352454	-0.123819	0.767620	1.335925	0.022752	0.798430	1.189554	-0.372320	0.740898	1.186836	-0.195093	0.895981	1.293680	-0.612888	NaN	NaN	NaN	0.994953	1.495788	-0.080816	1.167218	1.250035	-0.364509	1.140938	1.383865	-0.242499	1.047897	1.318493	-0.610464	1.018123	0.495771	0.190354	0.987922	0.051810	0.223311	1.020997	0.045712	0.324825	1.160137	0.101181	0.269139	1.109590	0.532705	-0.323698	0.980930	0.038346	-0.292997	0.980637	0.036291	-0.410192	1.132796	0.115137	-0.381083	1.557506	2.100764	-0.892811	1.554693	2.177897	-0.839951	1.602920	2.160207	-0.830639	1.151413	1.562496	-0.775453	1.133835	1.493873	-0.736807	1.083210	1.465518	-0.748616
295	0.816666667	1.010775	0.975354	0.041393	1.193437	1.029256	-0.240958	1.166700	1.040842	0.049124	1.267602	1.053311	-0.086084	0.868574	1.452754	-0.030361	0.900629	1.272439	0.039613	1.048695	1.359091	-0.031423	0.650396	1.640046	-0.111705	0.574262	1.509362	-0.147799	0.680235	1.555485	-0.012384	0.704535	1.353163	-0.125264	0.766441	1.335350	0.021444	0.799769	1.192879	-0.374935	0.740958	1.188314	-0.197858	0.899074	1.299928	-0.613461	NaN	NaN	NaN	0.994556	1.495445	-0.079729	1.168904	1.251733	-0.364183	1.141612	1.384360	-0.240973	1.050811	1.324337	-0.609594	1.017456	0.495551	0.190035	0.987943	0.051788	0.223262	1.020990	0.045736	0.324777	1.160072	0.101207	0.269121	1.109816	0.532713	-0.323715	0.980925	0.038388	-0.293021	0.980658	0.036278	-0.410233	1.132839	0.115087	-0.381088	1.563684	2.110786	-0.873171	1.560639	2.186924	-0.819042	1.608877	2.168938	-0.809638	1.155609	1.570914	-0.769037	1.137838	1.501933	-0.731923	1.087441	1.473733	-0.744624
296	0.819444444	1.010200	0.975011	0.040864	1.193328	1.028705	-0.240932	1.166038	1.040584	0.049171	1.267415	1.053156	-0.085678	0.867909	1.452265	-0.030352	0.899303	1.271706	0.038949	1.047956	1.358476	-0.030748	0.650368	1.639971	-0.111926	0.574225	1.509412	-0.148457	0.680034	1.555174	-0.012779	0.704633	1.353774	-0.126807	0.765246	1.334764	0.020151	0.800888	1.196271	-0.377432	0.741041	1.189783	-0.200621	0.901986	1.306163	-0.613962	NaN	NaN	NaN	0.994184	1.495104	-0.078766	1.170632	1.253477	-0.363823	1.142159	1.384748	-0.239535	1.053737	1.330170	-0.608664	1.016772	0.495353	0.189681	0.987933	0.051802	0.223236	1.020977	0.045762	0.324750	1.160003	0.101248	0.269107	1.110036	0.532692	-0.323738	0.980925	0.038414	-0.293070	0.980694	0.036279	-0.410269	1.132906	0.115084	-0.381058	1.570383	2.120825	-0.852556	1.566382	2.195594	-0.797694	1.614510	2.177341	-0.788388	1.160089	1.579412	-0.762533	1.141823	1.509670	-0.726910	1.091309	1.482000	-0.740407
297	0.822222222	1.009629	0.974737	0.040329	1.193861	1.028819	-0.240779	1.165405	1.040315	0.049205	1.267238	1.052990	-0.085223	0.867270	1.451768	-0.030393	0.898025	1.270996	0.038231	1.047166	1.357866	-0.030068	0.650356	1.639903	-0.112144	0.574163	1.509471	-0.149046	0.679870	1.554869	-0.013145	0.704804	1.354465	-0.128313	0.764079	1.334251	0.018871	0.801974	1.199733	-0.379773	0.741149	1.191235	-0.203366	0.904882	1.312368	-0.614323	NaN	NaN	NaN	0.993820	1.494760	-0.077759	1.172179	1.255121	-0.363449	1.142806	1.385184	-0.238074	1.056627	1.335973	-0.607690	1.016124	0.495133	0.189326	0.987935	0.051792	0.223186	1.020947	0.045793	0.324692	1.159947	0.101285	0.269099	1.110244	0.532643	-0.323739	0.980936	0.038420	-0.293072	0.980695	0.036274	-0.410305	1.132943	0.115060	-0.381047	1.576155	2.130287	-0.832441	1.572172	2.203820	-0.777241	1.619813	2.185298	-0.766980	1.164260	1.587863	-0.755826	1.145784	1.517591	-0.721731	1.095735	1.489986	-0.736266
298	0.825000000	1.009023	0.974355	0.039713	1.194309	1.028919	-0.240585	1.164734	1.040083	0.049244	1.267098	1.052863	-0.084780	0.866681	1.451272	-0.030449	0.896916	1.270371	0.037589	1.046481	1.357306	-0.029445	0.650351	1.639847	-0.112370	0.574088	1.509520	-0.149603	0.679738	1.554589	-0.013474	0.704663	1.355189	-0.129649	0.762969	1.333673	0.017597	0.803139	1.203164	-0.382141	0.741267	1.192772	-0.206088	0.907897	1.318632	-0.614637	NaN	NaN	NaN	0.993417	1.494396	-0.076778	1.173937	1.256884	-0.363145	1.143325	1.385583	-0.236581	1.059507	1.341779	-0.606576	1.015469	0.494872	0.188959	0.987922	0.051783	0.223160	1.020926	0.045857	0.324648	1.159880	0.101284	0.269076	1.110444	0.532626	-0.323783	0.980941	0.038451	-0.293110	0.980721	0.036263	-0.410342	1.132996	0.115050	-0.381041	1.580917	2.139181	-0.812820	1.577083	2.211908	-0.754559	1.624832	2.193411	-0.745239	1.168569	1.596345	-0.748930	1.149611	1.525269	-0.716375	1.098835	1.498182	-0.731898
299	0.827777778	1.008400	0.973988	0.039090	1.194897	1.029095	-0.240414	1.164069	1.039812	0.049278	1.266908	1.052729	-0.084325	0.866075	1.450750	-0.030518	0.895626	1.269670	0.036807	1.045674	1.356694	-0.028792	0.650349	1.639783	-0.112596	0.574086	1.509551	-0.150093	0.679583	1.554301	-0.013824	0.704744	1.355907	-0.131134	0.761993	1.333398	0.016376	0.804579	1.206566	-0.384592	0.741481	1.194324	-0.208726	0.910789	1.324867	-0.614787	NaN	NaN	NaN	0.992973	1.494004	-0.075778	1.175567	1.258572	-0.362815	1.143896	1.385980	-0.235169	1.062405	1.347612	-0.605370	1.014821	0.494604	0.188590	0.987926	0.051775	0.223115	1.020909	0.045871	0.324606	1.159821	0.101286	0.269057	1.110613	0.532626	-0.323801	0.980910	0.038459	-0.293144	0.980738	0.036278	-0.410378	1.133061	0.115034	-0.381027	1.586135	2.147987	-0.792384	1.582237	2.219650	-0.733632	1.629708	2.200481	-0.723781	1.172463	1.604489	-0.741909	1.153347	1.532940	-0.711013	1.103269	1.505985	-0.727325
300	0.830555556	1.007754	0.973628	0.038473	1.195395	1.029157	-0.240216	1.163381	1.039533	0.049333	1.266770	1.052590	-0.083950	0.865411	1.450257	-0.030581	0.894347	1.268988	0.036112	1.044915	1.356045	-0.028192	0.650402	1.639729	-0.112814	0.574522	1.509570	-0.150404	0.679429	1.553998	-0.014187	0.704929	1.356583	-0.132619	0.760889	1.332865	0.015102	0.805933	1.210073	-0.386822	0.741607	1.195824	-0.211349	0.913749	1.331080	-0.614916	NaN	NaN	NaN	0.992607	1.493634	-0.074857	1.177191	1.260251	-0.362413	1.144484	1.386386	-0.233702	1.065262	1.353396	-0.604085	1.014140	0.494322	0.188202	0.987928	0.051751	0.223065	1.020902	0.045914	0.324562	1.159764	0.101305	0.269019	1.110840	0.532655	-0.323821	0.980923	0.038492	-0.293168	0.980749	0.036272	-0.410402	1.133118	0.115020	-0.380999	1.591659	2.156646	-0.771160	1.586845	2.226788	-0.711775	1.634246	2.207878	-0.701399	1.176681	1.612722	-0.734800	1.157012	1.540519	-0.705379	1.107317	1.514119	-0.722526
301	0.833333333	1.007161	0.973252	0.037864	1.195867	1.029186	-0.240061	1.162704	1.039228	0.049351	1.266594	1.052426	-0.083556	0.864798	1.449774	-0.030623	0.893071	1.268274	0.035478	1.044207	1.355447	-0.027597	0.650474	1.639661	-0.113020	0.574280	1.509568	-0.151343	0.679222	1.553712	-0.014567	0.704932	1.357258	-0.133953	0.759817	1.332389	0.013817	0.807063	1.213681	-0.389018	0.742000	1.197270	-0.213995	0.916655	1.337273	-0.614875	NaN	NaN	NaN	0.992154	1.493239	-0.073902	1.178883	1.261989	-0.362046	1.144987	1.386738	-0.232321	1.068151	1.359189	-0.602674	1.013477	0.494047	0.187835	0.987908	0.051743	0.223016	1.020864	0.045944	0.324501	1.159681	0.101326	0.268981	1.110993	0.532637	-0.323829	0.980918	0.038493	-0.293200	0.980777	0.036261	-0.410456	1.133145	0.114970	-0.380979	1.596292	2.164744	-0.750364	1.591010	2.233884	-0.688668	1.638516	2.214311	-0.679719	1.180637	1.620916	-0.727666	1.160739	1.547929	-0.699677	1.110271	1.522012	-0.717685
302	0.836111111	1.006602	0.972912	0.037309	1.196313	1.029224	-0.239896	1.162039	1.038945	0.049375	1.266384	1.052236	-0.083100	0.864144	1.449304	-0.030698	0.891794	1.267616	0.034729	1.043449	1.354840	-0.026968	0.650520	1.639550	-0.113256	0.573869	1.509866	-0.152100	0.679029	1.553428	-0.014969	0.705048	1.357970	-0.135400	0.758721	1.331876	0.012520	0.808308	1.217164	-0.391158	0.742212	1.198878	-0.216601	0.919636	1.343503	-0.614775	NaN	NaN	NaN	0.991676	1.492797	-0.072946	1.180443	1.263657	-0.361628	1.145608	1.387130	-0.230920	1.070945	1.364954	-0.601272	1.012798	0.493779	0.187451	0.987907	0.051742	0.222974	1.020824	0.045964	0.324464	1.159636	0.101399	0.268937	1.111097	0.532596	-0.323882	0.980906	0.038528	-0.293209	0.980806	0.036265	-0.410481	1.133191	0.114949	-0.380965	1.600809	2.172699	-0.729450	1.595312	2.240366	-0.667146	1.642483	2.220763	-0.657282	1.184155	1.628487	-0.720309	1.164335	1.555413	-0.693955	1.114248	1.529893	-0.712539
303	0.838888889	1.006072	0.972602	0.036752	1.196716	1.029221	-0.239740	1.161386	1.038662	0.049416	1.266179	1.052047	-0.082636	0.863488	1.448795	-0.030732	0.890664	1.266976	0.034000	1.042662	1.354232	-0.026321	0.650303	1.639592	-0.113578	0.573996	1.509941	-0.152686	0.678840	1.553152	-0.015335	0.705241	1.358680	-0.136813	0.757732	1.331424	0.011191	0.809739	1.220642	-0.393284	0.742417	1.200498	-0.219117	0.922489	1.349751	-0.614498	NaN	NaN	NaN	0.991334	1.492437	-0.072013	1.182119	1.265386	-0.361304	1.146045	1.387433	-0.229518	1.073695	1.370591	-0.599726	1.012175	0.493557	0.187095	0.987896	0.051715	0.222929	1.020819	0.046014	0.324411	1.159567	0.101398	0.268914	1.111249	0.532589	-0.323929	0.980927	0.038541	-0.293256	0.980832	0.036242	-0.410511	1.133247	0.114941	-0.380942	1.604972	2.179998	-0.708329	1.598852	2.246675	-0.643834	1.646263	2.226579	-0.635166	1.188064	1.636687	-0.712792	1.167687	1.562678	-0.688034	1.118211	1.537398	-0.707609
304	0.841666667	1.005547	0.972257	0.036150	1.197124	1.029198	-0.239604	1.160745	1.038369	0.049448	1.265967	1.051871	-0.082193	0.862913	1.448307	-0.030782	0.889460	1.266350	0.033248	1.042050	1.353627	-0.025774	0.650554	1.639524	-0.113742	0.573945	1.510077	-0.153270	0.678652	1.552875	-0.015717	0.705075	1.359437	-0.138026	0.756623	1.330909	0.009846	0.811107	1.224083	-0.395336	0.742828	1.201984	-0.221697	0.925484	1.355959	-0.614155	NaN	NaN	NaN	0.990945	1.492006	-0.071111	1.183657	1.267075	-0.360947	1.146557	1.387766	-0.228099	1.076419	1.376299	-0.598191	1.011552	0.493326	0.186745	0.987900	0.051720	0.222893	1.020805	0.046042	0.324378	1.159528	0.101410	0.268880	1.111564	0.532571	-0.323774	0.980908	0.038551	-0.293275	0.980865	0.036232	-0.410533	1.133286	0.114916	-0.380931	1.608753	2.187282	-0.687062	1.602384	2.252492	-0.621307	1.649604	2.232183	-0.612616	1.191514	1.643940	-0.705198	1.171200	1.569793	-0.681987	1.121705	1.545015	-0.702376
305	0.844444444	1.004960	0.971871	0.035543	1.197508	1.029212	-0.239466	1.160161	1.038081	0.049435	1.265831	1.051699	-0.081802	0.862332	1.447830	-0.030882	0.888237	1.265704	0.032530	1.041280	1.352995	-0.025162	0.650649	1.639470	-0.113979	0.573852	1.510221	-0.153814	0.678444	1.552608	-0.016110	0.705323	1.360115	-0.139416	0.755623	1.330449	0.008549	0.812322	1.227724	-0.397289	0.743115	1.203594	-0.224214	0.928265	1.362189	-0.613648	NaN	NaN	NaN	0.990445	1.491552	-0.070171	1.185400	1.268867	-0.360523	1.147003	1.388083	-0.226747	1.079191	1.381974	-0.596473	1.010883	0.493094	0.186371	0.987887	0.051700	0.222844	1.020776	0.046068	0.324316	1.159480	0.101436	0.268804	1.111714	0.532751	-0.324035	0.980940	0.038551	-0.293314	0.980893	0.036231	-0.410570	1.133330	0.114877	-0.380911	1.612274	2.193996	-0.665722	1.605561	2.257898	-0.598706	1.652739	2.237390	-0.590026	1.195134	1.651857	-0.697512	1.174504	1.576884	-0.675828	1.125245	1.552611	-0.697082
306	0.847222222	1.004434	0.971478	0.034967	1.197851	1.029186	-0.239344	1.159519	1.037775	0.049458	1.265689	1.051532	-0.081456	0.861701	1.447297	-0.030961	0.886976	1.265074	0.031803	1.040521	1.352388	-0.024569	0.650705	1.639441	-0.114246	0.573799	1.510370	-0.154457	0.678275	1.552336	-0.016478	0.705530	1.360811	-0.140720	0.754606	1.329974	0.007270	0.813732	1.231251	-0.399203	0.743476	1.205305	-0.226665	0.931231	1.368385	-0.613040	NaN	NaN	NaN	0.989970	1.491127	-0.069257	1.186869	1.270497	-0.360133	1.147391	1.388364	-0.225348	1.081924	1.387605	-0.594674	1.010242	0.492881	0.186036	0.987849	0.051661	0.222789	1.020782	0.046119	0.324275	1.159397	0.101463	0.268736	1.111885	0.532534	-0.323865	0.980917	0.038570	-0.293345	0.980908	0.036232	-0.410601	1.133364	0.114848	-0.380908	1.615743	2.200433	-0.644171	1.608460	2.262989	-0.575970	1.655621	2.242276	-0.567474	1.198590	1.659155	-0.689768	1.177725	1.583912	-0.669661	1.128781	1.559925	-0.691930
307	0.850000000	1.003889	0.971090	0.034404	1.198246	1.029171	-0.239181	1.158931	1.037475	0.049469	1.265578	1.051371	-0.081080	0.861139	1.446828	-0.031064	0.885695	1.264402	0.031053	1.039892	1.351782	-0.024105	0.650780	1.639412	-0.114527	0.573851	1.510485	-0.155156	0.678087	1.552083	-0.016878	0.705547	1.361520	-0.142005	0.753602	1.329562	0.005946	0.815218	1.234708	-0.401198	0.743734	1.206813	-0.229090	0.934075	1.374476	-0.612739	NaN	NaN	NaN	0.989624	1.490703	-0.068369	1.188496	1.272270	-0.359694	1.147801	1.388632	-0.224018	1.084591	1.393246	-0.592913	1.009533	0.492595	0.185649	0.987873	0.051668	0.222749	1.020754	0.046146	0.324220	1.159342	0.101551	0.268678	1.112037	0.532512	-0.323894	0.980926	0.038587	-0.293372	0.980930	0.036219	-0.410653	1.133409	0.114823	-0.380903	1.618976	2.206550	-0.622447	1.611101	2.267377	-0.553014	1.657841	2.246865	-0.543879	1.201970	1.666031	-0.682198	1.181013	1.590813	-0.663248	1.131532	1.567404	-0.686157
308	0.852777778	1.003369	0.970736	0.033836	1.198693	1.029138	-0.239017	1.158296	1.037184	0.049491	1.265429	1.051199	-0.080638	0.860559	1.446358	-0.031154	0.884574	1.263843	0.030386	1.039088	1.351107	-0.023508	0.650835	1.639390	-0.114822	0.573869	1.510633	-0.155837	0.677886	1.551794	-0.017295	0.705658	1.362273	-0.143250	0.752571	1.329028	0.004652	0.816552	1.238280	-0.402828	0.744137	1.208554	-0.231495	0.936905	1.380641	-0.612027	NaN	NaN	NaN	0.989240	1.490308	-0.067547	1.190008	1.273970	-0.359346	1.148190	1.388889	-0.222676	1.087234	1.398773	-0.591028	1.008840	0.492323	0.185273	0.987860	0.051646	0.222691	1.020717	0.046167	0.324157	1.159282	0.101595	0.268634	1.112169	0.532476	-0.323955	0.980933	0.038614	-0.293404	0.980969	0.036216	-0.410673	1.133452	0.114791	-0.380889	1.621635	2.212302	-0.600795	1.613508	2.271670	-0.530052	1.660078	2.251088	-0.521228	1.205229	1.673138	-0.674085	1.184156	1.597589	-0.656804	1.134388	1.574501	-0.680718
309	0.855555556	1.002871	0.970414	0.033291	1.199122	1.029105	-0.238839	1.157701	1.036871	0.049543	1.265245	1.051015	-0.080206	0.859938	1.445891	-0.031277	0.883391	1.263192	0.029586	1.038377	1.350492	-0.022964	0.650891	1.639350	-0.115102	0.573927	1.510775	-0.156526	0.677738	1.551536	-0.017708	0.705904	1.363008	-0.144477	0.751611	1.328579	0.003380	0.818085	1.241846	-0.404667	0.744600	1.210061	-0.233908	0.939727	1.386772	-0.611278	NaN	NaN	NaN	0.988745	1.489846	-0.066673	1.191618	1.275725	-0.358838	1.148607	1.389166	-0.221353	1.089892	1.404373	-0.588940	1.008171	0.492085	0.184878	0.987854	0.051638	0.222656	1.020686	0.046201	0.324112	1.159383	0.101900	0.268715	1.112338	0.532472	-0.323998	0.980937	0.038628	-0.293418	0.980997	0.036229	-0.410730	1.133490	0.114753	-0.380896	1.624235	2.217605	-0.578994	1.615550	2.275718	-0.507108	1.662075	2.254468	-0.498065	1.208562	1.680471	-0.665877	1.187108	1.604244	-0.650307	1.138465	1.581657	-0.674917
310	0.858333333	1.002375	0.970078	0.032731	1.199500	1.029084	-0.238676	1.157128	1.036581	0.049553	1.265087	1.050822	-0.079815	0.859328	1.445417	-0.031432	0.882238	1.262565	0.028851	1.037691	1.349877	-0.022517	0.650959	1.639344	-0.115393	0.574029	1.510919	-0.157222	0.677605	1.551279	-0.018163	0.705991	1.363794	-0.145693	0.750617	1.328145	0.002038	0.819533	1.245412	-0.406321	0.744957	1.211724	-0.236255	0.942557	1.392835	-0.610426	NaN	NaN	NaN	0.988230	1.489437	-0.065816	1.193175	1.277436	-0.358395	1.149047	1.389463	-0.220044	1.092466	1.409861	-0.586899	1.007567	0.491890	0.184531	0.987852	0.051661	0.222591	1.020677	0.046245	0.324046	1.159328	0.101935	0.268646	1.112492	0.532456	-0.324072	0.980957	0.038633	-0.293477	0.981026	0.036227	-0.410774	1.133543	0.114718	-0.380908	1.626419	2.222636	-0.557169	1.617252	2.279237	-0.484226	1.663761	2.257828	-0.475081	1.211479	1.687227	-0.657516	1.190125	1.610843	-0.643712	1.141032	1.588754	-0.668798
311	0.861111111	1.001839	0.969737	0.032173	1.199874	1.029068	-0.238526	1.156585	1.036299	0.049557	1.264952	1.050618	-0.079389	0.858758	1.444930	-0.031561	0.881075	1.261906	0.028133	1.036486	1.349043	-0.022249	0.651047	1.639317	-0.115683	0.573950	1.511101	-0.157902	0.677479	1.551044	-0.018609	0.706059	1.364522	-0.146784	0.749755	1.327764	0.000767	0.820848	1.249003	-0.407923	0.745324	1.213459	-0.238549	0.945347	1.398861	-0.609456	NaN	NaN	NaN	0.987853	1.488978	-0.065025	1.194724	1.279217	-0.358021	1.149391	1.389718	-0.218739	1.094969	1.415352	-0.584758	1.006994	0.491649	0.184163	0.987833	0.051608	0.222544	1.020665	0.046267	0.323991	1.159243	0.101960	0.268547	1.112637	0.532411	-0.324126	0.980978	0.038695	-0.293501	0.981064	0.036197	-0.410796	1.133580	0.114677	-0.380912	1.628370	2.226889	-0.535510	1.618753	2.282406	-0.461277	1.665220	2.260915	-0.452293	1.214259	1.693651	-0.649056	1.192966	1.617230	-0.637026	1.144024	1.595648	-0.662808
312	0.863888889	1.001331	0.969390	0.031649	1.200216	1.029048	-0.238369	1.156010	1.035993	0.049572	1.264819	1.050418	-0.079025	0.858154	1.444434	-0.031692	0.879919	1.261304	0.027335	1.035716	1.348382	-0.021828	0.651176	1.639296	-0.115978	0.573867	1.511264	-0.158606	0.677328	1.550794	-0.019101	0.706277	1.365220	-0.147975	0.748771	1.327286	-0.000595	0.822340	1.252596	-0.409519	0.745830	1.215154	-0.240836	0.948007	1.404856	-0.608435	NaN	NaN	NaN	0.987458	1.488536	-0.064256	1.196230	1.280899	-0.357539	1.149811	1.389956	-0.217437	1.097603	1.420833	-0.582554	1.006402	0.491419	0.183781	0.987845	0.051621	0.222486	1.020644	0.046313	0.323927	1.159180	0.102031	0.268477	1.112783	0.532396	-0.324186	0.980980	0.038705	-0.293543	0.981093	0.036207	-0.410857	1.133642	0.114651	-0.380927	1.630093	2.231205	-0.513541	1.619997	2.285270	-0.438076	1.666386	2.263533	-0.429321	1.216995	1.700181	-0.640537	1.195682	1.623518	-0.630128	1.146926	1.602427	-0.656658
313	0.866666667	1.000824	0.969023	0.031097	1.200582	1.029025	-0.238225	1.155439	1.035688	0.049565	1.264685	1.050226	-0.078639	0.857561	1.443966	-0.031773	0.878763	1.260690	0.026571	1.035023	1.347767	-0.021368	0.651277	1.639278	-0.116303	0.573886	1.511416	-0.159312	0.677165	1.550541	-0.019560	0.706416	1.365979	-0.149205	0.747875	1.326869	-0.001823	0.823816	1.256197	-0.410968	0.746338	1.216746	-0.243051	0.950710	1.410812	-0.607222	NaN	NaN	NaN	0.987111	1.488088	-0.063531	1.197728	1.282678	-0.357058	1.150069	1.390131	-0.216175	1.099950	1.426179	-0.580269	1.005738	0.491193	0.183353	0.987836	0.051628	0.222441	1.020626	0.046342	0.323864	1.159093	0.102086	0.268420	1.112889	0.532361	-0.324255	0.980976	0.038722	-0.293577	0.981130	0.036200	-0.410902	1.133679	0.114619	-0.380936	1.631553	2.235269	-0.491466	1.620844	2.287634	-0.415090	1.667568	2.265617	-0.405771	1.219665	1.706597	-0.631890	1.198284	1.629679	-0.623221	1.149786	1.609201	-0.650446
314	0.869444444	1.000319	0.968690	0.030554	1.200957	1.028992	-0.238073	1.154858	1.035396	0.049590	1.264563	1.050054	-0.078232	0.856921	1.443440	-0.031883	0.877692	1.260033	0.025809	1.034237	1.347070	-0.020841	0.651398	1.639253	-0.116632	0.574009	1.511526	-0.160054	0.677012	1.550320	-0.019981	0.706531	1.366722	-0.150260	0.746936	1.326428	-0.003142	0.825244	1.259779	-0.412348	0.746706	1.218501	-0.245238	0.953375	1.416776	-0.606008	NaN	NaN	NaN	0.986696	1.487608	-0.062732	1.199367	1.284504	-0.356595	1.150350	1.390314	-0.214906	1.102445	1.431643	-0.577845	1.005049	0.490902	0.182968	0.987825	0.051624	0.222383	1.020589	0.046369	0.323799	1.159053	0.102125	0.268353	1.112999	0.532315	-0.324324	0.980976	0.038752	-0.293616	0.981143	0.036202	-0.410957	1.133745	0.114605	-0.380959	1.636015	2.238806	-0.472472	1.621496	2.289638	-0.392145	1.667757	2.267632	-0.383494	1.221860	1.712977	-0.623028	1.200870	1.635809	-0.616310	1.152511	1.615749	-0.644143
315	0.872222222	0.999800	0.968329	0.030004	1.201341	1.028966	-0.237904	1.154265	1.035072	0.049595	1.264453	1.049872	-0.077881	0.856359	1.442963	-0.031988	0.876577	1.259400	0.025032	1.033468	1.346406	-0.020403	0.651513	1.639251	-0.116978	0.574204	1.511696	-0.160866	0.676838	1.550097	-0.020428	0.706609	1.367435	-0.151342	0.746101	1.326071	-0.004383	0.826767	1.263348	-0.413786	0.747209	1.220218	-0.247391	0.956094	1.422709	-0.604765	NaN	NaN	NaN	0.985875	1.486940	-0.061792	1.200725	1.286116	-0.356117	1.150566	1.390480	-0.213683	1.105467	1.437451	-0.575149	1.004356	0.490629	0.182579	0.987797	0.051594	0.222333	1.020556	0.046387	0.323741	1.158990	0.102152	0.268283	1.113093	0.532293	-0.324380	0.980995	0.038782	-0.293654	0.981190	0.036185	-0.411002	1.133773	0.114545	-0.380979	1.636988	2.242304	-0.450261	1.621934	2.291235	-0.369124	1.668088	2.269128	-0.360625	1.224243	1.719045	-0.614246	1.203304	1.641766	-0.609143	1.154678	1.622003	-0.637884
316	0.875000000	0.999344	0.968010	0.029532	1.201684	1.028924	-0.237732	1.153735	1.034773	0.049623	1.264363	1.049687	-0.077550	0.855821	1.442541	-0.032101	0.875396	1.258686	0.023854	1.032744	1.345739	-0.020017	0.651658	1.639230	-0.117328	0.574338	1.511847	-0.161620	0.676640	1.549855	-0.020898	0.706860	1.368159	-0.152480	0.745190	1.325710	-0.005655	0.828145	1.266921	-0.415025	0.747675	1.221900	-0.249512	0.958789	1.428604	-0.603373	NaN	NaN	NaN	0.985438	1.486452	-0.060972	1.202340	1.287966	-0.355647	1.150936	1.390716	-0.212360	1.107242	1.442194	-0.572881	1.003661	0.490321	0.182184	0.987778	0.051605	0.222285	1.020523	0.046411	0.323690	1.158910	0.102193	0.268190	1.113182	0.532240	-0.324451	0.980960	0.038806	-0.293701	0.981222	0.036196	-0.411046	1.133811	0.114517	-0.380992	1.634619	2.244822	-0.425192	1.621993	2.292500	-0.346121	1.668135	2.270278	-0.337788	1.226524	1.724986	-0.605348	1.205719	1.647578	-0.601962	1.157704	1.628633	-0.631120
317	0.877777778	0.998845	0.967665	0.029047	1.202079	1.028865	-0.237559	1.153221	1.034455	0.049562	1.264211	1.049437	-0.077183	0.855331	1.442067	-0.032242	0.874305	1.258048	0.023098	1.031882	1.345108	-0.019552	0.651776	1.639234	-0.117643	0.574229	1.512019	-0.162258	0.676438	1.549594	-0.021401	0.706999	1.368929	-0.153517	0.744303	1.325271	-0.006961	0.829737	1.270514	-0.416272	0.748196	1.223674	-0.251578	0.961431	1.434413	-0.601891	NaN	NaN	NaN	0.985028	1.485976	-0.060247	1.203797	1.289687	-0.355118	1.151224	1.390923	-0.211199	1.110247	1.448096	-0.570036	1.003018	0.490073	0.181820	0.987764	0.051561	0.222222	1.020501	0.046441	0.323633	1.158837	0.102238	0.268102	1.113253	0.532201	-0.324493	0.980971	0.038846	-0.293750	0.981261	0.036177	-0.411134	1.133867	0.114493	-0.381002	1.634978	2.247468	-0.403069	1.621840	2.293396	-0.323149	1.667881	2.271014	-0.315090	1.228766	1.730743	-0.596422	1.208008	1.653327	-0.594726	1.160580	1.634759	-0.624725
318	0.880555556	0.998404	0.967285	0.028531	1.202462	1.028789	-0.237385	1.152688	1.034136	0.049557	1.264056	1.049203	-0.076786	0.854825	1.441559	-0.032406	0.873214	1.257422	0.022293	1.031115	1.344461	-0.019134	0.651887	1.639259	-0.117947	0.574242	1.512200	-0.162961	0.676269	1.549362	-0.021865	0.706914	1.369715	-0.154488	0.743461	1.324929	-0.008253	0.831054	1.274049	-0.417431	0.748754	1.225297	-0.253613	0.963993	1.440227	-0.600289	NaN	NaN	NaN	0.984514	1.485496	-0.059435	1.205222	1.291437	-0.354601	1.151493	1.391080	-0.209954	1.111931	1.452620	-0.567671	1.002383	0.489846	0.181445	0.987750	0.051569	0.222171	1.020458	0.046459	0.323564	1.158728	0.102284	0.268035	1.113339	0.532154	-0.324566	0.980974	0.038865	-0.293777	0.981290	0.036184	-0.411174	1.133903	0.114444	-0.381018	1.636066	2.249812	-0.381769	1.621390	2.293765	-0.300289	1.667469	2.271337	-0.292275	1.230784	1.736415	-0.587458	1.210111	1.658777	-0.587331	1.162879	1.640871	-0.618074
319	0.883333333	0.997929	0.966897	0.028041	1.202781	1.028721	-0.237226	1.152178	1.033816	0.049571	1.263881	1.048934	-0.076404	0.854239	1.441053	-0.032583	0.872097	1.256817	0.021414	1.030439	1.343827	-0.018710	0.652049	1.639252	-0.118258	0.574404	1.512364	-0.163744	0.676132	1.549149	-0.022271	0.707116	1.370405	-0.155550	0.742610	1.324511	-0.009462	0.832606	1.277536	-0.418616	0.749344	1.227031	-0.255608	0.966473	1.445922	-0.598680	NaN	NaN	NaN	0.984006	1.484984	-0.058678	1.206800	1.293191	-0.354127	1.151790	1.391218	-0.208757	1.114748	1.458364	-0.564685	1.001758	0.489620	0.181100	0.987734	0.051547	0.222091	1.020436	0.046482	0.323520	1.158660	0.102331	0.267985	1.113405	0.532130	-0.324609	0.980976	0.038906	-0.293828	0.981313	0.036184	-0.411222	1.133957	0.114419	-0.381032	1.635601	2.251625	-0.359365	1.620656	2.293865	-0.277388	1.666736	2.271257	-0.269609	1.232868	1.741939	-0.578342	1.212220	1.664275	-0.580006	1.165331	1.646910	-0.611253
320	0.886111111	0.997468	0.966509	0.027521	1.203124	1.028684	-0.237061	1.151624	1.033484	0.049582	1.263754	1.048713	-0.076042	0.853650	1.440575	-0.032711	0.871117	1.256266	0.020643	1.029655	1.343118	-0.018309	0.652166	1.639259	-0.118553	0.574568	1.512520	-0.164532	0.675960	1.548918	-0.022668	0.707271	1.371105	-0.156503	0.741797	1.324167	-0.010695	0.833939	1.281074	-0.419553	0.749831	1.228804	-0.257581	0.968977	1.451543	-0.596920	NaN	NaN	NaN	0.983579	1.484478	-0.057967	1.208184	1.294924	-0.353592	1.151988	1.391343	-0.207579	1.116990	1.463469	-0.561908	1.001130	0.489397	0.180741	0.987709	0.051534	0.222049	1.020394	0.046499	0.323460	1.158579	0.102310	0.267933	1.113447	0.532110	-0.324688	0.981020	0.038946	-0.293847	0.981348	0.036164	-0.411267	1.133997	0.114377	-0.381047	1.634721	2.253003	-0.336823	1.619642	2.293478	-0.254699	1.665763	2.270840	-0.246990	1.234591	1.747213	-0.569218	1.214212	1.669699	-0.572425	1.167471	1.652772	-0.604388
321	0.888888889	0.997082	0.966150	0.027008	1.203463	1.028659	-0.236857	1.151113	1.033158	0.049585	1.263656	1.048488	-0.075678	0.853092	1.440084	-0.032876	0.870021	1.255697	0.019918	1.028858	1.342445	-0.017925	0.652290	1.639240	-0.118850	0.574670	1.512683	-0.165266	0.675820	1.548656	-0.023115	0.707420	1.371915	-0.157442	0.740936	1.323812	-0.011959	0.835632	1.284574	-0.420648	0.750370	1.230496	-0.259417	0.971462	1.457201	-0.595097	NaN	NaN	NaN	0.983107	1.483979	-0.057226	1.209663	1.296667	-0.353011	1.152276	1.391474	-0.206371	1.119110	1.468392	-0.559027	1.000441	0.489119	0.180387	0.987676	0.051523	0.221985	1.020352	0.046512	0.323390	1.158540	0.102362	0.267851	1.113513	0.532064	-0.324753	0.980980	0.038974	-0.293910	0.981381	0.036149	-0.411314	1.134061	0.114356	-0.381050	1.634541	2.254079	-0.315458	1.618561	2.292512	-0.231846	1.664435	2.270063	-0.224575	1.236306	1.752274	-0.560063	1.215950	1.674823	-0.564992	1.169524	1.658518	-0.597501
322	0.891666667	0.996664	0.965762	0.026486	1.203858	1.028665	-0.236607	1.150599	1.032818	0.049568	1.263566	1.048263	-0.075333	0.852576	1.439614	-0.033041	0.868851	1.255081	0.019101	1.028154	1.341810	-0.017518	0.652458	1.639231	-0.119154	0.574657	1.512902	-0.165947	0.675693	1.548412	-0.023582	0.707506	1.372695	-0.158335	0.740169	1.323407	-0.013143	0.836997	1.288066	-0.421534	0.750881	1.232287	-0.261191	0.973963	1.462773	-0.593176	NaN	NaN	NaN	0.982665	1.483468	-0.056524	1.211084	1.298411	-0.352528	1.152475	1.391588	-0.205261	1.121327	1.473454	-0.556117	0.999720	0.488826	0.179992	0.987649	0.051494	0.221917	1.020316	0.046543	0.323356	1.158433	0.102367	0.267748	1.113559	0.532045	-0.324821	0.980991	0.038987	-0.293946	0.981392	0.036144	-0.411364	1.134116	0.114312	-0.381075	1.633208	2.254593	-0.293119	1.616846	2.291604	-0.209537	1.663469	2.268474	-0.202487	1.237980	1.757328	-0.550788	1.217729	1.679919	-0.557349	1.171554	1.664161	-0.590486
323	0.894444444	0.996257	0.965454	0.026030	1.204305	1.028639	-0.236402	1.150086	1.032455	0.049574	1.263477	1.048032	-0.075002	0.852092	1.439140	-0.033189	0.867834	1.254486	0.018357	1.027426	1.341142	-0.017177	0.652621	1.639223	-0.119480	0.574658	1.513113	-0.166634	0.675592	1.548188	-0.024054	0.707654	1.373420	-0.159266	0.739345	1.323079	-0.014409	0.838581	1.291477	-0.422423	0.751527	1.233923	-0.263092	0.976362	1.468308	-0.591226	NaN	NaN	NaN	0.982233	1.482955	-0.055804	1.212643	1.300155	-0.351951	1.152699	1.391693	-0.204054	1.123305	1.478306	-0.553247	0.999019	0.488531	0.179601	0.987630	0.051454	0.221847	1.020298	0.046564	0.323292	1.158365	0.102394	0.267676	1.113615	0.532026	-0.324879	0.981020	0.039011	-0.293999	0.981426	0.036133	-0.411397	1.134170	0.114296	-0.381095	1.631973	2.254805	-0.271317	1.615106	2.290213	-0.187118	1.661286	2.267176	-0.180041	1.239431	1.762107	-0.541580	1.219443	1.684760	-0.549801	1.173498	1.669664	-0.583477
324	0.897222222	0.995875	0.965130	0.025570	1.204699	1.028583	-0.236214	1.149649	1.032122	0.049555	1.263370	1.047816	-0.074643	0.851577	1.438669	-0.033326	0.866852	1.253906	0.017618	1.026649	1.340463	-0.016842	0.652811	1.639230	-0.119777	0.574839	1.513297	-0.167367	0.675507	1.547980	-0.024519	0.707817	1.374112	-0.160123	0.738639	1.322706	-0.015616	0.839992	1.294893	-0.423248	0.752115	1.235729	-0.264835	0.978659	1.473686	-0.589136	NaN	NaN	NaN	0.981780	1.482425	-0.055104	1.214009	1.301818	-0.351341	1.152951	1.391822	-0.202924	1.125529	1.483214	-0.550183	0.998363	0.488204	0.179209	0.987625	0.051413	0.221792	1.020253	0.046556	0.323234	1.158293	0.102454	0.267608	1.113665	0.532005	-0.324956	0.981022	0.039057	-0.294027	0.981484	0.036138	-0.411463	1.134222	0.114270	-0.381097	1.630792	2.254807	-0.249907	1.612944	2.288282	-0.164843	1.658896	2.265285	-0.157871	1.241299	1.766714	-0.532531	1.221101	1.689660	-0.542220	1.175275	1.674950	-0.576458
325	0.900000000	0.995471	0.964734	0.025072	1.205060	1.028513	-0.236080	1.149159	1.031782	0.049548	1.263239	1.047570	-0.074306	0.851089	1.438189	-0.033487	0.865841	1.253355	0.016798	1.025922	1.339823	-0.016459	0.653042	1.639245	-0.120092	0.574994	1.513520	-0.168075	0.675432	1.547768	-0.024992	0.707971	1.374849	-0.161022	0.737891	1.322374	-0.016815	0.841465	1.298344	-0.424065	0.752798	1.237310	-0.266664	0.981067	1.479144	-0.587037	NaN	NaN	NaN	0.981263	1.481847	-0.054400	1.215427	1.303611	-0.350820	1.153090	1.391858	-0.201827	1.127383	1.487886	-0.547143	0.997787	0.487952	0.178844	0.987605	0.051434	0.221742	1.020217	0.046594	0.323180	1.158202	0.102493	0.267540	1.113693	0.531980	-0.325027	0.981009	0.039085	-0.294084	0.981502	0.036114	-0.411509	1.134278	0.114240	-0.381107	1.628884	2.254308	-0.228075	1.610668	2.286030	-0.142616	1.656647	2.263011	-0.135772	1.242602	1.771281	-0.523230	1.222522	1.694180	-0.534540	1.177065	1.680169	-0.569321
326	0.902777778	0.995048	0.964346	0.024569	1.205405	1.028409	-0.235915	1.148676	1.031425	0.049546	1.263147	1.047329	-0.073925	0.850619	1.437707	-0.033651	0.864814	1.252772	0.015980	1.025279	1.339151	-0.016138	0.653260	1.639267	-0.120412	0.575141	1.513763	-0.168786	0.675351	1.547535	-0.025438	0.708008	1.375605	-0.161876	0.737088	1.322048	-0.017990	0.842923	1.301726	-0.424792	0.753315	1.239118	-0.268378	0.983519	1.484513	-0.584868	NaN	NaN	NaN	0.980868	1.481348	-0.053756	1.216867	1.305282	-0.350222	1.153383	1.392000	-0.200636	1.129454	1.492641	-0.544080	0.997193	0.487696	0.178451	0.987584	0.051379	0.221674	1.020200	0.046625	0.323126	1.158152	0.102501	0.267485	1.113729	0.531959	-0.325101	0.981015	0.039103	-0.294130	0.981526	0.036111	-0.411541	1.134321	0.114229	-0.381119	1.626689	2.253122	-0.206381	1.607957	2.283387	-0.120717	1.653989	2.260403	-0.113987	1.243783	1.775522	-0.513965	1.223960	1.698649	-0.526825	1.178693	1.685217	-0.562123
327	0.905555556	0.995192	0.963736	0.023861	1.205720	1.028293	-0.235765	1.148220	1.031083	0.049532	1.263035	1.047091	-0.073513	0.850137	1.437252	-0.033786	0.863884	1.252258	0.015260	1.024560	1.338521	-0.015767	0.653479	1.639290	-0.120700	0.575239	1.514008	-0.169540	0.675268	1.547339	-0.025847	0.708020	1.376347	-0.162694	0.736397	1.321729	-0.019174	0.844207	1.305121	-0.425339	0.754069	1.240776	-0.270211	0.985699	1.489766	-0.582703	NaN	NaN	NaN	0.980514	1.480816	-0.053121	1.218228	1.306996	-0.349609	1.153623	1.392103	-0.199634	1.131337	1.497215	-0.540841	0.996568	0.487434	0.178075	0.987562	0.051366	0.221619	1.020157	0.046640	0.323060	1.158073	0.102527	0.267393	1.113757	0.531943	-0.325170	0.981040	0.039116	-0.294180	0.981555	0.036133	-0.411581	1.134356	0.114225	-0.381112	1.624448	2.251970	-0.184996	1.605167	2.280421	-0.098835	1.651171	2.257340	-0.092205	1.244876	1.779671	-0.504615	1.225223	1.703007	-0.519149	1.180214	1.690185	-0.554971
328	0.908333333	0.994828	0.963319	0.023378	1.206031	1.028190	-0.235631	1.147736	1.030736	0.049557	1.262931	1.046840	-0.073124	0.849657	1.436787	-0.033913	0.862905	1.251680	0.014443	1.023766	1.337898	-0.015431	0.653688	1.639317	-0.121007	0.575343	1.514272	-0.170288	0.675135	1.547127	-0.026276	0.708160	1.377058	-0.163479	0.735662	1.321360	-0.020354	0.845740	1.308435	-0.425978	0.754678	1.242394	-0.271755	0.988000	1.494981	-0.580340	NaN	NaN	NaN	0.980080	1.480299	-0.052453	1.219682	1.308714	-0.349000	1.153828	1.392178	-0.198506	1.133297	1.501771	-0.537736	0.995902	0.487140	0.177678	0.987558	0.051357	0.221571	1.020146	0.046676	0.323010	1.158005	0.102552	0.267293	1.113787	0.531901	-0.325257	0.981026	0.039153	-0.294228	0.981571	0.036111	-0.411640	1.134407	0.114217	-0.381116	1.622050	2.250366	-0.163799	1.601975	2.277051	-0.077379	1.647968	2.254000	-0.070894	1.245699	1.783553	-0.495306	1.226507	1.707148	-0.511459	1.181742	1.694948	-0.547806
329	0.911111111	0.994481	0.962936	0.022948	1.206345	1.028115	-0.235422	1.147279	1.030391	0.049578	1.262825	1.046564	-0.072741	0.849142	1.436298	-0.034057	0.861954	1.251088	0.013586	1.023147	1.337213	-0.015125	0.653903	1.639320	-0.121324	0.575423	1.514536	-0.171002	0.674983	1.546929	-0.026729	0.708371	1.377716	-0.164324	0.734942	1.321039	-0.021371	0.847059	1.311780	-0.426491	0.755417	1.244142	-0.273397	0.990216	1.500175	-0.577918	NaN	NaN	NaN	0.979634	1.479778	-0.051780	1.221008	1.310383	-0.348417	1.154027	1.392219	-0.197406	1.135129	1.506259	-0.534448	0.995190	0.486823	0.177266	0.987562	0.051359	0.221498	1.020108	0.046704	0.322951	1.157933	0.102562	0.267201	1.113823	0.531893	-0.325315	0.981047	0.039164	-0.294271	0.981618	0.036102	-0.411666	1.134431	0.114182	-0.381127	1.619197	2.248392	-0.142692	1.598568	2.273384	-0.055861	1.644720	2.250300	-0.049821	1.246630	1.787337	-0.486019	1.227646	1.711197	-0.503695	1.183221	1.699630	-0.540525
330	0.913888889	0.994120	0.962558	0.022466	1.206714	1.028051	-0.235219	1.146811	1.030031	0.049585	1.262733	1.046317	-0.072366	0.848707	1.435883	-0.034178	0.861044	1.250510	0.012851	1.022444	1.336578	-0.014839	0.654112	1.639342	-0.121631	0.575610	1.514815	-0.171785	0.674797	1.546744	-0.027192	0.708504	1.378385	-0.165150	0.734280	1.320700	-0.022605	0.848409	1.315135	-0.427014	0.755956	1.245857	-0.274985	0.992329	1.505282	-0.575469	NaN	NaN	NaN	0.979214	1.479264	-0.051125	1.222432	1.312062	-0.347758	1.154190	1.392225	-0.196410	1.136991	1.510748	-0.531220	0.994488	0.486519	0.176876	0.987520	0.051307	0.221441	1.020075	0.046728	0.322895	1.157853	0.102610	0.267116	1.113826	0.531859	-0.325401	0.981055	0.039209	-0.294313	0.981638	0.036122	-0.411724	1.134460	0.114160	-0.381136	1.616368	2.246176	-0.121799	1.594974	2.269414	-0.034728	1.641095	2.246331	-0.028656	1.247384	1.790985	-0.476647	1.228720	1.715102	-0.495973	1.184450	1.704078	-0.533303
331	0.916666667	0.993805	0.962212	0.022048	1.207072	1.027967	-0.234987	1.146374	1.029685	0.049570	1.262680	1.046063	-0.072027	0.848204	1.435430	-0.034301	0.860169	1.249966	0.012170	1.021767	1.335954	-0.014473	0.654355	1.639371	-0.121970	0.575824	1.515062	-0.172573	0.674612	1.546551	-0.027660	0.708541	1.379059	-0.165877	0.733685	1.320359	-0.023727	0.849998	1.318347	-0.427549	0.756507	1.247538	-0.276455	0.994618	1.510280	-0.573016	NaN	NaN	NaN	0.978825	1.478728	-0.050485	1.223760	1.313703	-0.347146	1.154438	1.392267	-0.195367	1.138800	1.515090	-0.527909	0.993810	0.486203	0.176519	0.987533	0.051312	0.221378	1.020059	0.046767	0.322827	1.157768	0.102681	0.267040	1.113838	0.531838	-0.325476	0.981059	0.039221	-0.294370	0.981665	0.036114	-0.411743	1.134478	0.114152	-0.381142	1.613110	2.243550	-0.101036	1.591057	2.265039	-0.013674	1.636952	2.241913	-0.007621	1.247993	1.794381	-0.467374	1.229694	1.718859	-0.488177	1.185779	1.708513	-0.526079
332	0.919444444	0.993436	0.961856	0.021613	1.207446	1.027880	-0.234753	1.145976	1.029355	0.049579	1.262660	1.045838	-0.071689	0.847761	1.434973	-0.034401	0.859217	1.249442	0.011389	1.021047	1.335355	-0.014162	0.654573	1.639393	-0.122317	0.575920	1.515333	-0.173322	0.674462	1.546350	-0.028121	0.708533	1.379753	-0.166515	0.733069	1.320066	-0.024770	0.851169	1.321689	-0.427844	0.757033	1.249254	-0.277943	0.996568	1.515308	-0.570449	NaN	NaN	NaN	0.978424	1.478204	-0.049868	1.225034	1.315349	-0.346479	1.154634	1.392323	-0.194299	1.140759	1.519482	-0.524386	0.993197	0.485926	0.176162	0.987492	0.051291	0.221320	1.020039	0.046778	0.322761	1.157690	0.102729	0.266940	1.113847	0.531812	-0.325553	0.981062	0.039261	-0.294395	0.981679	0.036118	-0.411798	1.134506	0.114128	-0.381157	1.609785	2.240597	-0.080502	1.586966	2.260265	0.007047	1.632952	2.237248	0.013108	1.248608	1.797665	-0.457993	1.230634	1.722527	-0.480436	1.186836	1.712630	-0.518736
333	0.922222222	0.993036	0.961451	0.021160	1.207797	1.027796	-0.234534	1.145526	1.028982	0.049638	1.262592	1.045573	-0.071318	0.847368	1.434536	-0.034516	0.858299	1.248916	0.010646	1.020491	1.334713	-0.013912	0.654796	1.639413	-0.122648	0.576027	1.515579	-0.174030	0.674293	1.546178	-0.028542	0.708540	1.380445	-0.167201	0.732407	1.319754	-0.025792	0.852511	1.324941	-0.428171	0.757693	1.250920	-0.279381	0.998632	1.520168	-0.567798	NaN	NaN	NaN	0.978100	1.477694	-0.049249	1.226435	1.317016	-0.345809	1.154802	1.392362	-0.193367	1.142332	1.523488	-0.520948	0.992568	0.485670	0.175746	0.987488	0.051259	0.221252	1.020009	0.046796	0.322715	1.157608	0.102716	0.266838	1.113841	0.531790	-0.325630	0.981069	0.039265	-0.294431	0.981693	0.036100	-0.411839	1.134529	0.114139	-0.381143	1.606213	2.237313	-0.060129	1.582550	2.255188	0.027653	1.628758	2.232213	0.033387	1.249001	1.800707	-0.448761	1.231302	1.725841	-0.472671	1.188017	1.716723	-0.511453
334	0.925000000	0.992692	0.961006	0.020696	1.208087	1.027698	-0.234330	1.145054	1.028598	0.049657	1.262503	1.045325	-0.070902	0.846988	1.434065	-0.034663	0.857495	1.248391	0.009935	1.019832	1.334032	-0.013595	0.654991	1.639415	-0.122988	0.576156	1.515756	-0.174732	0.674122	1.545971	-0.028977	0.708668	1.381101	-0.167899	0.731759	1.319415	-0.026856	0.853986	1.328045	-0.428526	0.758388	1.252519	-0.280766	1.000735	1.525012	-0.565065	NaN	NaN	NaN	0.977744	1.477186	-0.048636	1.227677	1.318569	-0.345182	1.154999	1.392355	-0.192308	1.144035	1.527591	-0.517573	0.991936	0.485386	0.175348	0.987442	0.051239	0.221193	1.019964	0.046811	0.322639	1.157542	0.102751	0.266723	1.113831	0.531774	-0.325700	0.981067	0.039280	-0.294475	0.981711	0.036096	-0.411884	1.134555	0.114116	-0.381154	1.602237	2.233709	-0.039961	1.577909	2.249765	0.048031	1.624144	2.226856	0.053531	1.249363	1.803578	-0.439430	1.232040	1.729153	-0.464837	1.188868	1.720580	-0.504126
335	0.927777778	0.992412	0.960615	0.020277	1.208442	1.027606	-0.234097	1.144627	1.028217	0.049691	1.262365	1.045046	-0.070478	0.846668	1.433612	-0.034774	0.856644	1.247856	0.009259	1.019154	1.333443	-0.013232	0.655244	1.639422	-0.123305	0.576404	1.515938	-0.175504	0.674011	1.545765	-0.029440	0.708995	1.381562	-0.168573	0.731208	1.319075	-0.027895	0.855278	1.331220	-0.428719	0.758948	1.254203	-0.282117	1.002676	1.529718	-0.562422	NaN	NaN	NaN	0.977397	1.476635	-0.048006	1.229018	1.320188	-0.344447	1.155159	1.392330	-0.191300	1.145659	1.531722	-0.514210	0.991297	0.485072	0.174967	0.987414	0.051198	0.221131	1.019927	0.046823	0.322591	1.157471	0.102796	0.266648	1.113833	0.531757	-0.325775	0.981056	0.039298	-0.294507	0.981731	0.036075	-0.411917	1.134563	0.114104	-0.381161	1.598109	2.229732	-0.019945	1.573184	2.244093	0.068170	1.619472	2.221231	0.073543	1.249532	1.806285	-0.430249	1.232629	1.732311	-0.457106	1.189763	1.724333	-0.496816
336	0.930555556	0.992061	0.960208	0.019898	1.208758	1.027529	-0.233856	1.144202	1.027851	0.049723	1.262262	1.044752	-0.070064	0.846256	1.433141	-0.034910	0.855751	1.247284	0.008445	1.018582	1.332846	-0.012938	0.655410	1.639407	-0.123612	0.576666	1.516096	-0.176305	0.673871	1.545544	-0.029899	0.709682	1.381939	-0.169057	0.730632	1.318755	-0.028892	0.856315	1.334358	-0.428823	0.759574	1.255769	-0.283386	1.004540	1.534389	-0.559615	NaN	NaN	NaN	0.977013	1.476088	-0.047367	1.230212	1.321732	-0.343787	1.155275	1.392309	-0.190382	1.147150	1.535633	-0.510714	0.990595	0.484716	0.174568	0.987403	0.051168	0.221069	1.019899	0.046850	0.322517	1.157382	0.102820	0.266554	1.113830	0.531740	-0.325832	0.981055	0.039312	-0.294537	0.981752	0.036082	-0.411959	1.134581	0.114090	-0.381167	1.593964	2.225513	-0.000308	1.568187	2.238061	0.087950	1.614506	2.215242	0.093239	1.249707	1.808833	-0.420999	1.233151	1.735369	-0.449462	1.190674	1.727926	-0.489540
337	0.933333333	0.991717	0.959813	0.019493	1.209103	1.027476	-0.233593	1.143763	1.027497	0.049771	1.262162	1.044502	-0.069661	0.845844	1.432662	-0.034997	0.854986	1.246766	0.007734	1.017947	1.332204	-0.012659	0.655577	1.639392	-0.123903	0.576802	1.516288	-0.176972	0.673749	1.545343	-0.030354	0.709042	1.382795	-0.169635	0.730121	1.318433	-0.029874	0.857618	1.337358	-0.428971	0.760134	1.257421	-0.284647	1.006590	1.538955	-0.556852	NaN	NaN	NaN	0.976681	1.475547	-0.046752	1.231579	1.323345	-0.343071	1.155499	1.392300	-0.189362	1.148670	1.539486	-0.507155	0.989931	0.484370	0.174158	0.987379	0.051146	0.221027	1.019848	0.046862	0.322453	1.157287	0.102872	0.266459	1.113821	0.531734	-0.325920	0.981045	0.039310	-0.294602	0.981753	0.036067	-0.411996	1.134606	0.114101	-0.381172	1.589501	2.220928	0.019157	1.562906	2.231771	0.107497	1.609312	2.208965	0.112596	1.249643	1.811196	-0.411847	1.233604	1.738168	-0.441652	1.191265	1.731376	-0.482139
338	0.936111111	0.991384	0.959423	0.019107	1.209442	1.027382	-0.233306	1.143345	1.027133	0.049823	1.262095	1.044241	-0.069275	0.845481	1.432222	-0.035059	0.854139	1.246165	0.007070	1.017280	1.331593	-0.012365	0.655768	1.639367	-0.124177	0.576832	1.516477	-0.177522	0.673662	1.545151	-0.030785	0.708995	1.383439	-0.170113	0.729628	1.318151	-0.030878	0.859214	1.340026	-0.429478	0.760690	1.258925	-0.285879	1.008295	1.543521	-0.553931	NaN	NaN	NaN	0.976357	1.475013	-0.046149	1.232780	1.324802	-0.342330	1.155738	1.392319	-0.188434	1.150123	1.543220	-0.503659	0.989213	0.484063	0.173755	0.987352	0.051098	0.220968	1.019820	0.046883	0.322418	1.157174	0.102937	0.266370	1.113834	0.531712	-0.325974	0.981019	0.039327	-0.294640	0.981766	0.036026	-0.412044	1.134603	0.114079	-0.381160	1.584776	2.216048	0.038353	1.557568	2.225162	0.126791	1.603823	2.202341	0.131705	1.249620	1.813341	-0.402710	1.233910	1.740860	-0.434005	1.191947	1.734742	-0.474910
339	0.938888889	0.991035	0.959038	0.018756	1.209768	1.027276	-0.233032	1.142904	1.026754	0.049872	1.262059	1.044046	-0.068866	0.845145	1.431800	-0.035148	0.853419	1.245667	0.006420	1.016672	1.330956	-0.012014	0.655966	1.639358	-0.124424	0.577028	1.516642	-0.178212	0.673555	1.544953	-0.031195	0.708980	1.384021	-0.170551	0.729111	1.317865	-0.031836	0.860437	1.342969	-0.429483	0.761350	1.260536	-0.287101	1.010106	1.547917	-0.551060	NaN	NaN	NaN	0.976008	1.474509	-0.045559	1.234047	1.326333	-0.341680	1.155905	1.392287	-0.187579	1.151539	1.546892	-0.500107	0.988568	0.483793	0.173357	0.987337	0.051107	0.220917	1.019773	0.046897	0.322355	1.157108	0.102949	0.266277	1.113829	0.531722	-0.326043	0.981015	0.039354	-0.294675	0.981769	0.036020	-0.412073	1.134627	0.114088	-0.381165	1.579989	2.210838	0.057312	1.552040	2.218471	0.145104	1.598392	2.195510	0.150591	1.249425	1.815441	-0.393692	1.234121	1.743375	-0.426398	1.192487	1.737997	-0.467700
340	0.941666667	0.990708	0.958637	0.018405	1.210050	1.027167	-0.232738	1.142482	1.026371	0.049943	1.262013	1.043775	-0.068423	0.844783	1.431346	-0.035229	0.852632	1.245162	0.005696	1.016100	1.330346	-0.011709	0.656153	1.639312	-0.124649	0.577274	1.516749	-0.178903	0.673263	1.544730	-0.031809	0.709110	1.384438	-0.171071	0.728563	1.317554	-0.032757	0.861575	1.345945	-0.429432	0.761952	1.261983	-0.288203	1.012055	1.552268	-0.548052	NaN	NaN	NaN	0.975628	1.474004	-0.044954	1.235234	1.327809	-0.340842	1.156066	1.392218	-0.186606	1.152925	1.550530	-0.496588	0.987902	0.483503	0.172952	0.987279	0.051046	0.220835	1.019723	0.046922	0.322305	1.157027	0.102975	0.266166	1.113828	0.531704	-0.326110	0.981005	0.039354	-0.294729	0.981776	0.035995	-0.412101	1.134632	0.114067	-0.381153	1.574871	2.205398	0.076058	1.546196	2.211214	0.163557	1.592547	2.188351	0.169085	1.249572	1.817396	-0.385045	1.234351	1.745765	-0.418745	1.193061	1.740914	-0.460475
341	0.944444444	0.990312	0.958200	0.017987	1.210336	1.027065	-0.232478	1.142063	1.025984	0.050021	1.261929	1.043525	-0.068003	0.844407	1.430910	-0.035331	0.851892	1.244661	0.005024	1.015636	1.329786	-0.011481	0.656361	1.639251	-0.124828	0.577526	1.516896	-0.179579	0.673143	1.544545	-0.032147	0.709244	1.384853	-0.171597	0.728010	1.317221	-0.033665	0.862614	1.348719	-0.429203	0.762519	1.263515	-0.289235	1.013701	1.556464	-0.545060	NaN	NaN	NaN	0.975335	1.473492	-0.044398	1.236403	1.329265	-0.340147	1.156248	1.392192	-0.185687	1.154231	1.554022	-0.492974	0.987264	0.483180	0.172563	0.987256	0.051027	0.220788	1.019690	0.046929	0.322231	1.156907	0.102992	0.266054	1.113854	0.531706	-0.326182	0.980977	0.039362	-0.294761	0.981789	0.035959	-0.412131	1.134638	0.114060	-0.381158	1.569685	2.199528	0.094364	1.540251	2.203761	0.181878	1.586525	2.180967	0.187218	1.249118	1.819066	-0.376126	1.234436	1.747989	-0.411250	1.193333	1.743762	-0.453235
342	0.947222222	0.989982	0.957784	0.017618	1.210693	1.026988	-0.232196	1.141668	1.025621	0.050104	1.261860	1.043277	-0.067609	0.844052	1.430468	-0.035415	0.851189	1.244116	0.004389	1.014921	1.329097	-0.011157	0.656730	1.639101	-0.124879	0.577756	1.517020	-0.180176	0.673024	1.544347	-0.032470	0.709306	1.385262	-0.172113	0.727562	1.316913	-0.034599	0.863818	1.351496	-0.429046	0.763225	1.264915	-0.290322	1.015357	1.560669	-0.542053	NaN	NaN	NaN	0.975046	1.472971	-0.043818	1.237638	1.330715	-0.339336	1.156392	1.392097	-0.184890	1.155577	1.557458	-0.489447	0.986654	0.482890	0.172185	0.987223	0.050989	0.220747	1.019659	0.046951	0.322191	1.156834	0.103039	0.265961	1.113884	0.531729	-0.326235	0.980996	0.039379	-0.294801	0.981810	0.035934	-0.412191	1.134668	0.114066	-0.381173	1.564262	2.193482	0.112486	1.534031	2.196067	0.199820	1.580466	2.173262	0.205136	1.248592	1.820611	-0.367286	1.234543	1.750107	-0.403670	1.194170	1.746654	-0.446479
343	0.950000000	0.989654	0.957370	0.017267	1.211034	1.026894	-0.231866	1.141265	1.025249	0.050167	1.261772	1.042939	-0.067175	0.843732	1.430062	-0.035504	0.850506	1.243605	0.003747	1.014328	1.328454	-0.010852	0.656722	1.639153	-0.125243	0.577836	1.517155	-0.180661	0.672931	1.544130	-0.032752	0.709433	1.385679	-0.172614	0.727096	1.316652	-0.035457	0.865047	1.354640	-0.429030	0.763869	1.266224	-0.291579	1.017116	1.564767	-0.538988	NaN	NaN	NaN	0.974707	1.472408	-0.043231	1.238894	1.332174	-0.338581	1.156503	1.391998	-0.184005	1.156713	1.560794	-0.485851	0.985952	0.482573	0.171769	0.987202	0.050964	0.220692	1.019624	0.046982	0.322127	1.156739	0.103062	0.265854	1.113905	0.531739	-0.326302	0.980977	0.039385	-0.294861	0.981813	0.035932	-0.412227	1.134692	0.114072	-0.381183	1.558694	2.187123	0.130275	1.527743	2.188063	0.217519	1.574113	2.165254	0.222730	1.247975	1.821898	-0.358484	1.234464	1.752075	-0.396295	1.194399	1.749167	-0.439412
344	0.952777778	0.989426	0.957007	0.016895	1.211348	1.026811	-0.231538	1.140881	1.024875	0.050238	1.261676	1.042664	-0.066729	0.843310	1.429646	-0.035282	0.849749	1.243120	0.003115	1.013862	1.327904	-0.010571	0.656671	1.639238	-0.125487	0.577932	1.517274	-0.181086	0.672849	1.543923	-0.033054	0.709546	1.386047	-0.173011	0.726650	1.316356	-0.036322	0.866142	1.357427	-0.428869	0.764452	1.267660	-0.292549	1.018679	1.568740	-0.535900	NaN	NaN	NaN	0.974366	1.471862	-0.042656	1.240007	1.333489	-0.337798	1.156675	1.391923	-0.183135	1.158020	1.564068	-0.482266	0.985277	0.482230	0.171375	0.987162	0.050933	0.220610	1.019589	0.046986	0.322073	1.156640	0.103110	0.265738	1.113946	0.531746	-0.326369	0.980988	0.039428	-0.294904	0.981821	0.035919	-0.412277	1.134714	0.114064	-0.381191	1.553025	2.180585	0.147721	1.521303	2.179811	0.234596	1.567701	2.157121	0.239952	1.247249	1.823071	-0.349773	1.234321	1.753886	-0.388975	1.194545	1.751573	-0.432376
345	0.955555556	0.989148	0.956630	0.016541	1.211639	1.026742	-0.231219	1.140484	1.024484	0.050329	1.261566	1.042371	-0.066225	0.842986	1.429211	-0.035335	0.849063	1.242657	0.002490	1.013386	1.327345	-0.010300	0.656970	1.639177	-0.125585	0.578166	1.517373	-0.181598	0.672789	1.543701	-0.033346	0.709603	1.386420	-0.173383	0.726210	1.316098	-0.037183	0.867353	1.360088	-0.428650	0.764936	1.269083	-0.293499	1.020172	1.572641	-0.532809	NaN	NaN	NaN	0.974046	1.471367	-0.042086	1.241224	1.334941	-0.336918	1.156794	1.391822	-0.182363	1.159143	1.567191	-0.478694	0.984610	0.481895	0.170992	0.987123	0.050881	0.220550	1.019539	0.047014	0.322023	1.156521	0.103187	0.265626	1.113980	0.531762	-0.326437	0.980964	0.039434	-0.294975	0.981848	0.035887	-0.412314	1.134740	0.114068	-0.381218	1.547011	2.173732	0.164981	1.514605	2.171332	0.251524	1.561033	2.148655	0.256844	1.246418	1.824052	-0.341202	1.234040	1.755512	-0.381717	1.194582	1.753830	-0.425416
346	0.958333333	0.988838	0.956293	0.016211	1.211899	1.026637	-0.230900	1.140065	1.024078	0.050441	1.261485	1.042118	-0.065785	0.842709	1.428775	-0.035388	0.848386	1.242162	0.001926	1.012793	1.326741	-0.010002	0.657176	1.639127	-0.125708	0.578386	1.517471	-0.182092	0.672760	1.543500	-0.033620	0.709647	1.386783	-0.173667	0.725737	1.315832	-0.038004	0.868487	1.362633	-0.428376	0.765472	1.270575	-0.294270	1.021749	1.576455	-0.529682	NaN	NaN	NaN	0.973794	1.470886	-0.041540	1.242388	1.336297	-0.336154	1.156810	1.391670	-0.181556	1.160118	1.570238	-0.475114	0.983975	0.481623	0.170621	0.987088	0.050870	0.220480	1.019500	0.047045	0.321946	1.156428	0.103219	0.265509	1.114030	0.531781	-0.326510	0.980953	0.039458	-0.295014	0.981851	0.035863	-0.412359	1.134766	0.114065	-0.381210	1.541066	2.166687	0.181742	1.507829	2.162643	0.267972	1.554294	2.140086	0.273285	1.245588	1.824930	-0.332750	1.233828	1.757068	-0.374555	1.194625	1.755982	-0.418489
347	0.961111111	0.988527	0.955919	0.015899	1.212197	1.026549	-0.230556	1.139667	1.023698	0.050553	1.261452	1.041896	-0.065375	0.842428	1.428368	-0.035463	0.847682	1.241655	0.001309	1.012199	1.326159	-0.009673	0.657438	1.639074	-0.125835	0.578638	1.517570	-0.182572	0.672698	1.543301	-0.033881	0.709683	1.387146	-0.173962	0.725339	1.315553	-0.038767	0.869584	1.365241	-0.428008	0.766032	1.271937	-0.295073	1.023341	1.580204	-0.526556	NaN	NaN	NaN	0.973534	1.470383	-0.040990	1.243501	1.337581	-0.335258	1.156906	1.391573	-0.180790	1.161247	1.573219	-0.471501	0.983293	0.481302	0.170222	0.987055	0.050800	0.220438	1.019469	0.047054	0.321901	1.156357	0.103276	0.265390	1.114075	0.531807	-0.326567	0.980961	0.039481	-0.295082	0.981879	0.035841	-0.412405	1.134796	0.114078	-0.381223	1.534808	2.159400	0.198333	1.500821	2.153781	0.284159	1.547348	2.131188	0.289477	1.244750	1.825678	-0.324343	1.233552	1.758471	-0.367391	1.195245	1.758033	-0.411861
348	0.963888889	0.988222	0.955530	0.015585	1.212464	1.026440	-0.230232	1.139316	1.023343	0.050667	1.261417	1.041624	-0.064977	0.842149	1.427921	-0.035516	0.847078	1.241204	0.000755	1.011715	1.325517	-0.009369	0.657656	1.639042	-0.125965	0.578864	1.517645	-0.183011	0.672673	1.543114	-0.034151	0.709745	1.387436	-0.174241	0.724934	1.315277	-0.039536	0.870805	1.367764	-0.427600	0.766526	1.273284	-0.295893	1.024697	1.583802	-0.523370	NaN	NaN	NaN	0.973298	1.469899	-0.040449	1.244611	1.338881	-0.334443	1.157079	1.391518	-0.180035	1.162279	1.576143	-0.467905	0.982641	0.481000	0.169804	0.987041	0.050798	0.220369	1.019432	0.047076	0.321833	1.156258	0.103306	0.265254	1.114171	0.531846	-0.326648	0.980957	0.039506	-0.295126	0.981892	0.035838	-0.412462	1.134822	0.114059	-0.381251	1.528558	2.151871	0.214445	1.493820	2.144716	0.299804	1.540334	2.122139	0.305299	1.243712	1.826206	-0.316159	1.233182	1.759729	-0.360372	1.195102	1.759842	-0.405113
349	0.966666667	0.987940	0.955119	0.015288	1.212791	1.026365	-0.229855	1.138947	1.022982	0.050801	1.261382	1.041372	-0.064538	0.841925	1.427498	-0.035558	0.846461	1.240800	0.000225	1.011338	1.325009	-0.009120	0.657889	1.639009	-0.126084	0.579048	1.517751	-0.183405	0.672686	1.542954	-0.034342	0.709769	1.387751	-0.174524	0.724575	1.314969	-0.040257	0.871987	1.370175	-0.427227	0.767112	1.274638	-0.296632	1.026139	1.587327	-0.520269	NaN	NaN	NaN	0.972984	1.469376	-0.039885	1.245746	1.340097	-0.333519	1.157095	1.391373	-0.179298	1.163167	1.578879	-0.464375	0.981942	0.480707	0.169367	0.986995	0.050757	0.220307	1.019400	0.047106	0.321786	1.156175	0.103357	0.265138	1.114211	0.531845	-0.326696	0.980963	0.039519	-0.295191	0.981916	0.035814	-0.412507	1.134869	0.114068	-0.381241	1.522138	2.144184	0.230255	1.486595	2.135441	0.315146	1.533199	2.112827	0.320737	1.242715	1.826671	-0.308030	1.232694	1.760854	-0.353427	1.195022	1.761635	-0.398415
350	0.969444444	0.987648	0.954675	0.014989	1.213112	1.026263	-0.229475	1.138590	1.022631	0.050930	1.261268	1.041077	-0.063976	0.841667	1.427093	-0.035599	0.845879	1.240356	-0.000319	1.010874	1.324476	-0.008818	0.658118	1.638970	-0.126184	0.579212	1.517855	-0.183772	0.672681	1.542793	-0.034564	0.709915	1.388020	-0.174795	0.724166	1.314659	-0.041011	0.873125	1.372493	-0.426822	0.767618	1.275874	-0.297301	1.027508	1.590753	-0.517013	NaN	NaN	NaN	0.972725	1.468856	-0.039330	1.246906	1.341359	-0.332663	1.157023	1.391157	-0.178536	1.164111	1.581530	-0.460759	0.981260	0.480415	0.168987	0.986975	0.050743	0.220230	1.019363	0.047130	0.321715	1.156095	0.103398	0.265037	1.114292	0.531879	-0.326744	0.980946	0.039554	-0.295247	0.981944	0.035808	-0.412541	1.134886	0.114054	-0.381262	1.515528	2.136209	0.245836	1.479296	2.125927	0.330226	1.525420	2.102930	0.335294	1.241607	1.827038	-0.300148	1.232172	1.761861	-0.346614	1.194827	1.763179	-0.391836
351	0.972222222	0.987344	0.954265	0.014724	1.213263	1.026075	-0.228803	1.138218	1.022250	0.051062	1.261225	1.040793	-0.063449	0.841462	1.426701	-0.035664	0.845303	1.239876	-0.000841	1.010296	1.323851	-0.008493	0.658339	1.638941	-0.126303	0.579328	1.517980	-0.184099	0.672706	1.542627	-0.034775	0.710051	1.388297	-0.175054	0.723822	1.314398	-0.041666	0.874346	1.374813	-0.426387	0.768228	1.277130	-0.297995	1.028849	1.594131	-0.513856	NaN	NaN	NaN	0.972527	1.468398	-0.038782	1.247947	1.342536	-0.331732	1.157047	1.391014	-0.177791	1.164971	1.584178	-0.457188	0.980577	0.480065	0.168597	0.986933	0.050695	0.220162	1.019328	0.047162	0.321662	1.156013	0.103462	0.264912	1.114360	0.531900	-0.326810	0.980952	0.039559	-0.295309	0.981949	0.035783	-0.412593	1.134923	0.114049	-0.381272	1.508982	2.128186	0.260857	1.471722	2.116344	0.344776	1.518056	2.093392	0.350016	1.241214	1.827420	-0.292562	1.231619	1.762793	-0.339898	1.194579	1.764716	-0.385362
352	0.975000000	0.987135	0.953906	0.014472	1.213532	1.025986	-0.228432	1.137857	1.021862	0.051214	1.261159	1.040512	-0.062986	0.841276	1.426289	-0.035681	0.844756	1.239388	-0.001323	1.009835	1.323288	-0.008239	0.658580	1.638917	-0.126389	0.579526	1.518105	-0.184480	0.672779	1.542475	-0.034978	0.710191	1.388569	-0.175269	0.723445	1.314128	-0.042352	0.875366	1.377068	-0.425901	0.768820	1.278221	-0.298646	1.030133	1.597431	-0.510621	NaN	NaN	NaN	0.972239	1.467918	-0.038181	1.248956	1.343610	-0.330814	1.157146	1.390887	-0.177080	1.165809	1.586652	-0.453692	0.979884	0.479721	0.168202	0.986895	0.050652	0.220081	1.019280	0.047185	0.321595	1.155933	0.103514	0.264831	1.114449	0.531931	-0.326850	0.980962	0.039604	-0.295354	0.981985	0.035767	-0.412645	1.134974	0.114061	-0.381280	1.502229	2.119890	0.275608	1.464159	2.106566	0.359049	1.510597	2.083656	0.364291	1.240069	1.827516	-0.284878	1.231055	1.763587	-0.333251	1.194283	1.765994	-0.378970
353	0.977777778	0.986884	0.953540	0.014252	1.213736	1.025871	-0.228064	1.137528	1.021487	0.051355	1.261087	1.040232	-0.062543	0.841080	1.425886	-0.035697	0.844248	1.238907	-0.001825	1.009348	1.322723	-0.007950	0.658812	1.638898	-0.126473	0.579766	1.518225	-0.184838	0.672805	1.542344	-0.035165	0.710247	1.388832	-0.175495	0.723142	1.313868	-0.043021	0.876538	1.379176	-0.425411	0.769295	1.279405	-0.299222	1.031405	1.600546	-0.507415	NaN	NaN	NaN	0.971961	1.467429	-0.037603	1.250027	1.344754	-0.329858	1.157197	1.390725	-0.176298	1.166607	1.589084	-0.450168	0.979219	0.479422	0.167810	0.986872	0.050621	0.220023	1.019241	0.047229	0.321526	1.155830	0.103583	0.264722	1.114489	0.531948	-0.326889	0.980975	0.039605	-0.295417	0.981982	0.035736	-0.412707	1.135003	0.114046	-0.381296	1.495425	2.111459	0.289964	1.456588	2.096607	0.372783	1.502996	2.073769	0.378095	1.238981	1.827509	-0.277336	1.230462	1.764299	-0.326711	1.193984	1.767291	-0.372645
354	0.980555556	0.986607	0.953155	0.013997	1.214002	1.025799	-0.227659	1.137168	1.021117	0.051539	1.261054	1.040006	-0.062062	0.840876	1.425448	-0.035688	0.843751	1.238458	-0.002278	1.009012	1.322204	-0.007704	0.659044	1.638886	-0.126552	0.580044	1.518371	-0.185180	0.672862	1.542211	-0.035334	0.710394	1.389068	-0.175655	0.722839	1.313636	-0.043641	0.877655	1.381266	-0.424853	0.769919	1.280475	-0.299815	1.032575	1.603621	-0.504264	NaN	NaN	NaN	0.971764	1.466961	-0.037079	1.251000	1.345818	-0.328948	1.157198	1.390521	-0.175527	1.167447	1.591417	-0.446666	0.978512	0.479092	0.167371	0.986847	0.050605	0.219974	1.019185	0.047248	0.321445	1.155733	0.103694	0.264619	1.114558	0.531968	-0.326924	0.980968	0.039622	-0.295482	0.982038	0.035739	-0.412767	1.135054	0.114030	-0.381316	1.488567	2.102953	0.304003	1.448908	2.086707	0.386161	1.495394	2.063840	0.391640	1.237841	1.827384	-0.269916	1.229691	1.764805	-0.320275	1.193678	1.768351	-0.366443
355	0.983333333	0.986391	0.952762	0.013789	1.214264	1.025694	-0.227280	1.136811	1.020730	0.051703	1.261004	1.039745	-0.061562	0.840677	1.425025	-0.035712	0.843256	1.238038	-0.002689	1.008594	1.321657	-0.007341	0.659291	1.638872	-0.126620	0.580274	1.518496	-0.185505	0.672902	1.542090	-0.035484	0.710510	1.389284	-0.175820	0.722589	1.313343	-0.044213	0.878728	1.383331	-0.424259	0.770472	1.281554	-0.300288	1.033688	1.606583	-0.500977	NaN	NaN	NaN	0.971554	1.466486	-0.036549	1.252040	1.346829	-0.327946	1.157171	1.390303	-0.174864	1.168209	1.593609	-0.443208	0.977856	0.478805	0.166995	0.986813	0.050565	0.219895	1.019142	0.047271	0.321386	1.155646	0.103764	0.264510	1.114635	0.531995	-0.326961	0.980965	0.039674	-0.295553	0.982044	0.035720	-0.412814	1.135085	0.114008	-0.381323	1.481715	2.094270	0.317618	1.441058	2.076582	0.399234	1.487636	2.053818	0.404808	1.236706	1.827184	-0.262689	1.229012	1.765239	-0.313884	1.193326	1.769464	-0.360293
356	0.986111111	0.986162	0.952367	0.013619	1.214522	1.025647	-0.226911	1.136488	1.020384	0.051896	1.260938	1.039490	-0.061110	0.840535	1.424639	-0.035670	0.842767	1.237596	-0.003093	1.008147	1.321118	-0.007025	0.659549	1.638875	-0.126701	0.580551	1.518643	-0.185839	0.672958	1.541978	-0.035632	0.710550	1.389503	-0.175954	0.722263	1.313051	-0.044761	0.879716	1.385202	-0.423644	0.771071	1.282614	-0.300807	1.034776	1.609434	-0.497754	NaN	NaN	NaN	0.971336	1.465981	-0.035967	1.253009	1.347790	-0.327000	1.157148	1.390071	-0.174018	1.168938	1.595735	-0.439718	0.977266	0.478531	0.166620	0.986774	0.050529	0.219865	1.019098	0.047304	0.321337	1.155564	0.103808	0.264380	1.114714	0.532033	-0.327012	0.980990	0.039675	-0.295625	0.982081	0.035711	-0.412874	1.135126	0.114009	-0.381330	1.474909	2.085555	0.330747	1.433322	2.066513	0.411943	1.480042	2.043821	0.417403	1.235405	1.826834	-0.255524	1.227981	1.765376	-0.307753	1.192982	1.770365	-0.354320
357	0.988888889	0.985939	0.951981	0.013478	1.214789	1.025563	-0.226483	1.136172	1.020023	0.052109	1.260862	1.039206	-0.060661	0.840382	1.424254	-0.035627	0.842275	1.237158	-0.003471	1.007701	1.320595	-0.006721	0.659802	1.638861	-0.126742	0.580837	1.518791	-0.186117	0.672995	1.541876	-0.035766	0.710648	1.389683	-0.176077	0.721966	1.312758	-0.045265	0.880749	1.387195	-0.423121	0.771548	1.283516	-0.301215	1.035721	1.612183	-0.494500	NaN	NaN	NaN	0.971143	1.465510	-0.035430	1.253983	1.348761	-0.325962	1.157186	1.389889	-0.173247	1.169574	1.597774	-0.436244	0.976579	0.478202	0.166252	0.986750	0.050528	0.219801	1.019058	0.047351	0.321268	1.155466	0.103856	0.264268	1.114776	0.532040	-0.327045	0.981001	0.039708	-0.295688	0.982088	0.035698	-0.412919	1.135175	0.114002	-0.381347	1.467895	2.076662	0.343647	1.425543	2.056403	0.424020	1.472238	2.033673	0.429764	1.234094	1.826353	-0.248499	1.227517	1.765870	-0.301520	1.192531	1.771135	-0.348356
358	0.991666667	0.985702	0.951582	0.013296	1.215029	1.025477	-0.226077	1.135846	1.019624	0.052300	1.260744	1.038885	-0.060166	0.840216	1.423845	-0.035572	0.841828	1.236712	-0.003838	1.007328	1.320081	-0.006449	0.660054	1.638839	-0.126786	0.581009	1.518921	-0.186360	0.673017	1.541766	-0.035870	0.710657	1.389817	-0.176164	0.721694	1.312438	-0.045755	0.881755	1.388962	-0.422465	0.772042	1.284565	-0.301591	1.036722	1.614769	-0.491241	NaN	NaN	NaN	0.970911	1.465048	-0.034857	1.254901	1.349634	-0.324971	1.157230	1.389695	-0.172530	1.170156	1.599744	-0.432851	0.975885	0.477868	0.165881	0.986703	0.050480	0.219740	1.018985	0.047390	0.321185	1.155384	0.103924	0.264156	1.114832	0.532055	-0.327073	0.980989	0.039756	-0.295751	0.982101	0.035681	-0.412983	1.135210	0.114006	-0.381369	1.461100	2.067722	0.356135	1.418246	2.046764	0.435354	1.464500	2.023513	0.441598	1.232885	1.825819	-0.241645	1.226683	1.765954	-0.295504	1.192136	1.771906	-0.342484
359	0.994444444	0.985473	0.951188	0.013151	1.215173	1.025347	-0.225685	1.135557	1.019247	0.052520	1.260675	1.038613	-0.059595	0.840056	1.423489	-0.035496	0.841400	1.236318	-0.004150	1.006958	1.319569	-0.006067	0.660341	1.638831	-0.126813	0.581237	1.519065	-0.186582	0.673052	1.541667	-0.035960	0.710777	1.389925	-0.176204	0.721439	1.312145	-0.046207	0.882677	1.390676	-0.421882	0.773272	1.285348	-0.301712	1.037732	1.617308	-0.488114	NaN	NaN	NaN	0.970653	1.464598	-0.034269	1.255805	1.350451	-0.323946	1.157161	1.389450	-0.171737	1.170825	1.601602	-0.429425	0.975136	0.477533	0.165476	0.986689	0.050460	0.219691	1.018921	0.047403	0.321123	1.155298	0.103991	0.264036	1.114926	0.532094	-0.327107	0.981006	0.039784	-0.295820	0.982119	0.035666	-0.413037	1.135236	0.113955	-0.381405	1.454370	2.058639	0.368253	1.410691	2.036587	0.446646	1.456553	2.013600	0.452886	1.231565	1.825150	-0.234904	1.225872	1.766048	-0.289520	1.191722	1.772527	-0.336802
360	0.997222222	0.985271	0.950759	0.013014	1.215370	1.025262	-0.225256	1.135263	1.018862	0.052734	1.260644	1.038342	-0.059049	0.839876	1.423119	-0.035395	0.840972	1.235873	-0.004455	1.006569	1.319026	-0.005744	0.660604	1.638815	-0.126830	0.581467	1.519181	-0.186806	0.673071	1.541570	-0.036037	0.710775	1.390054	-0.176233	0.721159	1.311840	-0.046646	0.883613	1.392395	-0.421205	0.773830	1.286175	-0.302036	1.039175	1.619624	-0.485260	NaN	NaN	NaN	0.970473	1.464164	-0.033714	1.256726	1.351259	-0.322901	1.157173	1.389245	-0.170960	1.171426	1.603329	-0.426113	0.974423	0.477220	0.165094	0.986670	0.050424	0.219625	1.018875	0.047433	0.321051	1.155211	0.104048	0.263915	1.114992	0.532097	-0.327127	0.981001	0.039802	-0.295898	0.982129	0.035643	-0.413108	1.135305	0.113957	-0.381406	1.447607	2.049613	0.379867	1.403073	2.026462	0.457383	1.448944	2.003434	0.463942	1.230274	1.824412	-0.228283	1.225108	1.766026	-0.283715	1.191241	1.773027	-0.331118
361	1.000000000	0.985070	0.950384	0.012888	1.215545	1.025182	-0.224837	1.135006	1.018609	0.053212	1.260640	1.038105	-0.058591	0.839694	1.422731	-0.035260	0.840559	1.235453	-0.004743	1.006239	1.318517	-0.005406	0.660891	1.638805	-0.126838	0.581700	1.519312	-0.187017	0.673123	1.541477	-0.036098	0.710825	1.390140	-0.176243	0.720915	1.311577	-0.047028	0.884404	1.394012	-0.420534	0.774410	1.287004	-0.302322	1.040126	1.622031	-0.482130	NaN	NaN	NaN	0.970351	1.463749	-0.033172	1.257579	1.352049	-0.321900	1.157279	1.389103	-0.170186	1.171928	1.605059	-0.422756	0.973722	0.476917	0.164708	0.986636	0.050404	0.219564	1.018806	0.047468	0.320982	1.155129	0.104109	0.263802	1.115057	0.532121	-0.327159	0.981006	0.039835	-0.295983	0.982147	0.035635	-0.413173	1.135358	0.113960	-0.381421	1.440526	2.040461	0.391281	1.395455	2.016337	0.468121	1.441207	1.993327	0.474590	1.228968	1.823634	-0.221835	1.224260	1.765912	-0.277990	1.190814	1.773492	-0.325572
362	1.002777778	0.984866	0.950056	0.012816	1.215715	1.025099	-0.224361	1.134710	1.018198	0.053473	1.260618	1.037831	-0.058123	0.839511	1.422325	-0.035110	0.840107	1.235008	-0.004967	1.005881	1.318004	-0.005036	0.661180	1.638786	-0.126831	0.581949	1.519416	-0.187173	0.673164	1.541359	-0.036141	0.710869	1.390197	-0.176213	0.720722	1.311301	-0.047384	0.885303	1.395629	-0.419892	0.774963	1.287761	-0.302549	1.041077	1.624293	-0.479070	NaN	NaN	NaN	0.970142	1.463281	-0.032577	1.258495	1.352778	-0.320821	1.157349	1.388887	-0.169344	1.172516	1.606621	-0.419405	0.973080	0.476597	0.164379	0.986608	0.050350	0.219509	1.018759	0.047493	0.320926	1.155045	0.104190	0.263685	1.115125	0.532134	-0.327181	0.981005	0.039866	-0.296040	0.982177	0.035610	-0.413242	1.135409	0.113933	-0.381444	1.433498	2.030888	0.402375	1.387825	2.006274	0.478366	1.433534	1.983089	0.484944	1.228192	1.822969	-0.215635	1.222830	1.765169	-0.272412	1.190228	1.773802	-0.320155
363	1.005555556	0.984683	0.949665	0.012769	1.215850	1.024981	-0.223877	1.134467	1.017812	0.053731	1.260564	1.037563	-0.057632	0.839367	1.421917	-0.034951	0.839685	1.234542	-0.005169	1.005499	1.317500	-0.004686	0.661467	1.638749	-0.126808	0.582161	1.519526	-0.187358	0.673208	1.541261	-0.036176	0.710890	1.390272	-0.176194	0.720513	1.311026	-0.047714	0.886080	1.397111	-0.419217	0.775450	1.288583	-0.302769	1.041964	1.626394	-0.475976	NaN	NaN	NaN	0.969921	1.462804	-0.031950	1.259338	1.353494	-0.319843	1.157262	1.388564	-0.168576	1.172966	1.608100	-0.416203	0.972438	0.476284	0.164065	0.986567	0.050337	0.219426	1.018683	0.047514	0.320832	1.154939	0.104264	0.263571	1.115171	0.532130	-0.327207	0.981012	0.039905	-0.296133	0.982203	0.035588	-0.413300	1.135445	0.113910	-0.381461	1.426136	2.022506	0.412833	1.380321	1.996183	0.488121	1.425960	1.972965	0.494827	1.226694	1.821968	-0.209523	1.222441	1.765396	-0.266888	1.189668	1.774088	-0.314839
364	1.008333333	0.984479	0.949278	0.012750	1.215984	1.024863	-0.223390	1.134225	1.017445	0.053989	1.260498	1.037309	-0.057097	0.839238	1.421478	-0.034775	0.839286	1.234132	-0.005373	1.005234	1.317032	-0.004376	0.661801	1.638741	-0.126753	0.582456	1.519646	-0.187536	0.673275	1.541174	-0.036192	0.710951	1.390349	-0.176139	0.720274	1.310736	-0.048027	0.886838	1.398567	-0.418549	0.775949	1.289283	-0.302943	1.042819	1.628406	-0.473038	NaN	NaN	NaN	0.969747	1.462374	-0.031374	1.260182	1.354169	-0.318742	1.157353	1.388359	-0.167796	1.173469	1.609566	-0.412996	0.971787	0.475973	0.163740	0.986519	0.050301	0.219382	1.018623	0.047535	0.320780	1.154838	0.104339	0.263467	1.115226	0.532138	-0.327227	0.981010	0.039934	-0.296193	0.982256	0.035561	-0.413382	1.135491	0.113900	-0.381479	1.419421	2.013557	0.423003	1.372961	1.986291	0.497463	1.418527	1.962902	0.504412	1.225211	1.820912	-0.203392	1.221556	1.765058	-0.261556	1.189169	1.774283	-0.309605
365	1.011111111	0.984298	0.948866	0.012743	1.216052	1.024768	-0.223000	1.133976	1.017055	0.054277	1.260400	1.037027	-0.056577	0.839089	1.421066	-0.034599	0.838909	1.233708	-0.005542	1.004915	1.316534	-0.004017	0.662108	1.638707	-0.126701	0.582688	1.519734	-0.187685	0.673348	1.541067	-0.036190	0.710958	1.390364	-0.176084	0.720114	1.310428	-0.048288	0.887513	1.399990	-0.417838	0.776362	1.289939	-0.303055	1.043750	1.630324	-0.469994	NaN	NaN	NaN	0.969598	1.461968	-0.030763	1.260952	1.354754	-0.317716	1.157435	1.388150	-0.166986	1.173872	1.610836	-0.409831	0.971103	0.475607	0.163398	0.986488	0.050259	0.219300	1.018567	0.047562	0.320689	1.154743	0.104372	0.263359	1.115286	0.532144	-0.327253	0.980988	0.039965	-0.296293	0.982274	0.035538	-0.413456	1.135540	0.113883	-0.381507	1.412663	2.004616	0.432874	1.365604	1.976329	0.506514	1.411041	1.952848	0.513635	1.223791	1.819737	-0.197480	1.220417	1.764403	-0.256221	1.188701	1.774440	-0.304480
366	1.013888889	0.984097	0.948480	0.012766	1.216140	1.024653	-0.222515	1.133771	1.016648	0.054566	1.260318	1.036756	-0.056090	0.838983	1.420693	-0.034399	0.838559	1.233322	-0.005673	1.004576	1.316020	-0.003677	0.662422	1.638682	-0.126625	0.582949	1.519825	-0.187799	0.673408	1.540980	-0.036177	0.711034	1.390384	-0.175983	0.719942	1.310095	-0.048530	0.888267	1.401288	-0.417118	0.776827	1.290575	-0.303164	1.044556	1.632149	-0.467057	NaN	NaN	NaN	0.969420	1.461542	-0.030126	1.261747	1.355314	-0.316637	1.157542	1.387936	-0.166174	1.174391	1.612138	-0.406649	0.970413	0.475204	0.163115	0.986446	0.050228	0.219252	1.018504	0.047590	0.320628	1.154650	0.104415	0.263257	1.115351	0.532156	-0.327267	0.981015	0.040014	-0.296368	0.982287	0.035505	-0.413533	1.135595	0.113866	-0.381511	1.406204	1.995900	0.442298	1.358164	1.966619	0.515262	1.403787	1.942921	0.522388	1.222393	1.818614	-0.191679	1.219522	1.763936	-0.251138	1.188097	1.774444	-0.299496
367	1.016666667	0.983948	0.948023	0.012764	1.216283	1.024568	-0.222021	1.133580	1.016273	0.054863	1.260221	1.036458	-0.055582	0.838838	1.420308	-0.034226	0.838255	1.232925	-0.005779	1.004273	1.315522	-0.003264	0.662704	1.638628	-0.126543	0.583210	1.519890	-0.187886	0.673491	1.540875	-0.036142	0.711071	1.390405	-0.175892	0.719744	1.309744	-0.048764	0.888857	1.402578	-0.416438	0.777255	1.291193	-0.303218	1.045465	1.633804	-0.464216	NaN	NaN	NaN	0.969312	1.461141	-0.029519	1.262515	1.355818	-0.315563	1.157618	1.387661	-0.165387	1.174856	1.613314	-0.403631	0.969759	0.474901	0.162883	0.986409	0.050174	0.219198	1.018435	0.047586	0.320550	1.154548	0.104452	0.263155	1.115417	0.532169	-0.327300	0.981025	0.040045	-0.296443	0.982324	0.035476	-0.413612	1.135652	0.113879	-0.381527	1.399878	1.987089	0.451278	1.351408	1.956799	0.523413	1.396734	1.933108	0.530659	1.220950	1.817249	-0.186072	1.218633	1.763446	-0.246167	1.188005	1.774591	-0.294764
368	1.019444444	0.983810	0.947618	0.012838	1.216361	1.024476	-0.221512	1.133313	1.015856	0.055192	1.260162	1.036184	-0.055036	0.838699	1.419946	-0.034030	0.837954	1.232502	-0.005869	1.003971	1.315075	-0.002847	0.663067	1.638539	-0.126435	0.583483	1.519980	-0.187955	0.673607	1.540779	-0.036093	0.711077	1.390402	-0.175752	0.719574	1.309420	-0.048948	0.889552	1.403750	-0.415772	0.777627	1.291837	-0.303256	1.046133	1.635492	-0.461326	NaN	NaN	NaN	0.969235	1.460724	-0.028925	1.263233	1.356242	-0.314495	1.157648	1.387380	-0.164637	1.175159	1.614453	-0.400308	0.969126	0.474635	0.162651	0.986382	0.050171	0.219102	1.018385	0.047613	0.320474	1.154449	0.104497	0.263086	1.115457	0.532171	-0.327327	0.981032	0.040086	-0.296525	0.982352	0.035469	-0.413694	1.135698	0.113854	-0.381547	1.393319	1.978409	0.460094	1.344325	1.947268	0.531365	1.389736	1.923438	0.538768	1.219535	1.816059	-0.180632	1.217740	1.762841	-0.241300	1.187255	1.774476	-0.290012
369	1.022222222	0.983628	0.947216	0.012922	1.216441	1.024351	-0.221036	1.133096	1.015463	0.055537	1.260190	1.035906	-0.054473	0.838537	1.419527	-0.033784	0.837646	1.232042	-0.005941	1.003748	1.314598	-0.002497	0.663359	1.638563	-0.126373	0.583770	1.520045	-0.188012	0.673730	1.540670	-0.036013	0.711205	1.390329	-0.175566	0.719408	1.309080	-0.049121	0.890129	1.404923	-0.414997	0.778031	1.292415	-0.303284	1.046818	1.636939	-0.458574	NaN	NaN	NaN	0.969110	1.460258	-0.028276	1.263964	1.356696	-0.313409	1.157750	1.387110	-0.163771	1.175509	1.615438	-0.397286	0.968502	0.474318	0.162420	0.986331	0.050132	0.219019	1.018317	0.047632	0.320385	1.154347	0.104551	0.263011	1.115511	0.532183	-0.327353	0.981033	0.040113	-0.296603	0.982380	0.035441	-0.413772	1.135749	0.113841	-0.381553	1.387252	1.969920	0.468368	1.337811	1.937696	0.538779	1.382991	1.913838	0.546297	1.218186	1.814749	-0.175341	1.216785	1.762164	-0.236531	1.186585	1.774263	-0.285317
370	1.025000000	0.983509	0.946824	0.013030	1.216545	1.024288	-0.220604	1.132863	1.015063	0.055883	1.260197	1.035643	-0.054007	0.838400	1.419079	-0.033536	0.837385	1.231607	-0.005978	1.003546	1.314155	-0.002129	0.663698	1.638516	-0.126250	0.583988	1.520106	-0.188011	0.673860	1.540577	-0.035912	0.711253	1.390293	-0.175388	0.719262	1.308768	-0.049269	0.890582	1.406023	-0.414290	0.778401	1.292873	-0.303300	1.047504	1.638407	-0.455750	NaN	NaN	NaN	0.969007	1.459838	-0.027694	1.264658	1.357125	-0.312357	1.157874	1.386884	-0.162981	1.175872	1.616347	-0.394433	0.967885	0.473983	0.162222	0.986303	0.050101	0.218929	1.018270	0.047652	0.320312	1.154228	0.104593	0.262938	1.115531	0.532190	-0.327382	0.981031	0.040143	-0.296713	0.982416	0.035396	-0.413853	1.135790	0.113819	-0.381561	1.380931	1.961358	0.476389	1.330879	1.928359	0.546211	1.376377	1.904465	0.553644	1.216704	1.813334	-0.170137	1.215823	1.761449	-0.231922	1.185834	1.773970	-0.280796
371	1.027777778	0.983390	0.946424	0.013166	1.216583	1.024161	-0.220097	1.132716	1.014687	0.056223	1.260190	1.035350	-0.053544	0.838343	1.418650	-0.033270	0.837166	1.231179	-0.005998	1.003285	1.313695	-0.001731	0.663941	1.638495	-0.126087	0.584234	1.520168	-0.188002	0.673976	1.540495	-0.035806	0.711282	1.390284	-0.175193	0.719138	1.308457	-0.049362	0.891375	1.406967	-0.413605	0.778730	1.293331	-0.303304	1.048234	1.639598	-0.453114	NaN	NaN	NaN	0.968974	1.459452	-0.027112	1.265368	1.357497	-0.311226	1.157906	1.386560	-0.162210	1.176263	1.617219	-0.391533	0.967257	0.473670	0.162016	0.986264	0.050086	0.218819	1.018203	0.047641	0.320217	1.154102	0.104651	0.262884	1.115568	0.532199	-0.327419	0.981036	0.040170	-0.296802	0.982450	0.035369	-0.413930	1.135854	0.113807	-0.381565	1.378474	1.954013	0.482294	1.324518	1.919146	0.553132	1.369898	1.895176	0.560607	1.215380	1.812011	-0.165243	1.214907	1.760693	-0.227526	1.185171	1.773621	-0.276370
372	1.030555556	0.983296	0.946030	0.013345	1.216581	1.024054	-0.219605	1.132576	1.014293	0.056563	1.260096	1.035056	-0.052972	0.838302	1.418253	-0.033002	0.836946	1.230758	-0.005969	1.003010	1.313195	-0.001297	0.664276	1.638426	-0.125931	0.584469	1.520202	-0.187953	0.674145	1.540406	-0.035669	0.711330	1.390188	-0.174957	0.719001	1.308139	-0.049449	0.891951	1.407974	-0.412920	0.778985	1.293717	-0.303206	1.049003	1.640864	-0.450524	NaN	NaN	NaN	0.968862	1.459002	-0.026444	1.266000	1.357806	-0.310186	1.157976	1.386268	-0.161385	1.176513	1.617955	-0.388821	0.966617	0.473272	0.161866	0.986214	0.050042	0.218717	1.018160	0.047659	0.320131	1.154029	0.104662	0.262827	1.115580	0.532189	-0.327457	0.981044	0.040199	-0.296893	0.982485	0.035348	-0.414035	1.135913	0.113783	-0.381566	1.372304	1.945768	0.489733	1.318293	1.910184	0.559417	1.363707	1.886199	0.567182	1.214049	1.810622	-0.160391	1.213987	1.759881	-0.223261	1.184448	1.773217	-0.272116
373	1.033333333	0.983159	0.945657	0.013559	1.216530	1.023941	-0.219124	1.132433	1.013898	0.056932	1.260000	1.034785	-0.052427	0.838259	1.417864	-0.032702	0.836656	1.230371	-0.005879	1.002789	1.312719	-0.000818	0.664570	1.638353	-0.125735	0.584739	1.520274	-0.187862	0.674292	1.540327	-0.035516	0.711414	1.390121	-0.174699	0.718929	1.307880	-0.049485	0.892512	1.408846	-0.412258	0.779288	1.294138	-0.303110	1.049494	1.642040	-0.447948	NaN	NaN	NaN	0.968718	1.458578	-0.025827	1.266693	1.358140	-0.309114	1.158111	1.386036	-0.160636	1.176810	1.618675	-0.386065	0.965960	0.472890	0.161727	0.986184	0.050003	0.218607	1.018090	0.047662	0.320015	1.153932	0.104682	0.262778	1.115609	0.532218	-0.327496	0.981037	0.040277	-0.297005	0.982517	0.035328	-0.414125	1.135978	0.113797	-0.381562	1.364424	1.937054	0.497507	1.312426	1.901236	0.565740	1.357664	1.877266	0.573475	1.212547	1.808967	-0.155716	1.213097	1.759026	-0.219121	1.183723	1.772747	-0.267990
374	1.036111111	0.983020	0.945284	0.013787	1.216516	1.023819	-0.218588	1.132300	1.013470	0.057360	1.259944	1.034508	-0.051914	0.838146	1.417487	-0.032357	0.836405	1.229949	-0.005769	1.002545	1.312247	-0.000398	0.664893	1.638291	-0.125522	0.584982	1.520296	-0.187738	0.674431	1.540209	-0.035310	0.711447	1.390028	-0.174404	0.718797	1.307568	-0.049508	0.893027	1.409583	-0.411472	0.779552	1.294543	-0.302999	1.050261	1.642987	-0.445511	NaN	NaN	NaN	0.968632	1.458149	-0.025230	1.267350	1.358388	-0.308010	1.158207	1.385711	-0.159817	1.177151	1.619282	-0.383492	0.965312	0.472528	0.161631	0.986138	0.049981	0.218465	1.018028	0.047690	0.319904	1.153852	0.104702	0.262730	1.115589	0.532227	-0.327532	0.981048	0.040328	-0.297102	0.982574	0.035270	-0.414216	1.136031	0.113772	-0.381573	1.358789	1.929209	0.504167	1.306405	1.892712	0.571561	1.351853	1.868177	0.578888	1.211429	1.807745	-0.151373	1.212204	1.758194	-0.215113	1.183049	1.772197	-0.263968
375	1.038888889	0.982910	0.944905	0.014100	1.216506	1.023708	-0.218082	1.132195	1.013062	0.057812	1.259858	1.034215	-0.051444	0.838063	1.417136	-0.032046	0.836140	1.229550	-0.005641	1.002379	1.311769	0.000012	0.665204	1.638230	-0.125300	0.585218	1.520339	-0.187593	0.674604	1.540135	-0.035074	0.711516	1.389917	-0.174100	0.718629	1.307237	-0.049527	0.893472	1.410295	-0.410733	0.779821	1.294865	-0.302874	1.050696	1.643965	-0.443067	NaN	NaN	NaN	0.968573	1.457706	-0.024592	1.267955	1.358558	-0.306945	1.158200	1.385328	-0.158948	1.177377	1.619852	-0.380943	0.964748	0.472220	0.161567	0.986071	0.049945	0.218343	1.017947	0.047711	0.319784	1.153727	0.104693	0.262729	1.115566	0.532233	-0.327597	0.981042	0.040366	-0.297215	0.982609	0.035236	-0.414312	1.136067	0.113776	-0.381556	1.353421	1.921534	0.510457	1.300716	1.884224	0.577112	1.346227	1.859740	0.584436	1.210040	1.806252	-0.147096	1.211346	1.757356	-0.211283	1.182281	1.771608	-0.260186
376	1.041666667	0.982886	0.944524	0.014369	1.216506	1.023642	-0.217558	1.132116	1.012686	0.058245	1.259807	1.033930	-0.050912	0.837972	1.416790	-0.031689	0.835882	1.229141	-0.005491	1.002147	1.311309	0.000479	0.665534	1.638181	-0.125033	0.585451	1.520380	-0.187412	0.674771	1.540047	-0.034825	0.711610	1.389820	-0.173759	0.718536	1.306901	-0.049498	0.893984	1.410987	-0.410002	0.780097	1.295133	-0.302711	1.051296	1.644733	-0.440836	NaN	NaN	NaN	0.968545	1.457276	-0.023934	1.268582	1.358746	-0.305847	1.158237	1.384954	-0.158227	1.177639	1.620345	-0.378505	0.964173	0.471874	0.161539	0.985998	0.049905	0.218174	1.017870	0.047740	0.319645	1.153610	0.104731	0.262724	1.115546	0.532244	-0.327657	0.981026	0.040439	-0.297324	0.982677	0.035202	-0.414400	1.136152	0.113756	-0.381554	1.348366	1.914108	0.516337	1.295484	1.876004	0.582102	1.340775	1.851625	0.589665	1.208818	1.804690	-0.142982	1.210564	1.756407	-0.207573	1.181676	1.771060	-0.256465
377	1.044444444	0.982795	0.944149	0.014680	1.216426	1.023579	-0.217111	1.131994	1.012253	0.058667	1.259796	1.033677	-0.050407	0.837899	1.416425	-0.031334	0.835645	1.228772	-0.005303	1.001894	1.310871	0.000939	0.665857	1.638105	-0.124740	0.585667	1.520401	-0.187187	0.674948	1.539955	-0.034539	0.711631	1.389699	-0.173408	0.718418	1.306530	-0.049466	0.894471	1.411548	-0.409256	0.780349	1.295320	-0.302480	1.051830	1.645426	-0.438475	NaN	NaN	NaN	0.968539	1.456889	-0.023278	1.269134	1.358866	-0.304818	1.158338	1.384623	-0.157392	1.177996	1.620774	-0.376466	0.963625	0.471587	0.161546	0.985930	0.049852	0.217985	1.017784	0.047771	0.319490	1.153487	0.104738	0.262728	1.115512	0.532259	-0.327703	0.981016	0.040492	-0.297425	0.982746	0.035142	-0.414530	1.136209	0.113745	-0.381533	1.343227	1.906805	0.521987	1.290239	1.867976	0.587083	1.335485	1.843639	0.594642	1.207675	1.803296	-0.139104	1.209792	1.755403	-0.204105	1.181038	1.770436	-0.252979
378	1.047222222	0.982767	0.943737	0.015067	1.216373	1.023510	-0.216658	1.131929	1.011816	0.059160	1.259840	1.033438	-0.049902	0.837800	1.416070	-0.030935	0.835437	1.228412	-0.005068	1.001686	1.310421	0.001440	0.666201	1.638047	-0.124419	0.585850	1.520434	-0.186907	0.675141	1.539880	-0.034241	0.711685	1.389594	-0.173061	0.718337	1.306179	-0.049381	0.894849	1.412016	-0.408486	0.780617	1.295477	-0.302236	1.052504	1.646087	-0.436368	NaN	NaN	NaN	0.968502	1.456480	-0.022633	1.269782	1.359000	-0.303697	1.158336	1.384230	-0.156581	1.178246	1.621143	-0.374178	0.963117	0.471269	0.161595	0.985848	0.049827	0.217812	1.017666	0.047772	0.319307	1.153375	0.104704	0.262751	1.115466	0.532243	-0.327762	0.981002	0.040555	-0.297533	0.982829	0.035116	-0.414664	1.136276	0.113753	-0.381516	1.338444	1.899783	0.527293	1.285152	1.860352	0.591716	1.330603	1.835979	0.599128	1.206598	1.801789	-0.135448	1.209039	1.754422	-0.200734	1.180512	1.769785	-0.249625
379	1.050000000	0.982726	0.943344	0.015490	1.216284	1.023436	-0.216213	1.131910	1.011408	0.059710	1.259838	1.033182	-0.049448	0.837685	1.415687	-0.030515	0.835189	1.228022	-0.004839	1.001508	1.309959	0.001924	0.666519	1.637991	-0.124104	0.586047	1.520465	-0.186594	0.675302	1.539808	-0.033958	0.711773	1.389443	-0.172744	0.718207	1.305829	-0.049238	0.895273	1.412424	-0.407684	0.780874	1.295547	-0.301951	1.053006	1.646687	-0.434395	NaN	NaN	NaN	0.968420	1.456016	-0.021963	1.270310	1.359090	-0.302707	1.158455	1.383908	-0.155822	1.178362	1.621371	-0.372018	0.962545	0.470931	0.161678	0.985753	0.049760	0.217573	1.017547	0.047821	0.319113	1.153255	0.104681	0.262777	1.115412	0.532252	-0.327823	0.980994	0.040625	-0.297648	0.982903	0.035054	-0.414790	1.136347	0.113736	-0.381504	1.333923	1.892996	0.532218	1.280401	1.852790	0.595922	1.325628	1.828515	0.603563	1.205549	1.800315	-0.131943	1.208331	1.753499	-0.197581	1.179950	1.769071	-0.246536
380	1.052777778	0.982702	0.942981	0.015979	1.216170	1.023360	-0.215766	1.131936	1.011049	0.060192	1.259763	1.032880	-0.048970	0.837593	1.415336	-0.030082	0.835001	1.227653	-0.004575	1.001352	1.309506	0.002449	0.666833	1.637939	-0.123784	0.586294	1.520497	-0.186280	0.675429	1.539755	-0.033650	0.711847	1.389273	-0.172327	0.718107	1.305499	-0.049058	0.895849	1.412737	-0.406994	0.781093	1.295628	-0.301642	1.053469	1.647127	-0.432383	NaN	NaN	NaN	0.968400	1.455546	-0.021291	1.270892	1.359172	-0.301638	1.158508	1.383563	-0.155047	1.178680	1.621594	-0.369996	0.961997	0.470637	0.161772	0.985638	0.049697	0.217329	1.017435	0.047824	0.318917	1.153143	0.104703	0.262803	1.115338	0.532255	-0.327880	0.980979	0.040712	-0.297779	0.983001	0.035008	-0.414931	1.136397	0.113722	-0.381485	1.329243	1.886390	0.536811	1.275838	1.845687	0.599753	1.321328	1.821892	0.607176	1.204615	1.798853	-0.128661	1.207669	1.752530	-0.194607	1.179478	1.768387	-0.243484
381	1.055555556	0.982622	0.942621	0.016524	1.216005	1.023314	-0.215327	1.131978	1.010641	0.060732	1.259662	1.032557	-0.048486	0.837487	1.414989	-0.029644	0.834797	1.227249	-0.004214	1.001231	1.309063	0.002943	0.667159	1.637868	-0.123428	0.586450	1.520523	-0.185950	0.675557	1.539717	-0.033309	0.711861	1.389140	-0.171931	0.718007	1.305162	-0.048836	0.896335	1.413086	-0.406274	0.781348	1.295637	-0.301285	1.053988	1.647474	-0.430526	NaN	NaN	NaN	0.968352	1.454854	-0.020847	1.271407	1.359158	-0.300630	1.158488	1.383059	-0.154247	1.178963	1.621740	-0.368045	0.961473	0.470315	0.161870	0.985509	0.049658	0.217076	1.017312	0.047832	0.318715	1.152967	0.104697	0.262863	1.115253	0.532251	-0.327924	0.980948	0.040805	-0.297894	0.983077	0.034968	-0.415046	1.136476	0.113715	-0.381468	1.325182	1.880030	0.541050	1.271255	1.838857	0.603572	1.316670	1.814453	0.611215	1.203603	1.797422	-0.125598	1.207137	1.751488	-0.191840	1.178945	1.767642	-0.240738
382	1.058333333	0.982716	0.942237	0.017119	1.215786	1.023287	-0.214917	1.132059	1.010217	0.061301	1.259625	1.032321	-0.048053	0.837383	1.414646	-0.029162	0.834577	1.226793	-0.003838	1.001018	1.308616	0.003456	0.667483	1.637799	-0.123081	0.586631	1.520578	-0.185610	0.675665	1.539661	-0.032927	0.711893	1.389009	-0.171477	0.717924	1.304871	-0.048589	0.896782	1.413317	-0.405540	0.781542	1.295593	-0.300947	1.054282	1.647795	-0.428666	NaN	NaN	NaN	0.968283	1.454406	-0.020150	1.271856	1.359052	-0.299601	1.158594	1.382737	-0.153469	1.179114	1.621759	-0.366198	0.960935	0.470021	0.162021	0.985378	0.049621	0.216801	1.017197	0.047853	0.318497	1.152835	0.104709	0.262931	1.115143	0.532246	-0.327987	0.980958	0.040902	-0.298063	0.983186	0.034923	-0.415202	1.136545	0.113693	-0.381447	1.321218	1.873931	0.545015	1.267185	1.832244	0.606864	1.312598	1.808255	0.614441	1.202765	1.796015	-0.122690	1.206534	1.750457	-0.189242	1.178584	1.766866	-0.238117
383	1.061111111	0.982807	0.941888	0.017813	1.215575	1.023292	-0.214496	1.132185	1.009820	0.061917	1.259600	1.032054	-0.047589	0.837357	1.414287	-0.028690	0.834355	1.226417	-0.003379	1.000853	1.308196	0.004057	0.667833	1.637768	-0.122725	0.586885	1.520615	-0.185274	0.675850	1.539602	-0.032504	0.711919	1.388867	-0.171016	0.717900	1.304589	-0.048321	0.897240	1.413476	-0.404763	0.781779	1.295545	-0.300583	1.054846	1.647995	-0.427047	NaN	NaN	NaN	0.968255	1.454029	-0.019474	1.272317	1.358881	-0.298591	1.158715	1.382314	-0.152655	1.179306	1.621755	-0.364515	0.960444	0.469750	0.162209	0.985270	0.049634	0.216553	1.017040	0.047849	0.318293	1.152696	0.104670	0.262979	1.114994	0.532232	-0.328026	0.980956	0.041023	-0.298193	0.983271	0.034901	-0.415329	1.136637	0.113686	-0.381422	1.317618	1.868294	0.548838	1.263237	1.825817	0.609813	1.308836	1.802005	0.617536	1.201925	1.794556	-0.119937	1.205973	1.749446	-0.186730	1.178118	1.766060	-0.235600
384	1.063888889	0.982896	0.941543	0.018479	1.215340	1.023316	-0.214089	1.132373	1.009443	0.062553	1.259607	1.031844	-0.047230	0.837287	1.413948	-0.028207	0.834191	1.226035	-0.002938	1.000659	1.307773	0.004663	0.668152	1.637727	-0.122360	0.587081	1.520661	-0.184918	0.676011	1.539560	-0.032068	0.711905	1.388712	-0.170478	0.717772	1.304276	-0.048011	0.897564	1.413497	-0.403977	0.782025	1.295413	-0.300152	1.055401	1.648093	-0.425479	NaN	NaN	NaN	0.968248	1.453608	-0.018841	1.272689	1.358718	-0.297625	1.158683	1.381859	-0.151939	1.179577	1.621635	-0.362885	0.959964	0.469528	0.162400	0.985120	0.049650	0.216308	1.016854	0.047869	0.318039	1.152579	0.104675	0.263051	1.114808	0.532214	-0.328073	0.981016	0.041112	-0.298333	0.983373	0.034862	-0.415476	1.136710	0.113687	-0.381398	1.314211	1.862745	0.552152	1.259669	1.819845	0.612567	1.305239	1.796019	0.620379	1.201066	1.793014	-0.117472	1.205490	1.748445	-0.184488	1.177746	1.765260	-0.233399
385	1.066666667	0.983020	0.941251	0.019196	1.215078	1.023335	-0.213708	1.132578	1.009065	0.063186	1.259612	1.031662	-0.046926	0.837157	1.413603	-0.027653	0.834057	1.225719	-0.002448	1.000526	1.307377	0.005172	0.668543	1.637702	-0.121981	0.587286	1.520734	-0.184567	0.676210	1.539531	-0.031619	0.711973	1.388530	-0.169925	0.717649	1.303953	-0.047682	0.897920	1.413499	-0.403201	0.782251	1.295270	-0.299666	1.055711	1.648220	-0.424032	NaN	NaN	NaN	0.968238	1.453161	-0.018171	1.273131	1.358537	-0.296605	1.158792	1.381471	-0.151153	1.179809	1.621467	-0.361455	0.959433	0.469351	0.162675	0.985044	0.049692	0.216063	1.016716	0.047898	0.317799	1.152452	0.104683	0.263122	1.114578	0.532183	-0.328095	0.981035	0.041248	-0.298476	0.983463	0.034841	-0.415625	1.136811	0.113669	-0.381376	1.311089	1.857554	0.555295	1.256273	1.814112	0.615254	1.301904	1.790387	0.623008	1.200564	1.791765	-0.115179	1.205143	1.747328	-0.182428	1.177582	1.764418	-0.231282
386	1.069444444	0.983202	0.940937	0.020055	1.214773	1.023339	-0.213357	1.132805	1.008657	0.063831	1.259622	1.031483	-0.046625	0.837007	1.413230	-0.027092	0.833890	1.225413	-0.001885	1.000363	1.306991	0.005697	0.668920	1.637666	-0.121595	0.587469	1.520796	-0.184162	0.676389	1.539473	-0.031185	0.711989	1.388280	-0.169356	0.717504	1.303607	-0.047250	0.898216	1.413453	-0.402372	0.782525	1.295060	-0.299116	1.056087	1.648245	-0.422688	NaN	NaN	NaN	0.968293	1.452709	-0.017496	1.273488	1.358182	-0.295684	1.158984	1.381083	-0.150413	1.179909	1.621171	-0.359797	0.958890	0.469212	0.162998	0.984927	0.049716	0.215851	1.016515	0.047899	0.317582	1.152332	0.104687	0.263180	1.114283	0.532112	-0.328116	0.981069	0.041375	-0.298650	0.983582	0.034831	-0.415752	1.136890	0.113672	-0.381343	1.308097	1.852567	0.558125	1.253248	1.808784	0.617528	1.298816	1.784993	0.625319	1.200020	1.790365	-0.113132	1.204755	1.746254	-0.180541	1.177296	1.763505	-0.229372
387	1.072222222	0.983466	0.940654	0.021005	1.214459	1.023418	-0.213070	1.133181	1.008267	0.064528	1.259633	1.031328	-0.046370	0.836943	1.412919	-0.026564	0.833677	1.225116	-0.001167	1.000214	1.306612	0.006282	0.669292	1.637612	-0.121188	0.587653	1.520863	-0.183753	0.676561	1.539439	-0.030751	0.711979	1.388076	-0.168767	0.717387	1.303290	-0.046784	0.898513	1.413279	-0.401581	0.782755	1.294839	-0.298558	1.056762	1.647900	-0.421561	NaN	NaN	NaN	0.968350	1.452302	-0.016853	1.273845	1.357769	-0.294746	1.159014	1.380572	-0.149642	1.180056	1.620831	-0.358578	0.958364	0.469069	0.163326	0.984770	0.049719	0.215639	1.016341	0.047900	0.317350	1.152212	0.104731	0.263230	1.113945	0.532032	-0.328122	0.981128	0.041473	-0.298851	0.983698	0.034802	-0.415913	1.136966	0.113669	-0.381337	1.305539	1.847982	0.560628	1.250508	1.803735	0.619511	1.296157	1.780059	0.627349	1.199378	1.788989	-0.111237	1.204512	1.745203	-0.178807	1.177093	1.762583	-0.227678
388	1.075000000	0.983730	0.940425	0.021972	1.214063	1.023507	-0.212808	1.133673	1.007925	0.065272	1.259673	1.031158	-0.046122	0.836861	1.412629	-0.025997	0.833417	1.224857	-0.000432	1.000032	1.306217	0.006930	0.669696	1.637554	-0.120751	0.587873	1.520936	-0.183317	0.676735	1.539369	-0.030356	0.711992	1.387872	-0.168157	0.717371	1.303028	-0.046283	0.898883	1.413044	-0.400856	0.782942	1.294612	-0.297988	1.057028	1.647708	-0.420269	NaN	NaN	NaN	0.968425	1.451911	-0.016249	1.274191	1.357370	-0.293824	1.159156	1.380119	-0.148904	1.180385	1.620444	-0.357408	0.957863	0.468921	0.163702	0.984615	0.049737	0.215431	1.016156	0.047908	0.317159	1.152078	0.104795	0.263294	1.113563	0.531929	-0.328105	0.981164	0.041590	-0.299050	0.983851	0.034790	-0.416059	1.137024	0.113650	-0.381307	1.303174	1.843677	0.562832	1.248112	1.799127	0.621257	1.293605	1.775377	0.629213	1.199075	1.787619	-0.109533	1.204246	1.744071	-0.177239	1.176985	1.761664	-0.226191
389	1.077777778	0.984128	0.940193	0.022957	1.213594	1.023614	-0.212561	1.134180	1.007508	0.066001	1.259713	1.030992	-0.045918	0.836803	1.412341	-0.025362	0.833260	1.224556	0.000292	0.999882	1.305836	0.007491	0.670038	1.637498	-0.120342	0.588208	1.520970	-0.182903	0.676940	1.539310	-0.029927	0.712069	1.387606	-0.167603	0.717236	1.302772	-0.045696	0.899325	1.412723	-0.400142	0.783168	1.294317	-0.297342	1.057304	1.647393	-0.419210	NaN	NaN	NaN	0.968379	1.451468	-0.015630	1.274543	1.356951	-0.292920	1.159257	1.379695	-0.148290	1.180585	1.619892	-0.356416	0.957374	0.468850	0.164083	0.984470	0.049747	0.215224	1.015971	0.047923	0.316939	1.151971	0.104905	0.263329	1.113097	0.531818	-0.328074	0.981227	0.041692	-0.299214	0.983959	0.034781	-0.416205	1.137063	0.113651	-0.381288	1.301059	1.839674	0.564840	1.245590	1.794815	0.623006	1.291223	1.771082	0.630877	1.198728	1.786233	-0.108082	1.204098	1.742881	-0.175953	1.176888	1.760635	-0.224815
390	1.080555556	0.984678	0.939962	0.024090	1.213349	1.024189	-0.212497	1.134788	1.007147	0.066769	1.259766	1.030845	-0.045748	0.836713	1.412088	-0.024721	0.833101	1.224338	0.001100	0.999769	1.305513	0.008107	0.670399	1.637427	-0.119946	0.588542	1.521004	-0.182525	0.677161	1.539257	-0.029468	0.712302	1.387318	-0.167040	0.717190	1.302522	-0.045077	0.899640	1.412381	-0.399394	0.783318	1.293951	-0.296609	1.057665	1.646946	-0.418344	NaN	NaN	NaN	0.968413	1.451093	-0.015048	1.274852	1.356362	-0.292062	1.159392	1.379196	-0.147573	1.180801	1.619279	-0.355592	0.956930	0.468803	0.164463	0.984334	0.049781	0.214999	1.015777	0.047938	0.316746	1.151811	0.105040	0.263349	1.112571	0.531726	-0.328015	0.981303	0.041800	-0.299396	0.984103	0.034784	-0.416337	1.137091	0.113624	-0.381262	1.299302	1.835983	0.566463	1.243943	1.790939	0.624080	1.289354	1.767118	0.632178	1.198598	1.784943	-0.106856	1.204069	1.741789	-0.174829	1.177055	1.759653	-0.223609
391	1.083333333	0.985173	0.939834	0.025284	1.212630	1.024277	-0.212211	1.135481	1.006774	0.067616	1.259842	1.030716	-0.045645	0.836686	1.411815	-0.024049	0.832903	1.224129	0.002005	0.999636	1.305198	0.008692	0.670773	1.637361	-0.119534	0.588819	1.521022	-0.182149	0.677399	1.539129	-0.028954	0.712382	1.387099	-0.166484	0.717127	1.302298	-0.044449	0.899717	1.411922	-0.398548	0.783362	1.293504	-0.295824	1.058086	1.646341	-0.417561	NaN	NaN	NaN	0.968423	1.450695	-0.014505	1.275107	1.355698	-0.291239	1.159502	1.378712	-0.146860	1.181069	1.618516	-0.354836	0.956480	0.468821	0.164867	0.984125	0.049779	0.214754	1.015568	0.047929	0.316535	1.151617	0.105207	0.263337	1.111955	0.531658	-0.327960	0.981373	0.041889	-0.299542	0.984219	0.034769	-0.416455	1.137123	0.113617	-0.381229	1.297713	1.832618	0.567919	1.241944	1.787379	0.625428	1.287535	1.763565	0.633341	1.198489	1.783615	-0.105811	1.204097	1.740615	-0.173811	1.177087	1.758605	-0.222701
392	1.086111111	0.985747	0.939722	0.026558	1.211962	1.024412	-0.211950	1.136245	1.006400	0.068476	1.259920	1.030603	-0.045584	0.836656	1.411561	-0.023372	0.832662	1.223896	0.003015	0.999548	1.304937	0.009258	0.671209	1.637258	-0.119126	0.589128	1.521034	-0.181826	0.677626	1.539025	-0.028416	0.712386	1.386883	-0.165755	0.717060	1.302121	-0.043737	0.899869	1.411394	-0.397716	0.783427	1.293077	-0.295073	1.058513	1.645636	-0.416834	NaN	NaN	NaN	0.968472	1.450336	-0.013980	1.275259	1.354913	-0.290372	1.159682	1.378296	-0.146239	1.181324	1.617738	-0.354285	0.955956	0.468775	0.165339	0.983925	0.049794	0.214471	1.015346	0.047975	0.316320	1.151398	0.105441	0.263295	1.111252	0.531638	-0.327914	0.981426	0.041987	-0.299695	0.984347	0.034776	-0.416569	1.137123	0.113602	-0.381191	1.296561	1.829555	0.568990	1.240677	1.784222	0.626158	1.286078	1.760320	0.634246	1.198450	1.782164	-0.105002	1.204199	1.739401	-0.173073	1.177226	1.757481	-0.221946
393	1.088888889	0.986542	0.939507	0.027907	1.211294	1.024578	-0.211725	1.137152	1.006061	0.069392	1.260014	1.030481	-0.045572	0.836599	1.411287	-0.022654	0.832383	1.223777	0.004081	0.999361	1.304667	0.009883	0.671648	1.637174	-0.118695	0.589519	1.521041	-0.181463	0.677212	1.539294	-0.027907	0.712318	1.386702	-0.164971	0.716927	1.301971	-0.042941	0.900035	1.410784	-0.396957	0.783550	1.292507	-0.294173	1.058928	1.644878	-0.416259	NaN	NaN	NaN	0.968526	1.449975	-0.013446	1.275441	1.353985	-0.289592	1.159665	1.377789	-0.145626	1.181548	1.616842	-0.353804	0.955440	0.468801	0.165854	0.983684	0.049806	0.214182	1.015050	0.048040	0.316057	1.151170	0.105714	0.263270	1.110528	0.531591	-0.327888	0.981497	0.042042	-0.299840	0.984493	0.034783	-0.416685	1.137131	0.113605	-0.381166	1.295492	1.826824	0.569937	1.239596	1.781499	0.626732	1.284951	1.757479	0.634862	1.198740	1.780982	-0.104418	1.204413	1.738165	-0.172483	1.177460	1.756337	-0.221346
394	1.091666667	0.987332	0.939445	0.029478	1.210475	1.024738	-0.211521	1.138258	1.005733	0.070248	1.260131	1.030375	-0.045613	0.836612	1.411050	-0.021961	0.832311	1.223722	0.005178	0.999208	1.304472	0.010486	0.672112	1.637060	-0.118262	0.589904	1.521011	-0.181090	0.677353	1.539204	-0.027450	0.712325	1.386485	-0.164167	0.716846	1.301820	-0.042077	0.900210	1.410040	-0.396259	0.783568	1.291954	-0.293327	1.059140	1.644084	-0.415804	NaN	NaN	NaN	0.968618	1.449886	-0.012796	1.275597	1.353142	-0.288815	1.159649	1.377227	-0.144960	1.181791	1.615725	-0.353409	0.954878	0.468905	0.166475	0.983446	0.049805	0.213864	1.014788	0.048100	0.315802	1.150913	0.106024	0.263199	1.109661	0.531541	-0.327903	0.981587	0.042113	-0.299958	0.984598	0.034786	-0.416777	1.137094	0.113606	-0.381124	1.294889	1.824502	0.570511	1.238769	1.779112	0.627104	1.284193	1.755078	0.635230	1.198961	1.779705	-0.103974	1.204660	1.736977	-0.172119	1.177784	1.755144	-0.221028
395	1.094444444	0.988327	0.939311	0.031029	1.209596	1.024885	-0.211322	1.139344	1.005439	0.071211	1.260268	1.030270	-0.045699	0.836684	1.410817	-0.021259	0.832116	1.223650	0.006473	0.999086	1.304257	0.011134	0.672546	1.636942	-0.117843	0.590315	1.520946	-0.180694	0.677521	1.539171	-0.026931	0.712417	1.386282	-0.163478	0.716702	1.301713	-0.041175	0.900261	1.409207	-0.395477	0.783596	1.291335	-0.292342	1.059363	1.643094	-0.415484	NaN	NaN	NaN	0.968689	1.449644	-0.012363	1.275850	1.352096	-0.288114	1.159734	1.376730	-0.144392	1.182100	1.614580	-0.353203	0.954376	0.469045	0.167077	0.983194	0.049776	0.213609	1.014489	0.048186	0.315517	1.150631	0.106328	0.263112	1.108695	0.531502	-0.327917	0.981649	0.042182	-0.300077	0.984740	0.034817	-0.416876	1.137037	0.113616	-0.381092	1.294484	1.822454	0.570809	1.238224	1.777181	0.627342	1.283529	1.752987	0.635513	1.199368	1.778365	-0.103763	1.205007	1.735646	-0.171944	1.178209	1.753889	-0.220817
396	1.097222222	0.989335	0.939233	0.032754	1.208331	1.025003	-0.211637	1.140625	1.004948	0.071950	1.260419	1.030164	-0.045817	0.836769	1.410602	-0.020534	0.831930	1.223632	0.007762	0.998992	1.304113	0.011798	0.672993	1.636811	-0.117412	0.590748	1.520853	-0.180271	0.677741	1.539112	-0.026433	0.712617	1.385920	-0.162711	0.716699	1.301631	-0.040229	0.900338	1.408297	-0.394638	0.783493	1.290710	-0.291334	1.059705	1.641846	-0.415255	NaN	NaN	NaN	0.968827	1.449374	-0.011999	1.275885	1.350924	-0.287488	1.159847	1.376195	-0.143904	1.182352	1.613314	-0.353145	0.953933	0.469158	0.167655	0.982961	0.049752	0.213331	1.014202	0.048229	0.315262	1.150368	0.106638	0.262983	1.107499	0.531425	-0.327906	0.981729	0.042210	-0.300167	0.984837	0.034836	-0.416965	1.136956	0.113617	-0.381080	1.294469	1.820838	0.570867	1.238066	1.775579	0.627317	1.283357	1.751349	0.635481	1.199841	1.777087	-0.103783	1.205473	1.734270	-0.171975	1.178672	1.752619	-0.220869
397	1.100000000	0.990632	0.939052	0.034551	1.207182	1.025131	-0.211433	1.142053	1.004698	0.072962	1.260597	1.030077	-0.046008	0.836792	1.410394	-0.019820	0.831799	1.223689	0.009210	0.998995	1.304016	0.012361	0.673456	1.636687	-0.117014	0.591199	1.520764	-0.179879	0.678048	1.539058	-0.025913	0.712728	1.385579	-0.161896	0.716664	1.301577	-0.039130	0.900276	1.407381	-0.393857	0.783381	1.289893	-0.290256	1.059861	1.640655	-0.415112	NaN	NaN	NaN	0.968930	1.449065	-0.011672	1.275888	1.349630	-0.286766	1.159779	1.375579	-0.143394	1.182714	1.611870	-0.353243	0.953463	0.469291	0.168277	0.982664	0.049692	0.213004	1.013839	0.048341	0.314971	1.150063	0.106966	0.262822	1.106145	0.531196	-0.327859	0.981774	0.042257	-0.300298	0.984955	0.034858	-0.417062	1.136861	0.113624	-0.381044	1.294746	1.819562	0.570602	1.238303	1.774413	0.626951	1.283510	1.750051	0.635192	1.200421	1.775785	-0.104006	1.205901	1.732940	-0.172189	1.179249	1.751191	-0.221085
398	1.102777778	0.991965	0.938893	0.036577	1.206015	1.025253	-0.211178	1.143549	1.004399	0.073954	1.260788	1.029995	-0.046247	0.836915	1.410251	-0.019108	0.831718	1.223729	0.010626	0.998923	1.303934	0.012970	0.673968	1.636530	-0.116598	0.591652	1.520628	-0.179486	0.678463	1.538980	-0.025427	0.712705	1.385340	-0.160969	0.716675	1.301522	-0.037954	0.900154	1.406203	-0.393074	0.783305	1.289132	-0.289111	1.060197	1.639212	-0.415171	NaN	NaN	NaN	0.969061	1.448812	-0.011403	1.275849	1.348168	-0.286199	1.159772	1.375004	-0.142881	1.182937	1.610265	-0.353492	0.952972	0.469408	0.168977	0.982300	0.049631	0.212652	1.013424	0.048477	0.314676	1.149686	0.107289	0.262644	1.104643	0.531021	-0.327836	0.981846	0.042295	-0.300388	0.985074	0.034875	-0.417132	1.136750	0.113664	-0.380998	1.295327	1.818590	0.570097	1.238811	1.773674	0.626406	1.283870	1.749197	0.634771	1.201097	1.774383	-0.104511	1.206523	1.731476	-0.172634	1.179768	1.749742	-0.221521
399	1.105555556	0.993287	0.938801	0.038701	1.204651	1.025314	-0.210909	1.145199	1.004100	0.075031	1.261007	1.029906	-0.046544	0.837061	1.410117	-0.018297	0.831508	1.223871	0.012337	0.998830	1.303810	0.013590	0.674490	1.636386	-0.116201	0.592130	1.520487	-0.179083	0.678916	1.538896	-0.024938	0.712611	1.385067	-0.160015	0.716602	1.301556	-0.036709	0.899977	1.404894	-0.392277	0.782989	1.288362	-0.287862	1.060514	1.637531	-0.415322	NaN	NaN	NaN	0.969159	1.448573	-0.011171	1.275886	1.346610	-0.285711	1.159757	1.374364	-0.142465	1.183198	1.608498	-0.353920	0.952539	0.469620	0.169672	0.981881	0.049646	0.212268	1.012979	0.048560	0.314362	1.149230	0.107675	0.262497	1.103138	0.531015	-0.327826	0.981893	0.042316	-0.300479	0.985149	0.034892	-0.417209	1.136588	0.113666	-0.380984	1.296394	1.818065	0.569173	1.239609	1.773293	0.625707	1.284631	1.748758	0.634086	1.201914	1.773026	-0.105255	1.207201	1.729921	-0.173323	1.180423	1.748155	-0.222187
400	1.108333333	0.994919	0.938602	0.040979	1.203219	1.025415	-0.210687	1.146992	1.003855	0.076043	1.261270	1.029818	-0.046853	0.837224	1.410008	-0.017497	0.831588	1.224068	0.014034	0.998864	1.303787	0.014274	0.675079	1.636257	-0.115842	0.592634	1.520346	-0.178636	0.678883	1.539126	-0.024539	0.712659	1.384796	-0.159052	0.716588	1.301617	-0.035448	0.899968	1.403633	-0.391544	0.782763	1.287391	-0.286539	1.060745	1.635812	-0.415627	NaN	NaN	NaN	0.969238	1.448312	-0.011009	1.275771	1.344846	-0.285241	1.159684	1.373591	-0.142080	1.183558	1.606605	-0.354412	0.952212	0.469855	0.170429	0.981701	0.049692	0.211676	1.012566	0.048655	0.314061	1.148756	0.107997	0.262363	1.101637	0.531036	-0.327792	0.981946	0.042347	-0.300566	0.985256	0.034926	-0.417287	1.136434	0.113715	-0.380954	1.297598	1.817821	0.568124	1.240658	1.773325	0.624798	1.285722	1.748658	0.633154	1.202826	1.771515	-0.106178	1.207904	1.728321	-0.174190	1.181119	1.746501	-0.223097
401	1.111111111	0.996658	0.938459	0.043455	1.201723	1.025538	-0.210513	1.148882	1.003625	0.077051	1.261534	1.029726	-0.047272	0.837418	1.409933	-0.016710	0.831630	1.224324	0.015833	0.998924	1.303795	0.014904	0.675661	1.636113	-0.115497	0.593128	1.520239	-0.178206	0.679346	1.539059	-0.024090	0.712736	1.384468	-0.158026	0.716677	1.301666	-0.034005	0.899592	1.402019	-0.390654	0.782386	1.286344	-0.285151	1.060922	1.633828	-0.415998	NaN	NaN	NaN	0.969370	1.448147	-0.010913	1.275567	1.342985	-0.284802	1.159576	1.372867	-0.141760	1.183737	1.604422	-0.355121	0.951907	0.470079	0.171233	0.981271	0.049480	0.211640	1.012129	0.048703	0.313761	1.148335	0.108320	0.262214	1.099712	0.530953	-0.327801	0.981985	0.042363	-0.300655	0.985312	0.034919	-0.417356	1.136254	0.113760	-0.380930	1.299305	1.818023	0.566621	1.242301	1.773770	0.623296	1.287264	1.749023	0.631784	1.203798	1.769977	-0.107403	1.208714	1.726600	-0.175296	1.181935	1.744695	-0.224211
402	1.113888889	0.998475	0.938296	0.046110	1.200000	1.025519	-0.210271	1.151008	1.003360	0.078052	1.261864	1.029629	-0.047753	0.837631	1.409893	-0.016030	0.831598	1.224644	0.017822	0.999016	1.303884	0.015611	0.676284	1.635968	-0.115164	0.593638	1.520080	-0.177780	0.679889	1.539003	-0.023592	0.712919	1.384141	-0.157023	0.716727	1.301809	-0.032422	0.899226	1.400437	-0.389852	0.782066	1.285301	-0.283724	1.060959	1.631767	-0.416534	NaN	NaN	NaN	0.969546	1.448025	-0.010870	1.275424	1.340863	-0.284449	1.159507	1.371964	-0.141462	1.184059	1.602090	-0.356004	0.951664	0.470350	0.171991	0.980768	0.049552	0.211003	1.011686	0.048724	0.313455	1.147878	0.108616	0.262052	1.097902	0.530894	-0.327709	0.982039	0.042386	-0.300733	0.985392	0.034917	-0.417421	1.136047	0.113804	-0.380925	1.301182	1.818508	0.564951	1.243994	1.774602	0.621912	1.288884	1.749777	0.630449	1.204967	1.768458	-0.108904	1.209650	1.724780	-0.176593	1.182800	1.742786	-0.225600
403	1.116666667	1.000403	0.938056	0.048835	1.198259	1.025489	-0.210034	1.153223	1.003123	0.079025	1.262267	1.029514	-0.048407	0.837858	1.409883	-0.015270	0.831852	1.225056	0.019871	0.999173	1.304032	0.016313	0.676900	1.635832	-0.114861	0.594180	1.519904	-0.177309	0.680416	1.538968	-0.023091	0.712894	1.383862	-0.155846	0.716877	1.301979	-0.030817	0.898898	1.398569	-0.389090	0.781666	1.284123	-0.282182	1.061114	1.629366	-0.417234	NaN	NaN	NaN	0.969815	1.448011	-0.010881	1.275094	1.338506	-0.284183	1.159409	1.371024	-0.141239	1.184195	1.599561	-0.357078	0.951492	0.470688	0.172792	0.980109	0.049448	0.211016	1.011251	0.048751	0.313153	1.147386	0.108886	0.261887	1.095838	0.531091	-0.327908	0.982051	0.042376	-0.300791	0.985469	0.034934	-0.417491	1.135830	0.113894	-0.380905	1.303577	1.819382	0.562784	1.246290	1.775897	0.619993	1.291157	1.750970	0.628575	1.206155	1.766725	-0.110587	1.210662	1.722765	-0.178181	1.183667	1.740731	-0.227155
404	1.119444444	1.002411	0.937853	0.051661	1.196308	1.025209	-0.209611	1.155528	1.002893	0.080008	1.262686	1.029360	-0.049048	0.838179	1.409942	-0.014426	0.832120	1.225531	0.021917	0.999434	1.304263	0.016967	0.677539	1.635696	-0.114596	0.594703	1.519778	-0.176800	0.680990	1.538976	-0.022597	0.713069	1.383513	-0.154565	0.716958	1.302174	-0.029050	0.898478	1.396583	-0.388311	0.781214	1.282832	-0.280499	1.061056	1.626777	-0.418040	NaN	NaN	NaN	0.970086	1.448011	-0.010967	1.274658	1.335924	-0.283931	1.159335	1.370107	-0.141064	1.184367	1.596694	-0.358269	0.951366	0.471101	0.173764	0.979681	0.049396	0.210775	1.010832	0.048791	0.312855	1.146905	0.109175	0.261665	1.093487	0.530766	-0.327831	0.982066	0.042399	-0.300857	0.985518	0.034932	-0.417550	1.135590	0.113982	-0.380877	1.306163	1.820465	0.560280	1.248945	1.777698	0.617766	1.293707	1.752509	0.626432	1.207587	1.764976	-0.112636	1.211624	1.720673	-0.179958	1.184716	1.738449	-0.228984
405	1.122222222	1.004646	0.937662	0.054677	1.194283	1.025098	-0.209400	1.157953	1.002593	0.080929	1.263008	1.029205	-0.049664	0.838532	1.410010	-0.013643	0.832431	1.226131	0.024325	0.999752	1.304568	0.017566	0.678281	1.635571	-0.114379	0.595258	1.519628	-0.176332	0.681580	1.539041	-0.022128	0.713108	1.383145	-0.153417	0.717163	1.302358	-0.027138	0.897901	1.394412	-0.387433	0.780544	1.281396	-0.278752	1.061281	1.623973	-0.419100	NaN	NaN	NaN	0.970384	1.448061	-0.011128	1.274325	1.333254	-0.283790	1.159257	1.368915	-0.140946	1.184546	1.593588	-0.359645	0.951274	0.471480	0.174695	0.979278	0.049358	0.210523	1.010449	0.048804	0.312588	1.146397	0.109432	0.261454	1.091259	0.530605	-0.327713	0.982090	0.042395	-0.300940	0.985575	0.034936	-0.417623	1.135340	0.114070	-0.380836	1.309229	1.822049	0.557503	1.251799	1.779682	0.615354	1.296495	1.754562	0.624068	1.208990	1.763062	-0.114923	1.212744	1.718321	-0.182034	1.185880	1.736041	-0.231105
406	1.125000000	1.006820	0.937581	0.057791	1.192142	1.025003	-0.209124	1.160611	1.002367	0.081811	1.263369	1.029059	-0.050530	0.838925	1.410159	-0.012901	0.832821	1.226788	0.026653	1.000092	1.304928	0.018175	0.679062	1.635465	-0.114205	0.595750	1.519518	-0.175883	0.682195	1.539170	-0.021668	0.713050	1.382697	-0.151946	0.717383	1.302647	-0.025181	0.897270	1.392133	-0.386580	0.779974	1.279999	-0.276779	1.061525	1.620875	-0.420295	NaN	NaN	NaN	0.970670	1.448176	-0.011322	1.273674	1.330196	-0.283610	1.159045	1.367737	-0.140905	1.184678	1.590195	-0.361146	0.951255	0.471926	0.175636	0.978859	0.049187	0.210508	1.010106	0.048838	0.312331	1.145970	0.109692	0.261242	1.088906	0.530630	-0.327602	0.982101	0.042380	-0.300964	0.985630	0.034959	-0.417695	1.135022	0.114200	-0.380802	1.312611	1.823849	0.554251	1.255139	1.782264	0.612585	1.299542	1.756795	0.621411	1.210708	1.761005	-0.117514	1.213886	1.715795	-0.184266	1.187010	1.733393	-0.233399
407	1.127777778	1.009168	0.937379	0.060916	1.190072	1.025016	-0.208910	1.163300	1.002090	0.082640	1.263821	1.028969	-0.051390	0.839367	1.410389	-0.012104	0.833351	1.227488	0.029127	1.000499	1.305333	0.018817	0.679872	1.635407	-0.114099	0.596320	1.519415	-0.175431	0.682814	1.539350	-0.021251	0.712999	1.382248	-0.150385	0.717650	1.302920	-0.022961	0.896652	1.389476	-0.385825	0.779247	1.278296	-0.274743	1.061140	1.617587	-0.421489	NaN	NaN	NaN	0.971049	1.448392	-0.011613	1.273140	1.326947	-0.283514	1.158773	1.366409	-0.140862	1.184749	1.586503	-0.362831	0.951302	0.472358	0.176637	0.978334	0.048912	0.210329	1.009762	0.048849	0.312099	1.145568	0.109869	0.261006	1.086630	0.530615	-0.327410	0.982102	0.042372	-0.300995	0.985639	0.034975	-0.417722	1.134687	0.114359	-0.380742	1.316172	1.825907	0.550541	1.259096	1.785212	0.609517	1.303089	1.759544	0.618274	1.212417	1.758767	-0.120422	1.215134	1.713074	-0.186860	1.188175	1.730483	-0.236056
408	1.130555556	1.011560	0.937210	0.064110	1.187795	1.024909	-0.208689	1.166145	1.001814	0.083406	1.264257	1.028894	-0.052379	0.839756	1.410642	-0.011280	0.833891	1.228256	0.031707	1.000992	1.305885	0.019417	0.680718	1.635366	-0.114069	0.596985	1.519285	-0.174987	0.683468	1.539605	-0.020820	0.713268	1.381679	-0.148790	0.718102	1.303275	-0.020683	0.895736	1.386717	-0.384836	0.778591	1.276601	-0.272555	1.061011	1.613873	-0.423015	NaN	NaN	NaN	0.971466	1.448673	-0.012001	1.272300	1.323349	-0.283408	1.158461	1.365024	-0.140978	1.184819	1.582534	-0.364723	0.951325	0.472838	0.177805	0.977977	0.048873	0.210125	1.009486	0.048827	0.311875	1.145219	0.110042	0.260763	1.084107	0.530467	-0.327316	0.982073	0.042352	-0.301011	0.985686	0.035016	-0.417737	1.134304	0.114488	-0.380674	1.320295	1.828304	0.546443	1.262887	1.788581	0.606037	1.306957	1.762642	0.614712	1.214118	1.756216	-0.123621	1.216572	1.710256	-0.189814	1.189365	1.727353	-0.239007
409	1.133333333	1.014106	0.937139	0.067497	1.185313	1.024664	-0.208432	1.169036	1.001552	0.084107	1.264574	1.028737	-0.053408	0.840246	1.410973	-0.010448	0.834814	1.229159	0.034417	1.001614	1.306520	0.019998	0.681599	1.635325	-0.114118	0.597676	1.519164	-0.174560	0.684181	1.539951	-0.020445	0.713060	1.381321	-0.147007	0.718425	1.303675	-0.018204	0.894941	1.383740	-0.383925	0.777786	1.274756	-0.270274	1.061000	1.609846	-0.424704	NaN	NaN	NaN	0.971943	1.449038	-0.012474	1.271476	1.319568	-0.283276	1.158068	1.363504	-0.141133	1.184822	1.578209	-0.366812	0.951569	0.473349	0.179046	0.977758	0.049077	0.209706	1.009273	0.048821	0.311700	1.144903	0.110174	0.260528	1.081528	0.530310	-0.327032	0.982049	0.042342	-0.301013	0.985703	0.035042	-0.417731	1.133847	0.114708	-0.380605	1.325091	1.831133	0.541921	1.267021	1.792351	0.602192	1.311147	1.766191	0.610817	1.216059	1.753731	-0.127255	1.217940	1.707040	-0.193037	1.190816	1.724000	-0.242251
410	1.136111111	1.016294	0.937096	0.071061	1.182787	1.024457	-0.208258	1.171971	1.001210	0.084738	1.264858	1.028618	-0.054544	0.840825	1.411402	-0.009648	0.835711	1.230089	0.037148	1.002325	1.307283	0.020586	0.682461	1.635311	-0.114235	0.598244	1.519077	-0.174155	0.684821	1.540310	-0.020173	0.713200	1.380660	-0.145090	0.718989	1.304073	-0.015649	0.894001	1.380510	-0.382997	0.776932	1.272687	-0.267722	1.060773	1.605524	-0.426608	NaN	NaN	NaN	0.972389	1.449443	-0.013017	1.270586	1.315548	-0.283118	1.157612	1.361926	-0.141391	1.184818	1.573500	-0.368941	0.951837	0.473893	0.180319	0.977454	0.048898	0.209895	1.009122	0.048785	0.311564	1.144635	0.110280	0.260290	1.079020	0.530296	-0.326890	0.982057	0.042292	-0.300999	0.985717	0.035103	-0.417732	1.133433	0.114934	-0.380507	1.329959	1.834174	0.536780	1.271991	1.796322	0.597484	1.315664	1.769905	0.606431	1.218080	1.750962	-0.131209	1.219299	1.703569	-0.196505	1.192124	1.720317	-0.245852
411	1.138888889	1.018926	0.936988	0.074478	1.180225	1.024268	-0.207961	1.174945	1.000859	0.085254	1.264616	1.028136	-0.056136	0.841395	1.411857	-0.008838	0.836675	1.231231	0.040150	1.003189	1.308183	0.021106	0.683415	1.635271	-0.114413	0.598867	1.518997	-0.173758	0.685470	1.540759	-0.019905	0.713074	1.379985	-0.143177	0.719623	1.304558	-0.012870	0.892779	1.377034	-0.381895	0.776079	1.270649	-0.264982	1.060510	1.600851	-0.428554	NaN	NaN	NaN	0.972970	1.449919	-0.013686	1.269448	1.311071	-0.282834	1.157081	1.360209	-0.141635	1.184711	1.568376	-0.371407	0.952314	0.474498	0.181760	0.977194	0.048794	0.209859	1.009010	0.048736	0.311472	1.144436	0.110387	0.260030	1.076484	0.530117	-0.326524	0.981995	0.042249	-0.300998	0.985721	0.035139	-0.417717	1.132995	0.115147	-0.380399	1.334946	1.837416	0.531271	1.276981	1.800719	0.592512	1.320328	1.774419	0.602022	1.220230	1.747977	-0.135596	1.220858	1.699932	-0.200438	1.193652	1.716473	-0.249811
412	1.141666667	1.021730	0.936870	0.077910	1.177592	1.024035	-0.207705	1.178014	1.000507	0.085743	1.264753	1.027982	-0.057429	0.842041	1.412488	-0.007979	0.837947	1.232425	0.043212	1.004074	1.309152	0.021502	0.684494	1.635258	-0.114692	0.599518	1.518920	-0.173380	0.686271	1.541263	-0.019602	0.713092	1.379222	-0.140942	0.720384	1.305138	-0.009948	0.891636	1.373169	-0.380827	0.775190	1.268321	-0.262041	1.060192	1.595684	-0.430749	NaN	NaN	NaN	0.973677	1.450523	-0.014498	1.268169	1.306329	-0.282467	1.156539	1.358417	-0.141937	1.184611	1.562937	-0.374051	0.952684	0.474985	0.183209	0.977158	0.048673	0.209651	1.008923	0.048684	0.311404	1.144261	0.110455	0.259785	1.073801	0.530024	-0.326252	0.981989	0.042192	-0.300945	0.985744	0.035201	-0.417694	1.132576	0.115351	-0.380277	1.340551	1.840950	0.524915	1.282334	1.805504	0.586940	1.325607	1.778992	0.596501	1.222509	1.744778	-0.140372	1.222375	1.695953	-0.204674	1.195173	1.712201	-0.254082
413	1.144444444	1.024453	0.936779	0.081261	1.174826	1.023763	-0.207422	1.181075	1.000162	0.086131	1.264720	1.027769	-0.058736	0.842729	1.413172	-0.007171	0.839288	1.233660	0.046329	1.005139	1.310240	0.021975	0.685537	1.635296	-0.115076	0.600180	1.518867	-0.173003	0.686995	1.541920	-0.019380	0.713003	1.378457	-0.138681	0.721253	1.305689	-0.006764	0.890296	1.369123	-0.379638	0.773583	1.266036	-0.259074	1.059686	1.590128	-0.433080	NaN	NaN	NaN	0.974319	1.451244	-0.015385	1.266822	1.301327	-0.282006	1.155888	1.356484	-0.142212	1.184358	1.556990	-0.376742	0.953242	0.475522	0.184831	0.976708	0.048676	0.209732	1.008860	0.048619	0.311331	1.144117	0.110541	0.259539	1.071082	0.529750	-0.325947	0.981926	0.042143	-0.300922	0.985716	0.035264	-0.417660	1.132117	0.115565	-0.380143	1.346756	1.844728	0.517754	1.288032	1.810539	0.580599	1.331258	1.783736	0.590417	1.224834	1.741305	-0.145585	1.224006	1.691703	-0.209230	1.196663	1.707686	-0.258793
414	1.147222222	1.027289	0.936640	0.084616	1.171952	1.023393	-0.206990	1.184152	0.999847	0.086368	1.264737	1.027555	-0.060106	0.843570	1.413993	-0.006272	0.840887	1.235039	0.049590	1.006284	1.311490	0.022361	0.686640	1.635346	-0.115606	0.600913	1.518814	-0.172644	0.687819	1.542681	-0.019226	0.713050	1.377618	-0.136316	0.722231	1.306352	-0.003485	0.888864	1.364726	-0.378376	0.772716	1.263464	-0.255588	1.059190	1.584139	-0.435703	NaN	NaN	NaN	0.975061	1.452022	-0.016419	1.265303	1.296085	-0.281392	1.155118	1.354500	-0.142363	1.183964	1.550702	-0.379680	0.953967	0.476064	0.186567	0.976536	0.048606	0.209891	1.008803	0.048528	0.311310	1.143990	0.110616	0.259343	1.068292	0.529551	-0.325512	0.981888	0.042092	-0.300834	0.985729	0.035326	-0.417602	1.131649	0.115795	-0.380010	1.353067	1.848596	0.510054	1.294566	1.815772	0.573597	1.337294	1.788753	0.583647	1.227305	1.737586	-0.151225	1.225687	1.687183	-0.214224	1.198168	1.702546	-0.263832
415	1.150000000	1.030165	0.936640	0.087944	1.169041	1.023084	-0.206660	1.187151	0.999494	0.086641	1.264747	1.027447	-0.061531	0.844382	1.414888	-0.005430	0.842623	1.236492	0.052910	1.007624	1.312780	0.022606	0.687738	1.635405	-0.116213	0.601582	1.518762	-0.172297	0.688812	1.543429	-0.019121	0.712945	1.376764	-0.133714	0.723319	1.307172	0.000021	0.886872	1.360142	-0.377028	0.772142	1.260526	-0.251939	1.058504	1.577630	-0.438284	NaN	NaN	NaN	0.975910	1.452868	-0.017621	1.263661	1.290485	-0.280559	1.154408	1.352443	-0.142540	1.183601	1.543917	-0.382757	0.954696	0.476636	0.188338	0.976332	0.048549	0.209964	1.008765	0.048435	0.311325	1.143896	0.110632	0.259145	1.065679	0.529464	-0.325043	0.981836	0.042024	-0.300776	0.985706	0.035404	-0.417558	1.131187	0.116053	-0.379868	1.359234	1.852788	0.502174	1.301164	1.821326	0.565966	1.343692	1.794117	0.576361	1.229667	1.733596	-0.157335	1.227257	1.682259	-0.219635	1.199681	1.697358	-0.269215
416	1.152777778	1.033006	0.936661	0.091301	1.166114	1.022752	-0.206170	1.190158	0.999125	0.086773	1.264646	1.027391	-0.062930	0.845267	1.415883	-0.004610	0.844564	1.238028	0.056414	1.008969	1.314180	0.022872	0.688879	1.635496	-0.116893	0.602256	1.518689	-0.171942	0.689632	1.544307	-0.019052	0.713047	1.375888	-0.131082	0.724665	1.307997	0.003712	0.885344	1.355114	-0.375522	0.771600	1.257610	-0.247843	1.057778	1.570590	-0.441181	NaN	NaN	NaN	0.976767	1.453789	-0.018880	1.261989	1.284806	-0.279547	1.153641	1.350289	-0.142646	1.183048	1.536704	-0.386012	0.955574	0.477279	0.190256	0.976136	0.048486	0.210046	1.008708	0.048315	0.311342	1.143816	0.110631	0.259024	1.062177	0.529292	-0.324269	0.981750	0.041932	-0.300720	0.985715	0.035471	-0.417489	1.130761	0.116314	-0.379677	1.367053	1.857084	0.492449	1.308172	1.827201	0.557644	1.350534	1.799670	0.568002	1.232083	1.729306	-0.163900	1.228893	1.677076	-0.225378	1.201005	1.691557	-0.275102
417	1.155555556	1.035953	0.936645	0.094583	1.163137	1.022329	-0.205799	1.193086	0.998771	0.086822	1.264351	1.027203	-0.064397	0.846284	1.416992	-0.003749	0.846778	1.239595	0.059908	1.010505	1.315646	0.023035	0.689991	1.635577	-0.117622	0.602893	1.518623	-0.171603	0.690465	1.545324	-0.019051	0.712984	1.375026	-0.128135	0.726147	1.308946	0.007637	0.883631	1.349686	-0.373880	0.770782	1.254611	-0.243438	1.056761	1.563086	-0.444076	NaN	NaN	NaN	0.977695	1.454692	-0.020326	1.260014	1.278689	-0.278327	1.152680	1.348113	-0.142634	1.182310	1.528996	-0.389311	0.956633	0.477594	0.192094	0.975938	0.048430	0.210191	1.008686	0.048201	0.311405	1.143731	0.110624	0.258932	1.059409	0.529062	-0.323651	0.981700	0.041828	-0.300634	0.985704	0.035552	-0.417423	1.130266	0.116578	-0.379484	1.376757	1.862350	0.481638	1.315458	1.833230	0.548566	1.357622	1.805153	0.559592	1.234509	1.724654	-0.170961	1.230399	1.671554	-0.231515	1.202413	1.685473	-0.281297
418	1.158333333	1.038825	0.936808	0.097827	1.159992	1.021932	-0.205356	1.196043	0.998465	0.086752	1.263927	1.027022	-0.065896	0.847498	1.418254	-0.002968	0.849260	1.241291	0.063505	1.012252	1.317161	0.023013	0.691154	1.635692	-0.118518	0.603536	1.518540	-0.171260	0.691417	1.546358	-0.019093	0.712991	1.374167	-0.125137	0.727818	1.310044	0.011752	0.881793	1.343883	-0.371993	0.769892	1.251427	-0.238911	1.055637	1.554969	-0.447198	NaN	NaN	NaN	0.978683	1.455678	-0.021959	1.257959	1.272472	-0.276842	1.151899	1.345981	-0.142604	1.181454	1.520873	-0.392846	0.957757	0.478185	0.194261	0.975785	0.048376	0.210334	1.008664	0.048071	0.311511	1.143664	0.110569	0.258892	1.056423	0.528735	-0.322932	0.981612	0.041715	-0.300548	0.985678	0.035644	-0.417353	1.129684	0.116838	-0.379271	1.381321	1.866228	0.472431	1.323230	1.839513	0.538505	1.365235	1.811126	0.549756	1.236828	1.719764	-0.178396	1.231797	1.665536	-0.238038	1.203694	1.678964	-0.287833
419	1.161111111	1.041818	0.936906	0.100999	1.157006	1.021502	-0.204867	1.198898	0.998225	0.086687	1.263631	1.027027	-0.067363	0.848717	1.419506	-0.002277	0.851851	1.243009	0.067203	1.013928	1.318743	0.022900	0.692284	1.635807	-0.119413	0.604167	1.518429	-0.170885	0.692298	1.547446	-0.019173	0.713256	1.373194	-0.122019	0.729589	1.311269	0.015991	0.879791	1.337752	-0.369919	0.768617	1.248550	-0.233746	1.054252	1.546333	-0.450398	NaN	NaN	NaN	0.979787	1.456733	-0.023649	1.255890	1.266046	-0.275159	1.151045	1.343957	-0.142366	1.180313	1.512205	-0.396406	0.959058	0.478774	0.196468	0.976053	0.048535	0.210267	1.008610	0.047913	0.311646	1.143605	0.110510	0.258930	1.053739	0.528501	-0.322213	0.981540	0.041632	-0.300454	0.985652	0.035699	-0.417263	1.129091	0.117052	-0.379007	1.389548	1.871019	0.460634	1.331705	1.845950	0.527507	1.373335	1.817326	0.539147	1.239076	1.714446	-0.186377	1.233135	1.659307	-0.245020	1.204663	1.671978	-0.294814
420	1.163888889	1.044791	0.937118	0.104048	1.153809	1.021048	-0.204293	1.201802	0.998002	0.086510	1.263038	1.026870	-0.068977	0.850083	1.420900	-0.001582	0.854709	1.244888	0.070953	1.015744	1.320304	0.022607	0.693339	1.635855	-0.120442	0.604857	1.518234	-0.170394	0.693046	1.548786	-0.019210	0.713163	1.372232	-0.118702	0.731601	1.312604	0.020419	0.877740	1.331228	-0.367636	0.767567	1.245293	-0.228488	1.053111	1.536684	-0.453555	NaN	NaN	NaN	0.980882	1.457795	-0.025469	1.253549	1.259439	-0.273246	1.150200	1.341882	-0.142230	1.179037	1.503066	-0.400035	0.960314	0.479342	0.198857	0.975771	0.048322	0.210535	1.008589	0.047769	0.311817	1.143553	0.110429	0.259011	1.050722	0.528064	-0.321334	0.981456	0.041511	-0.300360	0.985615	0.035788	-0.417180	1.128482	0.117214	-0.378724	1.397866	1.875808	0.448078	1.340296	1.852623	0.515928	1.381885	1.823744	0.527475	1.241248	1.708695	-0.194881	1.234257	1.652476	-0.252218	1.205559	1.664489	-0.302142
421	1.166666667	1.047812	0.937478	0.107056	1.150638	1.020504	-0.203805	1.204643	0.997859	0.086242	1.262610	1.026846	-0.070574	0.851684	1.422344	-0.000869	0.857822	1.246879	0.074656	1.017710	1.321901	0.022213	0.694497	1.635921	-0.121583	0.605487	1.518025	-0.169918	0.694452	1.549749	-0.019268	0.713226	1.371204	-0.115047	0.733864	1.314093	0.024992	0.875669	1.324235	-0.365174	0.766685	1.241831	-0.222970	1.051229	1.526829	-0.456922	NaN	NaN	NaN	0.982112	1.458874	-0.027476	1.251301	1.252727	-0.271072	1.149316	1.339905	-0.142058	1.177533	1.493420	-0.403769	0.961735	0.480058	0.201363	0.975612	0.048342	0.210550	1.008592	0.047610	0.312060	1.143543	0.110322	0.259164	1.047884	0.527710	-0.320418	0.981341	0.041363	-0.300235	0.985585	0.035864	-0.417082	1.127932	0.117356	-0.378411	1.406582	1.880806	0.434524	1.349662	1.859299	0.503120	1.390868	1.830339	0.514842	1.243095	1.702561	-0.203769	1.235218	1.645205	-0.259911	1.206162	1.656500	-0.309769
422	1.169444444	1.050807	0.937801	0.109980	1.147440	1.020058	-0.203262	1.207429	0.997740	0.085838	1.261899	1.026715	-0.072183	0.853243	1.423838	-0.000305	0.861149	1.249053	0.078725	1.019671	1.323462	0.021754	0.695434	1.635970	-0.122786	0.606037	1.517738	-0.169445	0.695834	1.551046	-0.019166	0.713256	1.370128	-0.110779	0.736263	1.315758	0.029769	0.873570	1.316847	-0.362497	0.765705	1.238470	-0.217155	1.049138	1.516358	-0.460527	NaN	NaN	NaN	0.983333	1.459972	-0.029619	1.248965	1.246004	-0.268659	1.148551	1.337930	-0.141828	1.175717	1.483140	-0.407605	0.963346	0.480698	0.203887	0.975510	0.048311	0.210893	1.008593	0.047426	0.312344	1.143543	0.110215	0.259373	1.045061	0.527251	-0.319389	0.981282	0.041207	-0.300092	0.985542	0.035922	-0.416988	1.127324	0.117512	-0.378093	1.412846	1.886548	0.417900	1.359172	1.866238	0.489395	1.400154	1.837114	0.501324	1.245054	1.696179	-0.213122	1.236065	1.637514	-0.267838	1.206362	1.647588	-0.317598
423	1.172222222	1.053905	0.938356	0.112847	1.144180	1.019506	-0.202759	1.210151	0.997665	0.085350	1.261188	1.026626	-0.073871	0.855038	1.425517	0.000196	0.864670	1.251260	0.082601	1.021706	1.324993	0.021146	0.696414	1.636007	-0.124136	0.606617	1.517401	-0.168979	0.697036	1.552136	-0.019638	0.713566	1.369329	-0.106397	0.738835	1.317612	0.034593	0.871404	1.309016	-0.359589	0.764696	1.235084	-0.211058	1.046681	1.505354	-0.463893	NaN	NaN	NaN	0.984650	1.461013	-0.031883	1.246501	1.239138	-0.265963	1.147988	1.336115	-0.141682	1.173630	1.472384	-0.411333	0.964984	0.481440	0.206560	0.975191	0.048174	0.211536	1.008612	0.047238	0.312672	1.143548	0.110057	0.259684	1.042187	0.526790	-0.318391	0.980873	0.041179	-0.300071	0.985504	0.036014	-0.416854	1.126698	0.117663	-0.377805	1.425238	1.890963	0.404115	1.368949	1.873243	0.474825	1.410005	1.843896	0.486611	1.246784	1.689197	-0.222943	1.236562	1.629163	-0.276118	1.206524	1.638403	-0.325814
424	1.175000000	1.056962	0.938839	0.115637	1.141033	1.018954	-0.202194	1.212891	0.997601	0.084772	1.260361	1.026510	-0.075486	0.856860	1.427147	0.000729	0.868374	1.253537	0.086446	1.024068	1.326823	0.020719	0.697319	1.636026	-0.125536	0.607245	1.516944	-0.168464	0.698091	1.553674	-0.019931	0.713969	1.368801	-0.101926	0.741634	1.319611	0.039552	0.868997	1.301165	-0.356067	0.763776	1.231497	-0.204581	1.044050	1.493465	-0.467307	NaN	NaN	NaN	0.986008	1.461923	-0.034301	1.244008	1.232242	-0.263027	1.147409	1.334225	-0.141553	1.171342	1.461107	-0.415115	0.966831	0.482156	0.209308	0.975379	0.048211	0.211748	1.008653	0.047061	0.313055	1.143591	0.109920	0.260031	1.039189	0.526209	-0.317213	0.980782	0.040989	-0.299926	0.985451	0.036100	-0.416712	1.126152	0.117836	-0.377515	1.433625	1.896382	0.386799	1.379384	1.880311	0.458757	1.420122	1.850863	0.470828	1.248159	1.681645	-0.233179	1.237054	1.620473	-0.284689	1.206595	1.628731	-0.334259
425	1.177777778	1.060121	0.939554	0.118327	1.137828	1.018474	-0.201648	1.215258	0.997325	0.083746	1.259550	1.026430	-0.077261	0.858887	1.428884	0.001125	0.872218	1.255870	0.090051	1.026214	1.328293	0.019887	0.698126	1.636004	-0.127099	0.607829	1.516472	-0.167949	0.698990	1.555325	-0.020245	0.714404	1.368288	-0.097326	0.744657	1.321844	0.044525	0.866651	1.292642	-0.352553	0.762874	1.227932	-0.197808	1.041094	1.480933	-0.470647	NaN	NaN	NaN	0.987487	1.462868	-0.036764	1.241470	1.225294	-0.259935	1.146941	1.332259	-0.141550	1.168658	1.449271	-0.418886	0.968816	0.482941	0.212114	0.975324	0.048258	0.212167	1.008689	0.046879	0.313469	1.143647	0.109793	0.260387	1.036386	0.525714	-0.315983	0.980690	0.040848	-0.299744	0.985381	0.036219	-0.416568	1.125569	0.117948	-0.377213	1.444874	1.901023	0.369171	1.390132	1.887389	0.441739	1.430743	1.857858	0.453740	1.249022	1.673558	-0.243737	1.236973	1.611110	-0.293568	1.205913	1.618326	-0.343214
426	1.180555556	1.063303	0.940286	0.120876	1.134664	1.017823	-0.201152	1.217973	0.997377	0.082908	1.258664	1.026373	-0.079042	0.861017	1.430671	0.001586	0.876275	1.258406	0.093671	1.028420	1.329701	0.018943	0.698981	1.635959	-0.128708	0.608177	1.515895	-0.167307	0.700360	1.556861	-0.020440	0.714832	1.367864	-0.092620	0.747797	1.324309	0.049572	0.863992	1.283862	-0.348592	0.761981	1.224484	-0.190721	1.037946	1.467806	-0.473817	NaN	NaN	NaN	0.988955	1.463705	-0.039392	1.238870	1.218429	-0.256684	1.146571	1.330356	-0.141656	1.165617	1.436904	-0.422552	0.970849	0.483772	0.215063	0.975114	0.048250	0.212819	1.008730	0.046740	0.313922	1.143699	0.109672	0.260852	1.033573	0.525106	-0.314765	0.980598	0.040650	-0.299559	0.985349	0.036291	-0.416418	1.124916	0.118036	-0.376872	1.454964	1.906148	0.349732	1.401248	1.894546	0.423388	1.441705	1.865031	0.435442	1.249751	1.664776	-0.254802	1.236740	1.601305	-0.303077	1.205466	1.607533	-0.352182
427	1.183333333	1.066563	0.941161	0.123304	1.131430	1.017202	-0.200615	1.220493	0.997438	0.081990	1.257715	1.026385	-0.080915	0.863103	1.432771	0.002016	0.880505	1.260998	0.097316	1.030793	1.331045	0.017866	0.699808	1.635843	-0.130504	0.608714	1.515270	-0.166843	0.701519	1.558426	-0.020944	0.715371	1.367485	-0.088029	0.751033	1.326850	0.054706	0.861427	1.274818	-0.344321	0.761127	1.220965	-0.183348	1.034269	1.453961	-0.476876	NaN	NaN	NaN	0.990577	1.464435	-0.042087	1.236259	1.211510	-0.253234	1.146230	1.328229	-0.141830	1.162455	1.424010	-0.426161	0.973163	0.484607	0.218044	0.975085	0.048227	0.213404	1.008735	0.046506	0.314362	1.143750	0.109430	0.261170	1.030510	0.524455	-0.313392	0.980507	0.040480	-0.299331	0.985276	0.036375	-0.416242	1.124184	0.118108	-0.376545	1.465517	1.911012	0.329026	1.412208	1.901623	0.403840	1.453518	1.872593	0.416448	1.250282	1.655656	-0.266356	1.236188	1.590850	-0.312622	1.204229	1.595829	-0.361497
428	1.186111111	1.069708	0.942102	0.125588	1.128295	1.016667	-0.200128	1.223062	0.997575	0.080925	1.256629	1.026281	-0.082805	0.865424	1.434723	0.002299	0.884939	1.263808	0.100853	1.033371	1.332406	0.016735	0.700441	1.635682	-0.132335	0.609684	1.514531	-0.166579	0.702715	1.560042	-0.021605	0.715910	1.367115	-0.083419	0.754546	1.329732	0.059838	0.858618	1.265347	-0.339671	0.760421	1.217504	-0.175641	1.030225	1.439463	-0.479696	NaN	NaN	NaN	0.992513	1.464875	-0.045032	1.233646	1.204747	-0.249655	1.145947	1.326236	-0.142019	1.158863	1.410529	-0.429688	0.975514	0.485448	0.221006	0.975093	0.048354	0.213744	1.008740	0.046242	0.314816	1.143830	0.109271	0.261796	1.027587	0.523742	-0.311996	0.980393	0.040287	-0.299095	0.985225	0.036492	-0.416055	1.123478	0.118191	-0.376149	1.476084	1.915669	0.306796	1.423956	1.908581	0.382683	1.464989	1.879648	0.395350	1.250404	1.645784	-0.278286	1.235578	1.579898	-0.322659	1.202732	1.583507	-0.371028
429	1.188888889	1.072931	0.943132	0.127840	1.124337	1.015735	-0.199041	1.225564	0.997759	0.079801	1.255473	1.026202	-0.084761	0.867922	1.436724	0.002491	0.889458	1.266817	0.104288	1.036057	1.333772	0.015614	0.701159	1.635504	-0.134294	0.610239	1.513749	-0.166107	0.703888	1.561725	-0.022385	0.716589	1.366755	-0.078961	0.758404	1.332926	0.064745	0.855747	1.255677	-0.334653	0.759823	1.213981	-0.167660	1.025843	1.424471	-0.482307	NaN	NaN	NaN	0.994021	1.465611	-0.047993	1.230988	1.197928	-0.245861	1.145792	1.324123	-0.142384	1.154853	1.396573	-0.433014	0.978130	0.486365	0.224099	0.975083	0.048363	0.214318	1.008747	0.045996	0.315321	1.143909	0.109054	0.262467	1.024737	0.523123	-0.310475	0.980352	0.040073	-0.298855	0.985144	0.036582	-0.415846	1.122800	0.118277	-0.375760	1.486614	1.920016	0.283204	1.435713	1.915350	0.359845	1.476750	1.886577	0.372736	1.250280	1.635284	-0.290676	1.234338	1.568224	-0.332805	1.200632	1.570564	-0.380826
430	1.191666667	1.076272	0.944258	0.129931	1.120990	1.015168	-0.198411	1.228010	0.998079	0.078528	1.254168	1.026148	-0.086675	0.870521	1.438759	0.002612	0.894237	1.270042	0.107614	1.038789	1.335128	0.014310	0.701768	1.635183	-0.136352	0.610859	1.512875	-0.165691	0.704989	1.563340	-0.023082	0.717128	1.366354	-0.074482	0.762348	1.336209	0.069631	0.852678	1.245730	-0.329203	0.759282	1.210400	-0.159405	1.020940	1.408722	-0.484646	NaN	NaN	NaN	0.995898	1.466000	-0.051135	1.228362	1.191296	-0.242110	1.145515	1.321901	-0.142919	1.150499	1.382128	-0.436256	0.980827	0.487304	0.227265	0.975061	0.048410	0.214864	1.008711	0.045781	0.315814	1.144110	0.108909	0.263137	1.021660	0.522217	-0.308982	0.980281	0.039866	-0.298641	0.985064	0.036680	-0.415662	1.122235	0.118344	-0.375383	1.497265	1.924103	0.257729	1.447527	1.921933	0.335435	1.488741	1.893205	0.348432	1.249760	1.624215	-0.303539	1.232807	1.555965	-0.343263	1.198273	1.556933	-0.390812
431	1.194444444	1.079567	0.945672	0.132038	1.117420	1.014480	-0.197771	1.230457	0.998440	0.077122	1.252900	1.026090	-0.088652	0.873299	1.440967	0.002585	0.899261	1.273422	0.110775	1.041604	1.336471	0.012916	0.702394	1.634852	-0.138515	0.611552	1.511859	-0.165350	0.706234	1.565017	-0.024114	0.717797	1.366047	-0.070053	0.766394	1.339932	0.074625	0.849578	1.235794	-0.323203	0.758970	1.207026	-0.150763	1.015698	1.392411	-0.486485	NaN	NaN	NaN	0.997450	1.466506	-0.054466	1.225637	1.184715	-0.238242	1.145285	1.319533	-0.143469	1.145856	1.367077	-0.439177	0.983741	0.488309	0.230319	0.975048	0.048414	0.215665	1.008678	0.045563	0.316387	1.144341	0.108747	0.263974	1.018676	0.521459	-0.307332	0.980223	0.039638	-0.298400	0.984982	0.036786	-0.415471	1.121598	0.118414	-0.374992	1.507849	1.927780	0.230670	1.458704	1.927898	0.309713	1.500747	1.899655	0.322339	1.249117	1.612443	-0.316692	1.230858	1.543023	-0.353923	1.195563	1.542655	-0.400954
432	1.197222222	1.082919	0.947055	0.133973	1.113754	1.013671	-0.197006	1.232792	0.998844	0.075708	1.251445	1.025980	-0.090646	0.876080	1.443208	0.002462	0.904251	1.276964	0.113724	1.044481	1.337841	0.011414	0.702828	1.634545	-0.140668	0.612196	1.510848	-0.165070	0.707374	1.566631	-0.025187	0.718465	1.365724	-0.065569	0.770706	1.343712	0.079276	0.846262	1.225453	-0.316854	0.758682	1.203477	-0.141893	1.009912	1.375522	-0.488105	NaN	NaN	NaN	0.999557	1.466700	-0.057852	1.222959	1.178312	-0.234249	1.145201	1.317220	-0.144107	1.140815	1.351665	-0.441965	0.986843	0.489248	0.233405	0.975111	0.048594	0.216014	1.008686	0.045314	0.317016	1.144545	0.108543	0.264856	1.015597	0.520693	-0.305615	0.980208	0.039410	-0.298185	0.984902	0.036880	-0.415259	1.120917	0.118457	-0.374563	1.518307	1.930897	0.201816	1.470876	1.933842	0.281521	1.513017	1.905413	0.295057	1.246939	1.599736	-0.330256	1.228383	1.529259	-0.364801	1.192494	1.527758	-0.411330
433	1.200000000	1.086313	0.948502	0.135795	1.110235	1.013112	-0.196144	1.235167	0.999374	0.074175	1.250023	1.025908	-0.092704	0.878955	1.445416	0.002227	0.909440	1.280680	0.116523	1.047360	1.339217	0.009787	0.703345	1.634083	-0.142958	0.612976	1.509738	-0.164840	0.708382	1.568314	-0.026249	0.719079	1.365448	-0.060988	0.775130	1.347570	0.083735	0.842954	1.215071	-0.309951	0.758742	1.200191	-0.132685	1.003739	1.358096	-0.489121	NaN	NaN	NaN	1.001531	1.466901	-0.061437	1.220425	1.172156	-0.230334	1.144985	1.314795	-0.144836	1.135248	1.335670	-0.444347	0.989943	0.490135	0.236547	0.975265	0.048714	0.216571	1.008738	0.045032	0.317664	1.144752	0.108230	0.265737	1.012502	0.519725	-0.303928	0.980141	0.039205	-0.297968	0.984829	0.036977	-0.415028	1.120209	0.118481	-0.374135	1.528600	1.933499	0.171127	1.483025	1.939410	0.251565	1.524955	1.911115	0.265114	1.245101	1.586408	-0.344270	1.225450	1.514944	-0.375884	1.188182	1.511833	-0.421499
434	1.202777778	1.089554	0.950110	0.137560	1.106366	1.012287	-0.195281	1.237512	0.999983	0.072513	1.248308	1.025903	-0.094837	0.881874	1.447680	0.001792	0.914961	1.284599	0.119110	1.050224	1.340629	0.008026	0.703722	1.633554	-0.145325	0.613639	1.508622	-0.164622	0.709476	1.569810	-0.027462	0.719716	1.365257	-0.056416	0.779957	1.351685	0.087883	0.839495	1.204557	-0.302444	0.758816	1.196828	-0.123141	0.997063	1.340137	-0.489665	NaN	NaN	NaN	1.003420	1.466987	-0.065160	1.217780	1.166134	-0.226490	1.144632	1.312207	-0.145606	1.129271	1.319354	-0.446431	0.993303	0.491097	0.239540	0.975485	0.048801	0.217146	1.008807	0.044775	0.318304	1.145093	0.107970	0.266664	1.009622	0.518933	-0.302089	0.980097	0.038965	-0.297714	0.984716	0.037091	-0.414798	1.119488	0.118560	-0.373694	1.538823	1.935328	0.138258	1.495118	1.944444	0.219387	1.536768	1.916240	0.233234	1.242789	1.572305	-0.358667	1.222031	1.499924	-0.387177	1.183231	1.495239	-0.431575
435	1.205555556	1.093003	0.951899	0.139235	1.102531	1.011586	-0.194309	1.239784	1.000706	0.070735	1.246611	1.025776	-0.096945	0.884952	1.449976	0.001160	0.920543	1.288678	0.121344	1.053246	1.342136	0.006143	0.704214	1.633014	-0.147685	0.614397	1.507333	-0.164485	0.710486	1.571317	-0.028819	0.720602	1.365081	-0.051878	0.784755	1.355878	0.091907	0.836014	1.193906	-0.294400	0.759332	1.193638	-0.113302	0.989850	1.321730	-0.489554	NaN	NaN	NaN	1.005277	1.467028	-0.069048	1.215227	1.160354	-0.222672	1.144412	1.309814	-0.146351	1.122840	1.302463	-0.448160	0.996830	0.492002	0.242594	0.975719	0.048935	0.217763	1.008855	0.044480	0.318898	1.145571	0.107583	0.267737	1.006351	0.517990	-0.300163	0.980023	0.038717	-0.297406	0.984597	0.037212	-0.414520	1.118759	0.118712	-0.373468	1.548572	1.936268	0.103444	1.506780	1.948739	0.185231	1.548416	1.920791	0.199086	1.239898	1.557482	-0.373335	1.217889	1.484019	-0.398453	1.178014	1.477770	-0.441951
436	1.208333333	1.096337	0.953565	0.140927	1.098713	1.010840	-0.193233	1.241978	1.001486	0.068890	1.244768	1.025743	-0.099120	0.888014	1.452171	0.000271	0.926332	1.292948	0.123358	1.056306	1.343678	0.004229	0.704563	1.632313	-0.150073	0.615133	1.505984	-0.164380	0.711477	1.572768	-0.030133	0.722384	1.364261	-0.047238	0.789895	1.360275	0.095640	0.832455	1.183300	-0.285720	0.759929	1.190610	-0.103174	0.982176	1.302772	-0.488826	NaN	NaN	NaN	1.007086	1.466993	-0.073063	1.212787	1.154816	-0.218927	1.144060	1.307286	-0.147257	1.115803	1.285301	-0.449395	1.000468	0.492875	0.245541	0.976026	0.048946	0.218643	1.008976	0.044095	0.319579	1.146072	0.107168	0.268766	1.003192	0.516977	-0.298290	0.979948	0.038469	-0.297113	0.984418	0.037346	-0.414218	1.118080	0.118772	-0.372888	1.557970	1.936300	0.066611	1.517933	1.952209	0.148927	1.559799	1.924555	0.162795	1.236182	1.541660	-0.388229	1.213178	1.467412	-0.409720	1.172199	1.459569	-0.451977
437	1.211111111	1.099726	0.955557	0.142545	1.094472	1.010134	-0.192450	1.244247	1.002504	0.066920	1.242800	1.025704	-0.101332	0.891182	1.454400	-0.000755	0.932183	1.297313	0.125051	1.058912	1.344878	0.001738	0.704916	1.631599	-0.152494	0.615959	1.504719	-0.164356	0.712451	1.574080	-0.031659	0.723494	1.364000	-0.042593	0.794953	1.364609	0.099134	0.828948	1.172631	-0.276468	0.760805	1.187700	-0.092764	0.973616	1.283629	-0.487326	NaN	NaN	NaN	1.009132	1.467060	-0.077401	1.210425	1.149613	-0.215387	1.143858	1.304880	-0.148280	1.108435	1.267817	-0.450198	1.004306	0.493680	0.248410	0.976610	0.049125	0.219005	1.009101	0.043684	0.320271	1.146650	0.106654	0.269834	1.000094	0.516206	-0.296229	0.979859	0.038197	-0.296812	0.984247	0.037473	-0.413893	1.117200	0.118807	-0.372447	1.566613	1.935220	0.027624	1.528684	1.954703	0.110278	1.570537	1.927321	0.124022	1.231159	1.524951	-0.402873	1.207347	1.449866	-0.420944	1.165768	1.440647	-0.461868
438	1.213888889	1.103623	0.957584	0.143831	1.090478	1.009362	-0.191162	1.245699	1.003015	0.064453	1.240767	1.025534	-0.103555	0.894293	1.456631	-0.002050	0.938449	1.302129	0.126754	1.061874	1.346341	-0.000566	0.705189	1.630851	-0.154896	0.616838	1.503324	-0.164420	0.713455	1.575361	-0.033175	0.724608	1.363819	-0.037885	0.800489	1.369414	0.102305	0.825281	1.162078	-0.266490	0.761953	1.185066	-0.082035	0.965032	1.263734	-0.485002	NaN	NaN	NaN	1.010743	1.466910	-0.081674	1.208045	1.144586	-0.212112	1.143489	1.302528	-0.149458	1.100581	1.249965	-0.450217	1.008333	0.494510	0.251268	0.976730	0.049324	0.219774	1.009272	0.043290	0.320954	1.147310	0.106096	0.270999	0.996863	0.515169	-0.294221	0.980058	0.037821	-0.296352	0.984112	0.037608	-0.413588	1.116332	0.118880	-0.371900	1.574113	1.933314	-0.012791	1.538879	1.956096	0.069462	1.580953	1.929026	0.083059	1.225756	1.507454	-0.417819	1.201214	1.431823	-0.432030	1.158418	1.420973	-0.471439
439	1.216666667	1.107217	0.959708	0.145212	1.086228	1.008479	-0.189747	1.247628	1.004066	0.062176	1.238586	1.025532	-0.105926	0.897662	1.458833	-0.003789	0.944577	1.306737	0.127761	1.064827	1.347820	-0.003193	0.705378	1.630014	-0.157323	0.617664	1.501893	-0.164481	0.714431	1.576499	-0.034787	0.725830	1.363580	-0.033118	0.806244	1.374182	0.105250	0.821832	1.151590	-0.255852	0.763341	1.182682	-0.071043	0.955855	1.243496	-0.481892	NaN	NaN	NaN	1.012273	1.466720	-0.086232	1.205720	1.139845	-0.209001	1.143208	1.300264	-0.150844	1.092282	1.231932	-0.449696	1.012375	0.495225	0.254011	0.977163	0.049455	0.220866	1.009439	0.042899	0.321602	1.147987	0.105497	0.272124	0.993775	0.514209	-0.292125	0.979933	0.037595	-0.295996	0.983942	0.037755	-0.413275	1.115527	0.119088	-0.371388	1.580985	1.929538	-0.056041	1.548375	1.956191	0.025900	1.590672	1.929431	0.039628	1.219416	1.489068	-0.432659	1.193992	1.412907	-0.442742	1.150254	1.400487	-0.480469
440	1.219444444	1.110873	0.961881	0.146513	1.082145	1.007740	-0.188181	1.249545	1.005219	0.059842	1.236336	1.025350	-0.108161	0.900792	1.460911	-0.005417	0.950840	1.311406	0.128497	1.067763	1.349266	-0.005899	0.705554	1.629172	-0.159701	0.618524	1.500457	-0.164571	0.715402	1.577555	-0.036403	0.727302	1.363365	-0.028274	0.811994	1.379048	0.107853	0.818129	1.141318	-0.244478	0.764975	1.180535	-0.059861	0.946203	1.223108	-0.477813	NaN	NaN	NaN	1.013862	1.466395	-0.090940	1.203554	1.135439	-0.206226	1.142824	1.298044	-0.152618	1.083358	1.213490	-0.448511	1.016586	0.495935	0.256636	0.977533	0.049571	0.221494	1.009674	0.042436	0.322265	1.148910	0.104872	0.273216	0.990748	0.513433	-0.289958	0.979772	0.037356	-0.295635	0.983779	0.037871	-0.412953	1.114761	0.119274	-0.370801	1.586968	1.924135	-0.101534	1.556798	1.954787	-0.019237	1.599574	1.928411	-0.006277	1.211847	1.469529	-0.447306	1.186127	1.393344	-0.453135	1.141256	1.379364	-0.488973
441	1.222222222	1.114681	0.964181	0.147704	1.077833	1.006869	-0.186456	1.251372	1.006397	0.057350	1.234054	1.025322	-0.110494	0.904082	1.463066	-0.007357	0.957154	1.316205	0.128866	1.070745	1.350744	-0.008842	0.705857	1.628279	-0.162051	0.619350	1.499006	-0.164669	0.716229	1.578545	-0.038163	0.728890	1.363232	-0.023338	0.817920	1.383906	0.110077	0.814219	1.131218	-0.231952	0.766934	1.178808	-0.048505	0.935954	1.202531	-0.472532	NaN	NaN	NaN	1.015184	1.466075	-0.095817	1.201372	1.131220	-0.203805	1.142643	1.295859	-0.154574	1.074013	1.194744	-0.446344	1.021278	0.496477	0.259202	0.977902	0.049719	0.222135	1.009924	0.042050	0.322951	1.149752	0.104194	0.274243	0.987495	0.512397	-0.287795	0.979636	0.037111	-0.295295	0.983629	0.038050	-0.412666	1.113928	0.119533	-0.370169	1.591699	1.916969	-0.149320	1.564512	1.951742	-0.067773	1.607425	1.925652	-0.054794	1.203499	1.449245	-0.461609	1.177239	1.373020	-0.462997	1.131366	1.357578	-0.496867
442	1.225000000	1.118433	0.966680	0.149130	1.073616	1.006072	-0.184645	1.253103	1.007615	0.054786	1.231645	1.025230	-0.112757	0.907328	1.465234	-0.009473	0.963587	1.321033	0.128853	1.073718	1.352217	-0.012059	0.705830	1.627375	-0.164397	0.620095	1.497518	-0.164747	0.717237	1.579392	-0.039910	0.730467	1.363245	-0.018315	0.823901	1.388857	0.111976	0.810776	1.121643	-0.218954	0.769045	1.177486	-0.036974	0.925233	1.181843	-0.466124	NaN	NaN	NaN	1.016442	1.465671	-0.100860	1.199158	1.127314	-0.201655	1.142160	1.293647	-0.156958	1.064281	1.175992	-0.443582	1.025667	0.497143	0.261689	0.978288	0.049834	0.222741	1.010194	0.041613	0.323640	1.150697	0.103381	0.275192	0.984173	0.511699	-0.285572	0.979496	0.036877	-0.294952	0.983434	0.038211	-0.412387	1.113171	0.119772	-0.369569	1.594986	1.907549	-0.199452	1.571088	1.946740	-0.118955	1.614040	1.920957	-0.105825	1.193592	1.428020	-0.475308	1.167582	1.351916	-0.472378	1.120653	1.335068	-0.504021
443	1.227777778	1.122197	0.969117	0.150302	1.069181	1.004959	-0.182536	1.254624	1.008707	0.052159	1.229022	1.025007	-0.114923	0.910510	1.467396	-0.011807	0.970126	1.326008	0.128506	1.076716	1.353760	-0.015414	0.705873	1.626398	-0.166671	0.620820	1.496149	-0.164725	0.717922	1.580333	-0.041638	0.732205	1.363351	-0.013258	0.830122	1.393864	0.113515	0.808000	1.112244	-0.206286	0.771569	1.176346	-0.025282	0.914203	1.161135	-0.458523	NaN	NaN	NaN	1.017598	1.465204	-0.106093	1.196990	1.123551	-0.199962	1.141669	1.291408	-0.159680	1.053528	1.156510	-0.439843	1.030172	0.497783	0.264001	0.978538	0.049702	0.222935	1.010459	0.041198	0.324241	1.151655	0.102708	0.276035	0.981140	0.510925	-0.283257	0.979379	0.036630	-0.294624	0.983273	0.038379	-0.412090	1.112334	0.120091	-0.368848	1.596576	1.895687	-0.251522	1.575872	1.939495	-0.172381	1.619224	1.914084	-0.159379	1.183334	1.406018	-0.488669	1.156966	1.330226	-0.480922	1.108634	1.312079	-0.510125
444	1.230555556	1.126017	0.971634	0.151229	1.064942	1.004520	-0.180417	1.256131	1.009965	0.049369	1.226332	1.024781	-0.117185	0.913673	1.469487	-0.014467	0.976546	1.330935	0.127737	1.079690	1.355287	-0.019093	0.705930	1.625442	-0.168958	0.621528	1.494704	-0.164808	0.719098	1.580915	-0.043366	0.734115	1.363505	-0.008103	0.836248	1.398864	0.114747	0.804681	1.103283	-0.191922	0.774200	1.175871	-0.013605	0.902914	1.140603	-0.449547	NaN	NaN	NaN	1.018552	1.464629	-0.111382	1.194834	1.120014	-0.198708	1.141136	1.289185	-0.162760	1.043056	1.137771	-0.435138	1.034703	0.498482	0.266195	0.979309	0.050085	0.222675	1.010669	0.040823	0.324811	1.152694	0.101899	0.276797	0.978011	0.509991	-0.280900	0.979228	0.036379	-0.294284	0.983106	0.038576	-0.411810	1.111521	0.120516	-0.368167	1.596877	1.882053	-0.305200	1.579110	1.929832	-0.228188	1.622721	1.904730	-0.215497	1.171930	1.383007	-0.501420	1.145615	1.308006	-0.488797	1.096258	1.288426	-0.515365
445	1.233333333	1.129885	0.974254	0.152208	1.062303	1.003077	-0.178831	1.257523	1.011196	0.046693	1.223685	1.024578	-0.119273	0.916658	1.471604	-0.017227	0.983065	1.335823	0.126562	1.082676	1.356863	-0.022969	0.705864	1.624476	-0.171201	0.622229	1.493315	-0.164794	0.720119	1.581649	-0.045148	0.736242	1.363788	-0.002895	0.842720	1.404039	0.115717	0.801680	1.094950	-0.177124	0.777299	1.175669	-0.001789	0.891384	1.120273	-0.439213	NaN	NaN	NaN	1.019546	1.464012	-0.116764	1.192791	1.116457	-0.197693	1.140464	1.287051	-0.166191	1.032289	1.119127	-0.429405	1.039213	0.499095	0.268209	0.979926	0.050268	0.223855	1.010952	0.040432	0.325383	1.153702	0.101179	0.277447	0.975201	0.509215	-0.278428	0.979053	0.036138	-0.293963	0.982912	0.038760	-0.411529	1.110662	0.120981	-0.367429	NaN	NaN	NaN	NaN	NaN	NaN	NaN	NaN	NaN	1.159405	1.359027	-0.513228	1.133325	1.284972	-0.495665	1.083454	1.264368	-0.519430
446	1.236111111	1.133802	0.976921	0.153008	1.060338	1.001261	-0.177458	1.258896	1.012513	0.043849	1.220991	1.024474	-0.121308	0.919643	1.473838	-0.020267	0.989567	1.340694	0.125009	1.085781	1.358562	-0.026958	0.705712	1.623475	-0.173396	0.622892	1.491946	-0.164809	0.721042	1.582304	-0.046955	0.738558	1.364272	0.002302	0.848993	1.409116	0.116225	0.798710	1.087121	-0.161733	0.780134	1.175855	0.010311	0.879632	1.100228	-0.427530	NaN	NaN	NaN	1.019735	1.463054	-0.122756	1.190083	1.113301	-0.197565	1.139588	1.284656	-0.169911	1.021785	1.101000	-0.422793	1.043792	0.499674	0.270143	0.979913	0.050335	0.224820	1.011272	0.039994	0.325956	1.154654	0.100452	0.278057	0.972250	0.508580	-0.275833	0.978892	0.035887	-0.293696	0.982677	0.038950	-0.411207	1.109857	0.121466	-0.366752	1.589544	1.844881	-0.418642	1.578833	1.901706	-0.346741	1.623577	1.877412	-0.334505	1.145973	1.334253	-0.524246	1.120312	1.261394	-0.501587	1.069427	1.239916	-0.522195
447	1.238888889	1.137792	0.979556	0.153798	NaN	NaN	NaN	1.260091	1.013671	0.041030	1.218267	1.024213	-0.123214	0.922518	1.475791	-0.023321	0.996144	1.345597	0.123082	1.088304	1.359649	-0.031362	0.705549	1.622517	-0.175567	0.623525	1.490585	-0.164762	0.722008	1.582965	-0.048753	0.740967	1.365020	0.007584	0.855372	1.414074	0.116336	0.796094	1.080066	-0.145662	0.783953	1.176718	0.021890	0.868092	1.080636	-0.414552	NaN	NaN	NaN	1.020131	1.462149	-0.128465	1.187351	1.110001	-0.197812	1.138415	1.282274	-0.173853	1.010759	1.082868	-0.415143	1.048350	0.500206	0.271931	0.980449	0.050540	0.224853	1.011552	0.039632	0.326458	1.155636	0.099653	0.278535	0.969586	0.507902	-0.273405	0.978697	0.035654	-0.293388	0.982389	0.039158	-0.410840	1.108982	0.122019	-0.365957	1.582045	1.821254	-0.477674	1.574957	1.882740	-0.409136	1.619829	1.859079	-0.397340	1.131332	1.308817	-0.534179	1.106471	1.237476	-0.506337	1.054925	1.214938	-0.523908
448	1.241666667	1.141820	0.982318	0.154496	NaN	NaN	NaN	1.261253	1.014863	0.038217	1.215366	1.023850	-0.125093	0.925234	1.477743	-0.026650	1.002501	1.350283	0.120798	1.090898	1.360926	-0.035894	0.705312	1.621549	-0.177732	0.624065	1.489339	-0.164711	0.722992	1.583567	-0.050615	0.743484	1.366025	0.012960	0.861878	1.418977	0.116147	0.793746	1.073534	-0.129108	0.787958	1.177933	0.033632	0.856447	1.061726	-0.400073	NaN	NaN	NaN	1.019853	1.461038	-0.134470	1.184458	1.106777	-0.198408	1.136922	1.279801	-0.178028	0.999373	1.064920	-0.406413	1.052897	0.500588	0.273429	0.980609	0.050419	0.225588	1.011744	0.039292	0.326923	1.156423	0.099028	0.278947	0.966866	0.507248	-0.270811	0.978489	0.035422	-0.293105	0.982187	0.039374	-0.410503	1.108147	0.122606	-0.365254	1.571214	1.793988	-0.537569	1.567929	1.859960	-0.473245	1.612756	1.836307	-0.462319	1.115962	1.282462	-0.543036	1.091992	1.213186	-0.510058	1.039788	1.189842	-0.524132
449	1.244444444	1.145900	0.985053	0.155142	NaN	NaN	NaN	1.262349	1.016069	0.035325	1.212530	1.023439	-0.126944	0.927947	1.479596	-0.030219	1.008964	1.354990	0.118120	1.093541	1.362264	-0.040581	0.704929	1.620565	-0.179872	0.624568	1.488011	-0.164640	0.723927	1.584170	-0.052463	0.746406	1.367217	0.018220	0.868440	1.423985	0.115636	0.791790	1.067837	-0.112106	0.792103	1.179698	0.045185	0.844837	1.043498	-0.384201	NaN	NaN	NaN	1.020289	1.459858	-0.139969	1.181375	1.103529	-0.199465	1.135279	1.277122	-0.182324	0.988191	1.047559	-0.396564	1.057450	0.501099	0.274987	0.981221	0.050765	0.225807	1.011994	0.039002	0.327341	1.157209	0.098289	0.279340	0.964244	0.506789	-0.268180	0.978224	0.035235	-0.292859	0.981909	0.039577	-0.410159	1.107272	0.123260	-0.364563	1.557209	1.762370	-0.597840	1.557446	1.832935	-0.538732	1.602731	1.809825	-0.528103	1.099735	1.255515	-0.550590	1.076789	1.188373	-0.512580	1.024138	1.164487	-0.523084
450	1.247222222	1.150138	0.987890	0.155737	NaN	NaN	NaN	1.263332	1.017173	0.032518	1.209780	1.023208	-0.128668	0.930428	1.481433	-0.033768	1.015210	1.359491	0.115098	1.096061	1.363421	-0.045620	0.704582	1.619608	-0.181943	0.624990	1.486737	-0.164491	0.724970	1.584811	-0.054349	0.749414	1.368867	0.023580	0.874924	1.428993	0.114902	0.789992	1.063081	-0.094469	0.796688	1.181996	0.056586	0.833651	1.026008	-0.367040	NaN	NaN	NaN	1.020607	1.458451	-0.145227	1.177943	1.100224	-0.200754	1.133278	1.274497	-0.186817	0.977020	1.030730	-0.385774	1.061904	0.501629	0.276368	0.981606	0.051248	0.225989	1.012191	0.038685	0.327725	1.157885	0.097772	0.279719	0.961827	0.506338	-0.265493	0.977909	0.035057	-0.292611	0.981670	0.039783	-0.409874	1.106365	0.123970	-0.363751	1.539685	1.727075	-0.659143	1.543265	1.801597	-0.605056	1.588814	1.778846	-0.594691	1.082458	1.227667	-0.556947	1.060814	1.163285	-0.513824	1.007812	1.138802	-0.520811
451	1.250000000	1.154234	0.990715	0.156187	NaN	NaN	NaN	1.264330	1.018298	0.029680	1.206850	1.022633	-0.130193	0.932997	1.483249	-0.037544	1.021417	1.364004	0.111771	1.098174	1.364388	-0.050824	0.704120	1.618608	-0.184056	0.625441	1.485521	-0.164337	0.725907	1.585411	-0.056225	0.752797	1.370691	0.028733	0.881500	1.433871	0.113794	0.788941	1.059013	-0.076657	0.801425	1.184876	0.067906	0.823104	1.009444	-0.348494	NaN	NaN	NaN	1.019572	1.456971	-0.151364	1.173950	1.096760	-0.202347	1.130848	1.271698	-0.191503	0.966668	1.015043	-0.374744	1.066319	0.502252	0.277513	0.981900	0.051225	0.226834	1.012386	0.038395	0.328121	1.158492	0.097235	0.280094	0.959551	0.506148	-0.262807	0.977625	0.034888	-0.292353	0.981371	0.040019	-0.409571	1.105482	0.124733	-0.362958	1.518295	1.687129	-0.719950	1.525112	1.765499	-0.671879	1.570964	1.743298	-0.661606	1.063929	1.199515	-0.561825	1.044381	1.138019	-0.513748	0.991178	1.113232	-0.516923
452	1.252777778	1.158435	0.993594	0.156558	1.033722	1.000328	-0.158935	1.265084	1.019324	0.026835	1.204141	1.022190	-0.131703	0.935258	1.484779	-0.041288	1.027545	1.368190	0.108117	1.100297	1.365310	-0.056230	0.703692	1.617617	-0.186194	0.625897	1.484361	-0.164179	0.726853	1.586039	-0.058199	0.756423	1.372989	0.033846	0.888037	1.438731	0.112445	0.788336	1.056010	-0.058497	0.806307	1.188390	0.079075	0.812414	0.994090	-0.329066	NaN	NaN	NaN	1.018829	1.455585	-0.157099	1.169645	1.093061	-0.203938	1.128095	1.268632	-0.196248	0.955475	0.999253	-0.362030	1.070679	0.502852	0.278512	0.982087	0.051566	0.226891	1.012595	0.038125	0.328507	1.159067	0.096694	0.280493	0.957293	0.505852	-0.260026	0.977287	0.034716	-0.292085	0.981077	0.040270	-0.409322	1.104627	0.125602	-0.362246	1.492988	1.642507	-0.779629	1.502296	1.724171	-0.738396	1.548807	1.702606	-0.728050	1.044716	1.170447	-0.565282	1.027325	1.112405	-0.512303	0.973955	1.087682	-0.511638
453	1.255555556	1.162657	0.996492	0.156792	1.030687	0.999753	-0.155645	1.265912	1.020375	0.024099	1.201382	1.021713	-0.133087	0.937571	1.486297	-0.045252	1.033539	1.372370	0.104154	1.102095	1.365965	-0.061859	0.703125	1.616636	-0.188257	0.626469	1.483254	-0.163673	0.727783	1.586658	-0.060076	0.760285	1.375540	0.038714	0.894637	1.443528	0.110717	0.788246	1.053990	-0.040127	0.811415	1.192282	0.089909	0.802367	0.979733	-0.308405	NaN	NaN	NaN	1.017186	1.453638	-0.163008	1.164868	1.089102	-0.205771	1.124892	1.265225	-0.201167	0.944649	0.984510	-0.348440	1.074988	0.503446	0.279422	0.981980	0.051622	0.227586	1.012773	0.037846	0.328853	1.159597	0.096276	0.280890	0.955129	0.505728	-0.257164	0.976962	0.034559	-0.291812	0.980756	0.040519	-0.409124	1.103705	0.126579	-0.361498	1.463285	1.593100	-0.837752	1.475051	1.677758	-0.803809	1.521780	1.656534	-0.794702	1.024789	1.141032	-0.567233	1.009770	1.086759	-0.509529	0.955894	1.062439	-0.504977
454	1.258333333	1.166862	0.999348	0.156992	1.026011	0.999631	-0.152953	1.266558	1.021287	0.021307	1.198604	1.020959	-0.134317	0.939760	1.487607	-0.049230	1.039387	1.376352	0.099946	1.103617	1.366446	-0.067629	0.702550	1.615612	-0.190280	0.626738	1.482192	-0.163498	0.728495	1.587239	-0.062079	0.764458	1.378376	0.043495	0.901247	1.448297	0.108765	0.788807	1.052872	-0.021662	0.817270	1.196572	0.100237	0.793162	0.966618	-0.286898	NaN	NaN	NaN	1.015890	1.451871	-0.168557	1.159573	1.084923	-0.207868	1.121412	1.261819	-0.206181	0.933889	0.969934	-0.334501	1.079100	0.504072	0.280080	0.981825	0.051613	0.228756	1.012931	0.037627	0.329181	1.160005	0.095874	0.281280	0.953153	0.505793	-0.254295	0.976626	0.034387	-0.291555	0.980458	0.040796	-0.408919	1.102735	0.127623	-0.360712	1.429043	1.539040	-0.893582	1.442731	1.625933	-0.867388	1.489563	1.604981	-0.859365	1.003876	1.110874	-0.567529	0.991765	1.060928	-0.505274	0.938495	1.037487	-0.496289
455	1.261111111	1.171033	1.002261	0.157022	1.023337	0.999151	-0.149515	1.267332	1.022291	0.018588	1.196019	1.020386	-0.135543	0.941820	1.488850	-0.053239	1.045347	1.380208	0.095450	1.104907	1.366703	-0.073709	0.701927	1.614606	-0.192357	0.626941	1.481136	-0.163335	0.729247	1.587797	-0.064071	0.768798	1.381694	0.048025	0.907815	1.452980	0.106564	0.790100	1.052765	-0.003117	0.822665	1.201651	0.110693	0.784659	0.954750	-0.264539	NaN	NaN	NaN	1.014441	1.449949	-0.173987	1.153845	1.080560	-0.210162	1.117525	1.258145	-0.211232	0.923592	0.956374	-0.319815	1.083165	0.504679	0.280579	0.982210	0.051990	0.228484	1.013058	0.037401	0.329495	1.160409	0.095547	0.281636	0.951317	0.505844	-0.251379	0.976318	0.034238	-0.291312	0.980097	0.041065	-0.408710	1.101799	0.128671	-0.359920	1.390127	1.479685	-0.946201	1.405406	1.569023	-0.927739	1.452511	1.548234	-0.921012	0.982339	1.080601	-0.565511	0.973301	1.035071	-0.499457	0.920904	1.012339	-0.486257
456	1.263888889	1.175201	1.005278	0.157019	1.020651	0.998843	-0.146177	1.267900	1.023225	0.015871	1.193360	1.019575	-0.136634	0.943881	1.490007	-0.057356	1.051164	1.384031	0.090853	1.105794	1.366628	-0.080048	0.701223	1.613585	-0.194406	0.627128	1.480148	-0.163244	0.729840	1.588344	-0.066060	0.773215	1.385272	0.052320	0.914370	1.457559	0.104009	0.792014	1.053607	0.015181	0.828990	1.207006	0.120238	0.776985	0.944104	-0.241592	NaN	NaN	NaN	1.012840	1.447906	-0.179396	1.147741	1.076156	-0.212815	1.113174	1.254154	-0.216287	0.913770	0.943869	-0.304478	1.087163	0.505320	0.280834	0.982349	0.052155	0.228920	1.013136	0.037160	0.329843	1.160842	0.095282	0.282011	0.949629	0.505990	-0.248562	0.975969	0.034155	-0.291075	0.979767	0.041359	-0.408503	1.100801	0.129702	-0.359216	1.346664	1.415918	-0.994537	1.362682	1.506099	-0.985260	1.410118	1.485925	-0.979150	0.960217	1.049692	-0.561753	0.954765	1.009408	-0.492160	0.903076	0.987504	-0.474780
457	1.266666667	1.179187	1.008286	0.157017	1.019296	0.997874	-0.142175	1.268469	1.024060	0.013250	1.190875	1.018838	-0.137697	0.945748	1.491082	-0.061521	1.056559	1.387343	0.085649	1.106304	1.366225	-0.086420	0.700551	1.612574	-0.196382	0.627324	1.479094	-0.163164	0.730402	1.588871	-0.068068	0.777981	1.389066	0.056455	0.920942	1.462145	0.101225	0.794908	1.055487	0.033335	0.835282	1.212947	0.129652	0.770032	0.934925	-0.218087	NaN	NaN	NaN	1.010992	1.445771	-0.184601	1.140912	1.071448	-0.215264	1.108524	1.249878	-0.221179	0.904594	0.932619	-0.288981	1.090944	0.505904	0.281019	0.982317	0.052300	0.229709	1.013221	0.036960	0.330149	1.161159	0.095033	0.282454	0.948110	0.506185	-0.245618	0.975690	0.034057	-0.290872	0.979446	0.041766	-0.408459	1.099764	0.130886	-0.358507	1.298682	1.347601	-1.038090	1.314673	1.438128	-1.037721	1.362645	1.418714	-1.032385	0.937334	1.018673	-0.555827	0.935872	0.983659	-0.483191	0.885158	0.963011	-0.461597
458	1.269444444	1.183340	1.011276	0.156658	1.014729	0.999354	-0.139747	1.268910	1.024767	0.010640	1.188295	1.018002	-0.138630	0.947516	1.492049	-0.065779	1.062110	1.390691	0.080348	1.106726	1.365684	-0.092968	0.699783	1.611558	-0.198375	0.627379	1.478085	-0.163119	0.730805	1.589299	-0.070102	0.782761	1.393148	0.060314	0.927503	1.466612	0.098150	0.798483	1.058215	0.050979	0.841890	1.219429	0.138527	0.764073	0.927012	-0.194331	NaN	NaN	NaN	1.009033	1.443523	-0.189776	1.133663	1.066858	-0.217726	1.103368	1.245470	-0.225987	0.895489	0.921945	-0.272871	1.094722	0.506478	0.281006	0.982457	0.052476	0.230030	1.013267	0.036759	0.330459	1.161455	0.094825	0.282855	0.946675	0.506479	-0.242632	0.975441	0.033949	-0.290702	0.979006	0.042123	-0.408223	1.098778	0.131981	-0.357776	1.245913	1.274667	-1.075557	1.261502	1.365159	-1.084355	1.309861	1.346432	-1.080162	0.914270	0.987250	-0.547829	0.916606	0.958154	-0.472544	0.866770	0.939069	-0.447061
459	1.272222222	1.187626	1.014530	0.156414	1.013456	0.998082	-0.135533	1.269532	1.025467	0.008057	1.185818	1.017367	-0.139463	0.949390	1.493022	-0.070088	1.067404	1.393866	0.074980	1.106649	1.364755	-0.099526	0.699050	1.610543	-0.200348	0.627502	1.477085	-0.163225	0.731034	1.589698	-0.072071	0.787755	1.397317	0.063957	0.933984	1.471102	0.094813	0.802939	1.061819	0.068105	0.848913	1.226319	0.147027	0.758994	0.920481	-0.170431	NaN	NaN	NaN	1.006989	1.441168	-0.194823	1.125808	1.061941	-0.219890	1.097839	1.240834	-0.230464	0.886939	0.911970	-0.257007	1.098373	0.507083	0.280791	0.982613	0.052642	0.230381	1.013351	0.036620	0.330742	1.161717	0.094646	0.283197	0.945417	0.506838	-0.239556	0.975109	0.033835	-0.290539	0.978500	0.042484	-0.407919	1.097667	0.133165	-0.356976	1.189000	1.198103	-1.106118	1.203114	1.287583	-1.124314	1.251688	1.269258	-1.121077	0.890379	0.955627	-0.537343	0.897076	0.932847	-0.460179	0.849920	0.915365	-0.430959
460	1.275000000	1.191543	1.017468	0.155903	1.010834	0.998097	-0.132088	1.269901	1.026075	0.005542	1.183350	1.016803	-0.140072	0.951024	1.493870	-0.074435	1.072681	1.396970	0.069218	1.106254	1.363579	-0.106070	0.698198	1.609552	-0.202245	0.627515	1.476240	-0.163352	0.731262	1.590051	-0.074010	0.792755	1.401830	0.067403	0.940546	1.475490	0.091210	0.808200	1.066289	0.084506	0.856272	1.233647	0.154861	0.754756	0.915230	-0.146406	NaN	NaN	NaN	1.004778	1.438668	-0.199691	1.117455	1.057039	-0.221640	1.091790	1.235903	-0.234768	0.878467	0.903065	-0.240093	1.101914	0.507620	0.280470	0.982716	0.052790	0.230643	1.013428	0.036510	0.330990	1.161961	0.094497	0.283498	0.944181	0.507231	-0.236428	0.974774	0.033742	-0.290341	0.978015	0.042882	-0.407598	1.096650	0.134356	-0.356202	1.128036	1.118123	-1.128892	1.139743	1.205524	-1.155857	1.188821	1.188424	-1.153954	0.866203	0.923965	-0.524431	0.877908	0.907537	-0.446011	0.831535	0.891900	-0.412921
461	1.277777778	1.195317	1.020410	0.155272	1.008283	0.998072	-0.128584	1.270291	1.026666	0.003112	1.180781	1.016192	-0.140558	0.952568	1.494552	-0.078787	1.077749	1.399892	0.063258	1.105460	1.362124	-0.112464	0.697470	1.608568	-0.204170	0.627417	1.475258	-0.163557	0.731271	1.590364	-0.075973	0.798018	1.406596	0.070581	0.946801	1.479908	0.087437	0.814147	1.071573	0.100275	0.864108	1.241307	0.162059	0.751462	0.911281	-0.122639	NaN	NaN	NaN	1.002346	1.436089	-0.204416	1.108838	1.052166	-0.222937	1.085551	1.230905	-0.238762	0.870683	0.894837	-0.223530	1.105327	0.508165	0.280024	0.982787	0.052945	0.230891	1.013452	0.036402	0.331201	1.162184	0.094367	0.283733	0.943257	0.507698	-0.233345	0.974395	0.033665	-0.290108	0.977569	0.043241	-0.407290	1.095544	0.135480	-0.355472	1.063412	1.035391	-1.142784	1.071904	1.120177	-1.178831	1.121234	1.103486	-1.178410	0.841628	0.892347	-0.508847	0.858286	0.882708	-0.430288	0.814137	0.869125	-0.393309
462	1.280555556	1.199054	1.023336	0.154517	1.005883	0.998129	-0.125173	1.270634	1.027162	0.000737	1.178264	1.015744	-0.140928	0.954100	1.495222	-0.083245	1.082698	1.402610	0.057186	1.104301	1.360492	-0.118639	0.696630	1.607608	-0.206005	0.627453	1.474239	-0.163898	0.731153	1.590626	-0.077818	0.803246	1.411558	0.073438	0.953113	1.484201	0.083347	0.820771	1.077531	0.115156	0.872310	1.249305	0.168484	0.749050	0.908538	-0.099127	NaN	NaN	NaN	0.999856	1.433396	-0.209048	1.100368	1.047599	-0.223793	1.078936	1.225626	-0.242357	0.863108	0.887186	-0.206909	1.108695	0.508623	0.279523	0.982885	0.053096	0.231069	1.013484	0.036328	0.331367	1.162425	0.094243	0.283911	0.942554	0.508134	-0.230284	0.974013	0.033565	-0.289845	0.977079	0.043637	-0.406980	1.094496	0.136589	-0.354740	0.995689	0.950455	-1.147813	0.999861	1.031540	-1.191508	1.049475	1.015722	-1.193161	0.817006	0.860957	-0.490416	0.838617	0.857960	-0.412528	0.796932	0.846778	-0.371863
463	1.283333333	1.202566	1.026212	0.153633	1.003601	0.998326	-0.121716	1.270824	1.027601	-0.001472	1.175527	1.015358	-0.141151	0.955642	1.495823	-0.087763	1.087648	1.405172	0.050773	1.102998	1.358656	-0.124717	0.695674	1.606612	-0.207801	0.627378	1.473362	-0.164238	0.730916	1.590837	-0.079685	0.808697	1.416694	0.075913	0.959820	1.488507	0.078703	0.828059	1.084116	0.128968	0.880962	1.257506	0.174138	0.747488	0.906871	-0.076004	NaN	NaN	NaN	0.997327	1.430601	-0.213508	1.090221	1.042038	-0.223531	1.071929	1.220203	-0.245635	0.855792	0.880402	-0.190254	1.111936	0.509172	0.278823	0.982977	0.053252	0.231191	1.013535	0.036311	0.331493	1.162648	0.094092	0.283983	0.941736	0.508571	-0.227222	0.973643	0.033460	-0.289583	0.976476	0.044121	-0.406658	1.093378	0.137715	-0.353988	0.925341	0.864239	-1.142311	0.924657	0.941181	-1.193493	0.974208	0.925927	-1.197083	0.792177	0.829984	-0.469036	0.818974	0.833719	-0.392793	0.780250	0.825450	-0.348815
464	1.286111111	1.205839	1.029003	0.152709	1.001362	0.998474	-0.118241	1.271035	1.028037	-0.003642	1.172952	1.015107	-0.141164	0.957012	1.496335	-0.092324	1.092394	1.407681	0.044352	1.101481	1.356729	-0.130606	0.694770	1.605571	-0.209630	0.627238	1.472471	-0.164693	0.730617	1.591021	-0.081444	0.814211	1.422094	0.078110	0.966115	1.492778	0.073954	0.835946	1.091285	0.141863	0.890220	1.266008	0.179195	0.747196	0.905949	-0.053368	NaN	NaN	NaN	0.994633	1.427719	-0.217796	1.080631	1.036835	-0.222701	1.064765	1.214571	-0.248557	0.849055	0.874206	-0.173787	1.115250	0.509598	0.278010	0.983075	0.053394	0.231287	1.013601	0.036293	0.331612	1.162908	0.094002	0.283762	0.941220	0.508938	-0.224000	0.973268	0.033342	-0.289317	0.975990	0.044548	-0.406387	1.092381	0.138849	-0.353218	0.853227	0.777672	-1.126079	0.846538	0.849374	-1.183718	0.896210	0.835180	-1.189688	0.767659	0.799464	-0.444511	0.799322	0.810083	-0.370891	0.763539	0.804451	-0.323784
465	1.288888889	1.209015	1.031671	0.151758	0.999042	0.998761	-0.114867	1.271009	1.028445	-0.005647	1.170233	1.014833	-0.141132	0.958239	1.496744	-0.096881	1.096621	1.409654	0.037631	1.099652	1.354624	-0.136275	0.694215	1.604333	-0.211390	0.627205	1.471455	-0.165190	0.730106	1.591168	-0.083238	0.819647	1.427545	0.079989	0.972320	1.497015	0.068985	0.844562	1.098881	0.153484	0.899519	1.274466	0.183035	0.747198	0.906231	-0.031302	NaN	NaN	NaN	0.991768	1.424731	-0.221948	1.071554	1.031878	-0.221727	1.057278	1.208851	-0.251149	0.842348	0.868569	-0.157153	1.118471	0.510040	0.277109	0.983144	0.053537	0.231302	1.013651	0.036308	0.331667	1.163127	0.093846	0.283672	0.940937	0.509441	-0.220855	0.972942	0.033188	-0.289129	0.975493	0.044949	-0.406113	1.091460	0.139991	-0.352540	0.779876	0.691708	-1.098708	0.766623	0.757726	-1.161701	0.816253	0.744108	-1.170208	0.743323	0.770126	-0.416803	0.779890	0.787387	-0.346676	0.747945	0.784771	-0.296665
466	1.291666667	1.212078	1.034210	0.150744	0.996733	0.999202	-0.111537	1.270949	1.028956	-0.007678	1.167483	1.014673	-0.141065	0.959462	1.497092	-0.101596	1.100932	1.411846	0.030755	1.097723	1.352353	-0.141731	0.693192	1.603302	-0.213180	0.627018	1.470415	-0.165637	0.729566	1.591229	-0.084924	0.825455	1.432998	0.081363	0.978376	1.501172	0.063617	0.853710	1.106774	0.163910	0.909332	1.282977	0.185993	0.748218	0.907259	-0.009887	NaN	NaN	NaN	0.988808	1.421586	-0.225910	1.061365	1.026486	-0.219509	1.050961	1.203605	-0.254170	0.836075	0.863594	-0.140749	1.121695	0.510425	0.276123	0.983395	0.053774	0.231588	1.013694	0.036339	0.331711	1.163368	0.093770	0.283553	0.940882	0.509897	-0.217655	0.972610	0.033014	-0.288909	0.974958	0.045350	-0.405820	1.090495	0.141047	-0.351744	0.706172	0.607146	-1.059732	0.685930	0.667100	-1.126911	0.735069	0.654248	-1.138221	0.719541	0.742138	-0.385973	0.760880	0.765575	-0.320231	0.732366	0.766235	-0.268012
467	1.294444444	1.214906	1.036671	0.149666	0.994483	0.999705	-0.108203	1.270698	1.029261	-0.009580	1.164896	1.014171	-0.140707	0.960698	1.497424	-0.106388	1.104928	1.413808	0.023810	1.095850	1.350087	-0.146947	0.692098	1.602162	-0.214858	0.626854	1.469441	-0.166118	0.728992	1.591348	-0.086681	0.831269	1.438652	0.082319	0.984329	1.505291	0.058031	0.863353	1.115019	0.173037	0.919324	1.291348	0.187909	0.749938	0.908993	0.010838	NaN	NaN	NaN	0.985831	1.418499	-0.229753	1.051166	1.021119	-0.216659	1.041439	1.197152	-0.255206	0.829869	0.859186	-0.124309	1.124954	0.510845	0.275012	0.983332	0.053822	0.231244	1.013775	0.036395	0.331736	1.163600	0.093660	0.283360	0.940798	0.510331	-0.214402	0.972242	0.032877	-0.288718	0.974464	0.045700	-0.405539	1.089520	0.141939	-0.351002	0.633153	0.525357	-1.009281	0.605374	0.578788	-1.079169	0.653784	0.566224	-1.093549	0.696480	0.715731	-0.351896	0.742343	0.745077	-0.291547	0.717063	0.749522	-0.238117
468	1.297222222	1.217534	1.039007	0.148606	0.991375	1.000756	-0.104803	1.270465	1.029665	-0.011497	1.163056	1.015042	-0.140846	0.961781	1.497678	-0.111231	1.108958	1.415774	0.016679	1.093921	1.347660	-0.151888	0.690937	1.601031	-0.216529	0.626749	1.468351	-0.166598	0.728272	1.591387	-0.088295	0.837104	1.444192	0.082868	0.990152	1.509317	0.052154	0.873502	1.123282	0.180817	0.929548	1.299519	0.188822	0.752318	0.911232	0.030609	NaN	NaN	NaN	0.982761	1.415394	-0.233386	1.040655	1.015853	-0.213078	1.032671	1.190845	-0.256209	0.823907	0.855404	-0.107945	1.128202	0.511084	0.273776	0.983365	0.053916	0.231180	1.013828	0.036464	0.331718	1.163843	0.093507	0.283080	0.940823	0.510638	-0.211152	0.971876	0.032750	-0.288517	0.973987	0.046094	-0.405273	1.088549	0.142814	-0.350319	0.561552	0.447328	-0.947164	0.525791	0.493842	-1.018510	0.573358	0.481653	-1.036031	0.677363	0.689522	-0.314570	0.724636	0.725898	-0.260526	0.703500	0.733830	-0.205406
469	1.300000000	1.220016	1.041221	0.147573	0.989465	1.001396	-0.101203	1.270141	1.030113	-0.013313	1.159302	1.014220	-0.140313	0.962817	1.497923	-0.116025	1.112409	1.417258	0.009412	1.092186	1.345202	-0.156508	0.689802	1.599853	-0.218120	0.626582	1.467259	-0.166992	0.727503	1.591414	-0.089965	0.841898	1.450203	0.083182	0.995773	1.513241	0.046052	0.884208	1.131459	0.187114	0.939952	1.307527	0.188813	0.755132	0.913913	0.049555	NaN	NaN	NaN	0.979417	1.412137	-0.237142	1.030739	1.010810	-0.209360	1.023515	1.184453	-0.256493	0.818099	0.852116	-0.091486	1.131461	0.511379	0.272471	0.983444	0.054038	0.231127	1.013918	0.036547	0.331711	1.164135	0.093301	0.282691	0.941425	0.511303	-0.208114	0.971537	0.032595	-0.288321	0.973492	0.046450	-0.404985	1.087833	0.143757	-0.349614	0.492257	0.374046	-0.873731	0.448881	0.413856	-0.944699	0.494767	0.401488	-0.965813	0.657120	0.666811	-0.274245	0.707590	0.708267	-0.227251	0.694911	0.717659	-0.170948
470	1.302777778	1.222336	1.043303	0.146503	0.988509	1.001155	-0.098512	1.269581	1.030436	-0.015114	1.156490	1.014214	-0.139758	0.963655	1.498071	-0.120854	1.116196	1.419050	0.002169	1.090501	1.342625	-0.161010	0.688717	1.598501	-0.219606	0.626416	1.466111	-0.167353	0.726693	1.591472	-0.091533	0.848151	1.455590	0.082740	1.001197	1.517033	0.039773	0.894702	1.139871	0.192169	0.950453	1.315203	0.187842	0.758660	0.916853	0.067617	NaN	NaN	NaN	0.976237	1.408995	-0.240297	1.018954	1.005594	-0.204168	1.014311	1.178060	-0.256332	0.811902	0.849739	-0.075423	1.134860	0.511594	0.271052	0.983510	0.054133	0.231128	1.014014	0.036631	0.331655	1.164421	0.093067	0.282223	0.941926	0.511755	-0.204928	0.971243	0.032398	-0.288118	0.973086	0.046792	-0.404709	1.086895	0.144374	-0.348855	0.426381	0.306526	-0.789476	0.375172	0.339810	-0.858434	0.419207	0.327132	-0.883018	0.638362	0.646524	-0.231018	0.691792	0.692436	-0.191982	0.684018	0.705230	-0.135279
471	1.305555556	1.224599	1.045276	0.145497	0.986258	1.001993	-0.095252	1.269046	1.030786	-0.016783	1.153691	1.014171	-0.139240	0.964561	1.498320	-0.125579	1.119415	1.420418	-0.005187	1.088876	1.340235	-0.165301	0.687328	1.597279	-0.221022	0.626236	1.464879	-0.167611	0.725932	1.591449	-0.093113	0.854458	1.460751	0.081941	1.006424	1.520697	0.033321	0.905625	1.147767	0.195565	0.960948	1.322498	0.186040	0.761626	0.920622	0.085248	NaN	NaN	NaN	0.972913	1.405887	-0.243223	1.007624	1.000616	-0.198647	1.004722	1.171666	-0.255353	0.805765	0.847914	-0.058713	1.138222	0.511765	0.269593	0.983587	0.054434	0.231600	1.014142	0.036735	0.331626	1.164732	0.092846	0.281704	0.942879	0.512406	-0.201953	0.970972	0.032196	-0.287893	0.972765	0.047125	-0.404476	1.086208	0.145158	-0.348113	0.364857	0.245973	-0.695114	0.305487	0.273065	-0.760588	0.347386	0.259495	-0.788489	0.621468	0.628715	-0.184893	0.677069	0.678354	-0.154493	0.674412	0.694372	-0.098077
472	1.308333333	1.226724	1.047178	0.144389	0.984031	1.002917	-0.091998	1.268330	1.031137	-0.018416	1.150920	1.014027	-0.138766	0.965354	1.498538	-0.130290	1.122415	1.421751	-0.012531	1.087164	1.337721	-0.169420	0.686064	1.595979	-0.222392	0.626087	1.463707	-0.167727	0.725046	1.591447	-0.094525	0.860566	1.465745	0.080781	1.011338	1.524124	0.026743	0.916382	1.155566	0.197798	0.971165	1.329369	0.183548	0.766182	0.924394	0.102103	NaN	NaN	NaN	0.969658	1.402674	-0.245977	0.996025	0.995791	-0.192203	0.995087	1.165401	-0.253804	0.800412	0.846054	-0.041886	1.141677	0.511843	0.267989	0.983649	0.054576	0.231622	1.014263	0.036840	0.331567	1.165150	0.092595	0.281078	0.943674	0.512994	-0.198728	0.970680	0.031975	-0.287615	0.972439	0.047422	-0.404192	1.085516	0.145817	-0.347386	0.308424	0.193272	-0.591350	0.241822	0.214480	-0.651637	0.280837	0.200069	-0.683047	0.606814	0.613696	-0.136552	0.663847	0.666361	-0.114975	0.666374	0.686105	-0.059703
473	1.311111111	1.228700	1.049003	0.143305	0.980764	1.004444	-0.087921	1.267571	1.031543	-0.020039	1.147862	1.013923	-0.138126	0.965462	1.498087	-0.135273	1.125198	1.422945	-0.019900	1.085193	1.335258	-0.173452	0.684569	1.594699	-0.223623	0.625957	1.462403	-0.167720	0.724275	1.591418	-0.095864	0.866713	1.470542	0.079262	1.016038	1.527391	0.020075	0.926991	1.162859	0.198807	0.981257	1.335765	0.180424	0.771297	0.928614	0.118352	NaN	NaN	NaN	0.966260	1.399535	-0.248619	0.984490	0.991457	-0.184806	0.985639	1.159503	-0.251890	0.794967	0.844702	-0.024635	1.145133	0.511956	0.266280	0.983715	0.054708	0.231699	1.014438	0.036945	0.331527	1.165584	0.092240	0.280484	0.944584	0.513195	-0.195736	0.970355	0.031787	-0.287359	0.972082	0.047761	-0.403850	1.084847	0.146419	-0.346732	0.258134	0.149207	-0.479140	0.184573	0.165638	-0.532650	0.220237	0.149672	-0.567376	0.594815	0.601491	-0.085426	0.652214	0.656681	-0.073611	0.660200	0.679608	-0.020117
474	1.313888889	1.230764	1.050854	0.142175	0.979854	1.004629	-0.085540	1.266632	1.031893	-0.021574	1.145044	1.013978	-0.137485	0.965243	1.497359	-0.139989	1.127785	1.424033	-0.027312	1.083169	1.332901	-0.177288	0.683052	1.593387	-0.224711	0.625875	1.461022	-0.167651	0.723410	1.591345	-0.097182	0.872850	1.475175	0.077608	1.020581	1.530519	0.013316	0.937439	1.169796	0.198650	0.990974	1.341537	0.176717	0.776850	0.933142	0.134161	NaN	NaN	NaN	0.962953	1.396568	-0.251062	0.972424	0.987384	-0.177059	0.975388	1.153628	-0.248702	0.789880	0.843701	-0.007277	1.148579	0.511872	0.264571	0.983799	0.054892	0.231762	1.014670	0.037025	0.331517	1.166045	0.091793	0.279822	0.945715	0.513875	-0.192731	0.970040	0.031580	-0.287073	0.971810	0.048200	-0.403573	1.084291	0.147133	-0.346152	0.214793	0.114554	-0.359820	0.135106	0.126876	-0.405223	0.167224	0.109054	-0.442649	0.585047	0.593260	-0.033230	0.642982	0.649085	-0.030623	0.655888	0.675498	0.020444
475	1.316666667	1.232553	1.052428	0.141064	0.977460	1.005816	-0.082105	1.265566	1.032137	-0.023100	1.142062	1.014133	-0.136847	0.965516	1.497214	-0.144534	1.129975	1.424944	-0.034654	1.081007	1.330775	-0.180987	0.681628	1.592055	-0.225737	0.625787	1.459752	-0.167387	0.722708	1.591331	-0.098189	0.878774	1.479603	0.075715	1.024845	1.533294	0.006566	0.947477	1.176241	0.197636	1.000340	1.346715	0.172224	0.782634	0.938111	0.149750	NaN	NaN	NaN	0.959562	1.393609	-0.253473	0.960273	0.983636	-0.168687	0.965390	1.148055	-0.245214	0.784374	0.843702	0.010621	1.152150	0.511888	0.262759	0.983924	0.055041	0.231864	1.014941	0.037146	0.331504	1.166560	0.091411	0.279078	0.947053	0.514574	-0.190000	0.969760	0.031416	-0.286725	0.971483	0.048466	-0.403110	1.083871	0.147583	-0.345262	0.178946	0.089959	-0.234375	0.094203	0.098992	-0.270275	0.121257	0.079950	-0.310403	0.578432	0.588190	0.020551	0.634823	0.645091	0.013656	0.653867	0.673765	0.061511
476	1.319444444	1.234285	1.054017	0.139931	0.975442	1.006846	-0.078884	1.264385	1.032454	-0.024604	1.139035	1.014201	-0.136116	0.965499	1.496868	-0.149087	1.132110	1.425731	-0.041916	1.078730	1.328693	-0.184616	0.680090	1.590802	-0.226504	0.625866	1.458297	-0.167044	0.721995	1.591114	-0.099307	0.884503	1.483813	0.073814	1.028890	1.535911	-0.000214	0.956855	1.182112	0.195477	1.009193	1.351481	0.167733	0.789338	0.943297	0.164552	NaN	NaN	NaN	0.955867	1.390374	-0.255180	0.948446	0.980736	-0.159335	0.955520	1.142731	-0.241005	0.779212	0.844164	0.028972	1.155720	0.511706	0.260968	0.984049	0.055238	0.232001	1.015233	0.037254	0.331553	1.167066	0.091039	0.278347	0.948207	0.515103	-0.187194	0.969496	0.031255	-0.286377	0.971201	0.048872	-0.402725	1.083418	0.148036	-0.344602	0.151166	0.075722	-0.104655	0.062435	0.082783	-0.129873	0.084498	0.061928	-0.172238	0.574557	0.586939	0.075309	0.629182	0.643545	0.059023	0.653515	0.674530	0.102693
477	1.322222222	1.235846	1.055321	0.138745	0.973278	1.007960	-0.075510	1.263126	1.032649	-0.026045	1.135859	1.014362	-0.135431	0.965195	1.496358	-0.153375	1.133950	1.426280	-0.049151	1.076415	1.326663	-0.188029	0.678493	1.589459	-0.227166	0.625855	1.456816	-0.166535	0.721358	1.590855	-0.100233	0.889604	1.488220	0.071746	1.032699	1.538221	-0.006954	0.965613	1.187319	0.192813	1.017447	1.355744	0.162981	0.796566	0.948685	0.179009	NaN	NaN	NaN	0.952392	1.387322	-0.257000	0.936226	0.978176	-0.149265	0.945281	1.137558	-0.236084	0.773774	0.845846	0.047885	1.159241	0.511523	0.259026	0.984181	0.055409	0.232168	1.015531	0.037333	0.331622	1.167635	0.090613	0.277625	0.949741	0.515835	-0.184451	0.969297	0.031109	-0.286043	0.970944	0.049276	-0.402295	1.083041	0.148496	-0.343880	0.132202	0.072367	0.028061	0.040763	0.078541	0.014288	0.057167	0.055739	-0.029559	0.574146	0.589246	0.130232	0.626077	0.645130	0.104738	0.655549	0.677830	0.143929
478	1.325000000	1.237432	1.056716	0.137541	0.971046	1.009097	-0.072112	1.261808	1.032845	-0.027591	1.132610	1.014456	-0.134578	0.965093	1.495941	-0.157647	1.135582	1.426641	-0.056166	1.075179	1.325461	-0.191915	0.677043	1.588154	-0.227710	0.625845	1.455473	-0.165917	0.720737	1.590539	-0.101079	0.895264	1.492077	0.069570	1.036313	1.540296	-0.013679	0.973751	1.192110	0.189889	1.025583	1.359667	0.158314	0.804417	0.954506	0.193092	NaN	NaN	NaN	0.948968	1.384509	-0.258417	0.924131	0.975977	-0.139345	0.935093	1.132608	-0.231273	0.768348	0.848443	0.067465	1.162772	0.511313	0.257152	0.984347	0.055642	0.232401	1.015896	0.037394	0.331745	1.168225	0.090132	0.276894	0.951266	0.516515	-0.181974	0.969131	0.031008	-0.285705	0.970689	0.049713	-0.401840	1.082774	0.149010	-0.343210	0.124384	0.077816	0.137914	0.031804	0.081486	0.131701	0.045191	0.059305	0.086385	0.575789	0.594635	0.186705	0.624303	0.648026	0.151934	0.658367	0.683261	0.185157
479	1.327777778	1.239048	1.058028	0.136385	0.968307	1.010777	-0.068135	1.260334	1.032965	-0.029012	1.129359	1.014617	-0.133871	0.964865	1.495428	-0.161859	1.137050	1.426880	-0.063191	1.073166	1.323785	-0.195434	0.675501	1.586866	-0.227978	0.626032	1.453982	-0.165308	0.720204	1.590144	-0.101752	0.900555	1.495857	0.067272	1.039538	1.542079	-0.020350	0.981096	1.196158	0.186274	1.032774	1.362891	0.153250	0.813022	0.960609	0.206899	NaN	NaN	NaN	0.945612	1.381670	-0.259596	0.911058	0.974877	-0.127898	0.925170	1.128112	-0.225312	0.763164	0.852342	0.087588	1.166340	0.511073	0.255135	0.984525	0.055899	0.232733	1.016267	0.037410	0.331910	1.168774	0.089683	0.276187	0.952641	0.517276	-0.179421	0.969170	0.030763	-0.285193	0.970465	0.050149	-0.401378	1.082597	0.149577	-0.342573	0.129310	0.089224	0.235082	0.037008	0.096417	0.233469	0.047169	0.074253	0.187368	0.580554	0.605820	0.236166	0.626073	0.658021	0.195556	0.664436	0.692330	0.224366
480	1.330555556	1.240572	1.059205	0.135293	0.965602	1.012604	-0.063805	1.258828	1.033116	-0.030393	1.126179	1.014814	-0.133015	0.964389	1.494653	-0.166018	1.138528	1.426983	-0.070089	1.069437	1.321095	-0.198010	0.673988	1.585654	-0.228105	0.626270	1.452347	-0.164583	0.719744	1.589687	-0.102318	0.905900	1.499362	0.064860	1.042884	1.543724	-0.027074	0.988135	1.200103	0.182887	1.039313	1.365611	0.148241	0.821907	0.966709	0.220227	NaN	NaN	NaN	0.942293	1.378838	-0.260861	0.897871	0.973962	-0.116268	0.915178	1.124133	-0.219072	0.758491	0.857095	0.107839	1.169814	0.510750	0.253154	0.984756	0.056211	0.233098	1.016693	0.037490	0.332115	1.169301	0.089215	0.275578	0.954216	0.517996	-0.177035	0.968886	0.030755	-0.285030	0.970296	0.050633	-0.400907	1.082428	0.150146	-0.342001	0.137863	0.106436	0.330345	0.046367	0.117101	0.335479	0.052096	0.093394	0.289379	0.590741	0.618239	0.279117	0.632452	0.669306	0.233127	0.673146	0.704185	0.257208
481	1.333333333	1.242168	1.060355	0.134124	0.962564	1.015160	-0.059145	1.257324	1.033167	-0.031769	1.122992	1.015003	-0.132235	0.964659	1.494079	-0.170432	1.139522	1.426734	-0.076792	1.065923	1.318532	-0.200588	0.672591	1.584456	-0.228046	0.626475	1.451023	-0.163759	0.719448	1.589174	-0.102704	0.911055	1.502711	0.062289	1.045690	1.544787	-0.033641	0.994520	1.203603	0.179507	1.045620	1.367856	0.143410	0.830702	0.973327	0.232626	NaN	NaN	NaN	0.938811	1.375850	-0.261914	0.884473	0.973980	-0.104208	0.905469	1.120513	-0.212301	0.753845	0.864393	0.129814	1.173323	0.510348	0.251191	0.985015	0.056593	0.233515	1.017136	0.037591	0.332397	1.169850	0.088769	0.275047	0.955765	0.518812	-0.174933	0.968817	0.030652	-0.284722	0.970152	0.051156	-0.400436	1.082293	0.150778	-0.341476	0.147500	0.127181	0.424327	0.056867	0.139211	0.438455	0.057702	0.113843	0.392866	0.603383	0.628142	0.316643	0.641704	0.677871	0.266379	0.684476	0.712798	0.286418
482	1.336111111	1.243765	1.061401	0.132958	0.961851	1.015068	-0.056893	1.255738	1.033301	-0.033105	1.119985	1.015308	-0.131397	0.963578	1.492932	-0.174039	1.140624	1.426429	-0.083341	1.063424	1.316377	-0.203532	0.671167	1.583340	-0.227859	0.626647	1.449432	-0.162770	0.719236	1.588502	-0.102995	0.915836	1.506199	0.059606	1.048806	1.545851	-0.040346	1.000880	1.207035	0.176058	1.051324	1.369475	0.138832	0.839292	0.982324	0.244628	NaN	NaN	NaN	0.935385	1.372834	-0.262850	0.870519	0.974751	-0.091477	0.895712	1.117386	-0.205201	0.750118	0.873520	0.152655	1.176753	0.510048	0.249191	0.985280	0.057008	0.234003	1.017606	0.037723	0.332753	1.170501	0.088379	0.274529	0.957078	0.519587	-0.172678	0.968740	0.030552	-0.284434	0.969945	0.051643	-0.399959	1.082078	0.151375	-0.340946	0.159353	0.151838	0.516712	0.071159	0.165551	0.541342	0.066281	0.138136	0.497392	0.615717	0.637800	0.351009	0.650705	0.686417	0.297213	0.695338	0.720949	0.313406
483	1.338888889	1.245235	1.062338	0.131930	0.961138	1.014976	-0.054642	1.254138	1.033304	-0.034287	1.116973	1.015491	-0.130538	0.962928	1.491712	-0.178091	1.141327	1.425773	-0.089694	1.060657	1.313979	-0.206421	0.669801	1.582326	-0.227515	0.626718	1.447998	-0.161758	0.719083	1.587834	-0.103123	0.920732	1.509808	0.056771	1.051305	1.546955	-0.047269	1.007315	1.210524	0.172907	1.056696	1.370933	0.134405	0.848006	0.991552	0.256281	NaN	NaN	NaN	0.931921	1.369824	-0.263639	0.857300	0.975969	-0.077872	0.886080	1.114817	-0.197697	0.748196	0.883415	0.175361	1.180012	0.509665	0.247160	0.985586	0.057460	0.234476	1.018272	0.037949	0.333347	1.171101	0.087983	0.274127	0.958365	0.520440	-0.170622	0.968700	0.030498	-0.284051	0.969697	0.052183	-0.399478	1.081881	0.151985	-0.340523	0.176412	0.182048	0.606857	0.092702	0.199814	0.642003	0.081348	0.170442	0.600474	0.627240	0.649798	0.382113	0.659032	0.697320	0.325433	0.705250	0.731236	0.337901
484	1.341666667	1.246730	1.063179	0.130914	0.960425	1.014884	-0.052390	1.252576	1.033302	-0.035399	1.114071	1.015599	-0.129686	0.962459	1.490272	-0.182268	1.142490	1.425281	-0.096005	1.057801	1.311347	-0.209135	0.668358	1.581284	-0.227028	0.626737	1.446607	-0.160702	0.718916	1.587047	-0.103147	0.925365	1.513810	0.053951	1.053790	1.547749	-0.054666	1.013675	1.213903	0.170201	1.062000	1.372464	0.130012	0.857834	0.999584	0.268164	NaN	NaN	NaN	0.928434	1.366555	-0.264333	0.842695	0.979788	-0.063986	0.876153	1.112766	-0.189726	0.749589	0.893626	0.197599	1.183187	0.509225	0.245156	0.985963	0.058021	0.235065	1.018631	0.038017	0.333553	1.171631	0.087675	0.273790	0.959747	0.521257	-0.168587	0.968656	0.030402	-0.283705	0.969425	0.052721	-0.399003	1.081665	0.152573	-0.340212	0.200187	0.218463	0.694564	0.122388	0.241893	0.738659	0.104581	0.212473	0.699623	0.639123	0.665710	0.413687	0.667110	0.711949	0.354193	0.715221	0.744447	0.362174
485	1.344444444	1.248245	1.063905	0.129862	0.958005	1.016729	-0.048186	1.251014	1.033359	-0.036427	1.111168	1.015726	-0.128866	0.962152	1.488642	-0.186719	1.142763	1.423961	-0.101914	1.054586	1.308530	-0.211791	0.667085	1.580354	-0.226463	0.626793	1.445184	-0.159761	0.718819	1.586259	-0.103185	0.930217	1.517791	0.050595	1.056139	1.548222	-0.062167	1.019688	1.216981	0.167672	1.067034	1.374327	0.125283	0.867706	1.007191	0.279997	NaN	NaN	NaN	0.924787	1.363102	-0.264953	0.828937	0.983858	-0.049450	0.866543	1.111093	-0.181152	0.753120	0.904747	0.218266	1.186490	0.509129	0.242947	0.986346	0.058592	0.235702	1.019184	0.038186	0.334035	1.172101	0.087386	0.273524	0.960919	0.521944	-0.166848	0.968588	0.030360	-0.283393	0.969070	0.053251	-0.398519	1.081396	0.153175	-0.339981	0.227984	0.260267	0.779669	0.157424	0.288723	0.832043	0.133489	0.260821	0.795169	0.653306	0.683871	0.447186	0.674189	0.730755	0.385091	0.726646	0.758845	0.387102
486	1.347222222	1.249631	1.064474	0.129034	0.956511	1.017222	-0.044784	1.249393	1.033326	-0.037374	1.108558	1.015808	-0.127933	0.961521	1.486614	-0.191002	1.143091	1.422434	-0.107606	1.051479	1.305467	-0.214233	0.665695	1.579364	-0.225842	0.626716	1.443946	-0.158713	0.718782	1.585655	-0.103076	0.934853	1.521809	0.046826	1.058376	1.548128	-0.069579	1.025764	1.220642	0.166162	1.072044	1.376716	0.120053	0.877922	1.014804	0.291386	NaN	NaN	NaN	0.921416	1.359493	-0.265565	0.816675	0.989376	-0.034076	0.856947	1.110080	-0.172276	0.756850	0.917180	0.236431	1.189456	0.508830	0.241324	0.986442	0.059162	0.235976	1.019738	0.038268	0.334500	1.172638	0.087122	0.273282	0.962049	0.522762	-0.165061	0.968612	0.030334	-0.283085	0.968704	0.053693	-0.398107	1.081054	0.153790	-0.339858	0.258781	0.306755	0.861486	0.196496	0.338287	0.921897	0.166693	0.312884	0.887666	0.670297	0.704408	0.483089	0.686768	0.749587	0.418470	0.739856	0.775145	0.413974
487	1.350000000	1.251168	1.064996	0.128258	0.955602	1.017803	-0.041278	1.247977	1.033251	-0.038162	1.105196	1.015536	-0.126445	0.960867	1.484394	-0.195142	1.143261	1.420491	-0.113236	1.048136	1.302183	-0.216568	0.664858	1.578154	-0.225152	0.626499	1.442815	-0.157623	0.718812	1.584705	-0.103168	0.939308	1.525557	0.042639	1.060383	1.547662	-0.076835	1.031552	1.224989	0.165340	1.076966	1.379139	0.114074	0.888518	1.022542	0.301558	NaN	NaN	NaN	0.917943	1.355741	-0.266038	0.805432	0.996906	-0.018734	0.847083	1.109462	-0.163152	0.759276	0.932013	0.253332	1.192331	0.508608	0.239511	0.987064	0.059732	0.236945	1.020328	0.038439	0.334906	1.173170	0.086888	0.273043	0.962956	0.523536	-0.163386	0.968671	0.030278	-0.282867	0.968337	0.054147	-0.397769	1.080374	0.154429	-0.339708	0.293085	0.356636	0.939493	0.239916	0.391468	1.006486	0.204907	0.368605	0.975553	0.688156	0.727413	0.517753	0.700000	0.770810	0.450601	0.753614	0.793080	0.440206
488	1.352777778	1.252465	1.065336	0.127609	0.952946	1.017998	-0.038996	1.246445	1.033165	-0.038877	1.102631	1.015359	-0.125400	0.959881	1.481791	-0.199323	1.143191	1.418374	-0.118799	1.044801	1.298701	-0.218651	0.663451	1.577238	-0.224580	0.626233	1.441716	-0.156634	0.718739	1.583917	-0.103239	0.943228	1.529629	0.038265	1.062035	1.546953	-0.084184	1.036842	1.230274	0.165282	1.082125	1.381866	0.108318	0.899078	1.030294	0.310084	NaN	NaN	NaN	0.914489	1.351899	-0.266275	0.795856	1.005857	-0.003502	0.837448	1.109931	-0.153412	0.761800	0.948411	0.270998	1.195039	0.508462	0.237546	0.987471	0.060364	0.237581	1.020853	0.038455	0.335401	1.173578	0.086642	0.272736	0.963653	0.524161	-0.161734	0.968771	0.030258	-0.282720	0.967829	0.054598	-0.397484	1.080000	0.155175	-0.339829	0.331524	0.410500	1.012437	0.287880	0.448691	1.084337	0.248562	0.428542	1.057050	0.705259	0.752225	0.548910	0.713193	0.793378	0.479989	0.766548	0.812658	0.464041
489	1.355555556	1.253778	1.065671	0.126913	0.950289	1.018193	-0.036714	1.245059	1.033125	-0.039449	1.100338	1.015253	-0.124296	0.958958	1.479204	-0.203389	1.143107	1.416225	-0.124242	1.041454	1.294967	-0.220538	0.662134	1.576394	-0.224074	0.625720	1.440773	-0.155583	0.718742	1.583133	-0.103374	0.946779	1.533504	0.033463	1.063321	1.546100	-0.091597	1.041835	1.235897	0.165812	1.086935	1.384600	0.102777	0.909281	1.038756	0.316646	NaN	NaN	NaN	0.910570	1.347624	-0.265899	0.788108	1.016166	0.011825	0.827648	1.111410	-0.143127	0.763914	0.966431	0.289671	1.197729	0.508333	0.236050	0.987915	0.060980	0.238265	1.021446	0.038572	0.335913	1.174339	0.086665	0.272582	0.964451	0.524823	-0.160393	0.968886	0.030267	-0.282636	0.967225	0.055091	-0.397261	1.079554	0.155962	-0.340027	0.373302	0.467336	1.080130	0.339244	0.509853	1.154705	0.296263	0.491888	1.131595	0.721172	0.777670	0.576412	0.725338	0.816553	0.505888	0.777982	0.832819	0.485166
490	1.358333333	1.254907	1.065857	0.126334	0.951575	1.018103	-0.032274	1.243696	1.033045	-0.039894	1.098014	1.014873	-0.123237	0.957443	1.476290	-0.207445	1.142599	1.413858	-0.129634	1.038163	1.291209	-0.222083	0.660776	1.575489	-0.223601	0.625142	1.440030	-0.154457	0.718864	1.582474	-0.103634	0.950498	1.537206	0.028625	1.064276	1.545141	-0.099033	1.047016	1.242144	0.167070	1.091417	1.387666	0.097596	0.917528	1.048778	0.322596	NaN	NaN	NaN	0.906596	1.343546	-0.265606	0.782046	1.027410	0.026603	0.818028	1.114116	-0.132410	0.768322	0.984214	0.307632	1.200081	0.508154	0.234574	0.988329	0.061642	0.239015	1.022061	0.038666	0.336464	1.174873	0.086534	0.272330	0.965065	0.525557	-0.159056	0.969006	0.030276	-0.282644	0.966626	0.055473	-0.397174	1.078880	0.156980	-0.340538	0.417741	0.526706	1.142532	0.392854	0.573969	1.217951	0.347020	0.557101	1.199818	0.736049	0.802778	0.601216	0.737219	0.839972	0.529526	0.788739	0.853024	0.504753
491	1.361111111	1.255930	1.066012	0.125911	0.949898	1.018199	-0.029640	1.242455	1.032951	-0.040281	1.095850	1.014434	-0.122096	0.955723	1.473210	-0.211184	1.141679	1.411292	-0.135001	1.034958	1.287331	-0.223399	0.659353	1.574729	-0.223264	0.624338	1.439389	-0.153279	0.718872	1.581841	-0.104019	0.953996	1.540770	0.023773	1.065166	1.543970	-0.106516	1.049828	1.246478	0.166660	1.095784	1.390987	0.092681	0.924152	1.060521	0.328663	NaN	NaN	NaN	0.902398	1.339491	-0.265008	0.777656	1.039213	0.040965	0.808726	1.117951	-0.121479	0.773078	1.002787	0.324232	1.202511	0.508083	0.233412	0.988665	0.062223	0.239712	1.022671	0.038876	0.337014	1.175422	0.086377	0.272093	0.965506	0.526124	-0.157743	0.969107	0.030363	-0.282738	0.966015	0.055816	-0.397162	1.078232	0.157785	-0.341079	0.464420	0.588481	1.199907	0.447982	0.640410	1.274522	0.400036	0.624304	1.261504	0.750445	0.828711	0.624616	0.748953	0.863505	0.551821	0.799123	0.873733	0.523392
492	1.363888889	1.256993	1.066224	0.125447	0.948866	1.017931	-0.026770	1.241128	1.032763	-0.040484	1.093773	1.014020	-0.120925	0.953794	1.470183	-0.214876	1.140579	1.408640	-0.140375	1.031550	1.283239	-0.224477	0.657943	1.573962	-0.222978	0.623391	1.438830	-0.152022	0.718805	1.581304	-0.104577	0.957295	1.543986	0.018727	1.065737	1.542454	-0.113920	1.054139	1.251694	0.167136	1.099952	1.394340	0.087753	0.929716	1.072920	0.335319	NaN	NaN	NaN	0.897746	1.335505	-0.264132	0.774573	1.051513	0.055101	0.801210	1.122645	-0.110123	0.779010	1.021600	0.339673	1.204661	0.507921	0.232323	0.989000	0.062813	0.240467	1.023345	0.039057	0.337621	1.175960	0.086185	0.271886	0.965653	0.526564	-0.156611	0.969277	0.030453	-0.282904	0.965267	0.056150	-0.397213	1.077474	0.158560	-0.341745	0.513896	0.652634	1.251742	0.504371	0.708792	1.324323	0.455210	0.693524	1.315884	0.765523	0.856361	0.647112	0.760786	0.888555	0.573332	0.809541	0.896130	0.541719
493	1.366666667	1.257826	1.066373	0.125132	0.948056	1.017128	-0.024197	1.240041	1.032543	-0.040978	1.092089	1.013737	-0.120369	0.951581	1.467018	-0.218112	1.139022	1.405813	-0.145522	1.027990	1.278939	-0.225283	0.656419	1.573133	-0.222745	0.622377	1.438513	-0.150650	0.718785	1.580923	-0.105270	0.960504	1.547142	0.013537	1.066055	1.540727	-0.121423	1.058800	1.256713	0.167249	1.104014	1.397640	0.082650	0.934492	1.085082	0.342762	NaN	NaN	NaN	0.892831	1.331752	-0.262889	0.773370	1.063853	0.069172	0.794992	1.128083	-0.098827	0.785457	1.040562	0.354472	1.206826	0.507868	0.231423	0.989513	0.063499	0.241339	1.024030	0.039295	0.338223	1.176550	0.086067	0.271730	0.965926	0.526967	-0.155569	0.969425	0.030557	-0.283141	0.964400	0.056461	-0.397318	1.076682	0.159414	-0.342410	0.565297	0.718661	1.297587	0.561944	0.778619	1.367575	0.512101	0.764548	1.362979	0.782866	0.886764	0.669512	0.774376	0.915706	0.594718	0.821493	0.920739	0.560067
494	1.369444444	1.258471	1.066532	0.124941	0.947569	1.016889	-0.021328	1.239028	1.032542	-0.040945	1.090324	1.013255	-0.118557	0.949306	1.464014	-0.221225	1.137253	1.402729	-0.150538	1.024807	1.274857	-0.226061	0.654958	1.572446	-0.222643	0.621143	1.438398	-0.149104	0.718684	1.580709	-0.106112	0.963523	1.549894	0.008150	1.066005	1.539023	-0.128695	1.063034	1.261218	0.167052	1.107660	1.400796	0.077195	0.938590	1.097132	0.350209	NaN	NaN	NaN	0.887731	1.328393	-0.261366	0.773610	1.076042	0.083169	0.789917	1.133895	-0.087747	0.791941	1.059744	0.368477	1.208776	0.507684	0.230619	0.989958	0.064102	0.242171	1.024796	0.039474	0.338881	1.177166	0.085908	0.271590	0.966086	0.527312	-0.154606	0.969508	0.030699	-0.283421	0.963623	0.056722	-0.397509	1.075778	0.160214	-0.343291	0.617898	0.785932	1.337918	0.619901	0.849487	1.404762	0.569494	0.836682	1.403488	0.802652	0.919017	0.691258	0.790108	0.944720	0.615880	0.835307	0.947055	0.578181
495	1.372222222	1.259062	1.066751	0.124804	0.946554	1.016443	-0.018972	1.237948	1.032495	-0.040820	1.088636	1.012750	-0.117771	0.946635	1.460939	-0.224075	1.135260	1.399547	-0.155474	1.020019	1.270069	-0.225745	0.653312	1.571655	-0.222645	0.619790	1.438550	-0.147530	0.718526	1.580695	-0.107043	0.966374	1.552289	0.002597	1.065853	1.537175	-0.135881	1.067165	1.265501	0.166273	1.110787	1.403773	0.071738	0.942538	1.109755	0.357215	NaN	NaN	NaN	0.882330	1.325243	-0.259453	0.775168	1.088220	0.097322	0.785999	1.139895	-0.076794	0.798742	1.079493	0.381763	1.210668	0.507516	0.229848	0.990458	0.064751	0.243066	1.025562	0.039503	0.339513	1.177843	0.085759	0.271475	0.966118	0.527649	-0.153761	0.969617	0.030868	-0.283791	0.962817	0.056973	-0.397772	1.074765	0.161104	-0.344240	0.671337	0.854390	1.372732	0.678301	0.920882	1.436467	0.627531	0.909372	1.438314	0.822716	0.951956	0.711408	0.806962	0.974990	0.635787	0.849112	0.973576	0.595290
496	1.375000000	1.259480	1.066944	0.124733	0.945945	1.015879	-0.016627	1.237005	1.032435	-0.040560	1.087189	1.012338	-0.116509	0.943689	1.457907	-0.226523	1.133072	1.396232	-0.160222	1.015750	1.265757	-0.225583	0.651798	1.570901	-0.222709	0.618351	1.438824	-0.145813	0.718305	1.580875	-0.108071	0.969214	1.554408	-0.002959	1.065538	1.535136	-0.142986	1.070710	1.269696	0.165251	1.113437	1.406529	0.066333	0.946593	1.123145	0.363607	NaN	NaN	NaN	0.876799	1.322442	-0.257243	0.778563	1.099683	0.111343	0.783457	1.145343	-0.066029	0.805869	1.100265	0.394525	1.212433	0.507293	0.229234	0.990957	0.065374	0.244047	1.026358	0.039459	0.340184	1.178491	0.085542	0.271384	0.965971	0.527891	-0.153032	0.969704	0.031059	-0.284208	0.961756	0.057256	-0.398120	1.073694	0.161909	-0.345207	0.725398	0.923965	1.401973	0.736597	0.992590	1.462612	0.685855	0.982294	1.467198	0.844081	0.987156	0.729841	0.824596	1.006674	0.654086	0.864384	1.002256	0.611267
497	1.377777778	1.259679	1.067079	0.124796	0.944844	1.015489	-0.014327	1.236148	1.032442	-0.040295	1.085704	1.011903	-0.115090	0.940712	1.454839	-0.228795	1.130676	1.392765	-0.164911	1.011045	1.261685	-0.225069	0.650199	1.570050	-0.222901	0.616854	1.439278	-0.143993	0.718065	1.581168	-0.109188	0.971982	1.556317	-0.008523	1.065039	1.532885	-0.149943	1.073761	1.274248	0.164219	1.115185	1.409061	0.060910	0.950784	1.137303	0.369342	NaN	NaN	NaN	0.870973	1.319869	-0.254648	0.782882	1.111230	0.125084	0.781923	1.150495	-0.055454	0.814145	1.121512	0.406253	1.214255	0.507193	0.228724	0.991455	0.066018	0.245090	1.027161	0.039480	0.340960	1.179169	0.085321	0.271323	0.965689	0.528093	-0.152329	0.969766	0.031227	-0.284624	0.960689	0.057488	-0.398477	1.072578	0.162851	-0.346339	0.779684	0.993839	1.425333	0.794697	1.064469	1.482701	0.744205	1.055481	1.489956	0.865287	1.023529	0.745882	0.842103	1.039407	0.670365	0.879406	1.031734	0.625874
498	1.380555556	1.259836	1.067377	0.124939	0.944154	1.014961	-0.012299	1.235337	1.032398	-0.039923	1.084415	1.011453	-0.113619	0.937481	1.451700	-0.230959	1.128239	1.389389	-0.169491	1.005833	1.257727	-0.224210	0.648680	1.569273	-0.223149	0.615240	1.439963	-0.142106	0.717723	1.581538	-0.110245	0.974611	1.558192	-0.014063	1.064440	1.530432	-0.156835	1.076140	1.279492	0.163384	1.117058	1.411599	0.056367	0.955060	1.152101	0.375000	NaN	NaN	NaN	0.865189	1.317556	-0.251676	0.788235	1.122431	0.138362	0.781323	1.155353	-0.044871	0.823433	1.143295	0.417044	1.215975	0.506959	0.228324	0.992002	0.066706	0.246040	1.027830	0.039453	0.341717	1.179849	0.085051	0.271320	0.965272	0.528298	-0.151578	0.969770	0.031443	-0.285040	0.959716	0.057676	-0.398841	1.071430	0.163769	-0.347527	0.833757	1.063627	1.443425	0.852787	1.136688	1.496340	0.802518	1.128643	1.506702	0.885955	1.060175	0.759683	0.859396	1.072492	0.684696	0.894501	1.061785	0.638911
499	1.383333333	1.259784	1.067561	0.125189	0.943131	1.014587	-0.010153	1.234616	1.032353	-0.039473	1.083298	1.011136	-0.112245	0.934399	1.448517	-0.232816	1.125543	1.385823	-0.173902	1.000293	1.254114	-0.223119	0.647171	1.568436	-0.223444	0.613580	1.440685	-0.140055	0.717256	1.581993	-0.111339	0.977094	1.560129	-0.019621	1.063733	1.527794	-0.163657	1.077591	1.285615	0.163182	1.118722	1.414278	0.052080	0.959569	1.167282	0.381127	NaN	NaN	NaN	0.859308	1.315400	-0.248359	0.794565	1.133376	0.150901	0.781503	1.159828	-0.034477	0.833445	1.165547	0.426616	1.217576	0.506807	0.227871	0.992591	0.067337	0.247030	1.028503	0.039275	0.342445	1.180517	0.084788	0.271368	0.964827	0.528444	-0.150932	0.969823	0.031698	-0.285503	0.958555	0.057893	-0.399134	1.070138	0.164757	-0.348631	0.887620	1.133453	1.455742	0.909796	1.208579	1.504161	0.860250	1.201761	1.517563	0.906280	1.096503	0.771374	0.876655	1.105619	0.697061	0.909490	1.091812	0.650425
500	1.386111111	1.259676	1.067877	0.125501	0.942590	1.014000	-0.008107	1.233920	1.032314	-0.038930	1.082187	1.010818	-0.110653	0.931096	1.445230	-0.234538	1.122829	1.382356	-0.178183	0.994651	1.250893	-0.221878	0.645706	1.567510	-0.223736	0.612085	1.441520	-0.137955	0.716880	1.582522	-0.112328	0.979256	1.562009	-0.025336	1.062852	1.525025	-0.170361	1.078281	1.292460	0.163659	1.119834	1.416931	0.048192	0.964709	1.182588	0.387332	NaN	NaN	NaN	0.853627	1.313300	-0.244620	0.801256	1.144300	0.162685	0.782221	1.164168	-0.024175	0.844156	1.188401	0.435028	1.219137	0.506669	0.227533	0.993208	0.067976	0.248003	1.029248	0.039171	0.343171	1.181095	0.084473	0.271534	0.964331	0.528572	-0.150332	0.969819	0.032027	-0.285960	0.957383	0.057954	-0.399304	1.068805	0.165651	-0.349868	0.940701	1.203046	1.462901	0.966660	1.280253	1.506196	0.917569	1.274739	1.522509	0.926628	1.132509	0.781051	0.894228	1.138580	0.707568	0.924843	1.121679	0.660419
501	1.388888889	1.259423	1.068196	0.125789	0.941873	1.013595	-0.006133	1.233313	1.032299	-0.038355	1.081164	1.010559	-0.109049	0.927827	1.441867	-0.236076	1.120102	1.378872	-0.182194	0.988742	1.247914	-0.220274	0.644415	1.566599	-0.223933	0.610547	1.442465	-0.135679	0.716445	1.583019	-0.113265	0.981041	1.563684	-0.031397	1.061859	1.522023	-0.176962	1.078650	1.299770	0.164500	1.120672	1.419675	0.044393	0.970401	1.197844	0.393000	NaN	NaN	NaN	0.847320	1.311180	-0.240752	0.808158	1.155281	0.173491	0.783514	1.168094	-0.014046	0.855036	1.211510	0.442464	1.220665	0.506526	0.227286	0.993707	0.068526	0.248937	1.030007	0.039075	0.343886	1.181701	0.084138	0.271790	0.963727	0.528683	-0.149770	0.969783	0.032330	-0.286394	0.956176	0.058128	-0.399613	1.067413	0.166659	-0.351062	0.993248	1.272468	1.464760	1.022569	1.351031	1.502698	0.974316	1.347641	1.521463	0.947594	1.168295	0.788622	0.912310	1.171468	0.716332	0.940484	1.151433	0.668962
502	1.391666667	1.259109	1.068520	0.126187	0.941315	1.013088	-0.004079	1.232878	1.032375	-0.037783	1.080158	1.010208	-0.107419	0.924591	1.438393	-0.237455	1.117420	1.375377	-0.186025	0.982722	1.245080	-0.218426	0.643008	1.565675	-0.224004	0.609092	1.443521	-0.133234	0.715970	1.583576	-0.114167	0.982223	1.565024	-0.037835	1.060638	1.518880	-0.183511	1.078729	1.307454	0.165535	1.121110	1.422556	0.040858	0.976752	1.213332	0.398245	NaN	NaN	NaN	0.842467	1.309414	-0.236467	0.814767	1.166442	0.183473	0.785159	1.171777	-0.004008	0.866303	1.234090	0.448990	1.222090	0.506283	0.227067	0.994259	0.069017	0.249996	1.030620	0.038917	0.344670	1.182335	0.083747	0.272207	0.962958	0.528815	-0.149074	0.969737	0.032604	-0.286827	0.954883	0.058353	-0.399974	1.065872	0.167764	-0.352262	1.044497	1.341257	1.461594	1.077670	1.420624	1.494062	1.030117	1.419852	1.514596	0.969431	1.203889	0.794083	0.931242	1.204343	0.723127	0.957086	1.181155	0.675744
503	1.394444444	1.258786	1.068907	0.126683	0.940725	1.012630	-0.002235	1.232461	1.032464	-0.037148	1.079165	1.009869	-0.105691	0.921099	1.434737	-0.238546	1.114925	1.371977	-0.189575	0.976914	1.242372	-0.216337	0.641648	1.564798	-0.223960	0.607489	1.444640	-0.130601	0.715664	1.584169	-0.115003	0.982798	1.565953	-0.044460	1.059045	1.515500	-0.189828	1.078724	1.315390	0.166328	1.121233	1.425626	0.037407	0.983607	1.229415	0.402728	NaN	NaN	NaN	0.837344	1.307281	-0.231961	0.821051	1.178325	0.192883	0.787044	1.175223	0.005887	0.877592	1.256047	0.454763	1.223276	0.506054	0.226927	0.994801	0.069396	0.251044	1.031202	0.038642	0.345456	1.182864	0.083325	0.272618	0.962009	0.528984	-0.148318	0.969728	0.032837	-0.287259	0.953621	0.058558	-0.400336	1.064302	0.168816	-0.353384	1.094845	1.409384	1.453352	1.132105	1.489172	1.480243	1.085181	1.491347	1.502200	0.991596	1.239078	0.797412	0.950805	1.236981	0.727991	0.974029	1.210666	0.680985
504	1.397222222	1.258506	1.069239	0.127145	0.940207	1.012145	-0.000183	1.231899	1.032319	-0.036456	1.078225	1.009554	-0.104046	0.917549	1.430751	-0.239520	1.112311	1.368387	-0.192944	0.971490	1.239725	-0.214179	0.640297	1.563979	-0.223738	0.606156	1.445927	-0.127871	0.715444	1.584793	-0.115751	0.982780	1.566541	-0.051392	1.057368	1.511941	-0.195934	1.079171	1.323825	0.166781	1.121045	1.428942	0.034150	0.988996	1.243865	0.406163	NaN	NaN	NaN	0.832197	1.304625	-0.227034	0.826728	1.190766	0.201618	0.789005	1.178711	0.015839	0.888612	1.277336	0.459641	1.224481	0.505803	0.226692	0.995270	0.069769	0.251930	1.031713	0.038382	0.346166	1.183324	0.082962	0.272966	0.961187	0.529158	-0.147645	0.969658	0.033088	-0.287788	0.952278	0.058843	-0.400654	1.062639	0.169972	-0.354610	1.143722	1.476482	1.440476	1.184513	1.555999	1.461717	1.138571	1.561454	1.484611	1.014115	1.273896	0.798552	0.970726	1.269361	0.730879	0.991532	1.239908	0.684446
505	1.400000000	1.258382	1.069641	0.127581	0.939536	1.011795	0.001785	1.231338	1.032117	-0.035817	1.077231	1.009127	-0.102302	0.914019	1.426516	-0.240351	1.108516	1.364589	-0.195836	0.966254	1.236905	-0.211784	0.639105	1.563317	-0.223339	0.604636	1.447550	-0.124891	0.715266	1.585521	-0.116353	0.982185	1.566893	-0.058402	1.055310	1.508144	-0.201776	1.079938	1.332872	0.166771	1.120578	1.432415	0.030851	0.995064	1.259520	0.409152	NaN	NaN	NaN	0.827780	1.302339	-0.221882	0.832014	1.203822	0.209882	0.791316	1.182448	0.025814	0.899551	1.298479	0.463547	1.225706	0.505727	0.226530	0.995881	0.070412	0.252821	1.032284	0.038163	0.346900	1.183894	0.082624	0.273291	0.960325	0.529473	-0.146937	0.969658	0.033419	-0.288338	0.950909	0.059297	-0.400910	1.060961	0.171271	-0.355822	1.190821	1.542287	1.423293	1.235477	1.621435	1.438360	1.190298	1.630041	1.462047	1.036393	1.308344	0.797602	0.990639	1.301523	0.731736	1.008930	1.269093	0.686303
506	1.402777778	1.258386	1.070111	0.127943	0.939265	1.011387	0.003732	1.230941	1.032007	-0.035300	1.076452	1.008892	-0.100600	0.910293	1.422240	-0.241037	1.105614	1.361049	-0.198404	0.961408	1.234014	-0.209318	0.637863	1.562812	-0.222658	0.603519	1.449239	-0.121755	0.715252	1.586319	-0.116817	0.981179	1.567009	-0.065468	1.052942	1.504348	-0.207551	1.080961	1.342153	0.166201	1.120090	1.436081	0.027523	1.001013	1.275554	0.411602	NaN	NaN	NaN	0.823531	1.299828	-0.216993	0.836723	1.217222	0.217668	0.793998	1.186713	0.035850	0.910467	1.319522	0.466664	1.226907	0.505729	0.226327	0.996534	0.071068	0.253662	1.032835	0.037994	0.347485	1.184530	0.082434	0.273555	0.959346	0.529963	-0.146165	0.969729	0.033876	-0.288864	0.949463	0.059858	-0.401241	1.059192	0.172731	-0.356948	1.236826	1.606627	1.401400	1.283642	1.685246	1.411031	1.238815	1.696082	1.435404	1.058253	1.342602	0.794668	1.010249	1.333439	0.730800	1.026236	1.298159	0.686568
507	1.405555556	1.258451	1.070432	0.128252	0.938663	1.011238	0.005856	1.230724	1.031967	-0.034784	1.075742	1.008620	-0.098825	0.906696	1.417872	-0.241137	1.102575	1.357589	-0.200819	0.957057	1.230987	-0.206724	0.636101	1.562714	-0.221841	0.602143	1.451141	-0.118463	0.715320	1.587120	-0.117170	0.979912	1.566860	-0.072301	1.050403	1.500538	-0.213008	1.082507	1.351315	0.165266	1.119522	1.439823	0.024190	1.007167	1.291636	0.413539	NaN	NaN	NaN	0.819600	1.297097	-0.211944	0.841497	1.230684	0.225298	0.796633	1.191710	0.045790	0.920980	1.340159	0.469024	1.227714	0.505598	0.226190	0.996952	0.071570	0.254313	1.033276	0.037836	0.347967	1.184982	0.082246	0.273757	0.958334	0.530331	-0.145310	0.969595	0.034412	-0.289370	0.948024	0.060441	-0.401503	1.057354	0.174189	-0.358062	1.280849	1.669187	1.375777	1.328625	1.747289	1.380097	1.285375	1.760357	1.404814	1.079583	1.376629	0.789793	1.029289	1.365050	0.728151	1.043435	1.327247	0.685170
508	1.408333333	1.258627	1.070667	0.128500	0.938258	1.011021	0.007826	1.230585	1.031934	-0.034318	1.075050	1.008321	-0.097168	0.903062	1.413509	-0.241000	1.099488	1.354175	-0.202874	0.953234	1.227833	-0.204012	0.634811	1.562398	-0.220741	0.600850	1.453082	-0.114984	0.715512	1.587883	-0.117345	0.978512	1.566489	-0.078898	1.047802	1.496871	-0.218342	1.084063	1.360039	0.164378	1.119145	1.443688	0.020614	1.013526	1.307950	0.415075	NaN	NaN	NaN	0.815773	1.294290	-0.206644	0.844910	1.244361	0.231402	0.799131	1.197527	0.055535	0.931041	1.360394	0.470487	1.228480	0.505400	0.226003	0.997198	0.071873	0.254798	1.033573	0.037660	0.348314	1.185368	0.081988	0.273835	0.957410	0.530741	-0.144462	0.969343	0.034862	-0.289938	0.946591	0.061071	-0.401731	1.055447	0.175641	-0.359319	1.323296	1.729817	1.347047	1.371845	1.808410	1.345448	1.328722	1.822657	1.371653	1.100403	1.410389	0.783023	1.047950	1.396278	0.723717	1.060272	1.356154	0.682356
509	1.411111111	1.258920	1.070851	0.128678	0.937830	1.010977	0.010194	1.230231	1.031697	-0.033845	1.074346	1.007928	-0.095400	0.899397	1.409157	-0.240667	1.096061	1.350802	-0.204839	0.949543	1.224498	-0.201056	0.633565	1.562153	-0.219406	0.599657	1.455273	-0.111182	0.715759	1.588715	-0.117354	0.977001	1.566057	-0.085273	1.044756	1.492936	-0.223367	1.085942	1.368523	0.163394	1.118772	1.447702	0.016805	1.019876	1.324299	0.416108	NaN	NaN	NaN	0.812136	1.291399	-0.201262	0.849273	1.257254	0.237496	0.801935	1.203722	0.064850	0.940516	1.380177	0.471117	1.229166	0.505199	0.225806	0.997372	0.072114	0.255064	1.033803	0.037526	0.348524	1.185706	0.081739	0.273828	0.956335	0.531168	-0.143381	0.969125	0.035391	-0.290478	0.944886	0.061712	-0.401904	1.053423	0.177168	-0.360461	1.363871	1.788735	1.314390	1.411542	1.867879	1.307492	1.368877	1.882379	1.334574	1.120548	1.443888	0.774308	1.066163	1.427152	0.717735	1.076701	1.385025	0.677857
510	1.413888889	1.259258	1.070875	0.128874	0.937471	1.011064	0.012478	1.229884	1.031428	-0.033461	1.073640	1.007632	-0.093646	0.895244	1.404703	-0.239881	1.092527	1.347444	-0.206630	0.945995	1.221120	-0.197718	0.632328	1.562002	-0.217754	0.598630	1.457483	-0.107250	0.716345	1.589615	-0.117087	0.975451	1.565662	-0.091282	1.040923	1.488663	-0.227842	1.087823	1.376920	0.162336	1.118530	1.451848	0.012899	1.026259	1.340782	0.416725	NaN	NaN	NaN	0.808798	1.288507	-0.195783	0.854240	1.269445	0.243225	0.804264	1.210480	0.073842	0.949564	1.399673	0.470913	1.229796	0.505083	0.225643	0.997591	0.072387	0.255219	1.033956	0.037445	0.348677	1.185992	0.081676	0.273762	0.955354	0.531578	-0.142253	0.969005	0.035929	-0.291034	0.943181	0.062437	-0.401918	1.051301	0.178824	-0.361515	1.403071	1.845608	1.278185	1.448332	1.925258	1.266610	1.407097	1.940320	1.295585	1.140045	1.477070	0.763700	1.083533	1.457334	0.710479	1.092769	1.413770	0.671837
511	1.416666667	1.259743	1.070948	0.128958	0.937430	1.011048	0.014876	1.229566	1.031218	-0.033150	1.072839	1.007378	-0.091949	0.891149	1.400834	-0.238657	1.088815	1.344197	-0.208241	0.942402	1.217860	-0.194314	0.631090	1.561955	-0.215948	0.597767	1.459691	-0.103130	0.716783	1.590473	-0.116900	0.973737	1.565256	-0.096886	1.037278	1.484827	-0.232244	1.090045	1.385464	0.160974	1.118372	1.455980	0.008840	1.032589	1.357425	0.416682	NaN	NaN	NaN	0.805650	1.285820	-0.190381	0.859363	1.281216	0.248174	0.806422	1.217310	0.082287	0.958181	1.418847	0.469935	1.230253	0.505059	0.225522	0.997658	0.072606	0.255280	1.033988	0.037449	0.348774	1.186108	0.081692	0.273655	0.954119	0.532057	-0.140895	0.968811	0.036428	-0.291627	0.941270	0.063181	-0.401944	1.048903	0.180590	-0.362539	1.438981	1.900666	1.240481	1.482138	1.979915	1.223795	1.442277	1.995136	1.253967	1.158979	1.509871	0.751248	1.099825	1.487049	0.701571	1.108447	1.442410	0.664315
512	1.419444444	1.260372	1.070891	0.129038	0.937336	1.011033	0.017459	1.229345	1.031105	-0.032853	1.071983	1.007204	-0.090220	0.887295	1.397261	-0.237348	1.085289	1.341209	-0.209553	0.939114	1.214951	-0.190574	0.629715	1.561967	-0.213894	0.596928	1.462143	-0.098829	0.717143	1.591199	-0.116730	0.971975	1.564679	-0.102219	1.033643	1.480778	-0.236167	1.092329	1.394165	0.159387	1.118297	1.460069	0.004709	1.038912	1.373944	0.416205	NaN	NaN	NaN	0.802609	1.283434	-0.184680	0.864814	1.292380	0.252580	0.808150	1.224232	0.090132	0.966581	1.437754	0.468184	1.230520	0.504845	0.225554	0.997470	0.072566	0.255358	1.033910	0.037331	0.348833	1.186035	0.081527	0.273578	0.952784	0.532491	-0.139388	0.968667	0.036845	-0.292144	0.939254	0.063904	-0.401783	1.046332	0.182291	-0.363420	1.473639	1.953483	1.198912	1.514462	2.032990	1.177610	1.475905	2.048524	1.209165	1.177110	1.541698	0.737262	1.115669	1.516540	0.691737	1.123511	1.470430	0.655438
513	1.422222222	1.261286	1.070645	0.129118	0.937490	1.010757	0.020214	1.229241	1.030964	-0.032499	1.071308	1.006980	-0.088468	0.883588	1.393687	-0.235718	1.081837	1.338258	-0.210536	0.935799	1.212096	-0.186530	0.628504	1.561926	-0.211678	0.596471	1.464432	-0.094418	0.717684	1.591919	-0.116472	0.970232	1.563922	-0.107281	1.030039	1.476708	-0.239830	1.094777	1.402797	0.157655	1.118273	1.463861	0.000526	1.045333	1.390321	0.415218	NaN	NaN	NaN	0.799641	1.281044	-0.178800	0.870315	1.303068	0.256702	0.809726	1.230919	0.097304	0.974840	1.456155	0.465751	1.230733	0.504475	0.225680	0.997253	0.072334	0.255372	1.033778	0.037107	0.348869	1.185862	0.081175	0.273561	0.951606	0.532891	-0.137741	0.968462	0.037069	-0.292602	0.937105	0.064480	-0.401449	1.043736	0.183937	-0.364252	1.505261	2.004576	1.155759	1.543873	2.083627	1.129864	1.506944	2.100085	1.162183	1.194490	1.572901	0.721680	1.131163	1.545344	0.679473	1.138125	1.497933	0.645341
514	1.425000000	1.262411	1.070257	0.129054	0.937474	1.010475	0.023020	1.229143	1.030731	-0.032275	1.070396	1.006694	-0.086714	0.879366	1.389812	-0.234332	1.078480	1.335270	-0.211355	0.932508	1.209535	-0.182374	0.627494	1.561822	-0.209406	0.595908	1.466771	-0.089896	0.718151	1.592578	-0.116131	0.968338	1.562997	-0.112121	1.026020	1.472665	-0.243688	1.097235	1.411250	0.155585	1.118253	1.467433	-0.003806	1.051696	1.406498	0.413683	NaN	NaN	NaN	0.796758	1.278994	-0.172903	0.875484	1.313535	0.260289	0.811072	1.237556	0.104097	0.982904	1.474368	0.462493	1.230848	0.504014	0.225771	0.996846	0.072045	0.254864	1.033586	0.036857	0.348854	1.185732	0.080835	0.273428	0.950269	0.533168	-0.135868	0.968212	0.037231	-0.293062	0.934859	0.064942	-0.401159	1.040916	0.185600	-0.365071	1.535984	2.052829	1.108375	1.573676	2.132167	1.078559	1.536777	2.149164	1.111225	1.210693	1.603331	0.704841	1.146585	1.573507	0.666397	1.151987	1.524595	0.634170
515	1.427777778	1.263591	1.069958	0.128932	0.937835	1.010341	0.025824	1.228946	1.030418	-0.032111	1.069377	1.006372	-0.084979	0.875665	1.386360	-0.231912	1.075051	1.332201	-0.212009	0.929401	1.207101	-0.177915	0.626249	1.561816	-0.207119	0.595351	1.469408	-0.085432	0.718642	1.593321	-0.115800	0.966380	1.562027	-0.116762	1.022444	1.468360	-0.246434	1.099781	1.419695	0.153335	1.118219	1.470643	-0.008220	1.058036	1.422379	0.411678	NaN	NaN	NaN	0.793994	1.277393	-0.166955	0.880571	1.324012	0.263517	0.812391	1.244140	0.110489	0.990960	1.492388	0.458400	1.230974	0.503711	0.225872	0.996701	0.071606	0.254729	1.033501	0.036748	0.348858	1.185646	0.080660	0.273234	0.949108	0.533591	-0.133903	0.967992	0.037526	-0.293417	0.932752	0.065547	-0.400810	1.038054	0.187318	-0.365766	1.563677	2.099447	1.059303	1.599356	2.177214	1.025052	1.563813	2.195977	1.057974	1.226067	1.632518	0.686792	1.160373	1.600555	0.651817	1.165160	1.550550	0.621897
516	1.430555556	1.264976	1.069662	0.128754	0.937851	1.010749	0.028779	1.228792	1.030093	-0.031917	1.068436	1.006254	-0.083181	0.872007	1.383510	-0.229495	1.071819	1.329293	-0.212405	0.926205	1.205418	-0.172775	0.625006	1.561983	-0.204851	0.594904	1.472170	-0.080981	0.719144	1.594193	-0.115441	0.964493	1.561132	-0.121199	1.018705	1.464385	-0.249177	1.102281	1.428011	0.150806	1.118180	1.473689	-0.012651	1.064308	1.438104	0.409158	NaN	NaN	NaN	0.791209	1.276599	-0.161057	0.885465	1.334847	0.266256	0.813626	1.250790	0.116448	0.998539	1.510421	0.453531	1.231138	0.503585	0.226040	0.996655	0.071314	0.254667	1.033589	0.036872	0.348925	1.185682	0.080749	0.273130	0.947915	0.534188	-0.131933	0.967956	0.037931	-0.293774	0.930549	0.066414	-0.400267	1.035209	0.189275	-0.366265	1.588777	2.143965	1.008094	1.623678	2.219884	0.968913	1.589648	2.239880	1.002850	1.240026	1.660537	0.668256	1.173667	1.626960	0.637416	1.177320	1.575602	0.609066
517	1.433333333	1.266584	1.069477	0.128497	0.938240	1.011213	0.031679	1.228723	1.029896	-0.031745	1.067813	1.006403	-0.081412	0.868636	1.381023	-0.227111	1.069099	1.326648	-0.212681	0.923232	1.204282	-0.168046	0.623885	1.562390	-0.202542	0.594497	1.475319	-0.076607	0.719782	1.594998	-0.115068	0.962656	1.560185	-0.125423	1.015057	1.460656	-0.251640	1.104979	1.436216	0.148132	1.118201	1.476457	-0.017069	1.070735	1.453690	0.406326	NaN	NaN	NaN	0.788503	1.276420	-0.155102	0.889988	1.346055	0.268560	0.814974	1.257479	0.122093	1.006328	1.528178	0.448048	1.231307	0.503541	0.226300	0.996740	0.071228	0.254750	1.033862	0.037170	0.348996	1.185704	0.080885	0.273079	0.946651	0.534923	-0.129771	0.968131	0.038423	-0.294105	0.928354	0.067589	-0.399713	1.032230	0.191471	-0.366688	1.611482	2.186520	0.954898	1.646077	2.259996	0.910404	1.611931	2.281947	0.945351	1.252701	1.687267	0.649217	1.185559	1.652667	0.621173	1.188886	1.600030	0.595691
518	1.436111111	1.268253	1.069119	0.128180	0.938319	1.011872	0.034683	1.227891	1.029596	-0.031404	1.067119	1.006835	-0.079623	0.865484	1.378630	-0.224584	1.066475	1.324155	-0.212804	0.920412	1.203773	-0.163171	0.622733	1.562872	-0.200269	0.594113	1.478474	-0.072297	0.719936	1.596050	-0.114531	0.960747	1.559251	-0.129338	1.011489	1.456987	-0.253885	1.107922	1.444244	0.145300	1.118241	1.479062	-0.021473	1.077088	1.469034	0.403057	NaN	NaN	NaN	0.785880	1.276771	-0.149084	0.894180	1.357537	0.270543	0.816491	1.264142	0.127518	1.013925	1.545558	0.441866	1.231450	0.503561	0.226556	0.997256	0.071226	0.255340	1.034188	0.037470	0.349072	1.185676	0.081027	0.273072	0.945522	0.535776	-0.127646	0.968413	0.038958	-0.294390	0.926068	0.068864	-0.399202	1.029166	0.193760	-0.367102	1.632154	2.226753	0.899654	1.664734	2.297005	0.852550	1.632949	2.321188	0.884590	1.265369	1.713784	0.629059	1.197358	1.677797	0.604745	1.199931	1.623999	0.581524
519	1.438888889	1.269873	1.068802	0.127748	0.938483	1.012479	0.037826	1.227571	1.029450	-0.031368	1.066210	1.007118	-0.077911	0.862173	1.376493	-0.221897	1.062315	1.321511	-0.212356	0.917242	1.203344	-0.158302	0.621512	1.563269	-0.197830	0.593724	1.481725	-0.067961	0.720233	1.597140	-0.114015	0.958829	1.558235	-0.133009	1.007961	1.453333	-0.255771	1.110918	1.452100	0.142137	1.118241	1.481423	-0.025939	1.083450	1.484167	0.399355	NaN	NaN	NaN	0.783318	1.277312	-0.143154	0.898003	1.369092	0.272073	0.818132	1.270749	0.132819	1.021300	1.562554	0.435072	1.231528	0.503497	0.226808	0.997492	0.071250	0.255503	1.034485	0.037709	0.349059	1.185637	0.081162	0.272975	0.944164	0.536623	-0.125268	0.968505	0.039451	-0.294668	0.923639	0.070149	-0.398534	1.026166	0.196005	-0.367403	NaN	NaN	NaN	NaN	NaN	NaN	NaN	NaN	NaN	1.276359	1.738942	0.608246	1.207494	1.701783	0.587282	1.209699	1.646754	0.567042
520	1.441666667	1.271711	1.068522	0.127129	0.938836	1.012989	0.040811	1.227067	1.029124	-0.031345	1.065143	1.007197	-0.076098	0.858923	1.374348	-0.219084	1.058827	1.318775	-0.212057	0.914277	1.203024	-0.153395	0.620298	1.563509	-0.195475	0.593219	1.484780	-0.063752	0.720474	1.598096	-0.113508	0.956937	1.557073	-0.136482	1.004130	1.449617	-0.257502	1.113923	1.459522	0.138702	1.118197	1.483624	-0.030407	1.089905	1.499386	0.394928	NaN	NaN	NaN	0.780881	1.277821	-0.137221	0.901744	1.380418	0.273201	0.819726	1.277364	0.137903	1.028226	1.579044	0.427623	1.231679	0.503482	0.226959	0.997654	0.071206	0.255580	1.034643	0.037890	0.349033	1.185704	0.081260	0.272851	0.942924	0.537295	-0.122949	0.968506	0.039958	-0.294950	0.921358	0.071212	-0.397902	1.022930	0.198127	-0.367593	NaN	NaN	NaN	NaN	NaN	NaN	NaN	NaN	NaN	1.286299	1.762751	0.587053	1.217436	1.725132	0.569158	1.218866	1.668877	0.551703
521	1.444444444	1.273410	1.068019	0.126521	0.938945	1.013404	0.044132	1.226365	1.028525	-0.031315	1.064085	1.007180	-0.074251	0.855596	1.372216	-0.216192	1.055087	1.315832	-0.211512	0.911298	1.202605	-0.148555	0.619058	1.563596	-0.193070	0.592767	1.487806	-0.059540	0.720357	1.598966	-0.112914	0.955044	1.555835	-0.139592	1.000240	1.445690	-0.258875	1.116853	1.466510	0.135024	1.118082	1.485512	-0.034916	1.095435	1.513299	0.390580	NaN	NaN	NaN	0.778481	1.278417	-0.131457	0.905940	1.391325	0.273865	0.821895	1.283656	0.142891	1.034787	1.594986	0.419821	1.231862	0.503445	0.227091	0.997856	0.071258	0.255633	1.034782	0.038035	0.349074	1.185818	0.081360	0.272727	0.941880	0.537708	-0.120499	0.968373	0.040504	-0.295220	0.919017	0.072142	-0.397044	1.019759	0.200070	-0.367826	NaN	NaN	NaN	NaN	NaN	NaN	NaN	NaN	NaN	1.295555	1.785769	0.564722	1.226388	1.747424	0.550042	1.227340	1.690196	0.535621
522	1.447222222	1.275223	1.067562	0.125785	0.939038	1.013727	0.047431	1.225458	1.027681	-0.031380	1.063033	1.007137	-0.072423	0.852327	1.370043	-0.213248	1.051488	1.313000	-0.210971	0.908248	1.202409	-0.143858	0.617779	1.563695	-0.190643	0.592371	1.490800	-0.055384	0.720105	1.599911	-0.112179	0.952977	1.554437	-0.142427	0.996574	1.441982	-0.260133	1.119754	1.472962	0.131251	1.117931	1.487155	-0.039317	1.100978	1.527314	0.385630	NaN	NaN	NaN	0.776020	1.279122	-0.125670	0.910008	1.401918	0.274184	0.823797	1.290336	0.147499	1.041018	1.610411	0.411469	1.232083	0.503430	0.227188	0.996449	0.069703	0.255597	1.034918	0.038137	0.349178	1.185902	0.081473	0.272635	0.940637	0.538031	-0.117953	0.968114	0.040979	-0.295460	0.916665	0.072982	-0.396324	1.016306	0.201944	-0.367842	NaN	NaN	NaN	NaN	NaN	NaN	NaN	NaN	NaN	1.303637	1.807639	0.541816	1.234563	1.768793	0.530251	1.235231	1.710683	0.518670
523	1.450000000	1.276831	1.067003	0.125061	0.939442	1.013839	0.050726	1.224713	1.027115	-0.031591	1.061873	1.007069	-0.070445	0.849106	1.368202	-0.210185	1.047992	1.310289	-0.210835	0.905111	1.202082	-0.139119	0.616343	1.563754	-0.188186	0.592075	1.493501	-0.051410	0.719821	1.600752	-0.111395	0.951035	1.552927	-0.145023	0.992954	1.438293	-0.261118	1.122676	1.479188	0.127359	1.117838	1.488686	-0.043704	1.106521	1.541261	0.380283	NaN	NaN	NaN	0.773787	1.280089	-0.119573	0.914420	1.412064	0.274024	0.825788	1.296892	0.151860	1.046945	1.625309	0.402749	1.232269	0.503373	0.227243	0.996353	0.069546	0.255684	1.035031	0.038028	0.349254	1.185906	0.081517	0.272554	0.939261	0.538271	-0.115281	0.967808	0.041305	-0.295788	0.914046	0.073710	-0.395387	1.012792	0.203733	-0.367719	NaN	NaN	NaN	NaN	NaN	NaN	NaN	NaN	NaN	1.311345	1.828650	0.517809	1.241482	1.789061	0.510573	1.242632	1.730621	0.501072
524	1.452777778	1.278116	1.066096	0.123709	0.939612	1.013824	0.054236	1.223998	1.026745	-0.031828	1.060508	1.006982	-0.068437	0.846052	1.366412	-0.206964	1.044327	1.307748	-0.209867	0.902001	1.201745	-0.134397	0.614886	1.563687	-0.185465	0.591743	1.495871	-0.047424	0.719462	1.601516	-0.110553	0.949053	1.551238	-0.147373	0.989241	1.434736	-0.261807	1.125853	1.485078	0.123370	1.117943	1.490108	-0.047981	1.112344	1.555036	0.374574	NaN	NaN	NaN	0.771349	1.280914	-0.113780	0.918571	1.421879	0.273784	0.828335	1.303003	0.156237	1.052501	1.639798	0.393505	1.232524	0.503303	0.227243	0.998079	0.071459	0.255923	1.035130	0.037763	0.349264	1.185892	0.081437	0.272418	0.937950	0.538393	-0.112513	0.967398	0.041432	-0.296189	0.911435	0.074220	-0.394388	1.009096	0.205346	-0.367635	NaN	NaN	NaN	NaN	NaN	NaN	NaN	NaN	NaN	1.318241	1.848743	0.493222	1.247874	1.808143	0.489279	1.249602	1.749894	0.482543
525	1.455555556	1.279693	1.065463	0.122679	0.939606	1.013700	0.057886	1.223317	1.026455	-0.032009	1.059102	1.006801	-0.066393	0.842754	1.364561	-0.203503	1.040688	1.305235	-0.208746	0.898442	1.201049	-0.129854	0.613477	1.563498	-0.182706	0.591337	1.498139	-0.043524	0.718956	1.602209	-0.109540	0.947171	1.549505	-0.149401	0.984642	1.430935	-0.261844	1.129092	1.490606	0.119224	1.118128	1.491277	-0.052210	1.119012	1.569113	0.368132	NaN	NaN	NaN	0.769108	1.281629	-0.108003	0.923210	1.431051	0.273394	0.830142	1.309691	0.160083	1.057807	1.653499	0.384203	1.232927	0.503122	0.227178	0.998041	0.071297	0.256101	1.035222	0.037395	0.349271	1.185899	0.081169	0.272248	0.936489	0.538239	-0.109638	0.966986	0.041427	-0.296529	0.908595	0.074545	-0.393170	1.005304	0.206871	-0.367289	NaN	NaN	NaN	NaN	NaN	NaN	NaN	NaN	NaN	1.324362	1.867781	0.468002	1.254352	1.826871	0.467317	1.256140	1.768315	0.463600
526	1.458333333	1.281319	1.064946	0.121541	0.940128	1.013503	0.061508	1.222380	1.026001	-0.032297	1.057566	1.006619	-0.064356	0.839552	1.362841	-0.200049	1.036879	1.302740	-0.207570	0.895677	1.200722	-0.125250	0.612215	1.563375	-0.180018	0.591022	1.500293	-0.039522	0.718473	1.602856	-0.108426	0.945232	1.547733	-0.151194	0.980619	1.427259	-0.261998	1.132167	1.495743	0.114990	1.118145	1.492116	-0.056407	1.124626	1.582162	0.361517	NaN	NaN	NaN	0.767084	1.282386	-0.102332	0.927677	1.440552	0.272516	0.832332	1.316219	0.163737	1.063331	1.666685	0.374217	1.233381	0.502998	0.226979	0.998141	0.071260	0.256352	1.035282	0.037017	0.349283	1.186054	0.081052	0.272033	0.935164	0.537982	-0.106684	0.966906	0.041230	-0.296795	0.905951	0.074761	-0.392187	1.001474	0.208270	-0.366904	NaN	NaN	NaN	NaN	NaN	NaN	NaN	NaN	NaN	1.329589	1.885776	0.442158	1.259944	1.844578	0.444726	1.261771	1.785645	0.444314
527	1.461111111	1.282959	1.064591	0.120289	0.940456	1.013547	0.065306	1.221254	1.025357	-0.032622	1.055835	1.006428	-0.062369	0.836258	1.361186	-0.196664	1.033181	1.300404	-0.206336	0.892862	1.200418	-0.120726	0.610968	1.563424	-0.177274	0.590892	1.502624	-0.035628	0.717878	1.603656	-0.107215	0.943355	1.546156	-0.152742	0.976607	1.423776	-0.262035	1.135092	1.500427	0.110724	1.118045	1.492643	-0.060590	1.130182	1.595033	0.354646	0.737555	1.368997	0.006714	0.765222	1.283399	-0.096597	0.931780	1.450219	0.271505	0.834521	1.323029	0.167322	1.067800	1.679689	0.364361	1.233947	0.503124	0.226687	0.998189	0.071340	0.256419	1.035465	0.036834	0.349380	1.186285	0.081105	0.271756	0.933827	0.537968	-0.103813	0.966337	0.041576	-0.297028	0.903351	0.075179	-0.390977	0.997719	0.209659	-0.366409	NaN	NaN	NaN	NaN	NaN	NaN	NaN	NaN	NaN	1.333810	1.902640	0.415866	1.264486	1.861217	0.421827	1.266753	1.802345	0.424381
528	1.463888889	1.284387	1.064277	0.118909	0.940456	1.013829	0.069128	1.220044	1.024925	-0.033014	1.054124	1.006377	-0.060315	0.833076	1.360048	-0.193365	1.029356	1.298108	-0.204812	0.890212	1.200469	-0.116323	0.609669	1.563754	-0.174511	0.590597	1.504939	-0.031920	0.717273	1.604519	-0.105817	0.941597	1.544757	-0.154039	0.972593	1.420540	-0.261743	1.137819	1.504840	0.106488	1.117938	1.493031	-0.064489	1.134483	1.607265	0.347932	0.738008	1.372297	0.010521	0.763355	1.284561	-0.091057	0.935611	1.459957	0.270165	0.836892	1.329831	0.170579	1.072255	1.692289	0.353927	1.234515	0.503221	0.226304	0.998239	0.071624	0.256566	1.035770	0.036837	0.349593	1.186506	0.081326	0.271452	0.932654	0.538043	-0.100902	0.965764	0.042105	-0.297269	0.900572	0.075650	-0.389730	0.993812	0.211237	-0.365815	NaN	NaN	NaN	NaN	NaN	NaN	NaN	NaN	NaN	1.337214	1.918608	0.389319	1.268673	1.877228	0.399153	1.271211	1.818347	0.404027
529	1.466666667	1.285827	1.064077	0.117583	0.940764	1.014127	0.072894	1.218969	1.024765	-0.033345	1.052528	1.006663	-0.058102	0.830197	1.359362	-0.189810	1.026018	1.296309	-0.203283	0.887928	1.200581	-0.111630	0.608493	1.564277	-0.171679	0.590377	1.507332	-0.028164	0.716887	1.605484	-0.104405	0.940100	1.543489	-0.155112	0.968901	1.417603	-0.261221	1.140774	1.509220	0.102476	1.117843	1.493322	-0.068021	1.139674	1.619489	0.340702	0.738230	1.375425	0.014395	0.761563	1.285860	-0.085579	0.939343	1.469411	0.268519	0.839390	1.336627	0.173553	1.076786	1.704607	0.343298	1.235295	0.503345	0.225881	0.998411	0.072152	0.257038	1.036168	0.036945	0.349843	1.186766	0.081570	0.271194	0.931432	0.538234	-0.097916	0.965215	0.042663	-0.297514	0.897905	0.076418	-0.388500	0.990070	0.212986	-0.365167	NaN	NaN	NaN	NaN	NaN	NaN	NaN	NaN	NaN	1.339884	1.933668	0.362792	1.271895	1.892251	0.375864	1.275117	1.833671	0.383595
530	1.469444444	1.287024	1.063893	0.116329	0.941263	1.014478	0.076576	1.217986	1.024891	-0.033618	1.051116	1.007161	-0.055967	0.827612	1.358844	-0.186049	1.022773	1.294578	-0.201678	0.885531	1.201065	-0.107137	0.607560	1.564985	-0.168730	0.590218	1.509771	-0.024605	0.716537	1.606625	-0.102716	0.938837	1.542511	-0.155921	0.965630	1.415081	-0.260511	1.143955	1.513552	0.098557	1.117944	1.493564	-0.071313	1.145010	1.631527	0.333153	0.738378	1.378569	0.018293	0.760072	1.287205	-0.080224	0.943142	1.478763	0.266541	0.841838	1.343420	0.176327	1.081281	1.716321	0.332415	1.236051	0.503521	0.225352	0.998686	0.072773	0.257633	1.036570	0.037127	0.350098	1.186894	0.081714	0.270973	0.930151	0.538569	-0.094811	0.964877	0.042997	-0.298009	0.895120	0.077333	-0.386813	0.986134	0.214793	-0.364270	NaN	NaN	NaN	NaN	NaN	NaN	NaN	NaN	NaN	1.341860	1.947891	0.336357	1.274615	1.906566	0.352892	1.278704	1.848370	0.363061
531	1.472222222	1.288410	1.063934	0.115000	0.940770	1.015149	0.080739	1.216940	1.024998	-0.033842	1.049712	1.007680	-0.053784	0.825120	1.358455	-0.182303	1.020011	1.292783	-0.199888	0.883278	1.201638	-0.102646	0.606727	1.565879	-0.165706	0.590199	1.512318	-0.020917	0.716360	1.607801	-0.100895	0.937584	1.541584	-0.156576	0.962240	1.412627	-0.259570	1.147105	1.517760	0.094677	1.118291	1.493805	-0.074398	1.150360	1.643428	0.325370	0.738566	1.381621	0.021925	0.758461	1.288575	-0.074819	0.946843	1.488021	0.264273	0.844283	1.349996	0.178934	1.086293	1.727504	0.320971	1.236838	0.503747	0.224815	0.998926	0.073447	0.258212	1.037037	0.037437	0.350395	1.187111	0.081949	0.270751	0.928959	0.538928	-0.091654	0.964378	0.043600	-0.298282	0.892985	0.077833	-0.385060	0.982280	0.216607	-0.363348	NaN	NaN	NaN	NaN	NaN	NaN	NaN	NaN	NaN	1.343009	1.961219	0.309942	1.276736	1.920086	0.329741	1.281557	1.862286	0.342473
532	1.475000000	1.289534	1.063862	0.113746	0.941088	1.015709	0.084482	1.215724	1.025123	-0.034016	1.048155	1.008306	-0.051713	0.822696	1.358217	-0.178689	1.016941	1.291358	-0.198334	0.880978	1.202337	-0.098186	0.606131	1.566789	-0.162747	0.590033	1.514750	-0.017275	0.716166	1.608955	-0.099022	0.936323	1.540664	-0.157249	0.958989	1.410345	-0.258610	1.150106	1.521760	0.090717	1.118177	1.493659	-0.077298	1.155357	1.654971	0.317369	0.739147	1.384410	0.025350	0.757258	1.289994	-0.069486	0.950269	1.497028	0.261687	0.847417	1.356581	0.181106	1.089877	1.737934	0.310038	1.237702	0.503968	0.224196	0.999267	0.074135	0.258943	1.037583	0.037796	0.350827	1.187392	0.082200	0.270477	0.927960	0.539363	-0.088584	0.963797	0.044280	-0.298481	0.890376	0.078496	-0.383260	0.978488	0.218304	-0.362384	NaN	NaN	NaN	NaN	NaN	NaN	NaN	NaN	NaN	1.343184	1.973567	0.283599	1.278156	1.932856	0.306568	1.283624	1.875486	0.321851
533	1.477777778	1.290527	1.063868	0.112528	0.941590	1.016172	0.088114	1.214302	1.025130	-0.034298	1.046076	1.008524	-0.049654	0.820341	1.358002	-0.175254	1.013854	1.289932	-0.196559	0.878498	1.203066	-0.093737	0.605385	1.567806	-0.159872	0.589980	1.517100	-0.013701	0.715960	1.610131	-0.097007	0.935250	1.539823	-0.157571	0.955601	1.408137	-0.257562	1.152896	1.525515	0.086796	1.118053	1.493320	-0.080187	1.160610	1.666046	0.308957	0.739770	1.387078	0.028739	0.756082	1.291319	-0.064346	0.953795	1.505508	0.259013	0.849951	1.362825	0.183263	1.093149	1.747935	0.298766	1.238580	0.504112	0.223371	0.999519	0.074728	0.259750	1.038206	0.038210	0.351416	1.187668	0.082356	0.270151	0.926861	0.539692	-0.085676	0.963184	0.044939	-0.298582	0.887835	0.078988	-0.381670	0.974490	0.219952	-0.361380	NaN	NaN	NaN	NaN	NaN	NaN	NaN	NaN	NaN	1.342438	1.984866	0.257230	1.277900	1.943859	0.282929	1.284927	1.887892	0.301038
534	1.480555556	1.291345	1.063664	0.111377	0.942300	1.016589	0.091580	1.212901	1.025193	-0.034400	1.044536	1.009069	-0.047466	0.818520	1.357804	-0.171490	1.010927	1.288688	-0.194564	0.876403	1.203853	-0.089463	0.604957	1.568920	-0.156952	0.590145	1.519482	-0.010223	0.715931	1.611303	-0.094925	0.934259	1.539226	-0.157956	0.952556	1.406133	-0.256266	1.155811	1.529082	0.082952	1.117685	1.492742	-0.082738	1.165385	1.676918	0.300209	0.739992	1.389984	0.032029	0.754865	1.292893	-0.059237	0.956668	1.514065	0.255856	0.852436	1.369033	0.185226	1.096302	1.757413	0.287305	1.239380	0.504068	0.222597	0.999730	0.075038	0.260537	1.039042	0.038641	0.352214	1.187924	0.082347	0.269844	0.926378	0.539651	-0.082465	0.962583	0.045585	-0.298587	0.885338	0.079496	-0.379962	0.970613	0.221559	-0.360108	NaN	NaN	NaN	NaN	NaN	NaN	NaN	NaN	NaN	1.340973	1.995233	0.231154	1.277391	1.954363	0.259503	1.285798	1.899529	0.280297
535	1.483333333	1.292114	1.063453	0.110368	0.942598	1.017047	0.095150	1.211745	1.025427	-0.034417	1.043240	1.009639	-0.045273	0.816223	1.357865	-0.167929	1.006705	1.287457	-0.193233	0.874424	1.204646	-0.085144	0.604633	1.570078	-0.153893	0.590306	1.521922	-0.006910	0.716009	1.612693	-0.092810	0.933392	1.538523	-0.157931	0.949545	1.404181	-0.254730	1.159017	1.532549	0.079212	1.117786	1.492268	-0.085001	1.170296	1.687631	0.291464	0.740203	1.392606	0.035448	0.753961	1.294158	-0.054303	0.959795	1.522090	0.252499	0.854640	1.375006	0.187025	1.099483	1.766562	0.275689	1.240250	0.503874	0.221852	1.000023	0.075776	0.262129	1.039967	0.038997	0.353181	1.188119	0.082093	0.269666	0.925389	0.539809	-0.079351	0.961914	0.046045	-0.298559	0.882932	0.079891	-0.378237	0.966845	0.223175	-0.358911	NaN	NaN	NaN	NaN	NaN	NaN	NaN	NaN	NaN	1.339080	2.004681	0.205200	1.276533	1.964031	0.236474	1.286293	1.910501	0.259601
536	1.486111111	1.292876	1.063185	0.109534	0.943163	1.017351	0.098597	1.210543	1.025453	-0.034671	1.042011	1.010086	-0.043001	0.814651	1.357944	-0.164139	1.005926	1.285961	-0.190602	0.872040	1.205259	-0.080984	0.604318	1.571298	-0.150746	0.590489	1.524374	-0.003468	0.716262	1.614015	-0.090518	0.932680	1.537837	-0.157782	0.946970	1.402389	-0.253007	1.162444	1.536225	0.075574	1.118107	1.491798	-0.086933	1.175200	1.698036	0.282575	0.740064	1.395365	0.038930	0.753091	1.295651	-0.049434	0.962885	1.529710	0.249043	0.856865	1.380720	0.188780	1.102702	1.775364	0.263990	1.241331	0.503765	0.221076	1.000456	0.076202	0.263761	1.041101	0.039092	0.354206	1.188519	0.081877	0.269535	0.924470	0.539795	-0.076197	0.961211	0.046400	-0.298519	0.880337	0.080280	-0.376156	0.962887	0.224630	-0.357326	NaN	NaN	NaN	NaN	NaN	NaN	NaN	NaN	NaN	1.336607	2.013214	0.179431	1.275268	1.972942	0.213809	1.286399	1.920613	0.238896
537	1.488888889	1.293599	1.063020	0.108662	0.943641	1.017799	0.102098	1.209432	1.025617	-0.034533	1.040830	1.010454	-0.040805	0.813008	1.357970	-0.160386	1.003514	1.284616	-0.188566	0.870485	1.206004	-0.076672	0.604393	1.572620	-0.147696	0.590562	1.526729	0.000044	0.716564	1.615213	-0.088082	0.932381	1.537496	-0.157741	0.944568	1.400681	-0.251275	1.165936	1.539026	0.071934	1.118272	1.491049	-0.088824	1.179771	1.707989	0.273350	0.740029	1.398075	0.042410	0.752217	1.297168	-0.044603	0.965960	1.537048	0.245527	0.859153	1.386389	0.190405	1.105419	1.783409	0.252369	1.242465	0.503586	0.220230	1.000961	0.076718	0.265499	1.042386	0.039128	0.355289	1.189136	0.081668	0.269360	0.923829	0.539892	-0.073011	0.960562	0.046760	-0.298492	0.878080	0.080465	-0.374459	0.958953	0.225965	-0.355757	NaN	NaN	NaN	NaN	NaN	NaN	NaN	NaN	NaN	1.333230	2.020582	0.153758	1.273269	1.980779	0.191071	1.285816	1.929820	0.218141
538	1.491666667	1.294354	1.062879	0.107782	0.944271	1.018249	0.105494	1.208389	1.025707	-0.034357	1.039725	1.010756	-0.038751	0.811092	1.358178	-0.156869	1.000499	1.283625	-0.186571	0.869216	1.206849	-0.072298	0.604436	1.574055	-0.144776	0.590899	1.529260	0.003397	0.716910	1.616583	-0.085769	0.931809	1.536709	-0.157404	0.942086	1.399029	-0.249516	1.169281	1.541736	0.068138	1.118308	1.489999	-0.090723	1.183818	1.717417	0.263866	0.735194	1.402763	0.045440	0.751586	1.298890	-0.039726	0.969100	1.544148	0.241857	0.861404	1.392057	0.191875	1.107847	1.791049	0.240581	1.243361	0.503325	0.218767	1.001630	0.077110	0.267404	1.043903	0.039419	0.356664	1.189945	0.081454	0.269067	0.923096	0.540211	-0.069868	0.960143	0.047326	-0.298420	0.875971	0.080768	-0.372680	0.955412	0.227303	-0.354257	NaN	NaN	NaN	NaN	NaN	NaN	NaN	NaN	NaN	1.329047	2.026871	0.128103	1.270306	1.987475	0.168078	1.284591	1.938128	0.197213
539	1.494444444	1.295117	1.062758	0.106869	0.945086	1.018850	0.108658	1.207403	1.025893	-0.034311	1.038783	1.011117	-0.036775	0.809217	1.357970	-0.153199	0.998382	1.282533	-0.184365	0.868158	1.207865	-0.068045	0.604575	1.575684	-0.141850	0.591543	1.531844	0.006741	0.717291	1.617814	-0.083327	0.931498	1.536287	-0.157120	0.939560	1.397454	-0.247650	1.172737	1.544301	0.064272	1.118427	1.488941	-0.092632	1.187823	1.726593	0.253978	0.736512	1.405360	0.048659	0.750981	1.300833	-0.035031	0.972029	1.551139	0.238152	0.863738	1.397702	0.193261	1.109921	1.798245	0.228654	1.244417	0.502838	0.217493	1.001966	0.077545	0.268426	1.045746	0.039854	0.357978	1.190691	0.081246	0.268743	0.922595	0.540405	-0.066912	0.959785	0.048042	-0.298355	0.873969	0.081132	-0.371052	0.952017	0.228659	-0.352684	NaN	NaN	NaN	NaN	NaN	NaN	NaN	NaN	NaN	1.324050	2.032058	0.102969	1.266641	1.993121	0.145114	1.282494	1.945628	0.176632
540	1.497222222	1.295616	1.062594	0.106078	0.945718	1.019509	0.111771	1.206493	1.026191	-0.034136	1.037961	1.011649	-0.034767	0.807730	1.358594	-0.149696	0.996487	1.281190	-0.182194	0.866689	1.208950	-0.063874	0.604770	1.577341	-0.138959	0.591895	1.534589	0.009962	0.717817	1.619363	-0.081069	0.931309	1.535996	-0.156741	0.937276	1.396107	-0.245739	1.176381	1.546738	0.060385	1.118587	1.487927	-0.094304	1.191587	1.735430	0.244018	0.737863	1.408095	0.051781	0.750505	1.302789	-0.030477	0.975015	1.557774	0.234380	0.866057	1.403277	0.194383	1.111769	1.804899	0.216799	1.245453	0.502406	0.216386	1.003209	0.077883	0.271081	1.047672	0.040053	0.359464	1.191366	0.081007	0.268394	0.922172	0.540528	-0.063997	0.959328	0.048890	-0.298262	0.873491	0.080295	-0.369617	0.948463	0.230030	-0.351153	NaN	NaN	NaN	NaN	NaN	NaN	NaN	NaN	NaN	1.318655	2.036350	0.078003	1.262869	1.997389	0.121931	1.280256	1.952350	0.155946
541	1.500000000	1.296131	1.062548	0.105431	0.946287	1.020133	0.114631	1.205686	1.026604	-0.033901	1.037212	1.012160	-0.032835	0.806077	1.359056	-0.146158	0.994680	1.280421	-0.179941	0.865439	1.210026	-0.059771	0.605078	1.579140	-0.136024	0.592307	1.537336	0.013101	0.718754	1.620900	-0.078933	0.931208	1.535799	-0.156270	0.935362	1.395108	-0.243673	1.180141	1.549179	0.056653	1.118958	1.486988	-0.095773	1.195389	1.744026	0.233919	0.740200	1.410723	0.055142	0.749791	1.304998	-0.026018	0.977613	1.564230	0.230513	0.868140	1.408696	0.195384	1.113654	1.811166	0.204888	1.246683	0.502304	0.215085	1.004473	0.079323	0.271845	1.049542	0.040376	0.360939	1.192051	0.080876	0.268159	0.921459	0.540691	-0.060946	0.958698	0.049750	-0.298253	0.871328	0.080695	-0.367938	0.944767	0.231395	-0.349367	NaN	NaN	NaN	NaN	NaN	NaN	NaN	NaN	NaN	1.312878	2.040085	0.053489	1.258039	2.002163	0.100245	1.277707	1.958414	0.135602
542	1.502777778	1.296708	1.062613	0.104731	0.946701	1.020851	0.117506	1.205108	1.027144	-0.033731	1.036736	1.012782	-0.030923	0.807005	1.359964	-0.142121	0.992900	1.279791	-0.177628	0.863974	1.211357	-0.055712	0.605327	1.581065	-0.133126	0.592808	1.540148	0.016162	0.718994	1.622667	-0.076320	0.931228	1.535701	-0.155781	0.933463	1.394150	-0.241562	1.184099	1.551612	0.052887	1.119531	1.486265	-0.097276	1.199128	1.752455	0.223622	0.740794	1.413516	0.057928	0.749121	1.307208	-0.021665	0.980302	1.570450	0.226587	0.870043	1.414073	0.196329	1.115317	1.817060	0.192963	1.247865	0.502185	0.213961	1.005534	0.080001	0.274076	1.051305	0.040788	0.362324	1.192836	0.080835	0.267849	0.920627	0.541034	-0.057819	0.957997	0.050557	-0.298297	0.869454	0.080896	-0.366553	0.941002	0.232764	-0.347667	NaN	NaN	NaN	NaN	NaN	NaN	NaN	NaN	NaN	1.306699	2.042977	0.029516	1.253656	2.005085	0.077961	1.274849	1.963847	0.115506
543	1.505555556	1.297205	1.062736	0.103997	0.947285	1.021546	0.120213	1.204433	1.027604	-0.033588	1.036106	1.013320	-0.028976	0.806182	1.360884	-0.138574	0.991276	1.279312	-0.175442	0.862752	1.212774	-0.051720	0.605811	1.583061	-0.130290	0.593055	1.543045	0.019306	0.719679	1.624456	-0.073961	0.931286	1.535707	-0.155241	0.931637	1.393410	-0.239552	1.188062	1.553901	0.049008	1.120431	1.485571	-0.098938	1.202622	1.760398	0.213043	0.741422	1.416427	0.060503	0.748630	1.309510	-0.017388	0.982808	1.576501	0.222747	0.872130	1.419283	0.197165	1.116575	1.822660	0.180989	1.249095	0.502274	0.212542	1.005046	0.078842	0.277213	1.053307	0.041166	0.363715	1.193633	0.080973	0.267435	0.919936	0.541360	-0.054824	0.957243	0.051433	-0.298313	0.867416	0.081288	-0.364895	0.937333	0.234173	-0.345797	NaN	NaN	NaN	NaN	NaN	NaN	NaN	NaN	NaN	1.299864	2.044936	0.005995	1.248317	2.007649	0.056303	1.271482	1.968611	0.095564
544	1.508333333	1.297664	1.062826	0.103301	0.947845	1.022044	0.122879	1.203612	1.027937	-0.033493	1.035148	1.013860	-0.026847	0.805094	1.361878	-0.135151	0.989263	1.278632	-0.173220	0.861643	1.214106	-0.047843	0.606205	1.584942	-0.127546	0.593788	1.545685	0.022316	0.720395	1.626165	-0.071688	0.931483	1.535752	-0.154687	0.929568	1.392507	-0.237436	1.192041	1.555888	0.044892	1.120521	1.484518	-0.100421	1.205767	1.767914	0.202132	0.743067	1.419340	0.062270	0.748238	1.311642	-0.013200	0.985277	1.582222	0.218820	0.874151	1.424308	0.197912	1.117642	1.827583	0.168887	1.250027	0.501933	0.211208	1.005440	0.078989	0.279177	1.055241	0.041632	0.365038	1.194430	0.081104	0.267028	0.919280	0.541559	-0.051945	0.956589	0.052177	-0.298353	0.865450	0.081871	-0.363490	0.933761	0.235391	-0.344085	NaN	NaN	NaN	NaN	NaN	NaN	NaN	NaN	NaN	1.292229	2.046114	-0.017086	1.242432	2.009679	0.034981	1.267373	1.972586	0.075866
545	1.511111111	1.298051	1.062806	0.102584	0.948379	1.022322	0.125388	1.202737	1.028175	-0.033377	1.034094	1.014237	-0.025102	0.802961	1.362530	-0.132001	0.987218	1.277959	-0.170887	0.860434	1.215312	-0.044060	0.606536	1.586761	-0.124829	0.594321	1.548215	0.025239	0.720952	1.627850	-0.069374	0.931597	1.535683	-0.154052	0.927600	1.391735	-0.235296	1.195728	1.557464	0.040820	1.121035	1.483256	-0.102077	1.208726	1.774974	0.191026	0.743774	1.421942	0.064425	0.747682	1.313707	-0.009182	0.987406	1.587606	0.214862	0.876020	1.428951	0.198590	1.118525	1.832144	0.157872	1.251166	0.501744	0.209764	1.006277	0.079092	0.281406	1.057094	0.041661	0.366459	1.195208	0.080913	0.266604	0.918365	0.541574	-0.049046	0.955856	0.052722	-0.298450	0.863179	0.081855	-0.362122	0.930001	0.236433	-0.342251	NaN	NaN	NaN	NaN	NaN	NaN	NaN	NaN	NaN	1.284096	2.046520	-0.039679	1.237318	2.015126	0.017880	1.262853	1.975922	0.056392
546	1.513888889	1.297850	1.062289	0.101416	0.948634	1.022534	0.127807	1.201854	1.028364	-0.033193	1.033140	1.014436	-0.023377	0.802146	1.363159	-0.128659	0.985372	1.277310	-0.168460	0.859222	1.216374	-0.040426	0.606859	1.588470	-0.122189	0.594807	1.550579	0.028175	0.721579	1.629423	-0.067079	0.931425	1.535649	-0.153280	0.925752	1.390968	-0.233066	1.199720	1.558974	0.036683	1.121636	1.482237	-0.103570	1.211689	1.781606	0.179771	0.744333	1.424274	0.066420	0.747198	1.315544	-0.005284	0.989515	1.592629	0.210788	0.877801	1.433422	0.199055	1.118872	1.836365	0.146531	1.252231	0.501522	0.208494	1.007218	0.079364	0.283723	1.058843	0.040934	0.367718	1.196060	0.080684	0.266266	0.917349	0.541411	-0.046236	0.955262	0.052689	-0.298776	0.860936	0.081273	-0.360520	0.926243	0.237176	-0.340384	NaN	NaN	NaN	NaN	NaN	NaN	NaN	NaN	NaN	NaN	NaN	NaN	NaN	NaN	NaN	NaN	NaN	NaN
547	1.516666667	1.298971	1.062824	0.101173	0.949035	1.022588	0.130107	1.200999	1.028526	-0.032960	1.032251	1.014732	-0.021582	0.801060	1.363923	-0.125444	0.983256	1.277063	-0.165308	0.857774	1.217519	-0.036942	0.607148	1.590203	-0.119451	0.595283	1.553014	0.030893	0.722258	1.630945	-0.064771	0.931706	1.535556	-0.152576	0.924031	1.390204	-0.230763	1.204250	1.560871	0.032272	1.122717	1.481812	-0.105254	1.214781	1.787935	0.168397	0.744574	1.426518	0.068438	0.746456	1.317567	-0.001484	0.991206	1.597513	0.206611	0.879302	1.437693	0.199410	1.119414	1.840176	0.135012	1.253605	0.501578	0.207216	1.009797	0.081456	0.285007	1.061030	0.041278	0.369129	1.196885	0.080545	0.265888	0.916299	0.541225	-0.043469	0.954314	0.052876	-0.298933	0.858699	0.081010	-0.359056	0.922550	0.237840	-0.338421	NaN	NaN	NaN	NaN	NaN	NaN	NaN	NaN	NaN	NaN	NaN	NaN	NaN	NaN	NaN	NaN	NaN	NaN
548	1.519444444	1.299405	1.062812	0.100486	0.949463	1.022607	0.132398	1.200096	1.028700	-0.032767	1.031320	1.014911	-0.019777	0.800089	1.364809	-0.122214	0.981684	1.276619	-0.162786	0.856515	1.218683	-0.033452	0.607610	1.591969	-0.116818	0.595622	1.555472	0.033709	0.722997	1.632514	-0.062494	0.932015	1.535464	-0.151894	0.922374	1.389483	-0.228415	1.208445	1.562561	0.027837	1.123669	1.481088	-0.106929	1.217696	1.793897	0.156867	0.745092	1.428679	0.070319	0.745880	1.319416	0.002098	0.992908	1.602105	0.202534	0.880871	1.441818	0.199801	1.119456	1.843709	0.123848	1.254791	0.501594	0.206009	1.010428	0.081539	0.287748	1.063069	0.041056	0.370510	1.197687	0.080501	0.265523	0.915188	0.541084	-0.040605	0.953402	0.053218	-0.299079	0.856265	0.080758	-0.357344	0.918907	0.238440	-0.336254	NaN	NaN	NaN	NaN	NaN	NaN	NaN	NaN	NaN	NaN	NaN	NaN	NaN	NaN	NaN	NaN	NaN	NaN
549	1.522222222	1.299867	1.062839	0.099696	0.950010	1.022490	0.134726	1.198440	1.028981	-0.032583	1.030346	1.015059	-0.018032	0.799262	1.365591	-0.118924	0.979813	1.276158	-0.160200	0.855537	1.219727	-0.030058	0.608174	1.593704	-0.114191	0.596395	1.557833	0.036424	0.723880	1.634024	-0.060359	0.932499	1.535366	-0.151141	0.920722	1.388793	-0.226046	1.212494	1.563977	0.023191	1.124397	1.480183	-0.108657	1.220348	1.799345	0.145246	0.745862	1.430697	0.071966	0.745608	1.321315	0.005754	0.994327	1.606428	0.198457	0.882433	1.445840	0.200190	1.119538	1.846860	0.112641	1.255912	0.501556	0.204756	1.011496	0.081673	0.290020	1.065164	0.040647	0.371906	1.198657	0.080470	0.265019	0.914349	0.540861	-0.037955	0.952794	0.053521	-0.299490	0.854131	0.080599	-0.355553	0.915293	0.239034	-0.334209	NaN	NaN	NaN	NaN	NaN	NaN	NaN	NaN	NaN	NaN	NaN	NaN	NaN	NaN	NaN	NaN	NaN	NaN
550	1.525000000	1.300354	1.062848	0.098845	0.950648	1.022418	0.137010	1.197247	1.028865	-0.032440	1.029240	1.015166	-0.016368	0.798544	1.366430	-0.115746	0.978099	1.275536	-0.157546	0.854554	1.220691	-0.026628	0.608817	1.595396	-0.111693	0.597089	1.560082	0.039132	0.724756	1.635528	-0.058150	0.932951	1.535285	-0.150347	0.918918	1.388088	-0.223777	1.216318	1.565272	0.018330	1.125245	1.479347	-0.110405	1.222672	1.804439	0.133396	0.746788	1.432780	0.073697	0.745439	1.323064	0.009385	0.995966	1.610549	0.194469	0.884461	1.449457	0.200668	1.119188	1.849757	0.102042	1.256672	0.501266	0.203457	1.012375	0.081637	0.291926	1.067291	0.040225	0.373177	1.199460	0.080476	0.264469	0.915180	0.539595	-0.035360	0.952223	0.053968	-0.299587	0.852141	0.080096	-0.353788	0.911581	0.239366	-0.332029	NaN	NaN	NaN	NaN	NaN	NaN	NaN	NaN	NaN	NaN	NaN	NaN	NaN	NaN	NaN	NaN	NaN	NaN
551	1.527777778	1.299795	1.062137	0.097648	0.951118	1.022219	0.139359	1.196028	1.028727	-0.032320	1.028276	1.015164	-0.014724	0.798065	1.367325	-0.112592	0.976388	1.274873	-0.155048	0.853731	1.221645	-0.023221	0.609542	1.597062	-0.109185	0.598079	1.562359	0.041803	0.725699	1.637020	-0.055976	0.933446	1.535240	-0.149750	0.917292	1.387374	-0.221469	1.220106	1.566526	0.013403	1.125820	1.478341	-0.112085	1.224790	1.809199	0.121546	0.747778	1.434863	0.075343	0.745307	1.324735	0.013023	0.997251	1.614497	0.190448	0.885699	1.453360	0.200930	1.118950	1.852067	0.091313	1.257565	0.501070	0.202359	1.012888	0.081220	0.294581	1.069590	0.040065	0.374637	1.199816	0.080154	0.263483	0.914354	0.539090	-0.032576	0.951631	0.054450	-0.299667	0.850116	0.079737	-0.351865	0.908254	0.239485	-0.329594	NaN	NaN	NaN	NaN	NaN	NaN	NaN	NaN	NaN	NaN	NaN	NaN	NaN	NaN	NaN	NaN	NaN	NaN
552	1.530555556	1.299983	1.061908	0.096919	0.951762	1.022074	0.141659	1.194818	1.028581	-0.032167	1.027342	1.015352	-0.013116	0.797457	1.368344	-0.109502	0.974760	1.274374	-0.152552	0.852815	1.222777	-0.019912	0.610213	1.598799	-0.106746	0.598664	1.564834	0.044471	0.726638	1.638397	-0.053758	0.933854	1.535121	-0.148886	0.915828	1.386655	-0.219000	1.223803	1.567791	0.008387	1.126467	1.477400	-0.113680	1.226835	1.813632	0.109674	0.748312	1.436905	0.077183	0.744958	1.326571	0.016575	0.998421	1.618220	0.186527	0.887011	1.457101	0.201140	1.118621	1.854115	0.080575	1.258278	0.500718	0.201309	1.014036	0.080891	0.297063	1.072029	0.040190	0.376391	1.200464	0.079830	0.263051	0.913928	0.538706	-0.030055	0.950919	0.054878	-0.299726	0.848161	0.079013	-0.349980	0.904689	0.239722	-0.327253	1.167055	2.282811	-0.816078	1.152514	2.229302	-0.890358	1.110439	2.260252	-0.890450	NaN	NaN	NaN	NaN	NaN	NaN	NaN	NaN	NaN
553	1.533333333	1.300321	1.061772	0.096272	0.952312	1.021870	0.143918	1.193648	1.028471	-0.031868	1.026509	1.015512	-0.011404	0.796813	1.369280	-0.106541	0.973643	1.273964	-0.149953	0.851997	1.223800	-0.016606	0.610955	1.600594	-0.104279	0.599557	1.567153	0.046983	0.727707	1.640002	-0.051634	0.934334	1.535016	-0.148059	0.914492	1.386047	-0.216555	1.227517	1.568982	0.003288	1.127369	1.476557	-0.115210	1.228754	1.817759	0.097841	0.748726	1.438922	0.079098	0.744734	1.328306	0.020091	0.999496	1.621709	0.182492	0.888360	1.460728	0.201362	1.118010	1.855800	0.070117	1.258836	0.500506	0.200452	1.015223	0.080684	0.299350	1.074401	0.039634	0.377825	1.201232	0.079699	0.262640	0.913264	0.538392	-0.027636	0.950138	0.055258	-0.299717	0.846226	0.078569	-0.348050	0.901261	0.240117	-0.324794	1.132442	2.255892	-0.839576	1.118010	2.199927	-0.911673	1.075087	2.229369	-0.911824	NaN	NaN	NaN	NaN	NaN	NaN	NaN	NaN	NaN
554	1.536111111	1.300522	1.061563	0.095708	0.952978	1.021619	0.146159	1.192543	1.028533	-0.031602	1.025722	1.015700	-0.009719	0.796280	1.370192	-0.103433	0.972240	1.273669	-0.147355	0.851283	1.224921	-0.013371	0.611803	1.602399	-0.101928	0.600439	1.569533	0.049473	0.728864	1.641498	-0.049541	0.934908	1.534904	-0.147206	0.913376	1.385639	-0.214057	1.231210	1.570143	-0.001871	1.128048	1.475671	-0.116715	1.230413	1.821499	0.086020	0.748725	1.440714	0.081962	0.744805	1.329839	0.023555	1.000579	1.624968	0.178521	0.889643	1.464220	0.201557	1.117291	1.857022	0.059823	1.259545	0.500440	0.199600	1.016109	0.080448	0.302282	1.076886	0.039450	0.379340	1.201949	0.079594	0.262241	0.912915	0.537982	-0.025190	0.949364	0.055574	-0.299653	0.844302	0.078058	-0.346206	0.897766	0.240481	-0.322278	1.098105	2.227777	-0.860974	1.083052	2.169357	-0.930912	1.039370	2.197688	-0.930600	NaN	NaN	NaN	NaN	NaN	NaN	NaN	NaN	NaN
555	1.538888889	1.300682	1.061299	0.094998	0.953778	1.021337	0.148458	1.191478	1.028667	-0.031439	1.024857	1.016030	-0.008138	0.795912	1.371156	-0.100431	0.971181	1.273462	-0.144800	0.850821	1.225988	-0.010145	0.612780	1.604298	-0.099641	0.601428	1.571930	0.051918	0.730148	1.643079	-0.047520	0.935613	1.534788	-0.146326	0.912287	1.385225	-0.211696	1.234733	1.571054	-0.007271	1.128707	1.474729	-0.118316	1.231887	1.824939	0.074068	0.749611	1.442523	0.083974	0.744757	1.331469	0.026963	1.001848	1.627941	0.174534	0.891083	1.467642	0.201670	1.116858	1.857970	0.049531	1.260026	0.500136	0.198767	1.017484	0.080381	0.304710	1.079238	0.039170	0.380864	1.202538	0.079295	0.261922	0.912676	0.537484	-0.022776	0.948616	0.055923	-0.299599	0.842768	0.077457	-0.344287	0.894491	0.240830	-0.319765	1.063858	2.198925	-0.879979	1.048242	2.138097	-0.947429	1.003631	2.165065	-0.946383	NaN	NaN	NaN	NaN	NaN	NaN	NaN	NaN	NaN
556	1.541666667	1.300819	1.061021	0.094218	0.954588	1.020995	0.150684	1.190471	1.028847	-0.031264	1.024065	1.016317	-0.006646	0.795874	1.372066	-0.097511	0.970240	1.273320	-0.142424	0.850297	1.227027	-0.006945	0.613873	1.606137	-0.097409	0.602805	1.574422	0.054215	0.731477	1.644632	-0.045586	0.936481	1.534913	-0.145547	0.911265	1.384891	-0.209274	1.238185	1.572017	-0.012698	1.129451	1.473831	-0.119929	1.233236	1.828125	0.062132	0.750847	1.444029	0.085625	0.744937	1.332955	0.030365	1.003315	1.630855	0.170742	0.892440	1.470950	0.201756	1.116260	1.858506	0.039510	1.260365	0.499700	0.197899	1.018947	0.080419	0.307110	1.081521	0.038917	0.382269	1.203119	0.078975	0.261550	0.912408	0.537174	-0.020479	0.947905	0.056152	-0.299509	0.841303	0.076902	-0.342531	0.891305	0.241105	-0.317310	1.028967	2.169007	-0.897051	1.013414	2.106372	-0.961573	0.968349	2.132432	-0.959998	NaN	NaN	NaN	NaN	NaN	NaN	NaN	NaN	NaN
557	1.544444444	1.300817	1.060766	0.093562	0.955257	1.020871	0.152926	1.189464	1.029084	-0.031169	1.023136	1.016727	-0.005179	0.795577	1.372940	-0.094570	0.969222	1.273239	-0.139911	0.850002	1.228099	-0.003786	0.615073	1.608021	-0.095301	0.603867	1.576897	0.056514	0.732801	1.646224	-0.043602	0.937263	1.534782	-0.144660	0.910078	1.384293	-0.206841	1.241420	1.572851	-0.018310	1.129915	1.472968	-0.121565	1.233177	1.830504	0.050614	0.752077	1.445418	0.087354	0.745036	1.334486	0.033631	1.004197	1.633685	0.166636	0.893922	1.474158	0.201793	1.115480	1.858707	0.029634	1.260554	0.499341	0.197127	1.020118	0.080324	0.308988	1.083638	0.038634	0.383521	1.203536	0.078656	0.261247	0.912353	0.536903	-0.018195	0.947129	0.056339	-0.299444	0.839596	0.076503	-0.340796	0.888195	0.241361	-0.314845	0.995684	2.139414	-0.910427	0.978795	2.074276	-0.973207	0.933205	2.099489	-0.971181	1.159391	1.995712	-0.261170	1.143478	1.978913	-0.181580	1.186105	1.966794	-0.146792
558	1.547222222	1.300841	1.060461	0.092986	0.956102	1.020770	0.155057	1.188617	1.029407	-0.030995	1.022443	1.017184	-0.003725	0.795194	1.374000	-0.091604	0.968492	1.273418	-0.137536	0.849512	1.229323	-0.000736	0.616330	1.609977	-0.093172	0.605055	1.579463	0.058692	0.734163	1.647841	-0.041720	0.937870	1.534540	-0.143921	0.909563	1.384204	-0.204485	1.244687	1.573659	-0.023829	1.130411	1.472098	-0.123063	1.233893	1.832924	0.038927	0.752905	1.447020	0.089260	0.745269	1.336063	0.036774	1.005294	1.636245	0.162692	0.895151	1.477306	0.201847	1.114467	1.858669	0.019724	1.260844	0.499100	0.196366	1.020959	0.080600	0.311036	1.085626	0.038619	0.384819	1.203996	0.078484	0.261069	0.912015	0.536921	-0.016021	0.946211	0.056553	-0.299358	0.838158	0.075948	-0.339232	0.885252	0.241679	-0.312389	0.961577	2.108909	-0.922070	0.944042	2.041357	-0.982986	0.898006	2.065953	-0.979976	NaN	NaN	NaN	NaN	NaN	NaN	NaN	NaN	NaN
559	1.550000000	1.300926	1.060235	0.092423	0.956651	1.020929	0.157275	1.187897	1.029744	-0.030770	1.021487	1.017428	-0.002189	0.795120	1.374994	-0.088849	0.967471	1.273280	-0.135391	0.849131	1.230517	0.002300	0.617535	1.612027	-0.091103	0.606189	1.582193	0.060831	0.735745	1.649637	-0.039878	0.938729	1.534691	-0.143202	0.909049	1.384113	-0.202047	1.247817	1.574377	-0.029372	1.131109	1.471401	-0.124522	1.234323	1.834945	0.027294	0.752907	1.448836	0.091490	0.745302	1.337643	0.039918	1.006738	1.638580	0.158521	0.896467	1.480434	0.201794	1.113248	1.858206	0.009779	1.261091	0.498987	0.195644	1.021523	0.081617	0.312339	1.087471	0.038598	0.385878	1.204467	0.078387	0.260925	0.911922	0.536895	-0.013919	0.945358	0.056939	-0.299226	0.836848	0.075601	-0.337796	0.882486	0.242001	-0.310012	0.927304	2.078072	-0.931239	0.909546	2.008511	-0.990186	0.862939	2.032219	-0.986480	NaN	NaN	NaN	NaN	NaN	NaN	NaN	NaN	NaN
560	1.552777778	1.301023	1.060087	0.091866	0.957527	1.021091	0.159357	1.187235	1.030193	-0.030599	1.020993	1.017981	-0.000717	0.795210	1.376007	-0.086108	0.967050	1.273339	-0.132796	0.849006	1.231948	0.005241	0.619077	1.614187	-0.089126	0.607433	1.584973	0.062928	0.737299	1.651383	-0.038041	0.939050	1.534723	-0.142733	0.908663	1.384055	-0.199630	1.250884	1.575044	-0.035052	1.132034	1.470540	-0.126504	1.234764	1.836663	0.015683	0.753400	1.450710	0.093555	0.745449	1.339374	0.042949	1.007500	1.641086	0.154903	0.897833	1.483620	0.201715	1.112000	1.857564	-0.000089	1.261314	0.498963	0.194903	1.022198	0.081733	0.313640	1.089087	0.038730	0.386878	1.204847	0.078409	0.260799	0.912003	0.536871	-0.011866	0.944673	0.057408	-0.299111	0.835527	0.075497	-0.336212	0.879858	0.242513	-0.307639	0.893717	2.047049	-0.939173	0.875356	1.975524	-0.994939	0.828477	1.998394	-0.990471	NaN	NaN	NaN	NaN	NaN	NaN	NaN	NaN	NaN
561	1.555555556	1.301040	1.059903	0.091306	0.958192	1.021392	0.161313	1.186582	1.030630	-0.030487	1.020495	1.018565	0.000713	0.795160	1.377311	-0.083310	0.966844	1.273581	-0.130443	0.848784	1.233276	0.008106	0.620622	1.616344	-0.087286	0.608843	1.587849	0.064950	0.738960	1.653190	-0.036242	0.939903	1.535055	-0.142156	0.908287	1.384009	-0.197403	1.253845	1.575562	-0.040737	1.132519	1.469804	-0.128008	1.235561	1.838843	0.004135	0.751629	1.453038	0.096870	0.745876	1.341037	0.045845	1.008729	1.643334	0.151008	0.899218	1.486694	0.201571	1.109465	1.856617	-0.010716	1.261424	0.498885	0.194239	1.024134	0.082079	0.315684	1.090884	0.039050	0.387923	1.205073	0.078409	0.260602	0.912002	0.537019	-0.009886	0.944010	0.058088	-0.298999	0.834545	0.075319	-0.334874	0.877492	0.242928	-0.305489	0.860462	2.016302	-0.943554	0.841745	1.942492	-0.997320	0.794672	1.964666	-0.991994	NaN	NaN	NaN	NaN	NaN	NaN	NaN	NaN	NaN
562	1.558333333	1.300985	1.059715	0.090695	0.958734	1.021850	0.163445	1.185853	1.030990	-0.030380	1.020052	1.019079	0.002205	0.795367	1.378458	-0.080681	0.966500	1.273842	-0.128212	0.848733	1.234772	0.010980	0.622129	1.618567	-0.085412	0.610186	1.590801	0.066887	0.740650	1.654990	-0.034551	0.940638	1.535369	-0.141614	0.907966	1.383983	-0.195283	1.256594	1.575857	-0.046439	1.133154	1.469089	-0.129631	1.235540	1.839961	-0.007350	0.752876	1.455012	0.098425	0.746088	1.342975	0.048770	1.010293	1.645268	0.146838	0.900729	1.489709	0.201366	1.110937	1.856627	-0.017843	1.261499	0.498787	0.193491	1.025057	0.082563	0.316238	1.092075	0.039224	0.388489	1.205178	0.078375	0.260350	0.912305	0.537112	-0.008036	0.943517	0.058868	-0.298969	0.833548	0.075231	-0.333544	0.875355	0.243274	-0.303409	0.827716	1.985027	-0.946913	0.808538	1.909700	-0.997736	0.761221	1.930980	-0.991313	NaN	NaN	NaN	NaN	NaN	NaN	NaN	NaN	NaN
563	1.561111111	1.300954	1.059513	0.090130	0.959317	1.022365	0.165410	1.185037	1.031332	-0.030268	1.019729	1.019627	0.003643	0.795619	1.379709	-0.077912	0.966372	1.274072	-0.125889	0.848403	1.235924	0.013873	0.623658	1.620738	-0.083615	0.611644	1.593657	0.068922	0.742351	1.656735	-0.032853	0.940966	1.535674	-0.140826	0.907631	1.383963	-0.193066	1.259182	1.575989	-0.052172	1.133579	1.468358	-0.131070	1.234788	1.840733	-0.019156	0.754046	1.456987	0.099927	0.746729	1.344676	0.051620	1.011525	1.647340	0.143101	0.902186	1.492577	0.201204	1.109661	1.855793	-0.026537	1.261534	0.498678	0.192767	1.025556	0.082988	0.317747	1.093056	0.039643	0.388936	1.205240	0.078388	0.260101	0.912415	0.537417	-0.005930	0.943166	0.059652	-0.298918	0.832623	0.075282	-0.332165	0.873268	0.243653	-0.301392	0.795446	1.953721	-0.948384	0.775706	1.876603	-0.995948	0.728506	1.897305	-0.988443	NaN	NaN	NaN	NaN	NaN	NaN	NaN	NaN	NaN
564	1.563888889	1.300957	1.059339	0.089572	0.959925	1.022834	0.167426	1.184256	1.031547	-0.030129	1.019281	1.020177	0.005151	0.795811	1.380833	-0.075249	0.966218	1.274380	-0.123681	0.848595	1.237553	0.016535	0.625196	1.622872	-0.081692	0.613019	1.596514	0.070909	0.744069	1.658412	-0.031085	0.941793	1.535889	-0.140436	0.907400	1.383937	-0.190853	1.261582	1.576015	-0.057835	1.133969	1.467521	-0.132602	1.234524	1.841138	-0.030483	0.755085	1.458864	0.101555	0.747065	1.346569	0.054511	1.012668	1.649113	0.139440	0.903743	1.495262	0.201032	1.108073	1.854890	-0.035111	1.261573	0.498693	0.192130	1.025914	0.081632	0.319279	1.093771	0.039968	0.389317	1.205263	0.078500	0.259874	0.912651	0.537706	-0.004023	0.942675	0.060476	-0.298821	0.831842	0.075110	-0.330948	0.871276	0.243999	-0.299419	0.763482	1.922258	-0.947721	0.743570	1.843452	-0.991872	0.696389	1.863744	-0.983393	NaN	NaN	NaN	NaN	NaN	NaN	NaN	NaN	NaN
565	1.566666667	1.301027	1.059201	0.089088	0.960371	1.023222	0.169435	1.183559	1.031690	-0.029904	1.018958	1.020617	0.006608	0.796186	1.381764	-0.072647	0.966102	1.274560	-0.121372	0.848538	1.238899	0.019272	0.626819	1.624873	-0.079839	0.614539	1.599258	0.072977	0.745745	1.660086	-0.029442	0.942514	1.536030	-0.139844	0.907036	1.383924	-0.188736	1.263902	1.575835	-0.063394	1.134467	1.466608	-0.134142	1.234204	1.841322	-0.041599	0.756116	1.460544	0.103213	0.747534	1.348249	0.057314	1.013780	1.650702	0.135820	0.905218	1.497820	0.200874	1.106721	1.853573	-0.043711	1.261596	0.498692	0.191586	1.026745	0.082710	0.319672	1.094245	0.040172	0.389580	1.205327	0.078645	0.259661	0.913101	0.537740	-0.002244	0.942006	0.061067	-0.299081	0.831082	0.074822	-0.329790	0.869434	0.244188	-0.297401	0.732266	1.891016	-0.944655	0.712096	1.810240	-0.985695	0.665245	1.830302	-0.975733	1.067021	1.923302	-0.347994	1.071213	1.921360	-0.268625	1.123319	1.923891	-0.240897
566	1.569444444	1.301110	1.058999	0.088559	0.960702	1.023542	0.171309	1.182909	1.031729	-0.029562	1.018654	1.020892	0.008049	0.796451	1.382731	-0.070130	0.965861	1.274692	-0.119338	0.848558	1.240049	0.021851	0.628393	1.626811	-0.078067	0.615953	1.601791	0.074862	0.747573	1.661473	-0.027894	0.943249	1.536140	-0.139282	0.906822	1.383740	-0.186511	1.266063	1.575507	-0.069008	1.134941	1.465688	-0.135679	1.234067	1.841184	-0.052787	0.756977	1.462036	0.104732	0.747922	1.349855	0.060046	1.014918	1.652037	0.132246	0.906728	1.500114	0.200739	1.105754	1.852237	-0.052159	1.261518	0.498588	0.190987	1.026866	0.082955	0.319958	1.094443	0.040190	0.389692	1.205316	0.078709	0.259459	0.913177	0.537840	-0.000366	0.941528	0.061554	-0.299037	0.830252	0.074568	-0.328578	0.867586	0.244104	-0.295599	0.701967	1.859556	-0.939358	0.682088	1.778306	-0.977576	0.635235	1.797265	-0.966188	NaN	NaN	NaN	NaN	NaN	NaN	NaN	NaN	NaN
567	1.572222222	1.301107	1.058692	0.088140	0.961220	1.023718	0.173002	1.182220	1.031714	-0.029253	1.018114	1.021084	0.009512	0.796787	1.383493	-0.067646	0.965587	1.274654	-0.117111	0.848431	1.241151	0.024333	0.629899	1.628535	-0.076215	0.617526	1.604228	0.076665	0.749432	1.662839	-0.026332	0.943830	1.536107	-0.138824	0.906467	1.383371	-0.184131	1.268139	1.574992	-0.074703	1.135339	1.464703	-0.137373	1.233301	1.840671	-0.063503	0.757955	1.463377	0.106450	0.748566	1.351269	0.062784	1.015905	1.653129	0.128686	0.908265	1.502232	0.200500	1.104452	1.850586	-0.060110	1.261389	0.498449	0.190373	1.026865	0.083070	0.320027	1.094444	0.040127	0.389666	1.205270	0.078652	0.259241	0.913451	0.537569	0.001347	0.941128	0.062002	-0.299065	0.829356	0.074209	-0.327534	0.865887	0.243929	-0.293643	0.672484	1.828489	-0.931907	0.652479	1.745561	-0.967303	0.605841	1.764404	-0.955075	1.044868	1.902693	-0.361908	1.050494	1.905435	-0.283709	1.107621	1.910226	-0.258769
568	1.575000000	1.301137	1.058344	0.087794	0.961503	1.023865	0.174811	1.181536	1.031611	-0.028893	1.017608	1.021207	0.010875	0.796937	1.384377	-0.065226	0.965140	1.274558	-0.115141	0.848320	1.242050	0.026839	0.631302	1.630218	-0.074458	0.619009	1.606547	0.078644	0.750796	1.664348	-0.024747	0.944287	1.535966	-0.138459	0.906076	1.383020	-0.182165	1.269925	1.574237	-0.080399	1.135555	1.463576	-0.138809	1.232809	1.839955	-0.074362	0.759080	1.464514	0.107914	0.748920	1.352618	0.065411	1.016903	1.654045	0.125155	0.909848	1.504055	0.200265	1.102928	1.848799	-0.067807	1.261234	0.498196	0.189888	1.026735	0.083016	0.319922	1.094347	0.040041	0.389568	1.205140	0.078440	0.259011	0.913618	0.537408	0.002930	0.940769	0.062360	-0.299100	0.828528	0.073615	-0.326563	0.864242	0.243721	-0.291868	0.644118	1.797741	-0.922527	0.624083	1.713404	-0.955087	0.577206	1.732077	-0.942153	1.034671	1.892553	-0.367867	1.042848	1.897142	-0.289718	1.100018	1.902919	-0.267002
569	1.577777778	1.301170	1.057867	0.087470	0.961832	1.023959	0.176604	1.180896	1.031458	-0.028524	1.017076	1.021260	0.012277	0.797149	1.385086	-0.062779	0.964788	1.274453	-0.113107	0.848332	1.242876	0.029198	0.632851	1.631614	-0.072550	0.620416	1.608785	0.080620	0.752481	1.665600	-0.023260	0.944636	1.535719	-0.138122	0.905465	1.382639	-0.180170	1.271598	1.573284	-0.086132	1.135862	1.462426	-0.140394	1.232296	1.838992	-0.085099	0.760048	1.465653	0.109667	0.749436	1.353937	0.068001	1.018019	1.654728	0.121735	0.911419	1.505810	0.200013	1.101877	1.846808	-0.075444	1.261103	0.497889	0.189462	1.026484	0.082785	0.319765	1.094166	0.039870	0.389420	1.205031	0.078222	0.258772	0.913752	0.537180	0.004704	0.940391	0.062549	-0.299083	0.827504	0.073267	-0.325367	0.862495	0.243355	-0.289944	0.616592	1.767168	-0.911395	0.596707	1.681625	-0.940987	0.550079	1.700026	-0.926848	1.024024	1.881680	-0.373045	1.035191	1.888828	-0.295325	1.093686	1.896247	-0.274978
570	1.580555556	1.301250	1.057382	0.087302	0.962247	1.023916	0.178345	1.180303	1.031291	-0.028039	1.016556	1.021211	0.013756	0.797317	1.385703	-0.060467	0.964222	1.274407	-0.111145	0.848162	1.243763	0.031582	0.634151	1.633173	-0.070724	0.621921	1.610979	0.082529	0.753968	1.666696	-0.021763	0.945063	1.535410	-0.137788	0.904986	1.382282	-0.178247	1.273099	1.572212	-0.091771	1.135951	1.461095	-0.141823	1.231400	1.837781	-0.095501	0.760776	1.466594	0.111435	0.749859	1.355006	0.070573	1.019097	1.655227	0.118330	0.913028	1.507318	0.199778	1.100208	1.844550	-0.082752	1.260930	0.497521	0.189136	1.026256	0.082537	0.319629	1.093967	0.039663	0.389337	1.204880	0.077958	0.258616	0.913806	0.536897	0.006367	0.939937	0.062637	-0.298991	0.826686	0.072803	-0.324373	0.860834	0.242966	-0.288036	0.589962	1.736922	-0.898528	0.570300	1.650401	-0.925000	0.524202	1.668532	-0.909528	1.013839	1.870930	-0.377547	1.028051	1.880515	-0.300649	1.086446	1.888740	-0.282088
571	1.583333333	1.301327	1.056939	0.087159	0.962594	1.023912	0.179921	1.179747	1.031171	-0.027592	1.016135	1.021173	0.015128	0.797463	1.386339	-0.058200	0.963721	1.274271	-0.109167	0.848202	1.244548	0.033876	0.635445	1.634685	-0.068830	0.623217	1.613051	0.084501	0.755516	1.667861	-0.020284	0.945474	1.535111	-0.137430	0.904458	1.381885	-0.176325	1.274623	1.571099	-0.097434	1.136005	1.459716	-0.143244	1.230388	1.836326	-0.105706	0.761611	1.467908	0.113320	0.750332	1.356090	0.073028	1.020256	1.655625	0.115077	0.914612	1.508701	0.199542	1.099007	1.842057	-0.089983	1.260728	0.497262	0.188862	1.026018	0.082243	0.319544	1.093750	0.039502	0.389258	1.204687	0.077752	0.258540	0.913848	0.536641	0.007880	0.939431	0.062744	-0.298864	0.825804	0.072434	-0.323436	0.859094	0.242633	-0.286161	0.564355	1.707242	-0.883734	0.544955	1.619718	-0.907142	0.499266	1.637674	-0.890420	1.003930	1.860177	-0.381345	1.020768	1.872243	-0.305648	1.079272	1.881174	-0.288668
572	1.586111111	1.301360	1.056522	0.087056	0.962765	1.023880	0.181570	1.179081	1.030988	-0.027109	1.015678	1.021309	0.016483	0.797683	1.386914	-0.055912	0.963323	1.274165	-0.107298	0.848084	1.245415	0.036084	0.636520	1.636235	-0.066906	0.624845	1.615129	0.086411	0.756989	1.668900	-0.018848	0.945816	1.534792	-0.137137	0.903880	1.381496	-0.174429	1.276018	1.569871	-0.103015	1.136041	1.458379	-0.144728	1.229364	1.834762	-0.115743	0.762682	1.469023	0.114993	0.750747	1.357269	0.075497	1.021275	1.655910	0.111848	0.916349	1.510102	0.199340	1.097457	1.839547	-0.097005	1.260437	0.497081	0.188628	1.025788	0.081984	0.319534	1.093538	0.039392	0.389213	1.204463	0.077617	0.258479	0.914006	0.536342	0.009367	0.938973	0.062981	-0.298682	0.824944	0.071879	-0.322481	0.857487	0.242367	-0.284338	0.539775	1.678104	-0.867328	0.520818	1.589776	-0.887165	0.475407	1.607592	-0.869758	0.994370	1.849568	-0.384569	1.013052	1.863719	-0.310440	1.072298	1.873640	-0.294789
573	1.588888889	1.301369	1.056125	0.086977	0.963088	1.024000	0.183142	1.178367	1.030790	-0.026612	1.015123	1.021438	0.017834	0.797728	1.387534	-0.053727	0.962814	1.273948	-0.105507	0.848060	1.246133	0.038242	0.637696	1.637744	-0.065046	0.626437	1.617020	0.088383	0.758474	1.670015	-0.017402	0.946012	1.534450	-0.136937	0.903323	1.381145	-0.172574	1.277068	1.568679	-0.108662	1.135905	1.456802	-0.146222	1.228125	1.833020	-0.125689	0.763590	1.470253	0.116739	0.751322	1.358288	0.077841	1.022332	1.656084	0.108764	0.917839	1.511375	0.199222	1.096278	1.836788	-0.103736	1.260014	0.496847	0.188420	1.025478	0.081657	0.319475	1.093348	0.039304	0.389185	1.204184	0.077521	0.258381	0.914021	0.536149	0.010970	0.938577	0.063301	-0.298507	0.824089	0.071507	-0.321385	0.856028	0.242113	-0.282482	0.516351	1.649607	-0.849392	0.497310	1.560264	-0.866741	0.452717	1.578202	-0.847661	0.984951	1.838995	-0.387195	1.008286	1.854452	-0.312249	1.065285	1.865982	-0.300453
574	1.591666667	1.301340	1.055740	0.086934	0.963472	1.023888	0.184532	1.177724	1.030609	-0.026125	1.014800	1.021480	0.019069	0.798126	1.387981	-0.051645	0.962370	1.273779	-0.103714	0.848252	1.246766	0.040398	0.638758	1.639087	-0.063185	0.626838	1.619574	0.090265	0.759874	1.671018	-0.016020	0.946115	1.534016	-0.136807	0.902631	1.380808	-0.170743	1.277997	1.567213	-0.114467	1.135669	1.455224	-0.147637	1.226611	1.831020	-0.135402	0.764586	1.471219	0.118503	0.751731	1.359340	0.080207	1.023405	1.656147	0.105727	0.919488	1.512616	0.198951	1.095075	1.833877	-0.110406	1.259572	0.496601	0.188183	1.025170	0.081265	0.319388	1.093189	0.039221	0.389151	1.203855	0.077379	0.258247	0.914170	0.535818	0.012414	0.938261	0.063597	-0.298335	0.823599	0.070953	-0.320472	0.854523	0.241814	-0.280785	0.494050	1.621834	-0.830063	0.475482	1.531841	-0.844257	0.431468	1.549676	-0.823858	0.975528	1.828400	-0.389134	1.001482	1.845717	-0.315251	1.058206	1.858228	-0.305602
575	1.594444444	1.301376	1.055417	0.086941	0.963871	1.023789	0.185978	1.177113	1.030438	-0.025571	1.014536	1.021449	0.020339	0.798262	1.388402	-0.049512	0.961803	1.273610	-0.101985	0.848097	1.247463	0.042509	0.639790	1.640512	-0.061191	0.629521	1.620596	0.092395	0.761288	1.671958	-0.014643	0.946210	1.533516	-0.136689	0.901933	1.380334	-0.168889	1.278864	1.565590	-0.120128	1.135430	1.453474	-0.149160	1.225046	1.828826	-0.144805	0.765522	1.472215	0.120250	0.752350	1.360270	0.082487	1.024427	1.656047	0.102763	0.920996	1.513684	0.198801	1.093413	1.830974	-0.116527	1.259225	0.496429	0.188005	1.024768	0.080708	0.319296	1.093043	0.039095	0.389119	1.203612	0.077312	0.258089	0.914553	0.535375	0.013733	0.937939	0.063800	-0.298127	0.823020	0.070370	-0.319588	0.853035	0.241534	-0.278935	0.472872	1.594767	-0.809371	0.455019	1.504258	-0.820465	0.411498	1.522012	-0.798851	0.966561	1.818285	-0.390682	0.994522	1.837129	-0.317826	1.051812	1.850762	-0.310527
576	1.597222222	1.301497	1.055194	0.086967	0.964229	1.023756	0.187349	1.176597	1.030275	-0.024992	1.014100	1.021534	0.021636	0.798568	1.388832	-0.047494	0.961276	1.273439	-0.100297	0.848257	1.247985	0.044599	0.640753	1.641719	-0.059234	0.630039	1.622873	0.094386	0.762685	1.672916	-0.013312	0.946342	1.533051	-0.136633	0.900654	1.379936	-0.167230	1.279814	1.563877	-0.125838	1.135267	1.451851	-0.150701	1.223143	1.826283	-0.153999	0.766557	1.473120	0.121911	0.752733	1.361271	0.084812	1.025651	1.655805	0.099920	0.922629	1.514736	0.198623	1.091989	1.827691	-0.122496	1.258978	0.496381	0.187835	1.023671	0.079539	0.319107	1.092915	0.038986	0.389081	1.203478	0.077358	0.257920	0.914647	0.535048	0.015186	0.937585	0.063828	-0.297883	0.822456	0.069667	-0.318673	0.851798	0.241146	-0.277127	0.453068	1.568443	-0.787506	0.435965	1.477600	-0.795472	0.392526	1.495322	-0.772777	0.957454	1.807837	-0.391270	0.987786	1.828635	-0.319829	1.044611	1.843102	-0.314584
577	1.600000000	1.301738	1.055022	0.087030	0.964621	1.023679	0.188609	1.176149	1.030108	-0.024424	1.013820	1.021566	0.022768	0.798634	1.389282	-0.045464	0.960830	1.273122	-0.098578	0.848416	1.248517	0.046627	0.641806	1.642866	-0.057233	0.632776	1.623757	0.096510	0.764023	1.673814	-0.011798	0.946598	1.532659	-0.136618	0.900278	1.379466	-0.165456	1.280572	1.562029	-0.131442	1.134960	1.449964	-0.152195	1.221223	1.823610	-0.162960	0.767677	1.473978	0.123438	0.753355	1.362143	0.086982	1.026889	1.655536	0.097085	0.924221	1.515738	0.198528	1.090794	1.824285	-0.128370	1.258836	0.496377	0.187682	1.024038	0.079486	0.318875	1.092759	0.038847	0.389071	1.203469	0.077474	0.257755	0.914868	0.534649	0.016572	0.936852	0.063461	-0.297299	0.821930	0.069038	-0.317742	0.850489	0.240743	-0.275322	0.434261	1.543131	-0.764422	0.418052	1.452136	-0.769608	0.375650	1.469488	-0.746060	0.948504	1.797407	-0.391331	0.980989	1.819932	-0.321687	1.037806	1.835225	-0.318292
578	1.602777778	1.301939	1.054866	0.087085	0.964930	1.023484	0.190116	1.175838	1.030002	-0.023936	1.013704	1.021534	0.023840	0.798939	1.389579	-0.043528	0.960373	1.272809	-0.096980	0.848569	1.248977	0.048562	0.642859	1.643945	-0.055320	0.634561	1.625163	0.098443	0.765476	1.674414	-0.010633	0.946499	1.532159	-0.137111	0.899917	1.378938	-0.163671	1.281463	1.560020	-0.137046	1.134611	1.448051	-0.153741	1.219591	1.820865	-0.171758	0.768717	1.474773	0.125003	0.754001	1.362957	0.089063	1.028124	1.655169	0.094334	0.926266	1.516857	0.197961	1.089495	1.820856	-0.134099	1.258714	0.496336	0.187483	1.023863	0.079010	0.318685	1.092651	0.038698	0.389024	1.203483	0.077530	0.257573	0.915131	0.534142	0.017746	0.936647	0.063511	-0.297027	0.821525	0.068236	-0.316908	0.849202	0.240189	-0.273613	0.416588	1.518463	-0.740365	0.401768	1.427252	-0.742726	0.359956	1.444792	-0.717523	0.940115	1.787087	-0.391102	0.974508	1.811192	-0.323235	1.031076	1.827185	-0.321563
579	1.605555556	1.302136	1.054726	0.087114	0.965425	1.023387	0.191213	1.175521	1.029827	-0.023489	1.013720	1.021508	0.024865	0.799330	1.389872	-0.041730	0.960077	1.272518	-0.095492	0.848854	1.249419	0.050509	0.643918	1.645074	-0.053480	0.636181	1.626645	0.100454	0.766878	1.675167	-0.009405	0.946975	1.531602	-0.136924	0.899582	1.378441	-0.161903	1.282152	1.557855	-0.142647	1.134280	1.446094	-0.155436	1.218643	1.818337	-0.180646	0.769673	1.475661	0.126479	0.754543	1.363912	0.091240	1.029495	1.654851	0.091690	0.927853	1.517744	0.197729	1.088288	1.817317	-0.139607	1.258654	0.496293	0.187266	1.023692	0.078496	0.318437	1.092557	0.038568	0.388971	1.203454	0.077527	0.257371	0.915530	0.533646	0.018929	0.936434	0.063551	-0.296795	0.821160	0.067639	-0.316100	0.848107	0.239589	-0.271887	0.400161	1.494723	-0.715471	0.386258	1.403181	-0.715039	0.345339	1.420861	-0.688905	0.931440	1.776767	-0.390229	0.967459	1.802687	-0.324505	1.024310	1.819234	-0.324414
580	1.608333333	1.302306	1.054584	0.087132	0.965943	1.023339	0.192246	1.175215	1.029697	-0.023049	1.013688	1.021560	0.025855	0.799367	1.390315	-0.039790	0.959602	1.272276	-0.093865	0.848947	1.249949	0.052403	0.644694	1.646301	-0.051316	0.637936	1.628033	0.102528	0.768288	1.675919	-0.008175	0.947340	1.531103	-0.137065	0.899150	1.377961	-0.160291	1.282847	1.555494	-0.148182	1.133954	1.444070	-0.157021	1.215507	1.814697	-0.188963	0.770775	1.476518	0.127931	0.755260	1.364865	0.093210	1.030852	1.654503	0.089189	0.929560	1.518680	0.197450	1.086977	1.813753	-0.144784	1.258628	0.496250	0.187011	1.023247	0.077996	0.318337	1.092541	0.038515	0.388830	1.203456	0.077509	0.257139	0.916100	0.533175	0.020110	0.936157	0.063495	-0.296562	0.820787	0.067064	-0.315237	0.847124	0.239191	-0.270219	0.385063	1.471904	-0.689881	0.372621	1.380128	-0.686749	0.331182	1.397883	-0.659990	0.923600	1.766628	-0.389111	0.961395	1.794120	-0.324823	1.017263	1.811080	-0.326639
581	1.611111111	1.302488	1.054503	0.087197	0.966423	1.023421	0.193255	1.175096	1.029714	-0.022687	1.013612	1.021762	0.026679	0.799832	1.390703	-0.038170	0.959064	1.272166	-0.092440	0.849244	1.250449	0.054172	0.645992	1.647038	-0.049936	0.639720	1.629497	0.104439	0.769598	1.676696	-0.007026	0.947596	1.530738	-0.137210	0.898708	1.377637	-0.158643	1.283441	1.552982	-0.153669	1.133388	1.442056	-0.158646	1.213053	1.811284	-0.197167	0.771643	1.477567	0.129352	0.755890	1.365857	0.095163	1.032047	1.654181	0.086758	0.931109	1.519541	0.197239	1.085381	1.810207	-0.149907	1.258582	0.496231	0.186777	1.023325	0.077905	0.318208	1.092569	0.038497	0.388664	1.203441	0.077530	0.256920	0.916288	0.533004	0.021185	0.935869	0.063519	-0.296351	0.820402	0.066538	-0.314375	0.846178	0.238826	-0.268523	0.370910	1.450022	-0.663589	0.359844	1.358291	-0.657939	0.318576	1.376227	-0.630326	0.915502	1.756563	-0.387437	0.954985	1.785859	-0.325145	1.011010	1.803223	-0.329160
582	1.613888889	1.302617	1.054446	0.087281	0.966824	1.023603	0.194197	1.175045	1.029849	-0.022334	1.013654	1.022013	0.027428	0.799857	1.391441	-0.036451	0.958724	1.272020	-0.090982	0.849262	1.251235	0.055964	0.647191	1.648373	-0.048014	0.640318	1.631676	0.106313	0.770940	1.677533	-0.005837	0.947979	1.530494	-0.137322	0.898246	1.377334	-0.157083	1.283981	1.550463	-0.159026	1.132977	1.440099	-0.160350	1.210227	1.807582	-0.205052	0.772776	1.478587	0.130557	0.756235	1.367096	0.097076	1.033258	1.653910	0.084481	0.932617	1.520462	0.197032	1.083690	1.806532	-0.154722	1.258540	0.496232	0.186593	1.023461	0.078019	0.318132	1.092648	0.038578	0.388511	1.203471	0.077611	0.256732	0.916292	0.533059	0.022352	0.935535	0.063548	-0.296126	0.819994	0.066220	-0.313503	0.845317	0.238509	-0.266951	0.357982	1.429268	-0.636869	0.348119	1.337554	-0.628432	0.307457	1.355622	-0.599908	0.907726	1.746666	-0.385260	0.949072	1.777740	-0.324884	1.004794	1.795417	-0.330659
583	1.616666667	1.302717	1.054449	0.087395	0.967165	1.023853	0.195001	1.175303	1.030519	-0.021979	1.013783	1.022432	0.028222	0.800018	1.392245	-0.034802	0.958459	1.272000	-0.089529	0.849363	1.252081	0.057604	0.648181	1.649776	-0.046167	0.642066	1.633278	0.108172	0.772352	1.678414	-0.004719	0.948473	1.530308	-0.137458	0.897948	1.377180	-0.155526	1.284420	1.547750	-0.164339	1.132519	1.438102	-0.161972	1.207684	1.803837	-0.212818	0.773831	1.479755	0.131839	0.756983	1.368342	0.098844	1.034683	1.653933	0.082402	0.934053	1.521385	0.196839	1.081979	1.803016	-0.159431	1.258491	0.496256	0.186402	1.023615	0.078258	0.318133	1.092756	0.038758	0.388350	1.203499	0.077720	0.256568	0.916576	0.533113	0.023412	0.935333	0.063773	-0.295956	0.819670	0.066117	-0.312756	0.844568	0.238426	-0.265303	0.345877	1.409425	-0.609512	0.337469	1.317817	-0.598582	0.297168	1.336270	-0.569208	0.900475	1.737111	-0.382828	0.943160	1.769620	-0.324623	0.998578	1.787611	-0.332158
584	1.619444444	1.302750	1.054419	0.087490	0.967701	1.024265	0.195855	1.175512	1.030946	-0.021763	1.014042	1.022908	0.028920	0.800213	1.393241	-0.033281	0.958221	1.272038	-0.088173	0.849474	1.253029	0.059282	0.649144	1.651187	-0.044402	0.643822	1.635021	0.110041	0.773824	1.679310	-0.003556	0.948992	1.530153	-0.137629	0.897691	1.377124	-0.154005	1.282984	1.543312	-0.172089	1.132090	1.435811	-0.163585	1.204911	1.799893	-0.220334	0.774718	1.481036	0.133050	0.757534	1.369757	0.100672	1.035683	1.653736	0.080289	0.935782	1.522633	0.196945	1.080125	1.799603	-0.164159	1.258431	0.496228	0.186232	1.023826	0.078579	0.318257	1.092872	0.038996	0.388285	1.203475	0.077765	0.256409	0.917102	0.533217	0.024358	0.935154	0.064032	-0.295747	0.819516	0.066102	-0.311993	0.843950	0.238374	-0.263783	0.335090	1.390624	-0.581869	0.326482	1.298736	-0.568046	0.288324	1.318022	-0.538323	0.893375	1.727615	-0.380086	0.937480	1.761524	-0.323804	0.992553	1.779868	-0.333314
585	1.622222222	1.302745	1.054378	0.087597	0.968271	1.024691	0.196728	1.175729	1.031440	-0.021579	1.014269	1.023413	0.029516	0.800739	1.393996	-0.031627	0.957902	1.272101	-0.086817	0.849681	1.254086	0.060861	0.650050	1.652819	-0.042605	0.645548	1.636773	0.111853	0.775236	1.680302	-0.002427	0.949516	1.529956	-0.137857	0.897442	1.377126	-0.152605	1.283459	1.540458	-0.176998	1.131294	1.434000	-0.164422	1.201885	1.795722	-0.227642	0.775819	1.482339	0.134267	0.758075	1.371119	0.102424	1.036860	1.653545	0.078414	0.936914	1.523405	0.196833	1.078204	1.796269	-0.168734	1.258306	0.496126	0.186084	1.024155	0.078941	0.318480	1.093055	0.039219	0.388240	1.203353	0.077676	0.256314	0.917610	0.533430	0.025263	0.935029	0.064347	-0.295562	0.819418	0.066101	-0.311225	0.843382	0.238378	-0.262307	0.325331	1.372793	-0.554097	0.317871	1.281188	-0.537783	0.280315	1.300889	-0.507151	0.886486	1.718309	-0.377040	0.931863	1.753775	-0.322743	0.986561	1.772196	-0.334123
586	1.625000000	1.302703	1.054312	0.087692	0.968708	1.025080	0.197536	1.175152	1.031260	-0.021111	1.014369	1.023881	0.030139	0.801024	1.394975	-0.030109	0.957641	1.272211	-0.085413	0.850022	1.255037	0.062366	0.651248	1.654072	-0.040984	0.647350	1.638515	0.113585	0.776458	1.681204	-0.001342	0.950074	1.529662	-0.138082	0.897180	1.377123	-0.151149	1.284966	1.538161	-0.180510	1.131131	1.432017	-0.166413	1.198768	1.791338	-0.234911	0.776708	1.483469	0.135536	0.758781	1.372443	0.104093	1.038010	1.653285	0.076615	0.938206	1.524243	0.196828	1.076307	1.792941	-0.172971	1.258222	0.496018	0.185968	1.024462	0.079254	0.318715	1.093212	0.039365	0.388222	1.203260	0.077563	0.256279	0.917833	0.533768	0.026373	0.934822	0.064548	-0.295298	0.819172	0.066144	-0.310384	0.842763	0.238346	-0.260781	0.316288	1.355924	-0.526009	0.309937	1.264560	-0.507268	0.273499	1.284839	-0.475989	0.879851	1.709250	-0.373563	0.927264	1.746045	-0.320466	0.980415	1.764463	-0.334562
587	1.627777778	1.302687	1.054268	0.087817	0.969429	1.025243	0.197961	1.175479	1.031594	-0.021163	1.014445	1.024329	0.030761	0.800866	1.396167	-0.028926	0.957401	1.272295	-0.084152	0.850060	1.255920	0.063788	0.652251	1.655336	-0.039276	0.648954	1.640050	0.115301	0.777643	1.682031	-0.000221	0.950669	1.529440	-0.138300	0.896997	1.377121	-0.149806	1.285168	1.535049	-0.185482	1.130657	1.429749	-0.168053	1.195524	1.786941	-0.241756	0.777595	1.484521	0.136711	0.759459	1.373646	0.105660	1.038969	1.653002	0.075016	0.939496	1.525003	0.196860	1.074021	1.789491	-0.176767	1.258175	0.495890	0.185885	1.024708	0.079463	0.318969	1.093372	0.039431	0.388256	1.203192	0.077426	0.256282	0.917935	0.534076	0.027460	0.934583	0.064669	-0.294915	0.818835	0.066184	-0.309562	0.842217	0.238237	-0.259401	0.308368	1.339915	-0.497901	0.302956	1.248918	-0.476640	0.268056	1.269641	-0.444918	0.873939	1.700682	-0.369874	0.922105	1.738386	-0.318386	0.974672	1.756932	-0.334705
588	1.630555556	1.302640	1.054218	0.087940	0.969885	1.025397	0.198694	1.175271	1.031799	-0.020770	1.014554	1.024608	0.031425	0.800993	1.397039	-0.027479	0.956968	1.272340	-0.082871	0.850199	1.256640	0.065200	0.653225	1.656583	-0.037549	0.650780	1.641472	0.117034	0.778922	1.682966	0.000811	0.951267	1.529197	-0.138486	0.896630	1.377095	-0.148371	1.285459	1.531781	-0.190177	1.130224	1.427582	-0.169260	1.190774	1.781481	-0.247665	0.778520	1.485434	0.137871	0.759885	1.374826	0.107298	1.040056	1.652666	0.073560	0.940605	1.525606	0.196983	1.072055	1.785891	-0.180784	1.258171	0.495750	0.185863	1.024933	0.079553	0.319207	1.093532	0.039419	0.388326	1.203184	0.077293	0.256330	0.918188	0.534184	0.028363	0.934322	0.064707	-0.294491	0.818598	0.066018	-0.308823	0.841682	0.237939	-0.257853	0.300990	1.324795	-0.469504	0.297098	1.234380	-0.446071	0.262880	1.255538	-0.413671	0.867760	1.691839	-0.365800	0.917613	1.730896	-0.316095	0.969193	1.749374	-0.334632
589	1.633333333	1.302632	1.054139	0.088034	0.970404	1.025545	0.199542	1.175151	1.031994	-0.020499	1.014701	1.024876	0.032098	0.801660	1.397751	-0.025979	0.956617	1.272347	-0.081493	0.850391	1.257384	0.066633	0.654315	1.657794	-0.035878	0.652360	1.642848	0.118787	0.780164	1.683837	0.001884	0.951806	1.528896	-0.138631	0.896528	1.377071	-0.147029	1.285503	1.528632	-0.194728	1.129703	1.425538	-0.170801	1.186748	1.776385	-0.253740	0.779317	1.486368	0.139112	0.760523	1.375791	0.108825	1.041004	1.652279	0.072296	0.941707	1.526143	0.197160	1.069565	1.782262	-0.184302	1.258223	0.495566	0.185849	1.025075	0.079500	0.319375	1.093707	0.039361	0.388460	1.203192	0.077087	0.256418	0.918617	0.534107	0.029221	0.934167	0.064750	-0.294076	0.818489	0.065825	-0.308092	0.841216	0.237621	-0.256383	0.294576	1.310645	-0.441198	0.292654	1.220595	-0.415648	0.258696	1.242313	-0.383001	0.861800	1.683132	-0.361305	0.913356	1.723499	-0.313367	0.963721	1.741836	-0.334253
590	1.636111111	1.302585	1.054034	0.088077	0.970892	1.025701	0.200369	1.175002	1.032184	-0.020256	1.014665	1.025220	0.032799	0.801839	1.398642	-0.024634	0.956339	1.272368	-0.080259	0.850644	1.258052	0.067948	0.655216	1.658965	-0.034283	0.654103	1.644096	0.120386	0.781454	1.684638	0.002926	0.952385	1.528534	-0.138867	0.896411	1.376984	-0.145754	1.285665	1.525324	-0.199063	1.129229	1.423146	-0.172388	1.186179	1.772607	-0.261959	0.780326	1.487124	0.140202	0.760972	1.376765	0.110269	1.041887	1.651866	0.071133	0.942720	1.526554	0.197355	1.067434	1.778543	-0.187902	1.258289	0.495344	0.185819	1.025212	0.079388	0.319537	1.093876	0.039233	0.388592	1.203223	0.076850	0.256524	0.918961	0.534085	0.030232	0.934124	0.064740	-0.293721	0.818335	0.065620	-0.307347	0.840753	0.237337	-0.255006	0.288939	1.296984	-0.412823	0.288262	1.207739	-0.385307	0.255103	1.230182	-0.352192	0.856183	1.674521	-0.356864	0.909015	1.716135	-0.310428	0.958541	1.734492	-0.333694
591	1.638888889	1.302520	1.053961	0.088083	0.971253	1.025893	0.201226	1.174761	1.032369	-0.020005	1.015157	1.025288	0.033009	0.802327	1.399198	-0.023477	0.955892	1.272427	-0.079132	0.850918	1.258629	0.069164	0.656189	1.660093	-0.032677	0.655808	1.645322	0.122045	0.782658	1.685457	0.003915	0.952838	1.528205	-0.139088	0.896146	1.376979	-0.144439	1.285190	1.521740	-0.204447	1.128404	1.422236	-0.174328	1.179732	1.767040	-0.265340	0.781321	1.487766	0.141268	0.761693	1.377536	0.111670	1.042772	1.651375	0.070114	0.943770	1.526940	0.197551	1.065088	1.774786	-0.191051	1.258319	0.495119	0.185783	1.025497	0.079054	0.319443	1.094017	0.039055	0.388769	1.203273	0.076602	0.256579	0.919403	0.534041	0.031129	0.933976	0.064665	-0.293354	0.818327	0.065358	-0.306632	0.840282	0.236965	-0.253497	0.284166	1.284568	-0.384804	0.284692	1.195937	-0.355362	0.252389	1.218520	-0.321547	0.850595	1.666069	-0.352050	0.904713	1.708733	-0.307642	0.953337	1.727107	-0.332922
592	1.641666667	1.302492	1.053905	0.088067	0.971602	1.025865	0.202035	1.174419	1.032512	-0.019721	1.014503	1.025698	0.034041	0.802295	1.400012	-0.022350	0.955638	1.272037	-0.078273	0.851000	1.259118	0.070319	0.657014	1.661213	-0.031075	0.657328	1.646523	0.123573	0.783773	1.686175	0.004861	0.953133	1.528045	-0.139237	0.895810	1.376911	-0.143265	1.284875	1.518207	-0.208980	1.131401	1.419152	-0.171925	1.176104	1.762049	-0.271268	0.782119	1.488436	0.142336	0.762195	1.378232	0.113010	1.043581	1.650864	0.069213	0.944722	1.527247	0.197738	1.063017	1.770924	-0.194317	1.258477	0.495014	0.185737	1.025776	0.079083	0.319620	1.094138	0.038866	0.388910	1.203386	0.076458	0.256637	0.919710	0.534027	0.031881	0.933873	0.064604	-0.292959	0.818181	0.065146	-0.305939	0.839826	0.236619	-0.252199	0.280019	1.273075	-0.356826	0.282072	1.185181	-0.325721	0.250296	1.208113	-0.291533	0.845306	1.657764	-0.347110	0.899545	1.701952	-0.306047	0.948357	1.719776	-0.331868
593	1.644444444	1.302479	1.053937	0.088031	0.971949	1.025799	0.202763	1.174110	1.032659	-0.019477	1.014175	1.025879	0.034785	0.802236	1.400732	-0.021144	0.955367	1.272126	-0.077305	0.851089	1.259547	0.071506	0.657849	1.662337	-0.029575	0.658804	1.647586	0.125156	0.784901	1.686885	0.005859	0.953479	1.527620	-0.139586	0.895621	1.376463	-0.142073	1.284349	1.514693	-0.213469	1.130908	1.417491	-0.172900	1.172332	1.757124	-0.276923	0.782886	1.489021	0.143307	0.762591	1.378975	0.114357	1.044427	1.650382	0.068394	0.945620	1.527514	0.197964	1.060552	1.767006	-0.197083	1.258650	0.494992	0.185684	1.025974	0.079172	0.319784	1.094260	0.038695	0.389025	1.203507	0.076377	0.256686	0.919906	0.533920	0.032668	0.933698	0.064494	-0.292602	0.818001	0.064804	-0.305314	0.839318	0.236292	-0.250843	0.276607	1.262451	-0.329156	0.279592	1.175235	-0.296231	0.248756	1.199342	-0.261892	0.840268	1.649711	-0.341965	0.895419	1.694813	-0.303039	0.943451	1.712583	-0.330638
594	1.647222222	1.302482	1.053994	0.087955	0.972252	1.025891	0.203609	1.173747	1.032797	-0.019254	1.013977	1.026072	0.035553	0.802381	1.401278	-0.020011	0.954394	1.272138	-0.075987	0.851296	1.260010	0.072627	0.658837	1.663411	-0.028032	0.660239	1.648717	0.126670	0.785973	1.687611	0.006808	0.953779	1.527215	-0.139826	0.895122	1.376444	-0.140804	1.283553	1.511278	-0.217924	1.126459	1.413178	-0.176935	1.168775	1.752168	-0.282672	0.783795	1.489514	0.144337	0.763005	1.379583	0.115658	1.045314	1.649923	0.067682	0.946520	1.527758	0.198213	1.058008	1.763000	-0.199777	1.258881	0.495030	0.185632	1.025501	0.078840	0.319930	1.094380	0.038580	0.389160	1.203631	0.076410	0.256720	0.920087	0.533831	0.033436	0.933580	0.064420	-0.292244	0.817812	0.064549	-0.304773	0.838844	0.235952	-0.249488	0.273894	1.252719	-0.301734	0.278339	1.166516	-0.267168	0.248170	1.190971	-0.232539	0.835291	1.641737	-0.336645	0.891386	1.688023	-0.300162	0.938770	1.705558	-0.329168
595	1.650000000	1.302474	1.054099	0.087814	0.972043	1.026168	0.204864	1.173372	1.032892	-0.019047	1.013706	1.026305	0.036306	0.802746	1.401766	-0.018915	0.953594	1.271776	-0.074948	0.851378	1.260447	0.073616	0.659627	1.664526	-0.026615	0.661783	1.649751	0.128132	0.787098	1.688284	0.007798	0.953962	1.526831	-0.140049	0.894999	1.376686	-0.139719	1.282781	1.507626	-0.222244	1.125824	1.410947	-0.178029	1.164967	1.747144	-0.287991	0.784393	1.490186	0.145426	0.763477	1.380165	0.116927	1.046121	1.649427	0.067007	0.947440	1.528048	0.198441	1.055707	1.759067	-0.202566	1.259072	0.495080	0.185506	1.026237	0.079709	0.320118	1.094474	0.038535	0.389290	1.203724	0.076440	0.256698	0.920250	0.533753	0.034276	0.933485	0.064451	-0.291927	0.817681	0.064231	-0.304296	0.838429	0.235737	-0.248203	0.271716	1.243931	-0.274501	0.277556	1.158560	-0.238508	0.248087	1.183521	-0.203751	0.830679	1.634161	-0.331144	0.887107	1.681411	-0.297085	0.934535	1.698441	-0.328443
596	1.652777778	1.302459	1.054187	0.087629	0.972250	1.026272	0.205672	1.172993	1.032986	-0.018826	1.013480	1.026575	0.037020	0.802987	1.402340	-0.017827	0.953214	1.271727	-0.073977	0.851501	1.260915	0.074656	0.660599	1.665702	-0.025248	0.662906	1.651160	0.129651	0.788198	1.689008	0.008784	0.954109	1.526478	-0.140307	0.894647	1.376713	-0.138656	1.281770	1.503861	-0.226625	1.126905	1.410789	-0.176732	1.161161	1.742152	-0.292995	0.785084	1.490806	0.146407	0.763909	1.380800	0.118078	1.047000	1.648993	0.066298	0.948327	1.528347	0.198650	1.053348	1.755087	-0.205045	1.259267	0.495167	0.185311	1.026348	0.080000	0.320242	1.094630	0.038533	0.389369	1.203798	0.076504	0.256639	0.920449	0.533718	0.035062	0.933423	0.064473	-0.291654	0.817551	0.063962	-0.303816	0.837949	0.235503	-0.246941	0.270300	1.236027	-0.247736	0.277271	1.151546	-0.210463	0.248739	1.176879	-0.175176	0.826477	1.626817	-0.325596	0.883408	1.675006	-0.293770	0.929340	1.691547	-0.325815
597	1.655555556	1.302472	1.054262	0.087379	0.972454	1.026352	0.206434	1.172230	1.032840	-0.018851	1.013129	1.026792	0.037707	0.803226	1.402807	-0.016847	0.952981	1.271729	-0.073178	0.851529	1.261376	0.075738	0.661616	1.666798	-0.023927	0.664441	1.652075	0.130919	0.789304	1.689734	0.009713	0.954231	1.526132	-0.140588	0.894359	1.376693	-0.137703	1.280685	1.500059	-0.230907	1.125881	1.408621	-0.177821	1.157446	1.737141	-0.298027	0.785839	1.491271	0.147334	0.764411	1.381351	0.119260	1.047890	1.648544	0.065590	0.949220	1.528648	0.198790	1.051041	1.750522	-0.207122	1.259430	0.495201	0.185085	1.026481	0.080287	0.320331	1.094766	0.038530	0.389410	1.203909	0.076535	0.256557	0.920771	0.533636	0.035721	0.933396	0.064467	-0.291404	0.817436	0.063753	-0.303347	0.837556	0.235184	-0.245843	0.269808	1.229144	-0.221484	0.277837	1.145328	-0.182738	0.249718	1.171300	-0.147181	0.822517	1.619835	-0.319978	0.879955	1.668844	-0.290435	0.925510	1.684280	-0.323654
598	1.658333333	1.302486	1.054309	0.087115	0.972541	1.026561	0.207333	1.171777	1.032777	-0.018606	1.012923	1.026918	0.038356	0.803214	1.403249	-0.015824	0.952540	1.271722	-0.072349	0.851744	1.261781	0.076738	0.662570	1.667883	-0.022753	0.665764	1.653014	0.132121	0.790467	1.690444	0.010604	0.954326	1.525745	-0.140911	0.894097	1.376596	-0.136792	1.279623	1.496360	-0.235090	1.126377	1.407883	-0.178030	1.153548	1.732009	-0.302582	0.786438	1.491752	0.148255	0.764759	1.381919	0.120443	1.048724	1.647979	0.064856	0.950081	1.528909	0.198947	1.048660	1.746557	-0.209246	1.259656	0.495307	0.184868	1.026551	0.080503	0.320380	1.094976	0.038501	0.389442	1.204061	0.076521	0.256443	0.921008	0.533558	0.036308	0.933377	0.064380	-0.291203	0.817152	0.063662	-0.302827	0.837276	0.234861	-0.244830	0.269543	1.222852	-0.195500	0.278617	1.139986	-0.155506	0.251483	1.166554	-0.119776	0.819353	1.612407	-0.314451	0.875140	1.663482	-0.287289	0.920701	1.678473	-0.321662
599	1.661111111	1.302540	1.054380	0.086816	0.973103	1.026260	0.207685	1.171414	1.032746	-0.018393	1.012656	1.027040	0.039033	0.803325	1.403590	-0.014731	0.952137	1.271736	-0.071545	0.851896	1.262211	0.077670	0.663622	1.668940	-0.021498	0.667440	1.653621	0.133262	0.791634	1.691091	0.011454	0.954413	1.525322	-0.141286	0.894039	1.376340	-0.135686	1.278420	1.492534	-0.239156	1.123892	1.404864	-0.179793	1.149910	1.727025	-0.306956	0.786943	1.492288	0.149168	0.765109	1.382386	0.121528	1.049583	1.647387	0.064071	0.950958	1.529126	0.199086	1.046301	1.742621	-0.211326	1.259939	0.495365	0.184644	1.026616	0.080619	0.320403	1.095214	0.038448	0.389448	1.204290	0.076551	0.256353	0.921201	0.533470	0.036877	0.933436	0.064337	-0.291013	0.817006	0.063458	-0.302412	0.837009	0.234539	-0.243743	0.269959	1.217497	-0.170130	0.280370	1.135544	-0.128760	0.253859	1.162363	-0.092914	0.815602	1.606278	-0.308549	0.871893	1.657825	-0.283999	0.916682	1.672190	-0.319456
600	1.663888889	1.302638	1.054415	0.086508	0.973285	1.026541	0.208647	1.171025	1.032685	-0.018169	1.012411	1.027122	0.039688	0.803674	1.403750	-0.013803	0.951801	1.271743	-0.070813	0.851996	1.262565	0.078647	0.664596	1.670063	-0.020440	0.668710	1.654489	0.134367	0.792837	1.691713	0.012347	0.954333	1.524827	-0.141728	0.893741	1.376266	-0.134833	1.277171	1.488743	-0.243132	1.121380	1.404077	-0.182518	1.145911	1.721895	-0.310856	0.787611	1.492763	0.150029	0.765544	1.382861	0.122654	1.050618	1.646804	0.063284	0.951837	1.529347	0.199189	1.044417	1.738733	-0.213131	1.260192	0.495417	0.184406	1.026812	0.080697	0.320416	1.095453	0.038424	0.389471	1.204509	0.076570	0.256238	0.921495	0.533373	0.037472	0.933531	0.064275	-0.290853	0.816956	0.063290	-0.302044	0.836769	0.234238	-0.242650	0.271185	1.212670	-0.145168	0.282737	1.131484	-0.102386	0.256618	1.159305	-0.066628	0.812039	1.600290	-0.303081	0.868717	1.652295	-0.280686	0.912775	1.666311	-0.317215
601	1.666666667	1.302720	1.054388	0.086240	0.973635	1.026506	0.209357	1.170703	1.032640	-0.017969	1.012287	1.027133	0.040347	0.804418	1.403851	-0.012840	0.951493	1.271669	-0.070041	0.852169	1.262922	0.079623	0.665698	1.671051	-0.019337	0.669987	1.655388	0.135440	0.794102	1.692235	0.013252	0.954383	1.524286	-0.142053	0.893455	1.376118	-0.133999	1.275775	1.484836	-0.247065	1.122737	1.401405	-0.181159	1.142051	1.716839	-0.314916	0.788507	1.493189	0.150824	0.766010	1.383307	0.123747	1.051572	1.646088	0.062563	0.952814	1.529548	0.199272	1.042282	1.734828	-0.214984	1.260401	0.495435	0.184182	1.026960	0.080756	0.320390	1.095702	0.038393	0.389528	1.204709	0.076534	0.256108	0.921730	0.533293	0.038123	0.933664	0.064229	-0.290689	0.816941	0.063078	-0.301635	0.836561	0.233917	-0.241669	0.272627	1.208639	-0.120666	0.285166	1.128693	-0.077729	0.260105	1.156723	-0.040853	0.808958	1.594630	-0.297520	0.866015	1.647148	-0.277220	0.909103	1.660529	-0.314859
602	1.669444444	1.302786	1.054321	0.086000	0.973986	1.026383	0.210029	1.170328	1.032531	-0.017736	1.012124	1.027048	0.040964	0.804422	1.404159	-0.011868	0.951186	1.271511	-0.069206	0.852332	1.263150	0.080552	0.666753	1.672005	-0.018344	0.671260	1.656270	0.136484	0.795267	1.692699	0.014064	0.954337	1.523607	-0.142557	0.893149	1.375851	-0.133066	1.274272	1.480949	-0.250883	1.119327	1.399917	-0.183603	1.138210	1.711884	-0.318382	0.789241	1.493569	0.151625	0.766460	1.383676	0.124773	1.052587	1.645349	0.061844	0.953780	1.529697	0.199361	1.040382	1.730934	-0.216727	1.260596	0.495418	0.183961	1.027137	0.080755	0.320404	1.095903	0.038339	0.389577	1.204866	0.076482	0.256003	0.922118	0.533107	0.038725	0.933687	0.064073	-0.290502	0.816886	0.062810	-0.301297	0.836312	0.233593	-0.240726	0.274687	1.205287	-0.096701	0.288578	1.126276	-0.051900	0.264371	1.154588	-0.015788	0.806023	1.589329	-0.291968	0.863329	1.642294	-0.273877	0.905669	1.654994	-0.312520
603	1.672222222	1.302829	1.054214	0.085817	0.974387	1.026268	0.210685	1.170023	1.032483	-0.017547	1.012011	1.026989	0.041600	0.804552	1.404379	-0.010912	0.950888	1.271343	-0.068438	0.852503	1.263364	0.081555	0.667814	1.672985	-0.017424	0.672369	1.657084	0.137368	0.796412	1.693163	0.014896	0.954268	1.523075	-0.142826	0.892845	1.375540	-0.132136	1.272726	1.477088	-0.254552	1.118886	1.397059	-0.183688	1.134517	1.706897	-0.321727	0.789823	1.493981	0.152479	0.766869	1.384095	0.125854	1.053764	1.644617	0.061099	0.954729	1.529774	0.199462	1.038472	1.727012	-0.218348	1.260766	0.495381	0.183789	1.027250	0.080728	0.320442	1.096087	0.038298	0.389631	1.204987	0.076456	0.255953	0.922508	0.532868	0.039288	0.933666	0.063910	-0.290308	0.816859	0.062487	-0.300954	0.836103	0.233330	-0.239724	0.277130	1.202466	-0.073351	0.292320	1.124439	-0.027614	0.269292	1.153119	0.008432	0.803268	1.584263	-0.286456	0.860556	1.637464	-0.270615	0.902275	1.649752	-0.310133
604	1.675000000	1.302922	1.054092	0.085666	0.974732	1.026158	0.211315	1.169808	1.032423	-0.017332	1.011954	1.026939	0.042163	0.804603	1.404784	-0.009995	0.950571	1.271166	-0.067682	0.852654	1.263542	0.082515	0.668812	1.673870	-0.016462	0.673377	1.657874	0.138320	0.797570	1.693633	0.015736	0.954275	1.522506	-0.143115	0.892594	1.375220	-0.131223	1.271049	1.473165	-0.258081	1.117974	1.395057	-0.184064	1.130898	1.701891	-0.324979	0.790587	1.494416	0.153218	0.767027	1.384546	0.126927	1.054888	1.643808	0.060437	0.955723	1.529849	0.199528	1.036508	1.723304	-0.219806	1.260920	0.495366	0.183679	1.027085	0.080749	0.320693	1.096263	0.038263	0.389703	1.205056	0.076387	0.255944	0.922882	0.532654	0.039839	0.933613	0.063692	-0.290092	0.816752	0.062267	-0.300596	0.835951	0.233048	-0.238711	0.280142	1.200327	-0.050543	0.296349	1.123062	-0.003849	0.273897	1.152627	0.032073	0.800506	1.579468	-0.280848	0.858688	1.633038	-0.266637	0.899063	1.644882	-0.307632
605	1.677777778	1.302977	1.053917	0.085545	0.975125	1.026086	0.212016	1.169676	1.032323	-0.017166	1.011861	1.026906	0.042774	0.804738	1.404895	-0.009051	0.950246	1.271003	-0.067007	0.852710	1.263797	0.083447	0.669807	1.674748	-0.015526	0.674422	1.658728	0.139221	0.798611	1.694047	0.016529	0.954394	1.521763	-0.143787	0.892296	1.374832	-0.130326	1.269214	1.469148	-0.261493	1.116743	1.392807	-0.184547	1.127290	1.697070	-0.328058	0.791274	1.494889	0.153908	0.767356	1.385021	0.127971	1.056048	1.642898	0.059750	0.956675	1.529880	0.199628	1.034612	1.719560	-0.221132	1.261017	0.495232	0.183602	1.027249	0.080876	0.320883	1.096460	0.038269	0.389796	1.205109	0.076258	0.255966	0.923225	0.532470	0.040397	0.933543	0.063509	-0.289844	0.816728	0.062074	-0.300207	0.835878	0.232789	-0.237813	0.283259	1.198832	-0.028207	0.301201	1.121783	0.018895	0.279558	1.152197	0.055550	0.798083	1.574994	-0.275345	0.856549	1.629081	-0.263004	0.895848	1.640126	-0.305026
606	1.680555556	1.303071	1.053713	0.085467	0.975524	1.026071	0.212703	1.169492	1.032135	-0.016853	1.011893	1.026856	0.043345	0.805021	1.405120	-0.008171	0.950109	1.270827	-0.066370	0.851592	1.264985	0.084994	0.670815	1.675583	-0.014721	0.675426	1.659644	0.139974	0.799645	1.694446	0.017306	0.954474	1.521149	-0.144273	0.891970	1.374480	-0.129378	1.267600	1.465292	-0.264738	1.115135	1.390215	-0.185327	1.123687	1.692147	-0.330832	0.791993	1.495377	0.154655	0.767856	1.385532	0.128998	1.057387	1.642048	0.059099	0.957822	1.529920	0.199718	1.032804	1.715942	-0.222307	1.261103	0.495070	0.183568	1.027432	0.080989	0.321107	1.096676	0.038292	0.389876	1.205117	0.076077	0.256027	0.923506	0.532331	0.040927	0.933512	0.063312	-0.289539	0.816831	0.061913	-0.299885	0.835932	0.232557	-0.236914	0.286953	1.197756	-0.006545	0.305923	1.121379	0.041400	0.285146	1.152343	0.078148	0.795894	1.570725	-0.269885	0.854419	1.624815	-0.259307	0.892969	1.635558	-0.302301
607	1.683333333	1.303174	1.053504	0.085421	0.975916	1.025980	0.213359	1.169575	1.032231	-0.016675	1.011989	1.026764	0.043875	0.805650	1.405000	-0.007201	0.949828	1.270609	-0.065694	0.853127	1.264559	0.085315	0.671876	1.676430	-0.013940	0.676236	1.660746	0.140844	0.800559	1.694617	0.018169	0.952534	1.519976	-0.144818	0.891816	1.374040	-0.128378	1.265873	1.461437	-0.267869	1.113611	1.388017	-0.186124	1.120026	1.687274	-0.333455	0.792632	1.495998	0.155414	0.768357	1.386029	0.129944	1.058648	1.641090	0.058598	0.958876	1.529887	0.199891	1.031018	1.712531	-0.223380	1.261184	0.494892	0.183553	1.027609	0.081055	0.321324	1.096877	0.038289	0.389945	1.205135	0.075907	0.256111	0.923765	0.532233	0.041533	0.933568	0.063184	-0.289252	0.816777	0.061889	-0.299496	0.835888	0.232281	-0.236033	0.290892	1.197142	0.014591	0.310845	1.121400	0.063278	0.290896	1.152861	0.099947	0.793826	1.566568	-0.264287	0.852553	1.621190	-0.255623	0.890039	1.631180	-0.299562
608	1.686111111	1.303308	1.053260	0.085430	0.976359	1.025890	0.214023	1.169613	1.032172	-0.016465	1.011966	1.026805	0.044695	0.805594	1.405325	-0.006310	0.949648	1.270340	-0.065011	0.853902	1.264238	0.085913	0.672899	1.677186	-0.013147	0.677293	1.661469	0.141617	0.801554	1.694903	0.018887	0.948361	1.517329	-0.147483	0.891503	1.373668	-0.127528	1.264234	1.457638	-0.270925	1.112143	1.385576	-0.186736	1.116549	1.682763	-0.335918	0.793236	1.496648	0.156146	0.768630	1.386603	0.130892	1.060012	1.640127	0.058026	0.959953	1.529781	0.200017	1.029491	1.709100	-0.224300	1.261261	0.494678	0.183537	1.027732	0.081066	0.321578	1.097022	0.038238	0.390050	1.205148	0.075726	0.256201	0.924034	0.532121	0.042131	0.933521	0.062894	-0.288829	0.816842	0.061771	-0.299062	0.835968	0.232031	-0.235142	0.294858	1.196983	0.035166	0.315747	1.121775	0.084432	0.296559	1.153762	0.121178	0.791820	1.562771	-0.258667	0.850606	1.617268	-0.251826	0.887425	1.627090	-0.296718
609	1.688888889	1.303470	1.053060	0.085446	0.976766	1.025683	0.214593	1.169669	1.032108	-0.016261	1.012410	1.026351	0.044592	0.805741	1.405555	-0.005405	0.949321	1.270303	-0.064017	0.853306	1.264876	0.087157	0.673756	1.677838	-0.012378	0.678266	1.662183	0.142337	0.802478	1.695115	0.019539	0.953124	1.518891	-0.144955	0.891020	1.373347	-0.126473	1.262440	1.453836	-0.273834	1.110826	1.383336	-0.187217	1.113119	1.678104	-0.338206	0.794027	1.497194	0.156830	0.769045	1.387102	0.131829	1.061511	1.639107	0.057478	0.961055	1.529659	0.200138	1.027544	1.705781	-0.225215	1.261361	0.494506	0.183545	1.027841	0.081035	0.321823	1.097110	0.038164	0.390146	1.205132	0.075573	0.256322	0.924439	0.531940	0.042711	0.933460	0.062594	-0.288449	0.816919	0.061602	-0.298663	0.836042	0.231695	-0.234250	0.298934	1.197309	0.055235	0.320714	1.122450	0.105161	0.302438	1.155109	0.141860	0.790029	1.559370	-0.252978	0.848970	1.613759	-0.247917	0.884833	1.623022	-0.293776
610	1.691666667	1.303569	1.052869	0.085476	0.977137	1.025466	0.215142	1.169736	1.032054	-0.016048	1.012425	1.026387	0.045379	0.805654	1.405892	-0.004595	0.948623	1.270242	-0.062888	0.853352	1.265108	0.088000	0.674263	1.678672	-0.011627	0.679221	1.662831	0.143020	0.803418	1.695357	0.020172	0.952907	1.518142	-0.145280	0.890373	1.372648	-0.125741	1.260805	1.450180	-0.276593	1.109514	1.381015	-0.187639	1.109764	1.673713	-0.340337	0.794745	1.497656	0.157503	0.769354	1.387639	0.132824	1.062835	1.638109	0.057033	0.962152	1.529502	0.200268	1.025954	1.702437	-0.225915	1.261394	0.494313	0.183515	1.027883	0.080889	0.321979	1.097123	0.038026	0.390251	1.205120	0.075456	0.256380	0.924875	0.531658	0.043289	0.933344	0.062292	-0.288067	0.816979	0.061330	-0.298294	0.836046	0.231336	-0.233445	0.302886	1.197680	0.074723	0.325774	1.123523	0.125164	0.308190	1.156774	0.161816	0.788505	1.555831	-0.247333	0.847570	1.610351	-0.243916	0.882355	1.618899	-0.290585
611	1.694444444	1.303691	1.052699	0.085476	0.977544	1.025238	0.215732	1.169768	1.031952	-0.015842	1.012563	1.026264	0.045818	0.805819	1.406051	-0.003792	0.948508	1.269414	-0.062526	0.853536	1.265230	0.088844	0.675403	1.679015	-0.010938	0.680285	1.663485	0.143753	0.804279	1.695559	0.020758	0.952347	1.517304	-0.145621	0.889935	1.372184	-0.124967	1.259124	1.446581	-0.279367	1.108020	1.378774	-0.188358	1.106322	1.669529	-0.342450	0.795477	1.498103	0.158158	0.769602	1.388183	0.133769	1.064180	1.637037	0.056639	0.963284	1.529330	0.200374	1.024302	1.699233	-0.226468	1.261463	0.494177	0.183417	1.027865	0.080686	0.322057	1.097102	0.037877	0.390349	1.205121	0.075384	0.256429	0.925312	0.531397	0.043849	0.933197	0.061960	-0.287774	0.817030	0.061080	-0.297919	0.836043	0.231021	-0.232723	0.307273	1.198758	0.093564	0.330702	1.124973	0.144499	0.313605	1.158382	0.180780	0.787080	1.552490	-0.241763	0.845804	1.606678	-0.240034	0.880309	1.614708	-0.287340
612	1.697222222	1.303814	1.052552	0.085453	0.977947	1.025042	0.216286	1.169757	1.031869	-0.015651	1.012666	1.026171	0.046230	0.805891	1.406283	-0.002973	0.948399	1.269165	-0.061984	0.853621	1.265467	0.089722	0.676154	1.679562	-0.010197	0.681141	1.664102	0.144408	0.805093	1.695755	0.021236	0.951481	1.515974	-0.146260	0.889676	1.371763	-0.124354	1.257293	1.443000	-0.282016	1.107644	1.376792	-0.187844	1.102903	1.665158	-0.344368	0.796159	1.498689	0.158865	0.770159	1.388628	0.134671	1.065652	1.636053	0.056212	0.964320	1.529181	0.200510	1.022702	1.696105	-0.227002	1.261543	0.494079	0.183273	1.027918	0.080468	0.322134	1.097130	0.037751	0.390392	1.205076	0.075258	0.256422	0.925807	0.531120	0.044358	0.933115	0.061720	-0.287532	0.817000	0.060879	-0.297541	0.836015	0.230721	-0.231925	0.311301	1.199865	0.111941	0.335730	1.126791	0.163325	0.319246	1.160562	0.199431	0.785440	1.549186	-0.236036	0.844531	1.603578	-0.236086	0.877931	1.610955	-0.284091
613	1.700000000	1.303998	1.052425	0.085405	0.978427	1.024869	0.216840	1.169787	1.031841	-0.015469	1.012790	1.026093	0.046681	0.806215	1.406526	-0.002133	0.948036	1.268973	-0.060976	0.853736	1.265771	0.090549	0.676830	1.680102	-0.009484	0.682130	1.664827	0.145169	0.805995	1.696044	0.021721	0.951212	1.515363	-0.146465	0.889269	1.371427	-0.123353	1.255685	1.439582	-0.284591	1.106918	1.375039	-0.187820	1.099293	1.661263	-0.346373	0.796895	1.499317	0.159604	0.770576	1.389232	0.135592	1.067213	1.635118	0.055850	0.965433	1.529071	0.200653	1.021203	1.693087	-0.227386	1.261540	0.493933	0.183068	1.027968	0.080279	0.322189	1.097148	0.037642	0.390423	1.205070	0.075195	0.256377	0.926372	0.530917	0.044862	0.933069	0.061532	-0.287315	0.817036	0.060723	-0.297153	0.836047	0.230440	-0.231108	0.315697	1.201397	0.129761	0.340834	1.128852	0.181566	0.325014	1.163009	0.217577	0.783852	1.546143	-0.230409	0.843138	1.600521	-0.232088	0.875680	1.607466	-0.280753
614	1.702777778	1.304177	1.052311	0.085337	0.978888	1.024731	0.217306	1.169789	1.031830	-0.015300	1.012949	1.026046	0.047083	0.806045	1.406862	-0.001327	0.948111	1.268326	-0.060430	0.853777	1.266048	0.091336	0.676574	1.681187	-0.008592	0.683107	1.665507	0.145878	0.806831	1.696316	0.022095	0.951044	1.514759	-0.146691	0.888734	1.371095	-0.122521	1.254014	1.436181	-0.287167	1.105567	1.373123	-0.188274	1.095898	1.657392	-0.348084	0.797709	1.499863	0.160190	0.770974	1.389814	0.136439	1.068659	1.634214	0.055577	0.966580	1.528959	0.200744	1.019824	1.690124	-0.227731	1.261556	0.493834	0.182895	1.027995	0.080117	0.322186	1.097193	0.037568	0.390390	1.205040	0.075136	0.256284	0.926791	0.530788	0.045306	0.933099	0.061435	-0.287167	0.817140	0.060598	-0.296794	0.836119	0.230241	-0.230393	0.319910	1.203265	0.146899	0.345886	1.131194	0.198986	0.330818	1.165927	0.234948	0.782582	1.543374	-0.224907	0.841711	1.597498	-0.228098	0.872758	1.604428	-0.277489
615	1.705555556	1.304347	1.052229	0.085246	0.979309	1.024663	0.217749	1.169796	1.031835	-0.015147	1.013086	1.026024	0.047484	0.805470	1.407563	-0.000443	0.947314	1.268473	-0.059466	0.853906	1.266304	0.092099	0.677202	1.681755	-0.007951	0.684052	1.666124	0.146536	0.807611	1.696593	0.022411	0.950699	1.514008	-0.146967	0.888722	1.370734	-0.121485	1.252086	1.432740	-0.289652	1.104765	1.371371	-0.188217	1.092114	1.653386	-0.349673	0.798368	1.500424	0.160798	0.771423	1.390429	0.137256	1.070191	1.633360	0.055215	0.967685	1.528826	0.200787	1.018117	1.687333	-0.228004	1.261583	0.493759	0.182662	1.028080	0.080032	0.322171	1.097214	0.037533	0.390372	1.205011	0.075088	0.256158	0.927045	0.530735	0.045836	0.933119	0.061366	-0.287086	0.817132	0.060611	-0.296403	0.836133	0.230086	-0.229754	0.324258	1.205390	0.163446	0.350855	1.133735	0.216069	0.336307	1.168918	0.251745	0.780392	1.541184	-0.219450	0.840401	1.594947	-0.224225	0.871094	1.600840	-0.274164
616	1.708333333	1.304521	1.052148	0.085155	0.979759	1.024627	0.218234	1.169785	1.031840	-0.014982	1.013183	1.026060	0.047874	0.804239	1.408595	0.000550	0.946843	1.268336	-0.058754	0.853956	1.266639	0.092817	0.677828	1.682237	-0.007300	0.685094	1.666842	0.147160	0.808366	1.696916	0.022651	0.950413	1.513305	-0.147239	0.888252	1.370327	-0.120677	1.250448	1.429513	-0.292031	1.103377	1.369435	-0.188778	1.088171	1.649492	-0.351089	0.799000	1.501083	0.161333	0.771668	1.391101	0.138071	1.071586	1.632527	0.054920	0.968690	1.528722	0.200900	1.016459	1.684562	-0.228187	1.261612	0.493671	0.182402	1.028166	0.079912	0.322125	1.097260	0.037508	0.390312	1.205001	0.075084	0.256007	0.927464	0.530661	0.046265	0.933217	0.061352	-0.287054	0.817138	0.060650	-0.296051	0.836161	0.229959	-0.229135	0.328621	1.207845	0.179586	0.355724	1.136618	0.232469	0.341853	1.172091	0.267925	0.778339	1.539024	-0.214226	0.838916	1.592194	-0.220312	0.868314	1.598039	-0.270958
617	1.711111111	1.304659	1.052119	0.085053	0.980171	1.024792	0.218857	1.169818	1.031934	-0.014874	1.013248	1.026161	0.048233	0.805879	1.407562	0.000982	0.946432	1.268134	-0.057995	0.853979	1.266987	0.093433	0.678366	1.682764	-0.006617	0.686128	1.667579	0.147764	0.809096	1.697258	0.022856	0.950209	1.512637	-0.147450	0.887841	1.370029	-0.119959	1.248567	1.426275	-0.294482	1.102347	1.367887	-0.188866	1.084256	1.645922	-0.352502	0.799697	1.501841	0.161884	0.771965	1.391735	0.138807	1.072952	1.631713	0.054675	0.969696	1.528613	0.200982	1.014698	1.681941	-0.228113	1.261649	0.493628	0.182141	1.028235	0.079828	0.322075	1.097260	0.037532	0.390241	1.204918	0.075094	0.255867	0.927872	0.530624	0.046722	0.933233	0.061369	-0.287054	0.817123	0.060750	-0.295698	0.836130	0.229897	-0.228490	0.332726	1.210415	0.195078	0.360439	1.139592	0.248217	0.347261	1.175679	0.283575	0.776878	1.536850	-0.208862	0.837690	1.589787	-0.216437	0.866440	1.595264	-0.267416
618	1.713888889	1.304814	1.052127	0.084999	0.980456	1.024637	0.219245	1.169812	1.031985	-0.014747	1.013292	1.026265	0.048631	0.805799	1.407887	0.001657	0.946181	1.267922	-0.057322	0.854071	1.267322	0.094034	0.678918	1.683259	-0.005975	0.687252	1.668235	0.148453	0.809762	1.697578	0.023025	0.950047	1.511910	-0.147626	0.887253	1.369811	-0.119133	1.246663	1.422982	-0.296782	1.100996	1.365899	-0.189251	1.080153	1.642570	-0.354184	0.799206	1.502828	0.162743	0.772187	1.392476	0.139591	1.074398	1.630964	0.054440	0.970707	1.528498	0.201097	1.013140	1.679382	-0.228080	1.261689	0.493605	0.181880	1.028250	0.079792	0.322044	1.097271	0.037601	0.390186	1.204878	0.075171	0.255752	0.928346	0.530614	0.047192	0.933333	0.061431	-0.287014	0.817098	0.060852	-0.295330	0.836139	0.229865	-0.227782	0.336853	1.213214	0.210142	0.365152	1.142876	0.263605	0.352355	1.179375	0.298613	0.775763	1.534752	-0.203611	0.836263	1.587596	-0.212640	0.864195	1.592478	-0.264078
619	1.716666667	1.304934	1.052137	0.084936	0.980794	1.024494	0.219511	1.169773	1.032024	-0.014627	1.013300	1.026389	0.049044	0.805854	1.408119	0.002335	0.945886	1.267678	-0.056597	0.854019	1.267670	0.094678	0.679459	1.683779	-0.005397	0.688234	1.668929	0.149075	0.810398	1.697879	0.023154	0.950022	1.511171	-0.147761	0.886777	1.369558	-0.118447	1.244874	1.419826	-0.298997	1.099974	1.364359	-0.189452	1.077317	1.638995	-0.351998	0.799961	1.503326	0.163309	0.772519	1.393051	0.140357	1.075771	1.630194	0.054222	0.971735	1.528320	0.201190	1.011621	1.676771	-0.228032	1.261761	0.493616	0.181614	1.028222	0.079711	0.321992	1.097249	0.037616	0.390132	1.204833	0.075246	0.255646	0.928648	0.530602	0.047617	0.933455	0.061542	-0.286984	0.817052	0.060901	-0.294958	0.836190	0.229816	-0.227175	0.340877	1.216270	0.224624	0.369779	1.146389	0.278230	0.358032	1.183327	0.313354	0.774425	1.532806	-0.198362	0.834914	1.585408	-0.209030	0.861981	1.589786	-0.260790
620	1.719444444	1.305057	1.052153	0.084892	0.981108	1.024420	0.219936	1.169750	1.032029	-0.014495	1.013331	1.026459	0.049412	0.806753	1.407861	0.002518	0.945509	1.267464	-0.055813	0.854105	1.267921	0.095338	0.680059	1.684246	-0.004781	0.689361	1.669662	0.149690	0.811054	1.698198	0.023257	0.950046	1.510563	-0.147838	0.886337	1.369273	-0.117770	1.242856	1.416594	-0.301129	1.098361	1.362478	-0.189973	1.074724	1.635185	-0.352129	0.800694	1.503809	0.163832	0.772854	1.393555	0.141059	1.077027	1.629497	0.054117	0.972783	1.528198	0.201317	1.008641	1.674681	-0.227718	1.261849	0.493608	0.181372	1.028612	0.080030	0.322031	1.097245	0.037622	0.390109	1.204776	0.075312	0.255571	0.928957	0.530567	0.048028	0.933581	0.061629	-0.286937	0.816964	0.060903	-0.294615	0.836167	0.229698	-0.226562	0.344725	1.219479	0.238672	0.375052	1.150215	0.292920	0.363051	1.187271	0.327513	0.773431	1.530949	-0.193316	0.833567	1.583403	-0.205353	0.859880	1.587125	-0.257440
621	1.722222222	1.305158	1.052155	0.084843	0.981390	1.024308	0.220343	1.169718	1.032020	-0.014349	1.013311	1.026508	0.049775	0.806071	1.408592	0.003494	0.945192	1.267187	-0.055092	0.854173	1.268150	0.095962	0.680624	1.684686	-0.004208	0.690487	1.670305	0.150294	0.811754	1.698515	0.023283	0.949982	1.509848	-0.147916	0.885834	1.368933	-0.117055	1.240926	1.413437	-0.303282	1.097045	1.360730	-0.190327	1.071431	1.631626	-0.352954	0.801359	1.504283	0.164326	0.773130	1.393994	0.141743	1.078278	1.628702	0.054014	0.973689	1.528031	0.201496	1.007055	1.672225	-0.227442	1.261930	0.493607	0.181138	1.028565	0.079987	0.322028	1.097215	0.037592	0.390085	1.204721	0.075320	0.255510	0.929335	0.530443	0.048369	0.933628	0.061656	-0.286922	0.816947	0.060889	-0.294303	0.836115	0.229538	-0.225949	0.348374	1.222731	0.252148	0.378686	1.153463	0.306208	0.367890	1.191346	0.341082	0.772164	1.529120	-0.188176	0.832250	1.581397	-0.201600	0.857846	1.584575	-0.254141
622	1.725000000	1.305241	1.052137	0.084775	0.981629	1.024191	0.220740	1.169599	1.031985	-0.014214	1.013265	1.026490	0.050108	0.805755	1.408984	0.004254	0.944757	1.266901	-0.054358	0.854213	1.268300	0.096534	0.681091	1.685105	-0.003688	0.691497	1.670897	0.150793	0.812415	1.698820	0.023270	0.949913	1.509056	-0.147996	0.885445	1.368573	-0.116438	1.238851	1.410215	-0.305311	1.095747	1.358989	-0.190675	1.068801	1.627983	-0.352949	0.802031	1.504742	0.164826	0.773376	1.394441	0.142420	1.079470	1.627984	0.053911	0.974582	1.527791	0.201634	1.005531	1.669738	-0.227100	1.261976	0.493556	0.180888	1.028048	0.079493	0.321997	1.097169	0.037568	0.390084	1.204629	0.075294	0.255441	0.929656	0.530304	0.048666	0.933620	0.061645	-0.286879	0.816877	0.060791	-0.294025	0.836036	0.229438	-0.225392	0.352451	1.225990	0.265357	0.382472	1.157015	0.319266	0.372519	1.195474	0.354184	0.770987	1.527395	-0.183370	0.831005	1.579532	-0.197952	0.855787	1.582216	-0.250855
623	1.727777778	1.305311	1.052111	0.084747	0.981918	1.024058	0.221112	1.169484	1.031963	-0.014092	1.013250	1.026489	0.050470	0.805771	1.409169	0.004817	0.944505	1.266571	-0.053693	0.854174	1.268912	0.097414	0.681595	1.685489	-0.003213	0.692650	1.671588	0.151319	0.813107	1.699108	0.023207	0.948712	1.507998	-0.148784	0.884977	1.368251	-0.115702	1.236894	1.407114	-0.307290	1.094138	1.357133	-0.191286	1.065715	1.624598	-0.353193	0.802727	1.505100	0.165294	0.773707	1.394775	0.143055	1.080680	1.627322	0.053799	0.975357	1.527522	0.201798	1.004020	1.667344	-0.226698	1.262016	0.493510	0.180710	1.027965	0.079398	0.322015	1.097149	0.037513	0.390114	1.204539	0.075272	0.255442	0.929990	0.530168	0.048952	0.933641	0.061635	-0.286805	0.816894	0.060621	-0.293778	0.835907	0.229274	-0.224769	0.356117	1.229552	0.277925	0.386136	1.160728	0.331863	0.377188	1.199582	0.366775	0.770189	1.525568	-0.178644	0.829602	1.577796	-0.194443	0.855278	1.578927	-0.247411
624	1.730555556	1.305360	1.052099	0.084702	0.982181	1.023946	0.221453	1.169362	1.031954	-0.013978	1.013218	1.026471	0.050797	0.805887	1.409269	0.005366	0.944341	1.266280	-0.053025	0.854609	1.268722	0.097586	0.682178	1.685886	-0.002743	0.693692	1.672278	0.151807	0.813756	1.699384	0.023186	0.948032	1.508023	-0.148439	0.884699	1.367907	-0.115024	1.234784	1.403977	-0.309202	1.090785	1.353975	-0.193165	1.062918	1.620929	-0.353577	0.803372	1.505424	0.165776	0.774046	1.395104	0.143670	1.081881	1.626678	0.053830	0.976180	1.527311	0.201973	1.002417	1.664956	-0.226229	1.262054	0.493485	0.180549	1.027893	0.079330	0.322033	1.097115	0.037485	0.390147	1.204475	0.075277	0.255442	0.930354	0.529989	0.049205	0.933658	0.061610	-0.286731	0.816918	0.060475	-0.293534	0.835769	0.229091	-0.224148	0.359570	1.233112	0.289997	0.389459	1.164347	0.344014	0.381797	1.203870	0.378822	0.769784	1.523968	-0.173551	0.828496	1.575979	-0.190894	0.851830	1.577613	-0.244486
625	1.733333333	1.305404	1.052108	0.084677	0.982476	1.023821	0.221825	1.169305	1.031992	-0.013881	1.013271	1.026467	0.051116	0.806047	1.409380	0.005904	0.944102	1.266039	-0.052296	0.854762	1.268829	0.098109	0.682779	1.686338	-0.002304	0.694786	1.673010	0.152240	0.814451	1.699678	0.023136	0.947674	1.507519	-0.148486	0.884503	1.367636	-0.114468	1.232769	1.400921	-0.311039	1.089975	1.353246	-0.193611	1.059766	1.617523	-0.353739	0.804021	1.505777	0.166289	0.774550	1.395372	0.144313	1.083125	1.626137	0.053910	0.977087	1.527087	0.202236	1.001053	1.662643	-0.225727	1.262086	0.493418	0.180423	1.027851	0.079321	0.322099	1.097089	0.037465	0.390225	1.204401	0.075295	0.255455	0.930775	0.529849	0.049496	0.933651	0.061591	-0.286623	0.816971	0.060355	-0.293291	0.835699	0.228943	-0.223618	0.362863	1.236801	0.301658	0.393422	1.168448	0.355966	0.386048	1.208346	0.390652	0.769276	1.522094	-0.168806	0.827284	1.574383	-0.187386	0.849247	1.576195	-0.241503
626	1.736111111	1.305412	1.052104	0.084640	0.982789	1.023764	0.222230	1.169211	1.032031	-0.013763	1.013330	1.026463	0.051448	0.806223	1.409526	0.006459	0.944059	1.265795	-0.051686	0.854839	1.268755	0.098628	0.683383	1.686732	-0.001920	0.695914	1.673771	0.152635	0.815095	1.699933	0.023091	0.947289	1.507032	-0.148411	0.884335	1.367438	-0.113857	1.230581	1.397877	-0.312810	1.088653	1.351685	-0.193838	1.053974	1.611519	-0.356225	0.804591	1.506152	0.166749	0.774957	1.395656	0.144936	1.084242	1.625607	0.053964	0.977854	1.526880	0.202518	0.999468	1.660411	-0.225154	1.262120	0.493393	0.180279	1.027784	0.079389	0.322192	1.097096	0.037499	0.390301	1.204301	0.075285	0.255494	0.931186	0.529718	0.049820	0.933578	0.061530	-0.286548	0.817046	0.060228	-0.293035	0.835611	0.228775	-0.223064	0.366258	1.240586	0.313057	0.397209	1.172778	0.367508	0.390252	1.212835	0.401962	0.768295	1.520787	-0.164189	0.826158	1.572919	-0.183951	0.847528	1.573931	-0.238316
627	1.738888889	1.305379	1.052104	0.084595	0.983042	1.023696	0.222630	1.169140	1.032063	-0.013687	1.013362	1.026438	0.051778	0.806297	1.409703	0.007019	0.943890	1.265661	-0.051105	0.854985	1.268947	0.099153	0.683953	1.687132	-0.001628	0.696858	1.674473	0.152976	0.815748	1.700158	0.023001	0.947140	1.506719	-0.148396	0.884584	1.367428	-0.112894	1.228518	1.394863	-0.314574	1.087093	1.350014	-0.194254	1.051227	1.608437	-0.356190	0.805209	1.506523	0.167253	0.775217	1.395961	0.145524	1.085329	1.625152	0.054074	0.978535	1.526742	0.202771	0.998003	1.658218	-0.224604	1.262115	0.493308	0.180159	1.026179	0.077692	0.321708	1.097073	0.037529	0.390387	1.204166	0.075277	0.255519	0.931527	0.529633	0.050135	0.933473	0.061443	-0.286461	0.817136	0.060101	-0.292826	0.835583	0.228648	-0.222533	0.369370	1.244768	0.323802	0.400275	1.176683	0.378466	0.394085	1.217258	0.412864	0.767380	1.519636	-0.159727	0.824945	1.571430	-0.180594	0.845806	1.572080	-0.235218
628	1.741666667	1.305389	1.052116	0.084535	0.983258	1.023651	0.222969	1.169082	1.032080	-0.013585	1.013475	1.026386	0.052124	0.806341	1.409834	0.007604	0.943673	1.265502	-0.050562	0.855149	1.269052	0.099564	0.684638	1.687596	-0.001316	0.697882	1.675187	0.153246	0.816469	1.700386	0.022920	0.946705	1.505912	-0.148622	0.883494	1.367382	-0.112860	1.226412	1.391875	-0.316210	1.085868	1.348695	-0.194455	1.048581	1.605393	-0.355926	0.805817	1.506840	0.167695	0.775565	1.396224	0.146107	1.086513	1.624599	0.054157	0.979207	1.526563	0.203015	0.996545	1.656073	-0.224009	1.262155	0.493263	0.180021	1.026119	0.077830	0.321872	1.097091	0.037539	0.390479	1.204070	0.075237	0.255550	0.931892	0.529509	0.050410	0.933376	0.061278	-0.286375	0.817176	0.059932	-0.292620	0.835565	0.228514	-0.222053	0.372298	1.248563	0.334307	0.404174	1.181401	0.389425	0.398154	1.221803	0.423337	0.766427	1.518675	-0.155439	0.823998	1.570114	-0.177271	0.844258	1.570059	-0.232165
629	1.744444444	1.305397	1.052101	0.084454	0.983482	1.023571	0.223338	1.169060	1.032067	-0.013492	1.013764	1.026409	0.052665	0.806408	1.410039	0.008213	0.943462	1.265300	-0.050057	0.855245	1.269169	0.100027	0.685351	1.688043	-0.001090	0.699016	1.675962	0.153516	0.817180	1.700553	0.022864	0.946479	1.505354	-0.148648	0.883253	1.367102	-0.112297	1.224400	1.388985	-0.317829	1.084178	1.347091	-0.194800	1.046015	1.602424	-0.355638	0.806419	1.507128	0.168107	0.775774	1.396498	0.146671	1.087183	1.623746	0.054239	0.979899	1.526368	0.203294	0.996432	1.653472	-0.223427	1.262226	0.493206	0.179909	1.026122	0.078049	0.322059	1.097133	0.037546	0.390554	1.204001	0.075182	0.255584	0.932233	0.529361	0.050660	0.933237	0.061097	-0.286289	0.817257	0.059723	-0.292419	0.835622	0.228349	-0.221633	0.375153	1.252363	0.344348	0.409101	1.186636	0.401062	0.401688	1.226349	0.433562	0.765628	1.517497	-0.151064	0.822897	1.568693	-0.174004	0.843565	1.567795	-0.229139
630	1.747222222	1.305465	1.052079	0.084368	0.983709	1.023474	0.223681	1.169037	1.032007	-0.013383	1.013733	1.026331	0.052676	0.806495	1.410377	0.008934	0.943340	1.265072	-0.049518	0.855424	1.269161	0.100435	0.686026	1.688444	-0.000904	0.699997	1.676644	0.153756	0.817944	1.700735	0.022815	0.946325	1.504838	-0.148703	0.882719	1.366644	-0.112069	1.222280	1.386072	-0.319373	1.082857	1.345757	-0.195001	1.043869	1.600378	-0.355272	0.808397	1.506789	0.168307	0.776055	1.396745	0.147217	1.088114	1.623137	0.054355	0.980600	1.526188	0.203559	0.995117	1.651396	-0.222801	1.262386	0.493189	0.179811	1.026282	0.078452	0.322324	1.097220	0.037517	0.390613	1.204048	0.075153	0.255609	0.932531	0.529218	0.050888	0.933084	0.061246	-0.286558	0.817250	0.059537	-0.292210	0.835619	0.228132	-0.221181	0.378127	1.256134	0.354208	0.411399	1.190745	0.410262	0.405417	1.230980	0.443307	0.764803	1.516625	-0.146980	0.821817	1.567577	-0.170825	0.841989	1.566101	-0.226222
631	1.750000000	1.305548	1.052069	0.084250	0.983906	1.023365	0.224010	1.169012	1.031921	-0.013291	1.013771	1.026085	0.053024	0.806799	1.409959	0.009093	0.943671	1.264876	-0.048705	0.855559	1.269146	0.100835	0.687220	1.688559	-0.000821	0.700874	1.677332	0.153889	0.818683	1.700868	0.022756	0.946050	1.504267	-0.148734	0.882959	1.366423	-0.111236	1.220313	1.383176	-0.320896	1.081302	1.344194	-0.195331	1.041483	1.597384	-0.355138	0.808881	1.506956	0.168704	0.776471	1.396862	0.147758	1.089017	1.622542	0.054490	0.981208	1.525959	0.203816	0.993988	1.649301	-0.222134	1.262540	0.493153	0.179693	1.027675	0.080276	0.322780	1.097256	0.037446	0.390651	1.204125	0.075126	0.255633	0.932828	0.528998	0.051093	0.932912	0.060963	-0.286463	0.817291	0.059289	-0.292010	0.835581	0.227899	-0.220742	0.381254	1.260537	0.363940	0.414421	1.194903	0.419813	0.409068	1.235576	0.452628	0.763960	1.515744	-0.142875	0.820716	1.566303	-0.167781	0.840602	1.564283	-0.223290
632	1.752777778	1.305625	1.052027	0.084146	0.984070	1.023249	0.224313	1.168945	1.031861	-0.013319	1.013880	1.026015	0.053406	0.806915	1.409954	0.009620	0.943130	1.264575	-0.048516	0.855691	1.269081	0.101257	0.687930	1.688888	-0.000619	0.701814	1.678002	0.154046	0.819412	1.700974	0.022717	0.945758	1.503690	-0.148782	0.882827	1.366149	-0.110710	1.218215	1.380377	-0.322361	1.080008	1.342964	-0.195524	1.038889	1.594606	-0.354779	0.809499	1.507041	0.169100	0.776807	1.396925	0.148236	1.089933	1.622029	0.054662	0.981804	1.525766	0.204065	0.992693	1.647300	-0.221427	1.262687	0.493113	0.179609	1.027627	0.080435	0.322890	1.097321	0.037345	0.390743	1.204198	0.075070	0.255648	0.933060	0.528799	0.051309	0.932784	0.060698	-0.286333	0.817267	0.059068	-0.291774	0.835555	0.227637	-0.220288	0.383612	1.264219	0.372556	0.417218	1.199233	0.429003	0.412522	1.240278	0.461599	0.763114	1.514984	-0.138957	0.819677	1.565156	-0.164878	0.839107	1.562679	-0.220393
633	1.755555556	1.305701	1.051982	0.084048	0.984240	1.023150	0.224646	1.168912	1.031745	-0.013217	1.013935	1.025908	0.053720	0.807012	1.409956	0.010101	0.942959	1.264259	-0.048116	0.855881	1.269020	0.101662	0.688681	1.689210	-0.000460	0.702660	1.678602	0.154183	0.820222	1.701089	0.022660	0.945494	1.503149	-0.148812	0.882619	1.365871	-0.110331	1.216255	1.377631	-0.323847	1.078377	1.341498	-0.195801	1.036579	1.591803	-0.354525	0.810027	1.507103	0.169544	0.777126	1.396995	0.148731	1.090736	1.621489	0.054804	0.982370	1.525531	0.204352	0.991502	1.645355	-0.220748	1.262881	0.493086	0.179536	1.027567	0.080561	0.323024	1.097392	0.037240	0.390811	1.204289	0.075015	0.255702	0.933247	0.528643	0.051531	0.932661	0.060430	-0.286196	0.817180	0.058895	-0.291533	0.835563	0.227363	-0.219834	0.386394	1.268309	0.381151	0.420170	1.203701	0.437867	0.415683	1.244813	0.470238	0.762555	1.514377	-0.135271	0.818436	1.564476	-0.162036	0.837701	1.561176	-0.217551
634	1.758333333	1.305797	1.051926	0.083962	0.984514	1.023062	0.224982	1.168767	1.031473	-0.013084	1.013953	1.025829	0.054020	0.807396	1.409550	0.010110	0.942512	1.263946	-0.047960	0.856034	1.268985	0.102059	0.689382	1.689544	-0.000318	0.703491	1.679250	0.154293	0.820981	1.701201	0.022627	0.945266	1.502648	-0.148840	0.882458	1.365624	-0.109892	1.214225	1.374838	-0.325183	1.077172	1.340333	-0.195834	1.034032	1.589122	-0.354163	0.810577	1.507202	0.169929	0.777309	1.397141	0.149266	1.091543	1.621000	0.054880	0.982962	1.525283	0.204622	0.990145	1.643704	-0.220065	1.263035	0.493061	0.179465	1.027520	0.080631	0.323128	1.097466	0.037128	0.390889	1.204403	0.075054	0.255734	0.933398	0.528479	0.051733	0.932523	0.060192	-0.286084	0.817135	0.058707	-0.291290	0.835538	0.227099	-0.219396	0.388855	1.272305	0.389412	0.422974	1.207973	0.446339	0.418897	1.249358	0.478471	0.761460	1.513789	-0.131585	0.817564	1.563399	-0.159218	0.836355	1.559711	-0.214888
635	1.761111111	1.305922	1.051891	0.083899	0.984770	1.022959	0.225278	1.168877	1.031495	-0.012962	1.014012	1.025771	0.054310	0.807455	1.409804	0.010733	0.942652	1.263830	-0.047413	0.856184	1.268970	0.102432	0.690039	1.689884	-0.000175	0.704370	1.679888	0.154394	0.821710	1.701301	0.022645	0.945148	1.502188	-0.148877	0.882191	1.365465	-0.109420	1.212305	1.372192	-0.326461	1.075622	1.338856	-0.195968	1.031694	1.586500	-0.353845	0.811109	1.507298	0.170322	0.777406	1.397552	0.149831	1.092408	1.620497	0.055034	0.983527	1.525084	0.204857	0.988583	1.642171	-0.219347	1.263230	0.493042	0.179422	1.028438	0.081984	0.324749	1.097546	0.036993	0.390961	1.204522	0.075077	0.255761	0.933631	0.528347	0.051947	0.932458	0.060026	-0.285941	0.817075	0.058524	-0.291063	0.835550	0.226869	-0.219006	0.391376	1.276374	0.397342	0.425790	1.212391	0.454483	0.422076	1.253916	0.486428	0.760705	1.513223	-0.128048	0.816708	1.562424	-0.156483	0.834835	1.558648	-0.212381
636	1.763888889	1.306035	1.051841	0.083806	0.985139	1.022686	0.225861	1.168825	1.031426	-0.012866	1.014093	1.025746	0.054568	0.807507	1.410167	0.011382	0.942545	1.263676	-0.047104	0.856353	1.268960	0.102812	0.690643	1.690216	-0.000037	0.705173	1.680502	0.154579	0.822412	1.701433	0.022663	0.944957	1.501728	-0.148911	0.881930	1.365327	-0.108999	1.210413	1.369596	-0.327717	1.074556	1.337698	-0.196003	1.029811	1.583847	-0.353309	0.811567	1.507385	0.170679	0.778024	1.397436	0.150111	1.093278	1.620028	0.055158	0.984104	1.524883	0.205068	0.987258	1.640010	-0.218820	1.263376	0.493012	0.179372	1.028794	0.082362	0.325061	1.097607	0.036913	0.390994	1.204603	0.075058	0.255799	0.933820	0.528238	0.052153	0.932400	0.059898	-0.285868	0.817034	0.058420	-0.290861	0.835578	0.226680	-0.218657	0.393606	1.280305	0.405035	0.428442	1.216778	0.462275	0.424999	1.258499	0.494053	0.760005	1.512730	-0.124572	0.815922	1.561496	-0.153792	0.833922	1.557104	-0.209741
637	1.766666667	1.306169	1.051773	0.083702	0.985595	1.022760	0.226208	1.168835	1.031377	-0.012781	1.014187	1.025761	0.054866	0.807673	1.410360	0.011861	0.942408	1.263654	-0.046772	0.856494	1.269028	0.103171	0.691329	1.690596	0.000115	0.705916	1.681060	0.154714	0.823221	1.701582	0.022694	0.944823	1.501327	-0.148940	0.881715	1.365279	-0.108581	1.208172	1.366646	-0.329379	1.073310	1.336284	-0.196022	1.027763	1.581422	-0.352733	0.811968	1.507563	0.171033	0.778309	1.397565	0.150530	1.094137	1.619581	0.055290	0.984701	1.524700	0.205269	0.986880	1.638293	-0.217831	1.263513	0.492961	0.179335	1.029204	0.082648	0.325296	1.097711	0.036844	0.391064	1.204698	0.075035	0.255808	0.934055	0.528185	0.052369	0.932393	0.059834	-0.285820	0.817010	0.058354	-0.290655	0.835613	0.226535	-0.218326	0.396126	1.284444	0.412343	0.430987	1.220944	0.469817	0.428005	1.262931	0.501419	0.759412	1.512287	-0.121175	0.815435	1.560763	-0.151154	0.832820	1.555896	-0.207179
638	1.769444444	1.306324	1.051654	0.083567	0.985772	1.022676	0.226101	1.168790	1.031344	-0.012692	1.014292	1.025813	0.055093	0.807807	1.410501	0.012260	0.942384	1.263592	-0.046489	0.856595	1.269106	0.103499	0.692009	1.690965	0.000265	0.706669	1.681685	0.154832	0.823953	1.701721	0.022732	0.944608	1.500942	-0.148957	0.881619	1.365180	-0.108208	1.206504	1.364232	-0.330475	1.072268	1.335050	-0.195935	1.025903	1.578816	-0.352253	0.812360	1.507754	0.171328	0.778575	1.397732	0.150911	1.094884	1.619117	0.055393	0.985344	1.524455	0.205469	0.985770	1.636723	-0.216965	1.263620	0.492901	0.179311	1.029367	0.082539	0.325349	1.097823	0.036787	0.391093	1.204776	0.074975	0.255833	0.934319	0.528111	0.052589	0.932424	0.059817	-0.285813	0.817003	0.058327	-0.290464	0.836392	0.225927	-0.217880	0.398351	1.288292	0.419346	0.433280	1.225093	0.476994	0.430771	1.267313	0.508410	0.758839	1.511963	-0.117920	0.814880	1.560073	-0.148608	0.831754	1.554800	-0.204771
639	1.772222222	1.306467	1.051519	0.083452	0.986466	1.022841	0.226659	1.168803	1.031374	-0.012647	1.014390	1.025880	0.055276	0.807970	1.410617	0.012692	0.942320	1.263559	-0.046225	0.856722	1.269187	0.103781	0.692648	1.691389	0.000428	0.707367	1.682338	0.154963	0.824672	1.701857	0.022783	0.944234	1.500413	-0.149188	0.881522	1.365098	-0.107844	1.204757	1.361643	-0.331543	1.071615	1.333870	-0.195671	1.023917	1.576339	-0.351541	0.812793	1.507959	0.171620	0.778750	1.397908	0.151299	1.095656	1.618604	0.055499	0.985977	1.524214	0.205673	0.984854	1.635297	-0.216222	1.263721	0.492801	0.179282	1.029475	0.082227	0.325323	1.097948	0.036719	0.391110	1.204825	0.074869	0.255835	0.934519	0.528100	0.052769	0.932485	0.059825	-0.285817	0.816992	0.058332	-0.290307	0.836392	0.225877	-0.217575	0.400794	1.292300	0.426186	0.435633	1.229109	0.483882	0.433510	1.271665	0.515085	0.758378	1.511781	-0.114782	0.814251	1.559339	-0.146074	0.830755	1.553916	-0.202397
640	1.775000000	1.306637	1.051365	0.083335	0.986650	1.022551	0.226553	1.168833	1.031389	-0.012615	1.014480	1.025972	0.055473	0.808116	1.410751	0.013034	0.942319	1.263544	-0.045964	0.856814	1.269302	0.104066	0.693300	1.691763	0.000614	0.708013	1.682863	0.155149	0.825390	1.701975	0.022876	0.944048	1.500096	-0.149236	0.881384	1.365064	-0.107475	1.203038	1.359287	-0.332526	1.070547	1.332562	-0.195594	1.022352	1.573988	-0.350908	0.811997	1.508745	0.172070	0.778998	1.398080	0.151683	1.096465	1.618115	0.055625	0.986609	1.524001	0.205865	0.984026	1.633934	-0.215528	1.263835	0.492701	0.179249	1.029440	0.081685	0.325166	1.098093	0.036636	0.391113	1.204915	0.074741	0.255843	0.934826	0.528052	0.052948	0.932584	0.059871	-0.285830	0.817006	0.058333	-0.290136	0.836420	0.225839	-0.217334	0.402892	1.296190	0.432690	0.437880	1.233129	0.490530	0.436365	1.275938	0.521500	0.757927	1.511647	-0.111741	0.813928	1.558728	-0.143691	0.829763	1.553038	-0.200107
641	1.777777778	1.306746	1.051191	0.083216	0.987087	1.022431	0.226749	1.168852	1.031442	-0.012604	1.014571	1.026095	0.055628	0.808279	1.410875	0.013350	0.942224	1.263584	-0.045730	0.856923	1.269405	0.104344	0.693490	1.692351	0.000865	0.708710	1.683392	0.155350	0.826002	1.702090	0.022987	0.943900	1.499874	-0.149294	0.881280	1.365049	-0.107127	1.201422	1.356917	-0.333401	1.069613	1.331381	-0.195409	1.020952	1.571644	-0.350260	0.812560	1.508852	0.172355	0.779624	1.397729	0.151816	1.097262	1.617622	0.055741	0.987184	1.523782	0.206017	0.981426	1.633456	-0.215051	1.263960	0.492611	0.179202	1.028681	0.080110	0.323699	1.098202	0.036552	0.391105	1.204966	0.074624	0.255841	0.935056	0.528084	0.053114	0.932745	0.059967	-0.285859	0.816989	0.058407	-0.290005	0.837806	0.224890	-0.217139	0.405054	1.300035	0.439004	0.440140	1.237197	0.496877	0.438927	1.280157	0.527685	0.757432	1.511558	-0.108755	0.813436	1.558172	-0.141360	0.828808	1.552295	-0.197898
642	1.780555556	1.306874	1.051035	0.083099	0.987403	1.022232	0.226846	1.168886	1.031481	-0.012570	1.014575	1.026155	0.055800	0.808417	1.411025	0.013685	0.942221	1.263575	-0.045421	0.857232	1.269583	0.104760	0.694061	1.692684	0.001134	0.709476	1.683926	0.155585	0.826615	1.702186	0.023117	0.943765	1.499655	-0.149321	0.881145	1.365070	-0.106782	1.199870	1.354730	-0.334341	1.069125	1.330375	-0.195007	1.019182	1.569486	-0.349678	0.813148	1.508975	0.172637	0.779666	1.398135	0.152257	1.098053	1.617146	0.055812	0.987749	1.523502	0.206154	0.980913	1.632069	-0.214253	1.264093	0.492498	0.179193	1.028879	0.079955	0.323780	1.098310	0.036430	0.391110	1.205043	0.074502	0.255844	0.935350	0.528108	0.053301	0.932805	0.059962	-0.285892	0.817003	0.058444	-0.289854	0.835670	0.226376	-0.216950	0.407299	1.303982	0.445045	0.442324	1.241030	0.502891	0.439653	1.283363	0.533030	0.756880	1.511405	-0.105837	0.812908	1.557675	-0.139021	0.828263	1.551230	-0.195591
643	1.783333333	1.307029	1.050902	0.082967	0.987883	1.022196	0.227146	1.168913	1.031521	-0.012545	1.014624	1.026283	0.055940	0.808520	1.411177	0.014029	0.942212	1.263550	-0.045155	0.857168	1.269740	0.104817	0.694620	1.693022	0.001417	0.710105	1.684401	0.155798	0.827253	1.702278	0.023245	0.943562	1.499443	-0.149305	0.880990	1.365079	-0.106437	1.198125	1.352414	-0.335135	1.068170	1.329055	-0.194857	1.017832	1.567330	-0.348906	0.813751	1.509079	0.172869	0.779753	1.398469	0.152633	1.098838	1.616678	0.055883	0.988296	1.523213	0.206290	0.980170	1.630821	-0.213482	1.264148	0.492320	0.179173	1.029056	0.079780	0.323810	1.098401	0.036347	0.391104	1.205099	0.074357	0.255833	0.935571	0.528160	0.053470	0.932921	0.059992	-0.285951	0.817039	0.058505	-0.289682	0.835665	0.226369	-0.216673	0.409253	1.307615	0.450709	0.444240	1.244928	0.508785	0.442199	1.287439	0.538672	0.756619	1.511391	-0.103055	0.812578	1.557287	-0.136857	0.827370	1.550409	-0.193371
644	1.786111111	1.307213	1.050749	0.082859	0.988313	1.022098	0.227342	1.168977	1.031560	-0.012528	1.014659	1.026395	0.056109	0.808706	1.411305	0.014379	0.942224	1.263551	-0.044846	0.857443	1.269835	0.105129	0.695160	1.693343	0.001708	0.710760	1.684780	0.156068	0.827899	1.702412	0.023375	0.943438	1.499269	-0.149272	0.880903	1.365098	-0.106083	1.196727	1.350277	-0.335899	1.067469	1.328013	-0.194571	1.016369	1.565271	-0.348120	0.814298	1.509214	0.173183	0.780033	1.398659	0.152966	1.099634	1.616259	0.055948	0.988894	1.522991	0.206408	0.979627	1.629645	-0.212708	1.264231	0.492194	0.179187	1.029360	0.079603	0.323703	1.098471	0.036216	0.391120	1.205164	0.074276	0.255817	0.935886	0.528135	0.053674	0.933104	0.060075	-0.285988	0.817123	0.058527	-0.289553	0.835716	0.226339	-0.216424	0.411380	1.311386	0.456292	0.445996	1.248486	0.514426	0.444343	1.291358	0.544058	0.756214	1.511407	-0.100369	0.812085	1.556885	-0.134674	0.826584	1.549789	-0.191316
645	1.788888889	1.307382	1.050604	0.082743	0.988716	1.021978	0.227522	1.169031	1.031580	-0.012507	1.014709	1.026500	0.056274	0.808928	1.411392	0.014693	0.942207	1.263538	-0.044575	0.857714	1.269875	0.105421	0.695695	1.693632	0.002005	0.710907	1.685321	0.156533	0.828525	1.702555	0.023487	0.943327	1.499075	-0.149246	0.880699	1.365082	-0.105730	1.195126	1.348182	-0.336578	1.066906	1.327223	-0.194271	1.015100	1.563113	-0.347460	0.814760	1.509313	0.173454	0.780243	1.398831	0.153267	1.100432	1.615779	0.056045	0.989433	1.522782	0.206540	0.979045	1.628350	-0.211932	1.264306	0.492120	0.179179	1.029568	0.079498	0.323756	1.098530	0.036094	0.391147	1.205217	0.074262	0.255813	0.936127	0.528084	0.053807	0.933356	0.060194	-0.286002	0.817207	0.058484	-0.289446	0.835759	0.226291	-0.216177	0.413340	1.315172	0.461567	0.448033	1.252351	0.519759	0.446264	1.295090	0.549264	0.754832	1.512066	-0.097798	0.811960	1.556580	-0.132582	0.825528	1.549569	-0.189421
646	1.791666667	1.307526	1.050469	0.082655	0.989133	1.021841	0.227686	1.169052	1.031625	-0.012501	1.014749	1.026599	0.056405	0.809342	1.411582	0.015168	0.942233	1.263496	-0.044314	0.857673	1.269716	0.105606	0.696185	1.693937	0.002317	0.711545	1.685672	0.156880	0.829173	1.702790	0.023518	0.943166	1.498878	-0.149209	0.880644	1.365037	-0.105430	1.193577	1.346022	-0.337293	1.065953	1.326082	-0.194058	1.013557	1.561294	-0.346889	0.815244	1.509388	0.173687	0.780495	1.398971	0.153594	1.101170	1.615355	0.056148	0.989921	1.522600	0.206660	0.978477	1.627203	-0.211264	1.264324	0.492067	0.179176	1.029744	0.079416	0.323797	1.098557	0.035991	0.391162	1.205267	0.074275	0.255817	0.936289	0.528055	0.053953	0.933563	0.060307	-0.286033	0.817296	0.058463	-0.289281	0.835803	0.226247	-0.215954	0.415085	1.318765	0.466624	0.449760	1.256056	0.524872	0.450473	1.300092	0.554737	0.754560	1.512154	-0.095330	0.811495	1.556250	-0.130590	0.824759	1.549034	-0.187550
647	1.794444444	1.307683	1.050380	0.082569	0.989491	1.021755	0.227853	1.169069	1.031629	-0.012483	1.014731	1.026697	0.056573	0.809750	1.411820	0.015591	0.942233	1.263492	-0.044088	0.858030	1.269880	0.106053	0.696715	1.694225	0.002672	0.712189	1.686015	0.157208	0.829703	1.702969	0.023702	0.943027	1.498676	-0.149213	0.880512	1.365044	-0.105137	1.192011	1.344042	-0.337900	1.065266	1.325100	-0.193763	1.012325	1.559399	-0.346256	0.815658	1.509532	0.173922	0.780711	1.399156	0.153827	1.101894	1.614982	0.056232	0.990386	1.522410	0.206814	0.977971	1.626142	-0.210540	1.264320	0.492027	0.179193	1.029896	0.079321	0.323856	1.098595	0.035956	0.391182	1.205272	0.074296	0.255822	0.936567	0.527990	0.054060	0.933759	0.060388	-0.285997	0.817336	0.058476	-0.289200	0.835838	0.226217	-0.215734	0.416571	1.322248	0.471479	0.451222	1.259477	0.529794	0.450119	1.302666	0.558952	0.754164	1.512291	-0.092909	0.811312	1.556045	-0.128729	0.823007	1.549150	-0.185631
648	1.797222222	1.307799	1.050291	0.082476	0.989793	1.021721	0.228041	1.169054	1.031659	-0.012445	1.014706	1.026801	0.056718	0.809262	1.411818	0.015418	0.942219	1.263488	-0.043847	0.858163	1.269989	0.106313	0.697216	1.694535	0.003045	0.712659	1.686627	0.157470	0.830180	1.703154	0.023895	0.942721	1.498402	-0.149091	0.880365	1.365021	-0.104833	1.190625	1.342220	-0.338504	1.064518	1.324126	-0.193530	1.010329	1.556843	-0.345983	0.816073	1.509665	0.174152	0.780935	1.399331	0.154113	1.102455	1.614639	0.056311	0.990872	1.522295	0.206958	0.977417	1.625046	-0.209825	1.264304	0.492037	0.179195	1.029993	0.079288	0.323954	1.098591	0.035943	0.391199	1.205266	0.074376	0.255810	0.936757	0.527990	0.054171	0.933841	0.060418	-0.285962	0.817330	0.058490	-0.289048	0.835896	0.226194	-0.215525	0.418419	1.325908	0.476099	0.453088	1.263300	0.534495	0.452300	1.306509	0.563466	0.753820	1.512481	-0.090532	0.810977	1.555844	-0.126769	0.822352	1.548716	-0.183797
649	1.800000000	1.307920	1.050241	0.082396	0.990088	1.021664	0.228223	1.169045	1.031657	-0.012427	1.014699	1.026897	0.056881	0.809313	1.411930	0.015634	0.942277	1.263475	-0.043598	0.858307	1.270071	0.106563	0.697733	1.694902	0.003440	0.713378	1.686932	0.157852	0.830770	1.703370	0.024167	0.942560	1.498243	-0.149063	0.880238	1.364987	-0.104526	1.189071	1.340326	-0.339032	1.063650	1.323269	-0.193239	1.008928	1.555178	-0.345505	0.816482	1.509816	0.174402	0.781254	1.399645	0.154515	1.103070	1.614312	0.056388	0.991287	1.522214	0.207136	0.977033	1.624085	-0.209182	1.264288	0.492092	0.179233	1.030005	0.079219	0.324014	1.098603	0.035982	0.391248	1.205237	0.074457	0.255849	0.936954	0.527986	0.054276	0.933931	0.060448	-0.285858	0.817420	0.058486	-0.288964	0.835954	0.226186	-0.215298	0.420021	1.329447	0.480536	0.454318	1.266825	0.539076	0.453780	1.310058	0.567871	0.753587	1.512660	-0.088241	0.810624	1.555563	-0.124989	0.821685	1.548214	-0.181842
650	1.802777778	1.308056	1.050211	0.082304	0.990329	1.021659	0.228411	1.169054	1.031661	-0.012380	1.014792	1.026952	0.057014	0.809469	1.411993	0.015913	0.942313	1.263462	-0.043348	0.858463	1.270112	0.106807	0.698179	1.695247	0.003794	0.714076	1.687203	0.158228	0.831303	1.703549	0.024392	0.942399	1.498064	-0.149005	0.880188	1.364932	-0.104252	1.187613	1.338448	-0.339495	1.062910	1.322508	-0.192989	1.009978	1.555485	-0.342891	0.816877	1.509963	0.174646	0.781403	1.400099	0.155017	1.103670	1.613974	0.056472	0.991661	1.522167	0.207297	0.976570	1.623143	-0.208617	1.264231	0.492129	0.179251	1.029961	0.079187	0.324049	1.098588	0.036023	0.391287	1.205204	0.074523	0.255847	0.937253	0.527938	0.054356	0.933978	0.060479	-0.285771	0.817495	0.058447	-0.288859	0.836040	0.226185	-0.215111	0.421371	1.332922	0.484789	0.455932	1.270440	0.543401	0.455680	1.313938	0.572038	0.753244	1.512927	-0.086061	0.810248	1.555471	-0.123232	0.820915	1.547744	-0.179868
651	1.805555556	1.308139	1.050153	0.082187	0.990544	1.021613	0.228578	1.169069	1.031649	-0.012379	1.014857	1.026974	0.057170	0.809587	1.412057	0.016190	0.942294	1.263468	-0.043104	0.858574	1.270181	0.107070	0.698628	1.695594	0.004138	0.714708	1.687477	0.158603	0.831817	1.703699	0.024576	0.942234	1.497897	-0.148947	0.880154	1.364877	-0.103972	1.186201	1.336827	-0.340054	1.061792	1.321549	-0.192935	1.006211	1.552050	-0.344513	0.817254	1.510117	0.174883	0.781766	1.399911	0.155064	1.104226	1.613649	0.056606	0.992095	1.522106	0.207458	0.976033	1.622294	-0.208035	1.264173	0.492159	0.179257	1.029917	0.079182	0.324087	1.098574	0.036040	0.391313	1.205153	0.074582	0.255847	0.937470	0.527908	0.054466	0.934005	0.060443	-0.285679	0.817587	0.058391	-0.288761	0.836131	0.226146	-0.214910	0.422633	1.336299	0.488781	0.457097	1.273887	0.547537	0.457069	1.317505	0.576018	0.754650	1.512113	-0.083939	0.810041	1.555373	-0.121615	0.820535	1.547679	-0.178466
652	1.808333333	1.308221	1.050083	0.082058	0.990765	1.021570	0.228751	1.169092	1.031600	-0.012387	1.014968	1.026941	0.057294	0.809100	1.411926	0.016102	0.942293	1.263421	-0.042886	0.858685	1.270248	0.107318	0.699124	1.695965	0.004522	0.715345	1.687725	0.158901	0.832315	1.703821	0.024753	0.942173	1.497743	-0.148934	0.880130	1.364792	-0.103704	1.184781	1.335164	-0.340473	1.060898	1.320781	-0.192717	1.005160	1.550753	-0.344050	0.817597	1.510275	0.175071	0.782015	1.400090	0.155364	1.104827	1.613352	0.056679	0.992502	1.522030	0.207581	0.975570	1.621503	-0.207452	1.264099	0.492171	0.179247	1.029797	0.079176	0.324124	1.098536	0.036042	0.391325	1.205103	0.074619	0.255825	0.937694	0.527855	0.054504	0.934012	0.060365	-0.285633	0.817604	0.058380	-0.288699	0.836230	0.226079	-0.214740	0.423877	1.339626	0.492542	0.458640	1.277562	0.551447	0.458557	1.321040	0.579779	0.754510	1.512239	-0.082013	0.809799	1.555331	-0.120012	0.819963	1.547504	-0.177010
653	1.811111111	1.308282	1.050008	0.081937	0.990935	1.021520	0.228896	1.169089	1.031531	-0.012402	1.015046	1.026888	0.057420	0.809344	1.411903	0.016528	0.942232	1.263400	-0.042697	0.858759	1.270295	0.107566	0.699595	1.696321	0.004852	0.716029	1.687966	0.159208	0.832755	1.703937	0.024933	0.942015	1.497553	-0.148918	0.880311	1.364707	-0.103398	1.183425	1.333507	-0.340955	1.060081	1.320202	-0.192475	1.003881	1.549437	-0.343727	0.817856	1.510411	0.175256	0.782154	1.400251	0.155633	1.105413	1.613056	0.056722	0.992881	1.521922	0.207678	0.975081	1.620744	-0.206893	1.264012	0.492179	0.179226	1.029637	0.079125	0.324123	1.098475	0.036038	0.391303	1.205019	0.074635	0.255800	0.937885	0.527862	0.054545	0.933911	0.060140	-0.285586	0.817569	0.058372	-0.288638	0.836303	0.225978	-0.214605	NaN	NaN	NaN	NaN	NaN	NaN	NaN	NaN	NaN	NaN	NaN	NaN	NaN	NaN	NaN	NaN	NaN	NaN
654	1.813888889	1.308330	1.049930	0.081821	0.991087	1.021464	0.229029	1.169067	1.031438	-0.012410	1.015132	1.026788	0.057537	0.809574	1.412010	0.016919	0.942179	1.263344	-0.042489	0.858816	1.270362	0.107774	0.700087	1.696679	0.005149	0.716714	1.688226	0.159542	0.833059	1.703827	0.025155	0.941898	1.497381	-0.148931	0.880858	1.364539	-0.103004	1.182143	1.332004	-0.341315	1.059195	1.319441	-0.192336	1.003283	1.549084	-0.342955	0.818153	1.510546	0.175436	0.782301	1.400357	0.155887	1.105976	1.612766	0.056758	0.993232	1.521809	0.207782	0.974581	1.620049	-0.206368	1.263924	0.492192	0.179202	1.029424	0.079088	0.324078	1.098433	0.036048	0.391292	1.204925	0.074627	0.255779	0.938056	0.527834	0.054574	0.933839	0.059981	-0.285528	0.817574	0.058341	-0.288621	0.836363	0.225872	-0.214478	NaN	NaN	NaN	NaN	NaN	NaN	NaN	NaN	NaN	NaN	NaN	NaN	NaN	NaN	NaN	NaN	NaN	NaN
