DataType=double
version=3
OpenSimVersion=4.6-2026-06-22-85aaf64
endheader
time	/forceset/tau_pelvis_tilt	/forceset/tau_pelvis_list	/forceset/tau_pelvis_rotation	/forceset/tau_pelvis_tx	/forceset/tau_pelvis_ty	/forceset/tau_pelvis_tz	/forceset/tau_hip_flexion_r	/forceset/tau_hip_adduction_r	/forceset/tau_hip_rotation_r	/forceset/tau_knee_angle_r	/forceset/tau_knee_angle_r_beta	/forceset/tau_ankle_angle_r	/forceset/tau_subtalar_angle_r	/forceset/tau_mtp_angle_r	/forceset/tau_hip_flexion_l	/forceset/tau_hip_adduction_l	/forceset/tau_hip_rotation_l	/forceset/tau_knee_angle_l	/forceset/tau_knee_angle_l_beta	/forceset/tau_ankle_angle_l	/forceset/tau_subtalar_angle_l	/forceset/tau_mtp_angle_l	/forceset/tau_lumbar_extension	/forceset/tau_lumbar_bending	/forceset/tau_lumbar_rotation	/forceset/tau_arm_flex_r	/forceset/tau_arm_add_r	/forceset/tau_arm_rot_r	/forceset/tau_elbow_flex_r	/forceset/tau_pro_sup_r	/forceset/tau_wrist_flex_r	/forceset/tau_wrist_dev_r	/forceset/tau_arm_flex_l	/forceset/tau_arm_add_l	/forceset/tau_arm_rot_l	/forceset/tau_elbow_flex_l	/forceset/tau_pro_sup_l	/forceset/tau_wrist_flex_l	/forceset/tau_wrist_dev_l
0	0.01409698760395616	-0.01629413238577686	0.009296147793788418	0.04438698134368781	-0.1553436520078179	0.0002372869594160723	-0.02179993706093917	-0.009249417100545419	-6.493747309832369e-05	0.009540904124881747	8.018681888505767e-06	-0.001393362152207818	0.0002030519083740215	4.721644591682107e-05	-0.03119575142327279	-0.006307159104969945	0.001444061788607171	0.0148145475243982	8.894299370998779e-06	-0.001966087018813665	0.0002687164090037822	5.715473478152024e-05	0.006607676835632519	0.01600335835419539	0.02136299517251543	0.04819216647042317	-0.02849068831102265	-0.05843701826069224	-0.008654876284571091	-0.03201470930670216	-0.005884647774651024	-0.05088303620838044	0.005306705301069817	-0.00540422858258621	0.0003623776624525367	-0.002040093705147225	-4.229025863543824e-05	-0.0001382471588121355	-3.243397041009188e-05
0.005	0.00913194327665855	-0.03697635587106302	0.02557066871723232	0.0742583168136806	-0.2905071159749626	-0.00605181854685391	-0.03315636690175679	-0.01560523578486664	0.001019551047903646	0.01483674999224501	1.649135181266804e-05	-0.002797390296249266	0.0005778339189997406	9.41699683972611e-05	-0.05343600528871632	-0.003842717998970122	0.0003819450514739804	0.02353233514455247	1.747268339145761e-05	-0.003394586277179753	0.0003597228467917869	0.0001069536013175125	-0.01154621623101963	0.03004523173846664	0.02411345252962346	0.05868909204447278	-0.0004995207838270694	-0.06884783981293645	-0.02888056644661111	-0.04775013512428612	-0.02003282623824204	-0.05716250436548605	0.00831926661293262	-0.009561900380598761	0.0005757874541424903	-0.005011407798760375	-0.0001425554146303893	-0.0004204219544475488	-7.024752046624785e-05
0.01	0.004166898949360944	-0.05765857935634917	0.04184518964067623	0.1041296522836734	-0.4256705799421074	-0.01234092405312389	-0.04451279674257441	-0.02196105446918786	0.002104039568905615	0.02013259585960827	2.49640217368303e-05	-0.004201418440290714	0.0009526159296254597	0.0001411234908777011	-0.07567625915415986	-0.001378276892970299	-0.0006801716856592105	0.03225012276470673	2.605106741191645e-05	-0.004823085535545842	0.0004507292845797916	0.0001567524678535048	-0.02970010929767177	0.04408710512273788	0.02686390988673149	0.06918601761852239	0.02749164674336851	-0.07925866136518067	-0.04910625660865112	-0.06348556094187008	-0.03418100470183306	-0.06344197252259165	0.01133182792479542	-0.01371957217861131	0.0007891972458324439	-0.007982721892373526	-0.0002428205706253404	-0.0007025967500829621	-0.0001080610705224038
0.015	-0.03548034568563743	-0.07012876111838351	0.05216237818975248	0.09973310906770808	-0.364783917075427	-0.01517308341200038	-0.0346459117624572	-0.01354334559734394	0.001313171446071221	0.01493306205741087	2.189603368985251e-05	-0.003671188682182741	0.0009197715973678707	0.0001259687792965648	-0.06563579602031869	0.005554477263511578	-0.0003279083754580955	0.0285610729870701	2.278735636089472e-05	-0.004317404828701204	0.0006022669845575897	0.0001351629237698198	-0.04995485333990491	0.02004339503775695	0.02123670279965884	0.03305282919488868	0.006103402254280748	-0.03556960115224467	-0.02248764653638425	-0.02996668289340001	-0.01826316728613622	-0.02671059122445756	0.0130522033182904	-0.008829089553068282	0.003263030713986265	-0.008550842980096847	-0.000207314747418629	-0.0008680240631106259	0.0002177950460141649
0.02	-0.0751275903206358	-0.08259894288041784	0.06247956673882873	0.09533656585174279	-0.3038972542087465	-0.01800524277087687	-0.02477902678234	-0.005125636725500027	0.0005223033232368267	0.009733528255213474	1.882804564287471e-05	-0.00314095892407477	0.0008869272651102816	0.0001108140677154284	-0.05559533288647751	0.01248723141999346	2.435493474301965e-05	0.02487202320943348	1.952364530987298e-05	-0.003811724121856565	0.0007538046845353877	0.0001135733796861348	-0.07020959738213803	-0.004000315047223978	0.01560949571258619	-0.003080359228745031	-0.01528484223480701	0.008119459060691352	0.004130963535882609	0.003552195155070061	-0.002345329870439376	0.01002079007367653	0.01477257871178538	-0.003938606927525252	0.005736864182140086	-0.009118964067820172	-0.0001718089242119175	-0.00103345137613829	0.0005436511625507336
0.025	-0.1207009893862601	-0.09353906866779553	0.07624564111604741	0.09042361446270675	-0.181299203447542	-0.01259243626456782	-0.0126191397008793	0.004838135554901752	0.0005159115616821667	0.006239063894493145	1.182360110076246e-05	-0.002136039029678655	0.00078172459823266	6.930000254243748e-05	-0.04182616536934985	0.0144210396611325	-0.0004494827037339338	0.02015995202186154	1.232489442389935e-05	-0.002622784695613772	0.0005106959136897576	7.439435726801562e-05	-0.07315255870809584	-0.04342056946826443	0.0181736648472088	-0.00160372380235064	-0.01008800465443043	0.0050641953342028	0.001486701792709241	0.001120806156000691	-0.003414097022134956	0.00729578112702479	0.009680453780637911	-0.006734766617133636	0.002823817242417446	-0.005262622515810228	-0.0001284130913370353	-0.000607015908276444	0.0002413087340132044
0.03	-0.1662743884518843	-0.1044791944551732	0.09001171549326609	0.08551066307367071	-0.05870115268633748	-0.007179629758258772	-0.0004592526194186013	0.01480190783530353	0.0005095198001275065	0.002744599533772816	4.8191565586502e-06	-0.001131119135282539	0.0006765219313550386	2.778593736944654e-05	-0.02805699785222219	0.01635484790227154	-0.0009233203422108873	0.0154478808342896	5.126143537925731e-06	-0.00143384526937098	0.0002675871428441273	3.521533484989638e-05	-0.07609552003405363	-0.08284082388930489	0.0207378339818314	-0.0001270883759562498	-0.004891167074053859	0.002008931607714251	-0.001157559950464128	-0.001310582843068678	-0.004482864173830536	0.004570772180373047	0.004588328849490436	-0.009530926306742021	-8.922969730519436e-05	-0.001406280963800285	-8.501725846215313e-05	-0.0001805804404145983	-6.103369452432499e-05
0.035	-0.2106067486743166	-0.1136235785909988	0.09675981194829768	0.07349050586845561	0.05880292322227661	0.0002159812833071601	0.0105652339808883	0.02192643375719426	0.0004128286928696264	-0.0008771944394703173	-1.896903888376476e-06	-0.0001310245229361882	0.0005377076107549342	-1.163930724974046e-05	-0.01495350893127418	0.01402101160657585	-0.001072894316848449	0.01002465383771257	-1.758773605817893e-06	-0.0002608338230679946	-9.424379663248028e-06	-1.400585236855672e-06	-0.08206262857310628	-0.1253325109522509	0.01660939073504394	0.00249702804491813	-0.004595131345472046	-0.003510905792928955	-0.00216717955012286	-0.003777757309437636	-0.0041186360877455	-0.0005263403407621936	0.0007539021081773924	-0.01010859245944486	-0.001892311473831934	0.002145449331070773	-2.579188053735109e-05	0.0002048214200424926	-0.0002385485250381442
0.04	-0.254939108896749	-0.1227679627268243	0.1035079084033293	0.06147034866324051	0.1763069991308907	0.007611592324873093	0.0215897205811952	0.029050959679085	0.0003161375856117462	-0.004498988412713451	-8.612964335403153e-06	0.000869070089410163	0.0003988932901548296	-5.106455186892746e-05	-0.001850020010326165	0.01168717531088016	-0.001222468291486011	0.004601426841135533	-8.643690749561518e-06	0.0009121776232349905	-0.0002864359021706233	-3.801650532360773e-05	-0.08802973711215895	-0.1678241980151969	0.01248094748825648	0.00512114446579251	-0.004299095616890232	-0.009030743193572159	-0.003176799149781593	-0.006244931775806593	-0.003754408001660463	-0.005623452861897435	-0.003080524633135651	-0.0106862586121477	-0.003695393250358673	0.005697179625941831	3.343349738745096e-05	0.0005902232804995835	-0.0004160633555519634
0.045	-0.2937396156768707	-0.1272202813499154	0.0965306087094609	0.04900088837034422	0.2646733877793109	0.01222676696434003	0.02911561361445437	0.03012550686839045	-0.0001154068698321771	-0.007516683840144974	-1.366926305763264e-05	0.001745465681324802	0.0001262716245926486	-8.032376476792612e-05	0.00784935031657254	0.008869339631833846	-0.0007756836856374232	0.0004906734046185784	-1.368227134559629e-05	0.001809463472726069	-0.0004823350215418537	-6.765767350516985e-05	-0.1000481378390329	-0.1993438321049773	-0.001625609936556011	-0.001184249952013995	-0.0133054493637207	-0.003746127729621952	0.002890992311418433	-0.0003718560841546082	7.030234003859168e-05	-0.0008545109870588225	-0.002179562618344229	-0.007075637160757464	-0.002134698546485797	0.007249838970974191	0.0001092016959866745	0.000705933001011642	-0.0002090196155406181
0.05	-0.3325401224569925	-0.1316725999730066	0.08955330901559254	0.03653142807744793	0.3530397764277312	0.01684194160380697	0.03664150664771354	0.0312000540576959	-0.0005469513252761004	-0.0105343792675765	-1.872556177986212e-05	0.002621861273239441	-0.0001463500409695325	-0.0001095829776669248	0.01754872064347125	0.006051503952787527	-0.0003288990797888357	-0.003620080031898377	-1.872085194163107e-05	0.002706749322217148	-0.0006782341409130842	-9.729884168673198e-05	-0.1120665385659068	-0.2308634661947578	-0.0157321673613685	-0.007489644369820501	-0.02231180311055117	0.001538487734328257	0.008958783772618458	0.005501219607497376	0.003895012681737647	0.003914430887779789	-0.001278600603552805	-0.003465015709367224	-0.000574003842612921	0.008802498316006548	0.000184969894585898	0.0008216427215237004	-1.975875529272811e-06
0.055	-0.3612212571618366	-0.1323912027304736	0.07402378323723297	0.02952469177964859	0.408749396137696	0.01735978589321631	0.04035147927584088	0.02617534070167908	-0.0002490499985468245	-0.01110424085549651	-2.199028446138628e-05	0.003151180586611454	-0.0004029202865422785	-0.0001268772170957613	0.02327704763034162	0.006309216439153078	-0.0004200192378503276	-0.005884103973588784	-2.199017297735361e-05	0.003277964153367837	-0.0007639028391748285	-0.0001170657457474921	-0.1248475928045084	-0.2453571201663713	-0.03622025880808068	0.0009714350031408159	-0.007730115118770612	-0.01183571026266673	-0.0009407484830596897	-0.003859345825988863	0.0007821241172469557	-0.008186362410898363	-0.00210769288310966	-0.003386355924206605	-0.0009606013653280413	0.01042491813395361	0.0002140720799331936	0.0009948822970325599	-4.381301868292003e-05
0.06	-0.3899023918666807	-0.1331098054879406	0.05849425745887338	0.02251795548184926	0.4644590158476609	0.01787763018262564	0.04406145190396822	0.02115062734566226	4.885132818245139e-05	-0.01167410244341651	-2.525500714291044e-05	0.003680499899983466	-0.0006594905321150247	-0.0001441714565245978	0.02900537461721199	0.006566928925518628	-0.0005111393959118195	-0.008148127915279193	-2.525949401307615e-05	0.003849178984518525	-0.0008495715374365728	-0.0001368326498082523	-0.1376286470431101	-0.2598507741379848	-0.05670835025479287	0.009432514376102132	0.006851572873009945	-0.02520990825966173	-0.01084028073873784	-0.0132199112594751	-0.002330764447243735	-0.02028715570957651	-0.002936785162666516	-0.003307696139045985	-0.001347198888043162	0.01204733795190067	0.0002431742652804892	0.00116812187254142	-8.565016183656727e-05
0.065	-0.4064642162024873	-0.1339612027921309	0.03679424263363653	0.01611347008976713	0.4867698607568857	0.01764663288457075	0.04392602059594234	0.01560813431951739	-0.0006082103706713643	-0.0120401434334387	-2.626071279986135e-05	0.003943372635390778	-0.000898698578071368	-0.0001475365151664839	0.03071630928853355	0.005705564785120983	0.0003142687964135767	-0.008583736488636671	-2.630486744577584e-05	0.004029355866679198	-0.0008468509885033549	-0.0001459668754021773	-0.1486749583273842	-0.2685278589523433	-0.0751786777941368	-0.004498956927466493	-0.005264381047703311	-0.009052597849401304	0.001109921690212717	0.0002930549874707719	0.004482118846578429	-0.006285376816407885	-0.001546346092720524	-0.000907787706719574	2.501395545680548e-05	0.01235547109586967	0.0003017735905302948	0.001184446317274271	0.000101920665959078
0.06999999999999999	-0.4230260405382939	-0.1348126000963211	0.01509422780839968	0.009708984697685009	0.5090807056661103	0.01741563558651586	0.04379058928791646	0.01006564129337253	-0.00126527206952518	-0.01240618442346089	-2.726641845681227e-05	0.00420624537079809	-0.001137906624027711	-0.0001509015738083698	0.0324272439598551	0.004844200644723337	0.001139676988738973	-0.009019345061994149	-2.735024087847554e-05	0.004209532748839871	-0.0008441304395701369	-0.0001551011009961023	-0.1597212696116583	-0.2772049437667019	-0.09364900533348071	-0.01843042823103512	-0.01738033496841657	0.007104712560859119	0.01306012411916327	0.01380602123441665	0.01129500214040059	0.007716402076760744	-0.0001559070227745327	0.001492120725606838	0.001397226798956773	0.01266360423983867	0.0003603729157801003	0.001200770762007122	0.0002894914937547232
0.075	-0.427097645901764	-0.1364367968391283	0.002224888501478076	0.008266492606868486	0.5109159686327757	0.01178983615835315	0.0424278871904845	0.003128502810605757	-9.477389337572703e-05	-0.01053204940977431	-2.767754274648251e-05	0.004224721198879716	-0.001218780112683972	-0.0001538926548682036	0.02956970008313452	0.006314264809981544	0.0002303899738909721	-0.00810316215188165	-2.738963414541218e-05	0.004233357000535109	-0.0008804725573878281	-0.0001548423225370784	-0.1597585828036354	-0.2740516413367685	-0.1027282183083452	0.004234847281993057	0.01942963100317147	-0.02223297483237129	-0.01519827017848121	-0.01196814241371022	-0.002972852623847003	-0.01671776174633667	-0.002494351025196083	-0.002859072034056533	-0.0007696186326109748	0.01315875712681818	0.0003069790184050344	0.001281374308402019	2.261676557445806e-05
0.08	-0.4311692512652341	-0.1380609935819355	-0.01064445080544353	0.006824000516051962	0.5127512315994409	0.006164036730190441	0.04106518509305254	-0.003808635672161014	0.001075724282773726	-0.008657914396087733	-2.808866703615274e-05	0.00424319702696134	-0.001299653601340233	-0.0001568837359280374	0.02671215620641394	0.007784328975239754	-0.0006788970409570286	-0.007186979241769149	-2.742902741234881e-05	0.004257181252230347	-0.0009168146752055194	-0.0001545835440780544	-0.1597958959956126	-0.2708983389068351	-0.1118074312832096	0.02690012279502123	0.05623959697475951	-0.05157066222560169	-0.04345666447612569	-0.03774230606183709	-0.0172407073880946	-0.04115192556943409	-0.004832795027617634	-0.007210264793719903	-0.002936464064178722	0.01365391001379768	0.0002535851210299686	0.001361977854796916	-0.0002442579626058071
0.08499999999999999	-0.4264646724011341	-0.1459323458253266	-0.01849880921134707	0.0005750228428295301	0.4934174251352579	0.003284340805600207	0.03314459537136889	-0.005715126335857933	-0.0004316078008614875	-0.007171880822234486	-2.623159156027674e-05	0.004030758808671738	-0.00137684476892609	-0.0001435082909073547	0.01772941023068564	0.005404199220578806	0.0006924056870342239	-0.003578238793009752	-2.594046664016409e-05	0.004004105512488081	-0.0008756535027359203	-0.0001524134266562665	-0.1479148279934915	-0.2779850739331974	-0.1000130798986294	-0.003000300490642608	0.0005840352757891079	-0.01301292104112285	-0.0009839785557302992	-0.001137426429232787	0.005953616229099336	-0.01108927030919048	-0.0008943894201854357	-0.0008795092983212018	0.0006562916565288747	0.01233633186624579	0.0003263484537511291	0.001182192962856205	0.0002023854870814414
0.09	-0.421760093537034	-0.1538036980687176	-0.02635316761725062	-0.005673954830392901	0.4740836186710749	0.0004046448810099737	0.02522400564968523	-0.007621616999554851	-0.001938939884496701	-0.005685847248381238	-2.437451608440073e-05	0.003818320590382135	-0.001454035936511947	-0.000130132845886672	0.008746664254957339	0.003024069465917858	0.002063708415025476	3.050165574964653e-05	-2.445190586797937e-05	0.003751029772745817	-0.0008344923302663212	-0.0001502433092344786	-0.1360337599913704	-0.2850718089595599	-0.08821872851404923	-0.03290072377630645	-0.05507152642318128	0.02554482014335599	0.04148870736466509	0.03546745320337152	0.02914793984629327	0.01897338495105314	0.003044016187246762	0.0054512461970775	0.004249047377236472	0.0110187537186939	0.0003991117864722896	0.001002408070915495	0.0006490289367686899
0.09499999999999999	-0.4096528131099108	-0.1622028377271972	-0.02138984355432009	-0.01533008018515841	0.4509947031884513	-0.005191590534299727	0.02193595742003904	-0.009029514235092677	-0.0002973006798207138	-0.003652000737297037	-2.297497344532308e-05	0.003465745435308725	-0.001218897780502628	-0.0001258612154949345	0.002090684242098339	0.005384175150697477	0.0005379396607668914	0.001004252385613308	-2.2868261734933e-05	0.003535518647465808	-0.0008546178055775512	-0.0001380870805645585	-0.1231293296252898	-0.2821590739333745	-0.07867822300323633	-0.01037949601528093	-0.01482918763826343	-0.001391939191869885	0.009377325139207979	0.007542854664400669	0.009457893007098334	-0.0008179666217423776	-0.002569679700845511	-0.0001156815677228289	0.0003199906510844125	0.01069214418338901	0.0002775960930215288	0.001005269019402164	0.0001799619655158035
0.09999999999999999	-0.3975455326827876	-0.1706019773856768	-0.01642651949138955	-0.02498620553992392	0.4279057877058277	-0.01078782594960943	0.01864790919039285	-0.0104374114706305	0.001344338524855273	-0.001618154226212835	-2.157543080624542e-05	0.003113170280235313	-0.0009837596244933102	-0.000121589585103197	-0.004565295770760662	0.007744280835477095	-0.0009878290934916935	0.00197800311547697	-2.128461760188663e-05	0.0033200075221858	-0.0008747432808887812	-0.0001259308518946383	-0.1102248992592092	-0.2792463389071891	-0.06913771749242341	0.01214173174574459	0.02541315114665444	-0.02832869852709576	-0.02273405708624913	-0.02038174387457018	-0.0102321538320966	-0.02060931819453789	-0.008183375588937785	-0.005682609332523157	-0.003609066075067647	0.01036553464808414	0.0001560803995707679	0.001008129967888834	-0.0002891050057370829
0.105	-0.3830784854756491	-0.1783187698009707	-0.01808573126088147	-0.03425744404027709	0.4019143306152279	-0.01368363289384114	0.01499349512654989	-0.007736640978286608	0.0009599943413951511	-0.001338898735541228	-2.018865908872329e-05	0.003022858716514626	-0.00103396634084402	-0.0001167188461261368	-0.007737471850518675	0.007470214147309855	-0.0008515703218096428	0.00267019756337411	-1.928786159808627e-05	0.003012403931916732	-0.0008220109777842263	-0.0001151381070285935	-0.1026411863042076	-0.2791575808659343	-0.06271312855756052	0.009484341506129335	0.02244759588103612	-0.02298385693622008	-0.01961248591207309	-0.0177829041003508	-0.01104211199841339	-0.01486099098302775	-0.01385040536969526	-0.008203181734161839	-0.006964079977546086	0.009994441334965659	9.910446261024214e-05	0.001016196878295205	-0.0006567178232621439
0.11	-0.3686114382685106	-0.1860355622162647	-0.01974494303037337	-0.04352868254063025	0.3759228735246282	-0.01657943983807285	0.01133908106270693	-0.005035870485942716	0.0005756501579350289	-0.00105964324486962	-1.880188737120116e-05	0.002932547152793937	-0.001084173057194729	-0.0001118481071490766	-0.01090964793027669	0.007196147459142615	-0.0007153115501275922	0.00336239201127125	-1.72911055942859e-05	0.002704800341647665	-0.0007692786746796714	-0.0001043453621625486	-0.0950574733492059	-0.2790688228246795	-0.05628853962269761	0.006826951266514082	0.0194820406154178	-0.01763901534534441	-0.01649091473789706	-0.01518406432613141	-0.01185207016473018	-0.009112663771517607	-0.01951743515045273	-0.01072375413580052	-0.01031909388002453	0.009623348021847182	4.21285256497164e-05	0.001024263788701576	-0.001024330640787205
0.115	-0.3575577618122068	-0.181066709899919	-0.02548464712800184	-0.04235421607494816	0.3638469760442195	-0.01573479016067145	0.01092949514703853	-0.0049096733122473	0.001481462562990384	-0.0004806584593047755	-1.837309821136916e-05	0.0027252890834317	-0.0008155839619107592	-0.00011170505453843	-0.01312922953449401	0.007246782836664379	-0.001519153593672518	0.004043849777843112	-1.662808059992124e-05	0.002591340321816611	-0.0008786684360525094	-9.538280962785645e-05	-0.09100280802495248	-0.2728529513657731	-0.05907939082053475	0.01790356976306829	0.04741844299456378	-0.03165183005488158	-0.03707790862631771	-0.03083429580264658	-0.0234436976203146	-0.01913450777081408	-0.01954611025716716	-0.01328627711180131	-0.01093537659515678	0.01018419974039115	2.356563568606854e-05	0.001117146465559435	-0.001112530893950619
0.12	-0.346504085355903	-0.1760978575835734	-0.03122435122563032	-0.04117974960926606	0.3517710785638107	-0.01489014048327005	0.01051990923137013	-0.004783476138551883	0.00238727496804574	9.832632626006925e-05	-1.794430905153717e-05	0.002518031014069462	-0.0005469948666267895	-0.0001115620019277835	-0.01534881113871134	0.007297418214186143	-0.002322995637217443	0.004725307544414972	-1.596505560555656e-05	0.002477880301985558	-0.0009880581974253473	-8.642025709316428e-05	-0.08694814270069903	-0.2666370799068667	-0.06187024201837189	0.0289801882596225	0.07535484537370978	-0.04566464476441874	-0.05766490251473836	-0.04648452727916175	-0.03503532507589903	-0.02915635177011056	-0.01957478536388159	-0.01584880008780211	-0.01155165931028904	0.01074505145893511	5.002745722420679e-06	0.001210029142417294	-0.001200731147114033
0.125	-0.3419053391547309	-0.1667936175864395	-0.04414652182298921	-0.03042229490020225	0.3511292745220919	-0.01715907759107698	0.008815084674546366	-0.007978571705362248	0.0008235695739885815	0.0006093529491225292	-1.785427467956191e-05	0.002586543489344146	-0.0008437474286789745	-0.0001039011669042853	-0.01353626368256941	0.007674769500508969	-0.0007727981473270248	0.005815078768993218	-1.65663165439536e-05	0.00246163456145108	-0.0008059979580782883	-9.560838584325186e-05	-0.08627365339818849	-0.2575390380938661	-0.0632305015030907	0.005349570260400771	0.02953135538158668	-0.01649680041126495	-0.02019227427828414	-0.01499832581739001	-0.0111572686354491	-0.009498731430099862	-0.01070536262254546	-0.008971204215517021	-0.005520771811498552	0.009544167084117598	0.0001217810228759012	0.001001624231056407	-0.000490776470737306
0.13	-0.3373065929535588	-0.1574893775893056	-0.05706869242034811	-0.01966484019113843	0.350487470480373	-0.01942801469888392	0.007110260117722607	-0.01117366727217261	-0.0007401358200685768	0.001120379571984989	-1.776424030758667e-05	0.00265505596461883	-0.00114049999073116	-9.624033188078718e-05	-0.01172371622642749	0.008052120786831795	0.0007773993425633937	0.006904849993571462	-1.716757748235065e-05	0.002445388820916602	-0.0006239377187312292	-0.0001047965145933394	-0.08559916409567793	-0.2484409962808655	-0.06459076098780953	-0.01828104773882096	-0.01629213461053641	0.01267104394188884	0.01728035395817007	0.01648787564438173	0.01272078780500083	0.01015888890991083	-0.00183593988120933	-0.002093608343231933	0.0005101156872919388	0.008343282709300079	0.0002385593000293816	0.0007932193196955198	0.0002191782056394213
0.135	-0.3341313818500666	-0.1487512555968815	-0.0643166673461599	-0.01230088073627267	0.3545935265283333	-0.02308638372362915	0.008550982136923773	-0.01487658058720667	-0.000979403004477189	0.001701768919472622	-1.815421337056369e-05	0.002659832811375546	-0.001298556111995938	-9.164119640086152e-05	-0.006804460246650993	0.01099372892539011	0.001152804828005738	0.006190569342854685	-1.810147305448822e-05	0.002508648665107959	-0.000418843081571654	-0.0001133008496231184	-0.09045520790984082	-0.2364521029776158	-0.07221486336920993	-0.01760692373477672	-0.01632224540760359	0.01116347764972153	0.01831429880416071	0.0168283094441606	0.01469090942289686	0.00774286731543669	-0.001027110740001451	-0.001723301491540274	0.0007660993101864988	0.008321550489257023	0.0002410413249733548	0.0007864830066208583	0.0002397663992870117
0.14	-0.3309561707465745	-0.1400131336044575	-0.07156464227197172	-0.004936921281406917	0.3586995825762935	-0.02674475274837438	0.009991704156124938	-0.01857949390224073	-0.001218670188885801	0.002283158266960255	-1.85441864335407e-05	0.002664609658132263	-0.001456612233260717	-8.704206092093586e-05	-0.001885204266874501	0.01393533706394842	0.001528210313448082	0.005476288692137906	-1.903536862662578e-05	0.002571908509299316	-0.0002137484444120787	-0.0001218051846528973	-0.09531125172400373	-0.2244632096743661	-0.07983896575061032	-0.01693279973073248	-0.01635235620467077	0.009655911357554225	0.01934824365015136	0.01716874324393947	0.01666103104079289	0.00532684572096255	-0.0002182815987935719	-0.001352994639848614	0.001022082933081059	0.008299818269213966	0.0002435233499173279	0.0007797466935461968	0.000260354592934602
0.145	-0.3265258148505303	-0.1355581000223379	-0.07284379807583474	-0.00730113316025047	0.3567718949889631	-0.02208353342442908	0.01236844106739596	-0.01570721733868701	-0.000299446016205663	0.001454406444553333	-1.867183330598909e-05	0.00267100233627957	-0.001268885590244436	-9.381204716913409e-05	0.0003250406992899998	0.01278143186213236	0.0004729506726894159	0.003914829189294011	-1.884727666233353e-05	0.002677634361410466	-0.00044561392529301	-0.000116031138472266	-0.1000772333338667	-0.2250958773014281	-0.08820969719520876	-0.003200617950279698	0.01124887905491108	-0.008146246500407137	-0.002957662386144384	-0.001108273533713149	0.003738316389994762	-0.00747439024615151	-0.002828884705394293	-0.004458083139943791	-0.0009173085045092756	0.008523561257422568	0.0001977832281656465	0.0008181842652179193	3.409945909043408e-05
0.15	-0.3220954589544861	-0.1311030664402184	-0.07412295387969776	-0.009665345039094022	0.3548442074016326	-0.01742231410048378	0.01474517797866698	-0.0128349407751333	0.0006197781564744751	0.0006256546221464109	-1.879948017843748e-05	0.002677395014426877	-0.001081158947228156	-0.0001005820334173323	0.002535285665454501	0.01162752666031629	-0.00058230896806925	0.002353369686450114	-1.865918469804128e-05	0.002783360213521617	-0.0006774794061739414	-0.0001102570922916347	-0.1048432149437297	-0.2257285449284901	-0.09658042863980718	0.01053156383017308	0.03885011431449292	-0.0259484043583685	-0.02526356842244012	-0.01938529031136577	-0.009184398260803368	-0.02027562621326557	-0.005439487811995014	-0.007563171640038967	-0.00285669994209961	0.008747304245631169	0.0001520431064139651	0.0008566218368896417	-0.0001921556747537338
0.155	-0.319381137834278	-0.1316114118519811	-0.07524211083957992	-0.01542926667983562	0.3527613632944296	-0.01562287174354235	0.0148828476632681	-0.009682603778832915	5.885067468406625e-05	-4.837295940857054e-05	-1.848472879795863e-05	0.002617955142544604	-0.001017549210492261	-9.769615681512559e-05	0.005459602848214338	0.01045453475979635	-1.154724970856126e-07	0.0007177217234192181	-1.820253576602171e-05	0.002651394218696575	-0.0005347538948678452	-0.0001063089762539189	-0.1079095868580325	-0.2288165636605956	-0.1004527433846281	0.002651228719600298	0.04113004736278052	-0.01512107841854251	-0.02273273753747873	-0.01399309337824751	-0.01040670693554511	-0.008677991726786571	-0.01013342214968566	-0.007822266984692254	-0.005435981898041853	0.009453665074560875	0.0001444546741181833	0.0009901901218133992	-0.0004854782474553659
0.16	-0.3166668167140699	-0.1321197572637438	-0.07636126779946208	-0.02119318832057721	0.3506785191872265	-0.01382342938660092	0.01502051734786921	-0.006530266782532532	-0.0005020768071063425	-0.0007224005409635519	-1.816997741747978e-05	0.002558515270662331	-0.0009539394737563653	-9.481028021291886e-05	0.008383920030974176	0.009281542859276397	0.0005820780230750788	-0.0009179262396116782	-1.774588683400214e-05	0.002519428223871533	-0.000392028383561749	-0.000102360860216203	-0.1109759587723353	-0.2319045823927012	-0.104325058129449	-0.005229106390972483	0.04340998041106812	-0.004293752478716524	-0.02020190665251733	-0.008600896445129253	-0.01162901561028686	0.002919642759692427	-0.0148273564873763	-0.008081362329345542	-0.008015263853984095	0.01016002590349058	0.0001368662418224015	0.001123758406737157	-0.0007788008201569978
0.165	-0.3159785567692679	-0.1280725032599422	-0.07432592538009138	-0.02246586604675042	0.3503564688562882	-0.005025909457791597	0.01458761926515818	-0.002955264110399431	0.0009579005062489898	-0.000929854974077667	-1.890060835434005e-05	0.002705672942519681	-0.000677126925977151	-0.0001136520818795873	0.004783666566173028	0.004085876818361076	-0.0009632478524329659	-0.0002980751734589339	-1.719478672704167e-05	0.002710071547880413	-0.0009330852288462691	-9.485284860962756e-05	-0.107800530385247	-0.236604945193849	-0.1052846020174728	0.01683488829541689	0.07708303603885817	-0.03266193369162253	-0.05217303882065049	-0.03614889526794388	-0.02938954463948592	-0.01901074250949138	-0.0133877366945992	-0.01060916343683529	-0.007565578829588459	0.01013221658538903	9.50585059751294e-05	0.001095161297013444	-0.0007395210497346333
0.17	-0.3152902968244659	-0.1240252492561405	-0.0722905829607207	-0.02373854377292363	0.3500344185253501	0.00377161047101772	0.01415472118244715	0.0006197385617336694	0.002417877819604322	-0.001137309407191782	-1.963123929120032e-05	0.002852830614377031	-0.0004003143781979367	-0.0001324938835462558	0.001183413101371879	-0.001109789222554245	-0.00250857372794101	0.0003217758926938104	-1.664368662008119e-05	0.002900714871889293	-0.001474142074130789	-8.734483700305215e-05	-0.1046251019981588	-0.2413053079949968	-0.1062441459054966	0.03889888298180626	0.1107560916666482	-0.06103011490452855	-0.08414417098878364	-0.06369689409075849	-0.04715007366868497	-0.04094112777867519	-0.0119481169018221	-0.01313696454432504	-0.007115893805192821	0.01010440726728748	5.325077012785726e-05	0.00106656418728973	-0.0007002412793122688
0.175	-0.3230785217920437	-0.1260688453220536	-0.0709019247875146	-0.02551832456252492	0.3626524108525745	-0.01599444582214688	0.01114478108454278	-0.01293680905985954	0.001020218257764744	0.001508824821462845	-1.848610309276773e-05	0.002646407545505175	-0.001053342006774496	-0.0001022733685400372	0.008106029226936973	0.009593095228922675	-0.0009248505909929888	-0.002191115454427267	-1.913241743939432e-05	0.002851934022212281	-0.0006419077422387559	-0.0001045538444403673	-0.1063071559668203	-0.2267561981779391	-0.09927440526073225	0.000953875996294125	0.04601881485419493	-0.01377377215266593	-0.02585427274523025	-0.01451961887210697	-0.0121936801934037	-0.006635857895395283	-0.009312456658173344	-0.003410190188883474	-0.003850545548476849	0.008939096174091778	0.0001522109448520032	0.0008970615139489537	-0.0003105243246642719
0.18	-0.3308667467596216	-0.1281124413879666	-0.06951326661430848	-0.0272981053521262	0.3752704031797989	-0.03576050211531147	0.008134840986638411	-0.02649335668145276	-0.0003774413040748337	0.004154959050117472	-1.734096689433515e-05	0.00243998447663332	-0.001706369635351054	-7.205285353381862e-05	0.01502864535250207	0.0202959796803996	0.0006588725459550328	-0.004704006801548343	-2.162114825870744e-05	0.00280315317253527	0.0001903265896532774	-0.0001217628518776826	-0.1079892099354818	-0.2122070883608813	-0.09230466461596791	-0.03699113098921802	-0.01871846195825839	0.03348257059919668	0.03243562549832315	0.03465765634654456	0.02276271328187756	0.02766941198788462	-0.006676796414524593	0.006316584166558096	-0.000585197291760877	0.00777378508089608	0.0002511711195761491	0.0007275588406081769	7.9192629983725e-05
0.185	-0.3260575289449924	-0.125645799387917	-0.07710732817480338	-0.03549493445462434	0.3695525357958835	-0.02498552248966263	0.009830824949543715	-0.02209013601682682	-0.003105497322848356	0.0003527637481545872	-1.936853942383648e-05	0.002968127968391667	-0.001673760460911513	-8.727602102403284e-05	0.01305953310401825	0.007664829807039072	0.002627518291723037	-0.005489509766014231	-2.086831144665162e-05	0.00348522461844283	-0.0001742801204909895	-0.0001518185367976873	-0.1149472484803762	-0.2226091349454467	-0.1045367062640317	-0.02114107063713075	-0.007773409372131781	0.01190191590923841	0.01381448965079433	0.01634980047992491	0.01285229303756128	0.009805639155593926	-0.006883970092303562	0.01000993102952299	-2.989164813176306e-05	0.00592340569316974	0.0001453632040092873	0.0004702068669162197	9.597661631571446e-05
0.19	-0.3212483111303633	-0.1231791573878674	-0.0847013897352983	-0.04369176355712249	0.3638346684119682	-0.01421054286401379	0.01152680891244902	-0.01768691535220088	-0.005833553341621879	-0.003449431553808297	-2.13961119533378e-05	0.003496271460150016	-0.001641151286471972	-0.000102499188514247	0.01109042085553443	-0.004966320066321453	0.004596164037491041	-0.006275012730480118	-2.01154746345958e-05	0.00416729606435039	-0.0005388868306352564	-0.0001818742217176921	-0.1219052870252706	-0.233011181530012	-0.1167687479120955	-0.005291010285043487	0.003171643213994828	-0.009678738780719853	-0.004806646196734481	-0.00195805538669474	0.002941872793245001	-0.00805813367669677	-0.007091143770082531	0.01370327789248788	0.000525413995497351	0.004073026305443399	3.955528844242549e-05	0.0002128548932242625	0.0001127606026477039
0.195	-0.3103083998102471	-0.1013259637613825	-0.109724101055898	-0.0270162492736266	0.350828975728278	0.04786387892630316	0.01620905850873742	0.0008112751354252607	0.002642405416536496	-0.003187136021121786	-1.809100930784986e-05	0.002675887006726173	-9.415427492126984e-05	-0.0001320445326129888	-0.01742025025025134	-0.02817560094370495	-0.00439949359005723	0.00133433316147322	-1.717641946769774e-05	0.001983378608138236	-0.002494554964607536	7.143830767720318e-07	-0.09456895704060587	-0.2817231074586473	-0.1288390144907652	0.02841779070889543	0.09603103204314058	-0.0531464327268626	-0.06133762220995449	-0.04658818160409023	-0.02833655609365356	-0.03920809413267032	-0.01042064244544788	-0.006435699482062946	-0.006629814475424867	0.01403499769457345	0.0002094668479654214	0.001581216008343272	-0.0007472757588272322
0.2	-0.2993684884901309	-0.07947277013489773	-0.1347468123764978	-0.01034073499013071	0.337823283044588	0.1099383007166201	0.02089130810502582	0.0193094656230514	0.01111836417469487	-0.002924840488435275	-1.478590666236193e-05	0.00185550255330233	0.001452842736629433	-0.0001615898767117306	-0.04593092135603712	-0.05138488182108843	-0.0133951512176055	0.008943679053426558	-1.423736430079968e-05	-0.0002005388480739165	-0.004450223098579816	0.0001833029878712362	-0.06723262705594107	-0.3304350333872825	-0.1409092810694348	0.06212659170283435	0.1888904208722863	-0.09661412667300534	-0.1178685982231745	-0.09121830782148571	-0.05961498498055212	-0.07035805458864387	-0.01375014112081322	-0.02657467685661377	-0.01378504294634709	0.02399696908370351	0.0003793784074884174	0.002949577123462281	-0.001607312120302168
0.205	-0.3228684243795666	-0.1310288379831219	-0.08443079158830075	-0.01333650684360667	0.3801720316813356	-0.01353701147348792	0.004301334125080662	-0.01393348628652331	-0.001040672253558341	0.003979470188028438	-1.974580593690723e-05	0.002476477273027189	-0.001170189255371993	-8.882045703506442e-05	0.01976148528150902	0.00923132136558181	0.001136345600144561	-0.003504356969270889	-2.007617052560173e-05	0.002809855028328188	-0.0003843165157936674	-0.0001130969084620786	-0.09589239309564145	-0.2325429585672009	-0.09264205902380888	-0.008469897373512425	0.02494615542916499	0.002137500941008108	-0.004971061313161738	-1.006566342968289e-05	-0.001997223105242041	0.003085358974097479	-0.007649948196814673	-0.004961450540178694	-0.003561742963229495	0.01094750738997056	0.0002280262991619198	0.001159047161418464	-0.0002549097917761311
0.21	-0.3463683602690023	-0.182584905831346	-0.0341147708001037	-0.01633227869708264	0.4225207803180833	-0.1370123236635959	-0.01228863985486449	-0.04717643819609801	-0.01319970868181155	0.01088378086449215	-2.470570521145252e-05	0.003097451992752048	-0.003793221247373419	-1.605103735839829e-05	0.08545389191905516	0.06984752455225206	0.01566784241789462	-0.01595239299196834	-2.591497675040379e-05	0.005820248904730293	0.003681590066992481	-0.0004094968047953933	-0.1245521591353418	-0.1346508837471192	-0.04437483697818295	-0.07906638644985919	-0.1389981100139563	0.1008891285550216	0.107926475596851	0.09119817649462635	0.05562053877006804	0.07652877253683883	-0.001549755272816124	0.01665177577625638	0.006661557019888097	-0.002101954303762389	7.667419083542227e-05	-0.0006314828006253544	0.001097492536749906
0.215	-0.335077606670818	-0.1547121300538175	-0.06232201110742953	-0.002585005748409906	0.4029128069697291	-0.0712475459414034	-0.005211267500898029	-0.02555467422391856	-0.002788265443553831	0.01057587494337344	-2.117985549770473e-05	0.002872186015315743	-0.00202369435250792	-8.825654786632516e-05	0.05266623331746993	0.04445292542736388	0.004578253858544156	-0.007976335777131657	-2.26971732602521e-05	0.004236266221631067	0.001147872489178045	-0.0002375118050565659	-0.1095429449436142	-0.1888248988530699	-0.07333743426789828	-0.02452594232816939	-0.001529561454976629	0.02597785109558457	0.01106096593898366	0.01685189335550492	0.003798396683718001	0.02461895486580502	-0.0008757139735116089	-0.001758396944973544	0.002307442464931039	0.003452578768273676	0.0001182771212849379	9.258192244425637e-05	0.0005051265538099766
0.22	-0.3237868530726338	-0.126839354276289	-0.09052925141475536	0.01116226720026282	0.3833048336213749	-0.005482768219210839	0.001866104853068431	-0.003932910251739094	0.00762317779470389	0.01026796902225473	-1.765400578395694e-05	0.002646920037879438	-0.0002541674576424214	-0.000160462058374252	0.0198785747158847	0.01905832630247572	-0.006511334700806313	-2.785622949769763e-07	-1.947936977010041e-05	0.00265228353853184	-0.001385845088636391	-6.552680531773856e-05	-0.09453373075188662	-0.2429989139590207	-0.1023000315576136	0.03001450179352042	0.1359389871040031	-0.04893342636385242	-0.08580454371888371	-0.05749438978361652	-0.04802374540263204	-0.02729086280522878	-0.0002016726742070935	-0.02016856966620347	-0.002046672090026019	0.009007111840309742	0.0001598800517344535	0.0008166466455138671	-8.723942912995307e-05
0.225	-0.3280497772221554	-0.1260884483442927	-0.1084400385561721	-0.0003818335297343117	0.3760539693587068	-0.001995951474318442	0.004791093616986302	-0.000758722476145068	0.002427861164698915	0.005577740457705999	-1.904461460356534e-05	0.002594149703163597	-0.000524137334759497	-0.0001284950770598069	0.02492782385619354	0.008432971075840295	-0.001613672551289565	-0.00276430764342982	-1.880277249269386e-05	0.002614707379315493	-0.0008682458175748739	-8.582157771846054e-05	-0.1177141260622074	-0.2559406544850866	-0.1265936798381637	0.02109155146511791	0.08905004294050629	-0.0400121586239145	-0.05655665183816164	-0.0404193871007199	-0.02981080327714235	-0.02587252136672	-0.006872279349669211	-0.01608170828414916	-0.005192405000284636	0.01062345521864372	0.0001773686195950416	0.001107556028458152	-0.0004311838940515261
0.23	-0.3323127013716771	-0.1253375424122963	-0.1263508256975888	-0.01192593425973145	0.3688031050960386	0.001490865270573956	0.007716082380904174	0.002415465299448958	-0.00276745546530606	0.0008875118931572713	-2.043522342317374e-05	0.002541379368447757	-0.0007941072118765726	-9.652809574536184e-05	0.02997707299650239	-0.002192384150795134	0.003283989598227183	-0.005528336724564664	-1.812617521528731e-05	0.002577131220099145	-0.0003506465465133567	-0.0001061163501191825	-0.1408945213725281	-0.2688823950111525	-0.1508873281187137	0.0121686011367154	0.04216109877700949	-0.03109089088397658	-0.02730875995743957	-0.02334438441782329	-0.01159786115165266	-0.02445417992821123	-0.01354288602513133	-0.01199484690209485	-0.008338137910543253	0.0122397985969777	0.0001948571874556297	0.001398465411402438	-0.0007751283589730992
0.235	-0.3464908903352455	-0.1233178098782243	-0.1225275948553924	-0.007069831384790498	0.3776370955374744	-0.006392410773244861	0.005791537966320248	-0.004300786029221599	-0.0009992989771251189	0.002260612941526653	-2.045395241871244e-05	0.002900186186925621	-0.0009225995329356072	-0.0001170290761532868	0.03072058102735325	0.0007178246905699474	0.001155690375809531	-0.007718778170152864	-1.933609660790864e-05	0.003063315760757204	-0.0007091170526663546	-0.0001109648364091865	-0.1433030041746977	-0.2594393927926128	-0.150402474000654	0.01277274434649383	0.06941217086909221	-0.03234620286107941	-0.04091919227400023	-0.02881788018812476	-0.01785362354773766	-0.02390876263523191	-0.01027171665377655	-0.009825163927932258	-0.005747881216862385	0.01047174156631283	0.0001985827489752679	0.001111370242439351	-0.0004890434257483044
0.24	-0.3606690792988139	-0.1212980773441524	-0.118704364013196	-0.002213728509849547	0.38647108597891	-0.01427568681706368	0.003866993551736322	-0.01101703735789216	0.0007688575110558224	0.003633713989896036	-2.047268141425114e-05	0.003258993005403485	-0.001051091853994642	-0.0001375300565612118	0.03146408905820412	0.003628033531935029	-0.0009726088466081207	-0.009909219615741064	-2.054601800052997e-05	0.003549500301415264	-0.001067587558819352	-0.0001158133226991905	-0.1457114869768673	-0.2499963905740731	-0.1499176198825943	0.01337688755627227	0.09666324296117493	-0.03360151483818226	-0.05452962459056088	-0.03429137595842623	-0.02410938594382267	-0.02336334534225259	-0.007000547282421762	-0.007655480953769669	-0.003157624523181517	0.008703684535647949	0.0002023083104949062	0.0008242750734762641	-0.0002029584925235096
0.245	-0.3719247465053469	-0.1167577679170846	-0.1254920936387236	0.002567099141986399	0.3930509998400795	-0.01898301735936576	0.002802568887086959	-0.01830602798630004	-6.674956037339292e-05	0.006039946538180017	-2.009237202947463e-05	0.002830180181035038	-0.001222353601266356	-0.0001111977458554468	0.03128856942774146	0.004797787423922615	0.000565006925442637	-0.009065196184812449	-2.12275241355046e-05	0.003153456214227531	-0.0005617031041156574	-0.0001128115798523716	-0.1516601881421445	-0.2448544353159945	-0.1566962220742788	0.001018738696622369	0.07500156137765704	-0.01719441777282131	-0.03513959265394331	-0.01868996444999393	-0.01423132951300004	-0.01086455230946344	-0.009117036701900696	-0.005939198800079813	-0.00435707071941179	0.009670977851353476	0.0001439432319880108	0.000964403808515297	-0.0003419521020656169
0.25	-0.3831804137118799	-0.1122174584900169	-0.1322798232642513	0.007347926793822345	0.399630913701249	-0.02369034790166784	0.001738144222437596	-0.02559501861470793	-0.0009023566318026083	0.008446179086463999	-1.971206264469812e-05	0.002401367356666589	-0.001393615348538071	-8.486543514968179e-05	0.03111304979727878	0.005967541315910201	0.002102622697493394	-0.008221172753883834	-2.190903027047922e-05	0.002757412127039798	-5.581864941196251e-05	-0.0001098098370055527	-0.1576088893074216	-0.239712480057916	-0.1634748242659633	-0.01133941016302753	0.05333987979413915	-0.0007873207074603548	-0.01574956071732573	-0.003088552941561626	-0.004353273082177401	0.001634240723325714	-0.01123352612137963	-0.004222916646389956	-0.005556516915642064	0.010638271167059	8.557815348111542e-05	0.00110453254355433	-0.0004809457116077243
0.255	-0.3875801840584823	-0.1108035573324437	-0.1337404506653093	0.002459342468347153	0.3964806088527358	-0.01779959993591471	-0.0003189698048817918	-0.02430280404193225	-0.001200394981230954	0.006349396064319121	-2.1076119487511e-05	0.003200120679253721	-0.001481639352502053	-0.0001194698955201738	0.02687520049418766	-0.003431299829124844	0.001010234646889031	-0.00907708709680108	-2.145352705667329e-05	0.003622841732617235	-0.0008895149102225259	-0.0001275760696391349	-0.1617756617869698	-0.2459774435503703	-0.1687145341563905	0.00246423254768193	0.06886005755400806	-0.02140392893259318	-0.03377367231710359	-0.01925582173616851	-0.01166391274925838	-0.01592833312485247	-0.006092980115085481	-0.002617461782678457	-0.001953177154176129	0.008895705397640619	0.0001917244924577329	0.0008524524117783655	-6.212398639165838e-05
0.26	-0.3919799544050846	-0.1093896561748705	-0.1352010780663674	-0.00242924185712804	0.3933303040042226	-0.01190885197016157	-0.00237608383220118	-0.02301058946915657	-0.0014984333306593	0.004252613042174243	-2.244017633032387e-05	0.003998874001840853	-0.001569663356466035	-0.0001540743558906659	0.02263735119109653	-0.01283014097415989	-8.215340371533274e-05	-0.009933001439718325	-2.099802384286736e-05	0.004488271338194672	-0.001723211171033089	-0.0001453423022727171	-0.1659424342665178	-0.2522424070428246	-0.1739542440468176	0.01626787525839139	0.08438023531387696	-0.042020537157726	-0.05179778391688147	-0.0354230905307754	-0.01897455241633937	-0.03349090697303066	-0.0009524341087913304	-0.001012006918966958	0.001650162607289806	0.007153139628222236	0.0002978708314343503	0.0006003722800024013	0.0003566977388244075
0.265	-0.3945045278952901	-0.1061746626725487	-0.1429319194582094	-0.007048236257524891	0.3909554104217655	-0.0124693618325185	0.006258048285057271	-0.02813611896893215	-0.0009445216603560456	0.00292762542068613	-2.068319088992496e-05	0.003266984863623528	-0.001619312248107849	-0.0001139189991017336	0.01757394780799667	-0.01046621554792549	-8.369764810660843e-05	-0.009700791858659292	-2.116249487771261e-05	0.003295625762202232	-0.001114817789015189	-9.854887106580478e-05	-0.1608304353043766	-0.2568393258241023	-0.1763503016340395	0.007089874645728546	0.08346020154396927	-0.02907047963897659	-0.03947275307666578	-0.02445843968987916	-0.01233672629277088	-0.02419916763115526	-0.004812709774887672	-0.001217983149893847	-0.001036995615841482	0.009681797245601297	0.0002618990777960302	0.0009412518526441388	2.563126109445752e-05
0.27	-0.3970291013854956	-0.1029596691702269	-0.1506627608500514	-0.01166723065792174	0.3885805168393084	-0.01302987169487542	0.01489218040231572	-0.03326164846870774	-0.0003906099900527909	0.001602637799198016	-1.892620544952605e-05	0.002535095725406203	-0.001668961139749663	-7.376364231280127e-05	0.01251054442489681	-0.008102290121691088	-8.524189249788412e-05	-0.009468582277600255	-2.132696591255786e-05	0.002102980186209791	-0.0005064244069972884	-5.175543985889243e-05	-0.1557184363422355	-0.2614362446053801	-0.1787463592212613	-0.002088125966934297	0.08254016777406156	-0.01612042212022718	-0.02714772223645011	-0.01349378884898291	-0.005698900169202402	-0.01490742828927986	-0.008672985440984014	-0.001423959380820736	-0.003724153838972771	0.01221045486298036	0.0002259273241577101	0.001282131425285876	-0.0003054352166354925
0.275	-0.3860909252161044	-0.1132799328218416	-0.1384015205938172	-0.0185090042943077	0.3813662437410524	-0.0152590133796922	0.00841148392332525	-0.02256626024159486	0.0004101198162617023	0.002101977783032108	-1.849000849475882e-05	0.002983919208131064	-0.00123802250365357	-0.0001134783251315619	0.01253745548109805	-0.001851501658803005	-0.001579190703355527	-0.008516552259121216	-2.051939049132244e-05	0.003758809221847436	-0.00114439692601472	-0.0001215650793705447	-0.1556116737660739	-0.2692633006747228	-0.1718072153504625	0.007407782567944697	0.09336149063402853	-0.02832866459154509	-0.04722547226489503	-0.02933394446805276	-0.02064084238024595	-0.02008923721957446	-0.008983340944307522	0.001107878209572861	-0.003239520681371481	0.007328121817394294	3.384713756436842e-05	0.000614933444610405	-0.000292321764175649
0.28	-0.3751527490467133	-0.1236001964734564	-0.1261402803375829	-0.02535077793069365	0.3741519706427963	-0.01748815506450898	0.001930787444334779	-0.01187087201448197	0.001210849622576196	0.002601317766866199	-1.805381153999158e-05	0.003432742690855925	-0.0008070838675574772	-0.0001531930079503225	0.01256436653729929	0.004399286804085077	-0.003073139514213171	-0.007564522240642179	-1.971181507008702e-05	0.005414638257485082	-0.001782369445032152	-0.000191374718882197	-0.1555049111899123	-0.2770903567440655	-0.1648680714796638	0.01690369110282369	0.1041828134939955	-0.040536907062863	-0.06730322229333996	-0.04517410008712261	-0.03558278459128951	-0.02527104614986906	-0.00929369644763103	0.003639715799966459	-0.00275488752377019	0.002445788771808232	-0.0001582330490289732	-5.226453606506631e-05	-0.0002792083117158054
0.285	-0.3741486470582886	-0.1440843457603218	-0.1155552202955743	-0.02697562948387426	0.3845340153556281	-0.0614087346193285	0.008146525831986997	-0.01185128876725293	0.0006031128902251323	-0.0005808596711959332	-2.203083852437743e-05	0.00324558464803375	-0.001636255829700991	-0.0001083610693265358	0.04639713825667127	0.03108990772865582	0.0008922738490562219	-0.01181591292763088	-1.982820849548574e-05	0.002084778074314056	0.0004147592396016776	-8.709714857581561e-05	-0.147892808044635	-0.2356547927337351	-0.1403643166681412	0.01319786842444187	0.09134894955088534	-0.03212643862869944	-0.04775259846600261	-0.03238263532903084	-0.02091882497000892	-0.02499646869162504	-0.0142595153262545	-0.006226347864955764	-0.006129280888851557	0.004522063723073473	1.530272775251264e-05	0.0002910792652850849	-0.000539163030801173
0.29	-0.3731445450698639	-0.1645684950471872	-0.1049701602535657	-0.02860048103705486	0.3949160600684598	-0.105329314174148	0.01436226421963921	-0.0118317055200239	-4.623842125931022e-06	-0.003763037109258065	-2.600786550876328e-05	0.003058426605211575	-0.002465427791844504	-6.352913070274911e-05	0.08022990997604323	0.05778052865322657	0.004857687212325615	-0.01606730361461959	-1.994460192088445e-05	-0.00124508210885697	0.002611887924235507	1.718042173056573e-05	-0.1402807048993577	-0.1942192287234047	-0.1158605618566186	0.009492045746060052	0.07851508560777519	-0.02371597019453588	-0.02820197463866525	-0.01959117057093906	-0.006254865348728334	-0.02472189123338102	-0.01922533420487796	-0.01609241152987799	-0.009503674253932923	0.006598338674338715	0.0001888385045339985	0.0006344230666352361	-0.0007991177498865408
0.295	-0.3350341709995497	-0.1347141434368457	-0.1356088271079154	-0.01601875264748644	0.3836552132735972	-0.04943024060003413	0.003922406743626369	-0.00365144540347731	8.534701365277148e-05	0.006711943015838763	-1.804109673913722e-05	0.002022901432708605	-0.001213359975023285	-7.272458219289164e-05	0.03299825274715623	0.03585434097683839	0.002922301071249913	-4.164852880139153e-05	-1.805707940553263e-05	0.002593771117873658	0.0005797872720626281	-0.000145377880098459	-0.1258323252585372	-0.2513075253538837	-0.1366173099358182	-0.0001926741916691132	0.06025280561969166	-0.0139007958876237	-0.02446408123479079	-0.01400880359089419	-0.00938143825177753	-0.0102995858756775	-0.02007706664051546	-0.0147139640151605	-0.01178640762569694	0.01322061793856897	0.0001599062497520452	0.001597942044365617	-0.001132117963400743
0.3	-0.2969237969292355	-0.1048597918265042	-0.1662474939622652	-0.003437024257918008	0.3723943664787346	0.006468832974079754	-0.006517450732386475	0.004528814713069283	0.000175317869431474	0.01718692314093559	-1.007432796951117e-05	0.0009873762602056358	3.870784179793432e-05	-8.192003368303417e-05	-0.01423340448173077	0.01392815330045022	0.0009869149301742117	0.01598400655701681	-1.616955689018081e-05	0.006432624344604285	-0.001452313380110251	-0.0003079361819274838	-0.1113839456177167	-0.3083958219843628	-0.1573740580150177	-0.009877394129398278	0.04199052563160812	-0.004085621580711524	-0.02072618783091632	-0.008426436610849321	-0.01250801115482673	0.004122719482026025	-0.02092879907615296	-0.013335516500443	-0.01406914099746096	0.01984289720279923	0.0001309739949700919	0.002561461022095998	-0.001465118176914946
0.305	-0.2956329713478647	-0.09639098050547452	-0.1781231074696455	-0.007422622357001408	0.3662192169628712	0.01843774493999841	0.004259900332415236	0.005457125506124616	1.163764238009657e-05	0.007043163946776157	-1.368832072962306e-05	0.002258026653966864	-2.172180260858907e-05	-0.0001275415403892527	-0.01875287975297769	-0.01130501724361371	-0.001058333896770086	0.01167223878908414	-1.62017114737663e-05	0.004351980885522182	-0.002098920268602006	-0.0001633020435349303	-0.1021984006765244	-0.31391299759118	-0.155907030850944	-0.00361542392705042	0.0637490090098724	-0.008533079936088404	-0.02952820308640801	-0.01564252732328353	-0.01810774835008771	-0.0002907817437376297	0.0001654677588668485	-0.007101055722921518	0.0003073821844557601	0.0136710382112661	0.0003832096510268234	0.001573149442359023	0.0002261767063641755
0.31	-0.2943421457664938	-0.08792216918444487	-0.1899987209770259	-0.01140822045608481	0.3600440674470077	0.03040665690591706	0.01503725139721694	0.006385436299179949	-0.0001520425846712808	-0.003100595247383277	-1.730231348973494e-05	0.003528677047728093	-8.215144701511246e-05	-0.0001731630470954712	-0.02327235502422461	-0.03653818778767765	-0.003103582723714382	0.007360471021151474	-1.62338660573518e-05	0.002271337426440078	-0.002745527157093761	-1.866790514237688e-05	-0.09301285573533201	-0.319430173197997	-0.1544400036868703	0.002646546275297438	0.08550749238813668	-0.01298053829146528	-0.03833021834189968	-0.02285861803571774	-0.0237074855453487	-0.004704282969501285	0.02125973459388666	-0.0008665949454000325	0.01468390536637248	0.007499179219732968	0.0006354453070835549	0.0005848378626220483	0.001917471589643297
0.315	-0.3127558628277017	-0.09532704514371931	-0.1763543127268158	-0.01749179788658169	0.3741187460461622	-0.007242321935560894	0.02644572733636532	-0.008239422423912107	-0.001223111467579882	-0.006537467346066605	-1.911451934330549e-05	0.003326400723187618	-0.00115224382292024	-0.000118562791709534	0.002175393798735088	-0.0143086562698428	-0.0007786709228187944	-0.001121997339078115	-1.907492785049209e-05	0.002475743769427506	-0.001201802147121094	-6.860393765216551e-05	-0.1065983350050357	-0.2851944215201122	-0.1510348160318346	0.001998947631379185	0.07096590645123535	-0.01586541960141427	-0.02460748812106703	-0.01542201186935049	-0.007585319978552451	-0.01510569482213987	0.003729639445526422	0.0009233621821537919	0.004653861346479451	0.007701942946574162	0.0003137851249494498	0.0006191449744279009	0.000714844863817433
0.32	-0.3311695798889095	-0.1027319211029938	-0.1627099044766058	-0.02357537531707857	0.3881934246453167	-0.04489130077703885	0.0378542032755137	-0.02286428114700416	-0.002294180350488483	-0.009974339444749932	-2.092672519687603e-05	0.003124124398647143	-0.002222336198825367	-6.396253632359673e-05	0.02762314262169478	0.00792087524799205	0.001546240878076794	-0.009604465699307703	-2.191598964363238e-05	0.002680150112414935	0.0003419228628515725	-0.0001185399701619541	-0.1201838142747394	-0.2509586698422273	-0.1476296283767989	0.001351348987460932	0.05642432051433403	-0.01875030091136326	-0.01088475790023437	-0.007985405702983239	0.008536845588243797	-0.02550710667477847	-0.01380045570283382	0.002713319309707616	-0.005376182673413577	0.007904706673415356	-7.875057184655174e-06	0.0006534520862337533	-0.0004877818620084311
0.325	-0.3207756912649045	-0.08583584385005746	-0.16940283141998	-0.01736447662216807	0.3880278287839754	-0.01966222484871805	0.02343974514197435	-0.008897673519547421	-0.0002491057990324265	0.001151102067262909	-1.658518088502145e-05	0.001937472940030709	-0.0009176365958899101	-6.742942984807748e-05	0.005515607469605321	0.01171939687110258	0.001846798579394864	0.006306980183279316	-1.869870223010334e-05	0.002586608126772371	-0.0002500685631911304	-0.000122723418979674	-0.1298971093983499	-0.2743901855223662	-0.1691541983311762	-0.005396756948428164	0.05899915237537069	-0.01232967670814923	-0.01895181861030813	-0.008617882930698161	-0.0013773278460823	-0.01220974074325161	-0.001877749736126384	0.0005553827444505231	0.0008187872395117205	0.01186047347290132	0.0003191837131858511	0.001278336523845674	0.0002703234566347528
0.33	-0.3103818026408994	-0.06893976659712114	-0.1760957583633541	-0.01115357792725757	0.3878622329226342	0.005566851079602743	0.009025287008434987	0.005068934107909323	0.001795968752423629	0.01227654357927575	-1.224363657316687e-05	0.0007508214814142743	0.0003870630070455471	-7.089632337255822e-05	-0.01659192768248414	0.0155179184942131	0.002147356280712935	0.02221842606586634	-1.548141481657432e-05	0.002493066141129807	-0.0008420599892338333	-0.0001269068677973939	-0.1396104045219605	-0.2978217012025052	-0.1906787682855536	-0.01214486288431726	0.06157398423640736	-0.005909052504935198	-0.02701887932038188	-0.009250360158413086	-0.0112915012804084	0.001087625188275243	0.01004495623058105	-0.00160255382080657	0.007013757152437018	0.01581624027238728	0.0006462424835563573	0.001903220961457594	0.001028428775277937
0.335	-0.3301020598382585	-0.07517016688566454	-0.1624106156161492	-0.0146226247934424	0.3889692551406498	-0.0001363492088867216	0.01209417909434569	0.005933149353839743	0.001265882772323191	0.004401712703951007	-1.696546959006441e-05	0.002282693110464914	-0.0001208118357671492	-0.0001195504835321586	-0.008635623595573417	0.003596129004112795	0.0008539480477173511	0.01249499039583002	-1.630396040408883e-05	0.00299586225551653	-0.001275085744747802	-0.0001220712723929754	-0.1375018432515652	-0.2842065381904711	-0.1786937127402073	-0.0001436875559765888	0.09210769632817367	-0.01863354907723099	-0.04209233734331838	-0.02288420749981522	-0.01847287324993126	-0.01182594043175833	0.0009713868222627325	-0.002063909978628493	0.002051696638976251	0.01224810174912148	0.0004186887582739816	0.001388582347374122	0.0004110099753132175
0.34	-0.3498223170356176	-0.08140056717420793	-0.1487254728689443	-0.01809167165962723	0.3900762773586655	-0.005839549497376186	0.01516307118025639	0.006797364599770164	0.000735796792222752	-0.003473118171373737	-2.168730260696194e-05	0.003814564739515554	-0.0006286866785798456	-0.000168204643691759	-0.0006793195086626937	-0.008325660485987513	-0.0004394601852782327	0.002771554725793694	-1.712650599160333e-05	0.003498658369903253	-0.001708111500261771	-0.0001172356769885569	-0.13539328198117	-0.2705913751784372	-0.1667086571948611	0.01185748777236408	0.12264140841994	-0.03135804564952678	-0.05716579536625488	-0.03651805484121736	-0.02565424521945413	-0.02473950605179191	-0.008102182586055582	-0.002525266136450417	-0.002910363874484516	0.00867996322585568	0.0001911350329916059	0.0008739437332906498	-0.0002064088246515017
0.345	-0.378967598086671	-0.09459027819262592	-0.1244918225961812	-0.0332416366075983	0.3943292789621816	-0.03595318856127717	0.02644103416053789	-0.0163215212227787	-0.0002839549726484706	-0.009375897436973949	-2.24784470523129e-05	0.004044705048298795	-0.001804237579141215	-0.0001283934741890956	0.01868103597115595	-0.00135445960087132	-0.002039858832024405	-0.01271299831251942	-2.214242569166827e-05	0.003439853105126324	-0.0009217713585311073	-0.0001037642989684088	-0.1472584665623101	-0.2539324295366337	-0.1597337204012058	0.005081653703618673	0.09844623135924756	-0.02345756346984035	-0.03982002424215444	-0.0247578028279848	-0.01459741083737579	-0.02061366607380862	-0.014004086965708	-0.004033794726478088	-0.005584279654339009	0.006330096526521159	5.949176035676494e-05	0.0005154448458361531	-0.0004460260112958882
0.35	-0.4081128791377244	-0.1077799892110439	-0.1002581723234181	-0.04839160155556937	0.3985822805656978	-0.06606682762517818	0.03771899714081938	-0.03944040704532755	-0.001303706737519693	-0.01527867670257416	-2.326959149766386e-05	0.004274845357082035	-0.002979788479702584	-8.858230468643213e-05	0.0380413914509746	0.005616741284244872	-0.003640257478770576	-0.02819755135083253	-2.715834539173321e-05	0.003381047840349394	-0.000135431216800443	-9.029292094826082e-05	-0.1591236511434502	-0.2372734838948303	-0.1527587836075505	-0.001694180365126737	0.07425105429855515	-0.01555708129015393	-0.022474253118054	-0.01299755081475224	-0.003540576455297448	-0.01648782609582533	-0.01990599134536041	-0.00554232331650576	-0.008258195434193503	0.003980229827186636	-7.215151227807606e-05	0.0001569459583816562	-0.0006856431979402748
0.355	-0.3995714667593019	-0.09388403869817495	-0.1107012561195261	-0.03836249598895157	0.3983577116616769	-0.03796699499964912	0.02819527375720441	-0.02888796634994498	-0.0003058217821172226	-0.004680693281768469	-1.979043632391433e-05	0.002916412303562294	-0.001924654076803612	-7.354678695463467e-05	0.01530636924069619	0.007961045922431262	-0.0008697261794777043	-0.01037004884248919	-2.317622985899326e-05	0.002821922854344831	-0.0002262457898124247	-9.681640664900106e-05	-0.1569011877345415	-0.2607777705718397	-0.1647468843597102	0.000870737710274172	0.08775769004679995	-0.02096623982854838	-0.0336565745831359	-0.02034049796683835	-0.01074284443346465	-0.01859416711062803	-0.013873801091682	-0.003402234523852163	-0.005616382032032369	0.007734978671192665	4.84058685021782e-05	0.0006979382484460075	-0.0004528135508803753
0.36	-0.3910300543808793	-0.07998808818530602	-0.1211443399156341	-0.02833339042233375	0.3981331427576562	-0.009867162374120064	0.01867155037358944	-0.01833552565456242	0.0006920631732852481	0.005917290139037221	-1.631128115016481e-05	0.001557979250042553	-0.0008695196739046406	-5.851126922283722e-05	-0.007428652969582228	0.01030535056061765	0.001900805119815168	0.00745745366585416	-1.919411432625331e-05	0.002262797868340268	-0.0003170603628244063	-0.0001033398923497413	-0.1546787243256328	-0.2842820572488489	-0.1767349851118699	0.003435655785675081	0.1012643257950448	-0.02637539836694284	-0.04483889604821781	-0.02768344511892447	-0.01794511241163186	-0.02070050812543072	-0.007841610838003598	-0.001262145731198565	-0.002974568629871234	0.01148972751519869	0.0001689632492824325	0.001238930538510359	-0.0002199839038204758
0.365	-0.3880613473429349	-0.07994313753625422	-0.1255183508738248	-0.0156827552135792	0.393218907278359	0.01711983975762122	0.00212514923926457	-0.001953739361666865	0.003066518591622099	0.008940508079194914	-1.638007393705057e-05	0.002249289710201303	8.057584094311997e-05	-0.0001360906191367398	-0.02207642783353009	-0.0005532969627232186	-0.002373555527257651	0.01233227044517826	-1.743791482456537e-05	0.004288159872008947	-0.002253177199161322	-0.0001511290361146335	-0.1493709277978466	-0.3072954582634638	-0.1745168384526043	0.0004928030030498183	0.09511595348427959	-0.0214768567189383	-0.04195399270753989	-0.02448625998205839	-0.01768704521103376	-0.01569624993442113	-0.005701613260221972	0.000285346941554093	-0.001959210967733218	0.009205036570429948	0.0002192815166577083	0.000960901881330681	-0.0001486912837000752
0.37	-0.3850926403049905	-0.07989818688720245	-0.1298923618320156	-0.003032120004824641	0.3883046717990618	0.04410684188936251	-0.0144212518950603	0.01442804693122868	0.00544097400995895	0.01196372601935261	-1.644886672393634e-05	0.002940600170360052	0.00103067135579088	-0.0002136699690506424	-0.03672420269747796	-0.01141194448606409	-0.00664791617433047	0.01720708722450236	-1.568171532287742e-05	0.006313521875677628	-0.004189294035498238	-0.0001989181798795257	-0.1440631312700605	-0.3303088592780787	-0.1722986917933386	-0.002450049779575444	0.08896758117351443	-0.01657831507093377	-0.03906908936686197	-0.02128907484519232	-0.01742897801043566	-0.01069199174341155	-0.003561615682440346	0.001832839614306751	-0.0009438533055952011	0.006920345625661202	0.000269599784032984	0.000682873224151003	-7.739866357967455e-05
0.375	-0.4395854061307777	-0.1313263402571549	-0.06731891032713401	-0.0217099423449388	0.4174533200836399	-0.09241952314673632	0.01074375156248798	-0.03092370253921571	-0.0006027914613599676	-0.0008703688771425883	-2.474935276574446e-05	0.003772768351559809	-0.002593086658671188	-9.93293398306733e-05	0.05784272668180019	0.04530208213671445	0.0008296934403858494	-0.01594517820049103	-2.57023997836575e-05	0.002655212242674515	0.001327466386328526	-0.0001350445956337498	-0.1679328544320508	-0.2205078019291658	-0.1359120109560798	-0.007015864225333826	0.0541753516933064	-0.01018378759401276	-0.01265323606532557	-0.005638031822098986	0.003204794919259202	-0.01339424575527758	-0.0187572495340281	-0.009024944439006637	-0.007674301800976262	0.002495989107324723	-5.633932508423848e-05	2.259333680709227e-05	-0.0005621679434279623
0.3799999999999999	-0.4940781719565649	-0.1827544936271075	-0.004745458822252481	-0.04038776468505297	0.4466019683682181	-0.2289458881828351	0.03590875502003626	-0.0762754520096601	-0.006646556932678885	-0.01370446377363779	-3.304983880755257e-05	0.004604936532759565	-0.006216844673133257	1.501128938929578e-05	0.1524096560610783	0.102016108759493	0.00830730305510217	-0.04909744362548441	-3.572308424443758e-05	-0.001003097390328596	0.006844226808155291	-7.11710113879739e-05	-0.1918025775940411	-0.1107067445802529	-0.09952533011882099	-0.01158167867109221	0.01938312221309837	-0.003789260117091748	0.01376261723621083	0.01001301120099434	0.02383856784895406	-0.01609649976714362	-0.03395288338561585	-0.01988272849232002	-0.01440475029635732	-0.001928367411011756	-0.000382278434201461	-0.0006376865505368183	-0.00104693722327625
0.385	-0.4420442052837752	-0.131752892808038	-0.08412328257300287	-0.01520625427172278	0.4132574659622913	-0.09169904277378292	0.01330647130466106	-0.02128048015523606	-0.003092407144674286	-0.002239199231826038	-2.462458233534114e-05	0.003627672791243522	-0.002414273480451724	-9.15516783686037e-05	0.05304296827005387	0.03790356476064371	0.003484563967963799	-0.01236948657837101	-2.416507651625662e-05	0.002718925429491428	0.001249662324052583	-0.000151042700497506	-0.1740971017629223	-0.2417827634504814	-0.1431687932477321	-0.008672927038075859	0.05245790355335158	-0.009778650904901001	-0.01168346643907077	-0.004727309909165401	0.003877300583008592	-0.0128038566898241	-0.02942434194755835	-0.008040787942375329	-0.01387028338453023	0.005090826991398304	-0.0001288967452870967	0.0004480000602910122	-0.001312609369784288
0.39	-0.3900102386109854	-0.08075129198896845	-0.1635011063237533	0.009975256141607415	0.3799129635563646	0.04554780263526931	-0.009295812410714137	0.03371449169918798	0.0004617426433303129	0.009226065309985709	-1.619932586312972e-05	0.002650409049727479	0.001388297712229809	-0.0001981146461265032	-0.04632371952097061	-0.02620897923820557	-0.001338175119174572	0.0243584704687424	-1.260706878807566e-05	0.006440948249311454	-0.004344902160050124	-0.0002309143896070381	-0.1563916259318035	-0.3728587823207097	-0.1868122563766432	-0.005764175405059509	0.08553268489360479	-0.01576804169271025	-0.03712955011435238	-0.01946763101932514	-0.01608396668293688	-0.009511213612504591	-0.02489580050950085	0.003801152607569366	-0.01333581647270314	0.01211002139380836	0.0001244849436272676	0.001533686671118843	-0.001578281516292327
0.395	-0.3852815287498376	-0.05293199728567257	-0.2030102083509554	0.01019222241208959	0.3609238230119279	0.09794077804432251	0.005203125235630918	0.04096283232104094	0.001407246995575942	0.01021937542018167	-1.130392073647137e-05	0.001173796587174074	0.001905388866728103	-0.000148026015134209	-0.07814927548932732	-0.04966313246165791	0.00039930238371504	0.03538933619232926	-9.624991700043034e-06	0.003382965156130446	-0.004138391435994386	-9.40312190523901e-05	-0.1549226406112618	-0.4331573486453399	-0.2129457713777737	0.005634609864268694	0.1112750717148101	-0.02732827644694817	-0.05227381274535948	-0.03370703146538988	-0.02739060335570424	-0.01776341049067868	0.006162709822791151	0.004582347815875227	0.00463448567544198	0.01624045598629671	0.0005454856582557738	0.001909301969436053	0.0005770321672187717
0.4	-0.3805528188886897	-0.02511270258237669	-0.2425193103781575	0.01040918868257177	0.3419346824674912	0.1503337534533757	0.01970206288197597	0.04821117294289391	0.002352751347821571	0.01121268553037763	-6.40851560981303e-06	-0.0003028158753793322	0.002422480021226398	-9.79373841419149e-05	-0.1099748314576841	-0.07311728568511025	0.002136779886604652	0.04642020191591611	-6.642914612010402e-06	0.0003249820629494387	-0.003931880711938648	4.285195150225791e-05	-0.1534536552907201	-0.49345591496997	-0.2390792863789043	0.0170333951335969	0.1370174585360154	-0.0388885112011861	-0.06741807537636657	-0.04794643191145462	-0.03869724002847159	-0.02601560736885276	0.03722122015508315	0.005363543024181088	0.0226047878235871	0.02037089057878505	0.0009664863728842802	0.002284917267753263	0.00273234585072987
0.405	-0.4371031969638338	-0.0742044998880728	-0.1669678019880462	-8.805523651302897e-05	0.3699171955496162	0.05061983190144338	0.02090391427435663	0.001267154410109976	0.0006259629189536162	0.003751293067201133	-1.40907442986428e-05	0.001696626015989889	0.0001444185673896403	-0.0001005889838613541	-0.04501446743300175	-0.04143927216735389	-0.0005127840429550594	0.0135550256370294	-1.600383923478912e-05	0.002785946800615404	-0.002833257528659769	-5.750391160542974e-05	-0.1831488696529616	-0.393924006588879	-0.2134870518202948	0.009515004367144891	0.1206311093517518	-0.03294007352252523	-0.05422088433885704	-0.03699126043379823	-0.02564477750533734	-0.02566950096500846	0.002133979168655143	0.0005600655569657555	0.003627590845668874	0.0118295759904121	0.000382383884030084	0.001253275975771139	0.0005977466459668341
0.41	-0.4936535750389777	-0.1232962971937689	-0.09141629359793489	-0.01058529915559782	0.397899708631741	-0.04909408965048897	0.02210576566673728	-0.04567686412267396	-0.001100825509914339	-0.003710099395975364	-2.177297298747257e-05	0.003696067907359111	-0.002133642886447117	-0.0001032405835807932	0.01994589659168055	-0.009761258649597515	-0.003162347972514771	-0.0193101506418573	-2.536476385756784e-05	0.005246911538281369	-0.001734634345380889	-0.0001578597747131174	-0.212844084015203	-0.294392098207788	-0.1878948172616854	0.001996613600692883	0.1042447601674881	-0.02699163584386436	-0.04102369330134751	-0.02603608895614183	-0.01259231498220308	-0.02532339456116417	-0.03295326181777287	-0.004243411910249576	-0.01534960613224935	0.003288261402039157	-0.0002017186048241121	0.0002216346837890152	-0.001536852558796202
0.415	-0.522789458015907	-0.1473728498581388	-0.04540775395017828	-0.011817060385012	0.4087424695974448	-0.08457352834495459	0.01456825098731662	-0.06234542235657248	-0.004392954428013382	-0.0007616354130201568	-2.447687900292262e-05	0.003914708753089535	-0.003391113311940691	-7.107743556560894e-05	0.05113192427343372	0.01117365469378947	0.001682541647175831	-0.02575179315772958	-2.793140946112273e-05	0.003144972920914172	0.0007134326532963683	-0.0001220631533652549	-0.2146684055750881	-0.2571325364451708	-0.1637976222570819	-0.0005376017982695556	0.0817238760935917	-0.02956827657597713	-0.0325669898028872	-0.02262539676227761	-0.004933377714231515	-0.03032385499098883	-0.02944915658618733	-0.01223694194022066	-0.01365828354668111	0.006850999296021336	-7.781252239378363e-05	0.0007199636520543967	-0.00120784681905897
0.42	-0.5519253409928364	-0.1714494025225087	0.0006007856975783211	-0.01304882161442618	0.4195852305631486	-0.1200529670394202	0.007030736307895954	-0.07901398059047099	-0.007685083346112425	0.002186828569935051	-2.718078501837267e-05	0.004133349598819959	-0.004648583737434264	-3.891428755042466e-05	0.08231795195518689	0.03210856803717646	0.006527431266866432	-0.03219343567360186	-3.049805506467762e-05	0.001043034303546974	0.003161499651973626	-8.626653201739237e-05	-0.2164927271349731	-0.2198729746825537	-0.1397004272524783	-0.003071817197231994	0.05920299201969531	-0.03214491730808989	-0.02411028630442688	-0.0192147045684134	0.002725559553740047	-0.0353243154208135	-0.02594505135460179	-0.02023047197019174	-0.01196696096111288	0.01041373719000351	4.609356003654483e-05	0.001218292620319778	-0.0008788410793217392
0.4249999999999999	-0.5399930038856123	-0.1576833701967808	-0.01825067891167082	0.01738295182549815	0.4078226424563889	-0.03846944340769579	-0.01574617307689693	-0.04070345446923437	0.005570586447748684	0.01263504963757114	-2.252649807183729e-05	0.003169522427960084	-0.001224799599867607	-0.0001469637700140121	0.03561944545080707	0.01209832610282692	-0.005796305500688051	-0.01716341336247384	-2.378754745734234e-05	0.004356885773773252	-0.001384762425164231	-0.0001220484839361829	-0.1845761862307452	-0.2862408735618566	-0.129231596620406	-0.004985239094226161	0.06627122737427248	-0.01847299998939296	-0.01918380613704579	-0.01246899735331605	0.001673982754586338	-0.02267225301052358	-0.01760778148082759	-0.01459795277728408	-0.008348264164618077	0.006486611690706948	7.606010381796609e-06	0.0006115738391492636	-0.000649847118240079
0.43	-0.5280606667783883	-0.1439173378710529	-0.03710214352091997	0.04781472526542247	0.3960600543496294	0.04311408022402863	-0.03852308246168981	-0.002392928347997756	0.01882625624160979	0.02308327070520724	-1.787221112530192e-05	0.002205695257100208	0.00219898453769905	-0.0002550132524775995	-0.01107906105357275	-0.00791191583152262	-0.01812004226824254	-0.002133391051345831	-1.707703985000707e-05	0.00767073724399953	-0.005931024502302088	-0.0001578304358549734	-0.1526596453265173	-0.3526087724411595	-0.1187627659883336	-0.006898660991220325	0.07333946272884964	-0.004801082670696033	-0.01425732596966471	-0.0057232901382187	0.0006224059554326294	-0.01002019060023367	-0.009270511607053394	-0.008965433584376428	-0.004729567368123281	0.002559486191410383	-3.088153927295161e-05	4.855057978748987e-06	-0.0004208531571584189
0.435	-0.5913046727450134	-0.2280527720906503	0.05324228819162947	0.001841332951319226	0.4474643815647443	-0.1667939824600054	-0.01675429507508775	-0.0535631170946539	-0.0009822834162957527	0.002814961955627553	-3.297583503284669e-05	0.005169111472717813	-0.00363713715186881	-0.0001342079079262604	0.1288369166344356	0.08184347727572541	0.004846228352716243	-0.03731408450352233	-2.876936673884097e-05	0.00253855904328229	0.003310561043186592	-0.000170396418856755	-0.2095560015629931	-0.1713211023677624	-0.09695731890238501	-0.02590644242925473	0.02716046633431128	0.005833814503757848	0.009322762124500563	0.01396699398461638	0.0193379162176005	-0.003098267197890405	-0.05260824427354313	-0.01065049254308143	-0.02528728732942398	-0.005349161217536757	-0.0006640883155879446	-0.0008770885820560266	-0.002585068555177764
0.4399999999999999	-0.6545486787116385	-0.3121882063102476	0.1435867199041789	-0.04413205936278402	0.4988687087798592	-0.3767020451440394	0.005014492311514318	-0.10473330584131	-0.0207908230742013	-0.01745334679395213	-4.807945894039147e-05	0.008132527688335419	-0.009473258841436669	-1.340256337492133e-05	0.2687528943224441	0.1715988703829734	0.02781249897367502	-0.07249477795569884	-4.046169362767487e-05	-0.00259361915743495	0.01255214658867527	-0.0001829624018585365	-0.266452357799469	0.009966567705634635	-0.07515187181643644	-0.04491422386728913	-0.01901853006022708	0.01646871167821173	0.03290285021866583	0.03365727810745145	0.03805342647976837	0.00382365620445286	-0.09594597694003287	-0.01233555150178643	-0.04584500729072467	-0.0132578086264839	-0.001297295091902937	-0.001759032222090802	-0.00474928395319711
0.445	-0.5492702851513104	-0.1727439998187993	-0.07040857853835951	-0.000165316893405905	0.4203263962463237	-0.04479565784032755	0.01598779545361712	-0.03216824605513537	-0.003732039455470552	0.0004787555993138272	-2.327616336738068e-05	0.003841525972033477	-0.00235849737380013	-0.0001104139259787112	0.05106719121278711	0.04253018520323888	0.006052718792370913	-0.008731143569688736	-2.46930170788316e-05	0.002529063659730678	0.001312949765031796	-0.0001556979680812633	-0.2437320301365427	-0.3153868204565906	-0.196041944292818	-0.003536168415730742	0.1016580754909079	-0.03433340249714294	-0.042891472314032	-0.02854853538665823	-0.01070395859687197	-0.03222866974654886	-0.02581862513257819	-0.002300901180149471	-0.01118262467787393	0.001670307689793028	-0.0002097613574796466	-5.106802617160021e-05	-0.001113449728950481
0.45	-0.4439918915909822	-0.0332997933273509	-0.2844038769808979	0.04380142557597221	0.3417840837127882	0.2871107294633843	0.02696109859571993	0.04039681373103932	0.0133267441632602	0.01841085799257978	1.527132205630101e-06	-0.0004494757442684641	0.00475626409383641	-0.0002074252885825011	-0.1666185118968699	-0.08653849997649567	-0.01570706138893319	0.05503249081632137	-8.924340529988327e-06	0.007651746476896306	-0.009926247058611679	-0.0001284335343039901	-0.2210117024736164	-0.6407402086188158	-0.3169320167691995	0.03784188703582764	0.2223346810420429	-0.08513551667249761	-0.1186857948467298	-0.0907543488807679	-0.05946134367351231	-0.06828099569755058	0.04430872667487649	0.007733749141487493	0.02347975793497682	0.01659842400606995	0.0008777723769436443	0.001656896169747602	0.002522384495296147
0.455	-0.4653463826928761	-0.06116917817891074	-0.2796368186377718	0.02965418521081367	0.3468569375477364	0.2488312444737151	0.0383816353152715	0.03082103656160687	0.009408121749872236	0.0122481699601587	-1.661989851688757e-06	-0.001135000864222673	0.003763636622138	-0.000115161171076184	-0.1359865845041766	-0.07455028051369396	-0.009057643231304764	0.04897960327744069	-7.041116748487874e-06	0.004880003948989207	-0.007457146544195348	-6.666107041614422e-05	-0.2357744977567041	-0.6275405558403113	-0.3144737035832495	0.03620623474840551	0.2160693775813201	-0.08237568988384866	-0.1114281280050168	-0.08594080512656591	-0.0530965012192064	-0.06920536303206498	0.030305042179953	0.001417338349230778	0.0155619936976207	0.02159611803205832	0.0008583079185780084	0.002430722896653422	0.001724989170205238
0.46	-0.4867008737947701	-0.08903856303047057	-0.2748697602946458	0.01550694484565513	0.3519297913826845	0.2105517594840459	0.04980217203482307	0.02124525939217443	0.005489499336484279	0.006085481927737619	-4.851111909007616e-06	-0.001820525984176881	0.002771009150439591	-2.289705356986688e-05	-0.1053546571114834	-0.06256206105089225	-0.002408225073676335	0.04292671573856002	-5.15789296698742e-06	0.002108261421082107	-0.004988046029779016	-4.888606528298316e-06	-0.2505372930397919	-0.6143409030618068	-0.3120153903972995	0.03457058246098337	0.2098040741205972	-0.07961586309519972	-0.1041704611633038	-0.08112726137236391	-0.0467316587649005	-0.07012973036657941	0.0163013576850295	-0.004899072443025936	0.007644229460264585	0.02659381205804668	0.0008388434602123724	0.003204549623559243	0.0009275938451143286
0.465	-0.5809193730045027	-0.2129341377849747	-0.1107860532291757	-0.01221672345255667	0.4173361132486855	-0.03483986728113871	0.03484630851227889	-0.04004479294578848	-0.003606295935716381	-0.007845916207720271	-2.256305667006616e-05	0.003594382102935617	-0.002318675151147594	-8.210014138031971e-05	0.054209866508682	0.02748817879795169	0.005852748011791724	-0.01146229263525947	-2.055921497913469e-05	0.0008953467999126965	0.001220942638585887	-6.26259501546316e-05	-0.2678056767525424	-0.3897855979281944	-0.2290042642030991	-0.0008528136758193272	0.1266056307659363	-0.04928754730821241	-0.05457421250075462	-0.03946414552987777	-0.01194486365564952	-0.04876455198995929	-0.02941381400153056	-0.01120532045985686	-0.01321162276951733	0.00847188121877228	-4.236873976608622e-05	0.0009369803251492856	-0.001171179886737831
0.47	-0.6751378722142353	-0.3368297125394789	0.0532976538362943	-0.03994039175076847	0.4827424351146864	-0.2802314940463233	0.0198904449897347	-0.1013348452837514	-0.01270209120791704	-0.02177731434317816	-4.027500143112471e-05	0.009009290190048114	-0.007408359452734779	-0.0001413032291907725	0.2137743901288474	0.1175384186467956	0.01411372109725978	-0.06585130100907895	-3.596053699128197e-05	-0.0003175678212567138	0.00742993130695079	-0.0001203632937809649	-0.2850740604652929	-0.1652302927945822	-0.1459931380088987	-0.03627620981262202	0.0434071874112754	-0.01895923152122511	-0.004977963838205472	0.002198970312608363	0.02284193145360145	-0.02739937361333919	-0.07512898568809064	-0.01751156847668778	-0.03406747499929923	-0.009650049620502114	-0.0009235809397445448	-0.001330588973260672	-0.003269953618589991
0.475	-0.6414268353361422	-0.2924799121041383	-0.01395440959234919	-0.009104594188937118	0.4528980277931839	-0.1334293300914519	0.009440057016438286	-0.06715261948463898	-0.002808905029967552	-0.005322023389572635	-2.853439346213745e-05	0.004741995787885764	-0.003849334486608976	-8.885037322345386e-05	0.1168989255777755	0.06614350123082074	0.002754697222635667	-0.04015302471113907	-3.018714402825706e-05	0.003444247655998493	0.002462963662074767	-0.000178114592006397	-0.243475840699002	-0.317249614617796	-0.1521748766254776	-0.02484489369147692	0.05445545844635863	-0.02102651899732482	-0.009607845414555161	-0.004556465415277291	0.016025283140555	-0.02945615661944624	-0.0510539173182394	-0.01246231722002305	-0.02300415573401006	-0.00367725448262283	-0.0005287846782738149	-0.0006761056412644832	-0.002203874968766048
0.48	-0.6077157984580492	-0.2481301116687976	-0.08120647302099269	0.02173120337289423	0.4230536204716815	0.01337283386341956	-0.001010330956858126	-0.03297039368552655	0.007084281147981937	0.01113326756403289	-1.67937854931502e-05	0.0004747013857234146	-0.0002903095204831721	-3.639751725613517e-05	0.02002346102670351	0.01474858381484586	-0.00860432665198845	-0.01445474841319919	-2.441375106523215e-05	0.007206063133253699	-0.002504003982801256	-0.0002358658902318292	-0.2018776209327112	-0.4692689364410099	-0.1583566152420564	-0.01341357757033183	0.06550372948144186	-0.02309380647342453	-0.01423772699090485	-0.01131190114316294	0.009208634827508536	-0.03151293962555331	-0.02697884894838816	-0.00741306596335831	-0.01194083646872087	0.002295540655256455	-0.0001339884168030848	-2.162230926829429e-05	-0.001137796318942104
0.485	-0.6033645714815582	-0.2433210843975988	-0.09438840590317779	0.005093636877263394	0.4243160136559818	0.02551154436497147	0.006205594797905792	-0.01670834193054826	0.004877345432716142	0.006623755871967713	-1.620208387761076e-05	0.001969747039360917	-5.251896362710388e-05	-0.0001170150405538116	0.01099401732147758	0.01780757772186752	-0.004467948807929402	-0.003093132057500616	-2.043625720986312e-05	0.004344496094828968	-0.001971859780210378	-0.0001335280050893144	-0.2055499881647062	-0.4965344569146412	-0.1671723814858743	-0.01061525535932762	0.08686426082045488	-0.02668566639590325	-0.02734263838491553	-0.01849466182631088	-0.0002695458599950327	-0.03003596811102991	-0.02439897926640683	-0.01155417801637969	-0.01150913479983174	0.01175785350311803	7.92542509988096e-05	0.001325884787918648	-0.001065740850309496
0.49	-0.5990133445050674	-0.2385120571264	-0.1075703387853629	-0.01154392961836744	0.4255784068402821	0.03765025486652337	0.01342152055266971	-0.0004462901755699808	0.002670409717450346	0.002114244179902533	-1.561038226207132e-05	0.00346479269299842	0.0001852715932289643	-0.000197632563851488	0.001964573616251657	0.02086657162888917	-0.0003315709638703542	0.008268484298197961	-1.645876335449409e-05	0.001482929056404236	-0.0014397155776195	-3.11901199467997e-05	-0.2092223553967012	-0.5237999773882724	-0.1759881477296923	-0.007816933148323418	0.1082247921594679	-0.03027752631838196	-0.04044754977892621	-0.02567742250945881	-0.0097477265474986	-0.02855899659650652	-0.0218191095844255	-0.01569529006940107	-0.0110774331309426	0.02122016635097959	0.000292496918800704	0.002673391885105591	-0.0009936853816768887
0.4949999999999999	-0.6163288760148998	-0.254739954984077	-0.07243444009658981	-0.03017486898474969	0.4447955861192774	-0.02531658372210183	0.02086668514373148	-0.00528215310962586	-0.001022866735269444	-0.005960238589785048	-2.048540294172356e-05	0.003946800947271747	-0.00105825041254699	-0.0001553634800197477	0.02571488854558539	0.04028200644175214	0.003656898613939799	0.0002138977719079759	-2.073110760721816e-05	0.001918409454239881	0.0005496385498428037	-0.0001103440321732036	-0.2107602446518945	-0.4839431911981402	-0.1582996087268438	-0.01211419508930966	0.08209325879069847	-0.03698390620898667	-0.03180552291263346	-0.02455265817316128	-0.0006326567085399342	-0.03972406445422696	-0.02302867827270395	-0.007567857843403297	-0.008606887800192404	0.0122988333182906	0.0001199984722735131	0.001438726167370321	-0.0006642770835347914
0.5	-0.6336444075247323	-0.270967852841754	-0.03729854140781674	-0.04880580835113192	0.4640127653982729	-0.08828342231072704	0.02831184973479325	-0.01011801604368174	-0.004716143187989233	-0.01403472135947263	-2.536042362137581e-05	0.004428809201545073	-0.002301772418322945	-0.0001130943961880073	0.04946520347491912	0.05969744125461512	0.007645368191749952	-0.00784068875438201	-2.500345185994224e-05	0.002353889852075527	0.002538992677305108	-0.0001894979443996075	-0.2122981339070878	-0.4440864050080079	-0.1406110697239953	-0.0164114570302959	0.05596172542192904	-0.04369028609959138	-0.02316349604634069	-0.02342789383686374	0.008482413130418733	-0.05088913231194742	-0.0242382469609824	0.0005595743825944717	-0.006136342469442204	0.003377500285601602	-5.249997425367779e-05	0.0002040604496350514	-0.0003348687853926942
0.505	-0.6087385200434808	-0.2237508304457136	-0.07294160973347051	-0.03355549496134894	0.4485444371148145	-0.01437151261815751	0.03434133983314292	0.01228866961284583	-0.0008005184456894722	-0.009768325177435618	-1.995646474558419e-05	0.00218575418178519	-0.0005710766702090677	-7.213747749630014e-05	-0.01558717600094952	0.02125611932443025	0.001286735267007043	0.00950353653348074	-2.056057084940473e-05	0.002427182314342907	-0.0004515342331432283	-0.0001129094248704241	-0.1814064272397993	-0.5236465973544385	-0.1334476430217121	-0.01043164388531293	0.07041067526738715	-0.02797620173776233	-0.02456956795130062	-0.01979177050401083	-0.001783243054564384	-0.03035873993203905	-0.01662634287717158	-0.00220075462424452	-0.003976232977556697	0.01162001921949228	0.0001944112267831328	0.001264594541542784	-0.000153261791354489
0.51	-0.5838326325622294	-0.1765338080496733	-0.1085846780591243	-0.01830518157156597	0.4330761088313561	0.05954039707441202	0.0403708299314926	0.03469535526937339	0.003115106296610289	-0.005501928995398608	-1.455250586979257e-05	-5.730083797469203e-05	0.00115961907790481	-3.118055880459295e-05	-0.08063955547681817	-0.01718520260575463	-0.005071897657735866	0.02684776182134349	-1.611768983886724e-05	0.002500474776610286	-0.003442061143591564	-3.63209053412408e-05	-0.1505147205725108	-0.6032067897008693	-0.1262842163194288	-0.004451830740329953	0.08485962511284526	-0.01226211737593328	-0.02597563985626054	-0.01615564717115793	-0.0120488992395475	-0.009828347552130683	-0.009014438793360771	-0.004961083631083513	-0.001816123485671188	0.01986253815338297	0.0004413224278199434	0.002325128633450517	2.834520268371618e-05
0.515	-0.5923482093769075	-0.1844995969618745	-0.04280294521916793	-0.02604889432153451	0.449771004699246	-0.01442496358598422	0.03477177635435981	0.03509970655865371	0.005093125920373906	-0.007679521530954442	-1.77289976349013e-05	0.001871863002602169	0.0005866123139837152	-0.0001120263088094497	-0.04599702902677216	0.001929760644708884	-0.006279706741263017	0.01263997851525879	-2.034109469117478e-05	0.003629276550265025	-0.002403200534749221	-9.894636402758258e-05	-0.1546072731899152	-0.533402228311688	-0.1050008213898203	-0.0153109919387717	0.0488315188426493	-0.01305767567284501	-0.01146334385989744	-0.008964216435544139	-0.0002869559754828012	-0.01449126739128758	-0.01475640114377417	-0.006471454463078033	-0.003079554500083501	0.01155125622413898	0.0002179096801932912	0.001260296147014134	1.861824783836349e-05
0.52	-0.6008637861915856	-0.1924653858740757	0.02297878762078842	-0.03379260707150306	0.4664659005671357	-0.08839032424638046	0.02917272277722702	0.03550405784793403	0.007071145544137522	-0.009857114066510275	-2.090548940001002e-05	0.003801026843179031	1.360555006262099e-05	-0.0001928720588143064	-0.01135450257672616	0.0210447238951724	-0.007487515824790169	-0.001567804790825907	-2.456449954348232e-05	0.004758078323919765	-0.001364339925906878	-0.0001615718227139244	-0.1586998258073196	-0.4635976669225068	-0.08371742646021173	-0.02617015313721345	0.01280341257245335	-0.01385323396975674	0.003048952136465674	-0.001772785699930352	0.0114749872885819	-0.01915418723044448	-0.02049836349418758	-0.007981825295072556	-0.004342985514495814	0.003239974294894997	-5.503067433360931e-06	0.0001954636605777511	8.891292993010802e-06
0.525	-0.6078937489936574	-0.1956990913482287	0.06901606762657463	-0.03292005188258579	0.4791132871862651	-0.1342476641372436	0.03173650483395542	0.03497128627052067	-0.006123252591931206	-0.02035812767764408	-2.790663113171877e-05	0.005068190285645743	-0.00182273359580792	-0.0001504444783067115	0.03521585823885567	0.0376357122874083	0.007013705707243861	-0.007520476437427227	-2.517764817342161e-05	0.002450555150578322	0.001645275208749693	-0.0001665895080466994	-0.1635532076267759	-0.371047048689006	-0.06893510453955765	-0.03391395089683392	0.02444811515485232	-0.00991420334567719	0.001918353696221252	0.002132194900920077	0.01219124585591725	-0.01338049920422743	-0.04649820394413304	-0.002540439509779858	-0.01913303182478377	0.0020150827085986	-0.0004071563834483854	0.0001317175503521093	-0.001868329583598207
0.5299999999999999	-0.6149237117957294	-0.1989327968223817	0.1150533476323608	-0.03204749669366852	0.4917606738053945	-0.1801050040281067	0.03430028689068385	0.03443851469310729	-0.01931765072799993	-0.03085914128877789	-3.490777286342752e-05	0.006335353728112455	-0.003659072741678461	-0.0001080168977991167	0.0817862190544375	0.0542267006796442	0.02151492723927789	-0.01347314808402855	-2.57907968033609e-05	0.0001430319772368793	0.004654890343406264	-0.0001716071933794744	-0.1684065894462323	-0.2784964304555052	-0.05415278261890355	-0.04165774865645438	0.03609281773725129	-0.005975172721597639	0.0007877552559768292	0.006037175501770507	0.0129075044232526	-0.007606811178010384	-0.07249804439407849	0.002900946275512839	-0.03392307813507173	0.0007901911223022031	-0.0008088096994634098	6.797144012646753e-05	-0.003745550460189425
0.5349999999999999	-0.5398459307379841	-0.0727183968349558	0.02549162289831259	0.01820851262229216	0.4184625639131612	0.01842358860285218	0.03981853314642046	0.06430578257131261	0.007052335055143268	-0.007753801423518307	-1.448696839724045e-05	0.001671522902682376	0.001475281020565559	-0.0001407783166442566	-0.04766758251421074	-0.007994598373512808	-0.009709961814800249	0.01170333733270652	-1.929236056200557e-05	0.004693526908026283	-0.003426037772328132	-0.0001160691402087008	-0.1680911244698211	-0.4471149762163334	-0.1109466942492972	-0.01554151782182928	0.06656770888753497	-0.01059186815090386	-0.01410571202704897	-0.007473031946730736	0.00111700852608914	-0.01399140105859304	-0.01410071871906602	-0.005891370551378931	-0.003917435219158066	0.008344727375181691	0.0001875718810532437	0.0007928736343066188	-0.000171407735368684
0.54	-0.4647681496802392	0.05349600315247002	-0.06407010183573565	0.06846452193825285	0.345164454020928	0.2169521812338111	0.04533677940215707	0.09417305044951793	0.03342232083828647	0.01535153844174127	5.933836068946616e-06	-0.002992307922747703	0.00660963478280958	-0.0001735397354893965	-0.177121384082859	-0.07021589742666982	-0.04093485086887839	0.0368798227494416	-1.279392432065024e-05	0.009244021838815687	-0.01150696588806253	-6.053108703792725e-05	-0.16777565949341	-0.6157335219771617	-0.1677406058796909	0.01057471301279581	0.09704260003781864	-0.01520856358021008	-0.02899917931007476	-0.02098323939523198	-0.01067348737107432	-0.0203759909391757	0.04429660695594644	-0.0146836873782707	0.0260882076967556	0.01589926362806118	0.001183953461569897	0.00151777582848677	0.003402734989452056
0.5449999999999999	-0.5178506855443952	-0.04129242258781102	0.10527445318139	-0.005964207362617464	0.3681282540028599	-0.03248711855670487	0.04793180323091648	0.06160096127665362	-0.005606212911197273	-0.0258553538339541	-1.804606533101492e-05	0.00322914001848605	-0.0005061917820209263	-9.607689836716002e-05	0.02437365199045001	0.008363906435626969	0.003958455049242391	-0.008549703422065378	-1.888673651295465e-05	0.001341736117984386	0.0006993386934976433	-6.989177221553854e-05	-0.2310639779726285	-0.2973816589343344	-0.1488156032147564	-0.02793099133375922	0.07202672845441808	-0.05210886916202911	-0.03431413904796985	-0.03015213789977982	0.002493567534539295	-0.05557495961729593	-0.03257636061125432	-0.002088846138025386	-0.0138680129468982	0.005206882755938336	-0.0002440262708166106	0.0004850273079333338	-0.001362376145039454
0.5499999999999999	-0.5709332214085513	-0.1360808483280921	0.2746190081985156	-0.08039293666348778	0.3910920539847918	-0.2819264183472208	0.05052682705967589	0.02902887210378931	-0.04463474666068102	-0.06706224610964946	-4.202596673097644e-05	0.009450587959719804	-0.007622018346851432	-1.861406124492353e-05	0.225868688063759	0.08694371029792376	0.04885176096736317	-0.05397922959357235	-2.497954870525906e-05	-0.006560549602846915	0.01290564327505781	-7.925245739314984e-05	-0.2943522964518471	0.02097020410849285	-0.1298906005498219	-0.06643669568031425	0.04701085687101755	-0.08900917474384812	-0.03962909878586494	-0.03932103640432767	0.01566062244015291	-0.09077392829541617	-0.1094493281784551	0.01050599510221993	-0.053824233590552	-0.005485498116184506	-0.001672006003203119	-0.0005477212126201024	-0.006127487279530965
0.555	-0.4205856707107833	0.06169905548436349	0.09591370992604703	0.008129740557790997	0.2597126578737154	0.01317972795057564	0.04881361949017672	0.0749429332805729	-0.001042524346936892	-0.02393595802728678	-1.129528793802886e-05	0.001771745995652938	0.001070266543428364	-8.773968286723084e-05	-0.02585060579379657	-0.01580280024460109	-0.002245318982651463	0.002804568480561552	-1.13584371729801e-05	0.002394602383724893	-0.001487353444645807	-6.532594014533431e-05	-0.237627338105882	-0.2454440374042141	-0.1744288354760376	-0.01907461595077276	0.08906467801195124	-0.06292933844312275	-0.04779676174049818	-0.04111296913258593	-0.003865491794706988	-0.06563581699508494	-0.01808597059289226	-0.008336242819788319	-0.008363186127221643	0.004822723739852128	-7.606029388268644e-05	0.0004509469517011202	-0.0007596786728780936
0.5599999999999999	-0.2702381200130154	0.259478959296819	-0.08279158834642153	0.09665241777906977	0.1283332617626389	0.3082858742483721	0.04710041192067756	0.1208569944573565	0.04254969796680724	0.01919033005507591	1.943539085491872e-05	-0.005907095968413927	0.009762551433708159	-0.0001568653044895382	-0.2775698996513521	-0.1185493107871259	-0.0533423989326661	0.05958836655469546	2.262674359298869e-06	0.0113497543702967	-0.01588035016434943	-5.139942289751878e-05	-0.1809023797599169	-0.5118582789169209	-0.2189670704022534	0.02828746377876873	0.131118499152885	-0.03684950214239738	-0.05596442469513142	-0.0429049018608442	-0.02339160602956688	-0.04049770569475372	0.07327738699267057	-0.02717848074179657	0.03709786133610871	0.01513094559588876	0.001519885415437746	0.001449615116022343	0.004608129933774778
0.5649999999999999	-0.3143533785486922	0.1306692221011048	0.1147951966390612	0.02005685130420281	0.1108593643502667	-0.01038448756437687	0.04434022815940632	0.08208406992715526	0.001038610903657136	-0.02313581872659578	-2.272860353654993e-06	0.000704129058616217	0.001333164429791022	-5.223490563870041e-05	-0.08214173932847318	-0.03715376419095587	-0.004666041691568187	0.01823603200387892	-1.427026587339151e-06	0.0007965707823292181	-0.002136691856523021	1.271302982706469e-05	-0.189417965834026	-0.1527051956341006	-0.1363715473135898	-0.02456003455203044	0.06231107032124266	-0.03786629379458124	-0.03043339935671753	-0.0229432852422947	-0.001074687623509734	-0.03834558057204025	-0.005739989161122493	-0.01491483927545414	-0.003934947208961476	0.005639072368463727	0.0001692709796509527	0.0006680538555425347	-0.0002657474695289738
0.57	-0.3584686370843689	0.00185948490539047	0.3123819816245439	-0.05653871517066415	0.09338546693789442	-0.3290548493771258	0.04158004439813508	0.04331114539695402	-0.04047247615949296	-0.06546196750826748	-2.398111156222871e-05	0.007315354085646361	-0.007096222574126116	5.239549321213735e-05	0.1132864209944058	0.0442417824052142	0.04401031554952972	-0.02311630254693761	-5.116727533977171e-06	-0.009756612805638266	0.01160696645130339	7.682548255164816e-05	-0.1979335519081351	0.2064478876487198	-0.05377602422492624	-0.0774075328828296	-0.00649635851039963	-0.03888308544676512	-0.00490237401830363	-0.002981668623745191	0.02124223078254741	-0.03619345544932678	-0.08475736531491555	-0.002651197809111707	-0.04496775575403167	-0.003852800858961307	-0.00118134345613584	-0.0001135074049372736	-0.005139624872832726
0.575	-0.2071200541175499	0.1366433187525545	0.1442973890330794	0.05632656659221462	-0.03949618368023646	-0.0931285606827528	0.02259535331472921	0.07994599011741109	-0.007433659550084583	-0.02410460859940554	-1.162469322529554e-06	0.0003116823061722463	0.000441268544376653	1.956103571227959e-05	-0.1139472594559588	-0.03142149495858228	0.006192787898352345	0.03746455268255205	7.504083438705834e-06	-0.002568895227542573	0.0001817434702686558	4.752446031275361e-05	-0.0904424063543369	0.006695194077330974	-0.0309471718725328	-0.03232986600505962	-0.009628918615313703	0.009569274085021886	0.01712185984295632	0.01805670336995938	0.01816770661990671	0.004994746639203543	0.004019212990818173	-0.006389937935611809	0.001192004923435518	0.0007297872695957775	-5.799139383878632e-06	0.0001458404972483541	0.0001579848818430977
0.58	-0.05577147115073092	0.2714271525997186	-0.02378720355838514	0.1691918483550934	-0.1723778342983673	0.1427977280116202	0.003610662231323346	0.1165808348378682	0.0256051570593238	0.01725275030945639	2.16561729171696e-05	-0.006691989473301868	0.007978759662879422	-1.327342178757818e-05	-0.3411809399063234	-0.1070847723223788	-0.03162473975282503	0.09804540791204172	2.012489441138884e-05	0.00461882235055312	-0.01124347951076607	1.822343807385906e-05	0.01704873919946127	-0.1930574994940579	-0.008118319520139373	0.01274780087271037	-0.01276147872022778	0.05802163361680889	0.03914609370421627	0.03909507536366396	0.01509318245726601	0.04618294872773387	0.09279579129655191	-0.01012867806211191	0.04735176560090271	0.005312375398152862	0.001169745177368083	0.0004051883994339818	0.005455594636518921
0.585	-0.04012889336790831	0.1921308544711249	0.007460934734178039	0.1772806583009225	-0.2367225722703203	0.1085292908682013	-0.01365952377046574	0.1009264412540024	-0.0002376796361230521	0.01082335229518725	1.981181468960666e-05	-0.00467552972872318	0.004352425384237393	5.845676011906961e-05	-0.2877970454593901	-0.08948492432659232	-0.002776295347137409	0.1006436945679356	2.431818434988876e-05	-0.002801068261834342	-0.005187085757039186	0.0001350090899908369	0.06801175723925612	-0.110932048255173	0.06505070306130399	0.04381491675068702	-0.005960339548788714	0.05157719705669719	0.0369427742143387	0.02965424860395021	0.008180213611979644	0.03945876100912057	0.08351289199109953	0.005643029054365926	0.04225380487292586	0.00373998195674706	0.0008838106123938974	0.000297478968205058	0.004503644356471727
0.59	-0.02448631558508571	0.1128345563425312	0.03870907302674122	0.1853694682467517	-0.3010673102422732	0.07426085372478242	-0.03092970977225483	0.08527204767013662	-0.0260805163315699	0.004393954280918103	1.796745646204373e-05	-0.002659069984144492	0.000726091105595363	0.0001301869420257174	-0.2344131510124567	-0.07188507633080587	0.02607214905855021	0.1032419812238295	2.851147428838869e-05	-0.0102209588742218	0.000869307996687702	0.0002517947419078147	0.118974775279051	-0.02880659701628817	0.1382197256427474	0.07488203262866368	0.0008407996226503483	0.0451327604965855	0.03473945472446115	0.02021342184423646	0.001267244766693277	0.03273457329050727	0.07422999268564716	0.02141473617084376	0.03715584414494901	0.002167588515341259	0.0005978760474197117	0.0001897695369761342	0.003551694076424535
0.595	-0.0006904275469586596	0.07632341842379987	0.01595871046171546	0.1367138607924819	-0.2267959056128331	0.09627141440135738	-0.03035829447171438	0.06278054179350925	-0.004779054282468138	0.01177982721904035	1.685438892543371e-05	-0.004116079615379599	0.00282506998175439	9.453012222072839e-05	-0.1815619851601474	-0.05911600232149136	0.003796372859675242	0.06672332294897367	1.930166937343898e-05	-0.004597655137911362	-0.001814799296611959	0.0001671444468465719	0.11040824494896	-0.06477747724797159	0.1139050530541365	0.1153124815077748	0.02543652551193642	-0.04307367011720539	-0.009403626651570927	-0.04555310549089104	-0.01029491199850017	-0.06902519085119027	0.05119380549861917	-0.009192906587908715	0.02300685314750221	0.01365198208231421	0.0008049918984564777	0.001771097500331369	0.002402910760140878
0.6	0.02310546049116839	0.03981228050506853	-0.006791652103310297	0.08805825333821214	-0.1525245009833929	0.1182819750779324	-0.02978687917117393	0.0402890359168819	0.01652240776663362	0.01916570015716259	1.574132138882368e-05	-0.005573089246614705	0.004924048857913417	5.887330241573941e-05	-0.1287108193078381	-0.04634692831217683	-0.01847940333919973	0.03020466467411786	1.009186445848927e-05	0.001025648598399079	-0.00449890658991162	8.249415178532918e-05	0.1018417146188691	-0.100748357479655	0.08959038046552563	0.155742930386886	0.05003225140122249	-0.1312801007309963	-0.053546708027603	-0.1113196328260185	-0.02185706876369363	-0.1707849549928878	0.02815761831159118	-0.03980054934666119	0.008857862150055408	0.02513637564928715	0.001012107749493244	0.003352425463686603	0.001254127443857222
