replay
version=1
nRows=217
nColumns=40
inDegrees=no
endheader
time	/jointset/ground_pelvis/pelvis_tilt/value	/jointset/ground_pelvis/pelvis_list/value	/jointset/ground_pelvis/pelvis_rotation/value	/jointset/ground_pelvis/pelvis_tx/value	/jointset/ground_pelvis/pelvis_ty/value	/jointset/ground_pelvis/pelvis_tz/value	/jointset/hip_r/hip_flexion_r/value	/jointset/hip_r/hip_adduction_r/value	/jointset/hip_r/hip_rotation_r/value	/jointset/walker_knee_r/knee_angle_r/value	/jointset/patellofemoral_r/knee_angle_r_beta/value	/jointset/ankle_r/ankle_angle_r/value	/jointset/subtalar_r/subtalar_angle_r/value	/jointset/mtp_r/mtp_angle_r/value	/jointset/hip_l/hip_flexion_l/value	/jointset/hip_l/hip_adduction_l/value	/jointset/hip_l/hip_rotation_l/value	/jointset/walker_knee_l/knee_angle_l/value	/jointset/patellofemoral_l/knee_angle_l_beta/value	/jointset/ankle_l/ankle_angle_l/value	/jointset/subtalar_l/subtalar_angle_l/value	/jointset/mtp_l/mtp_angle_l/value	/jointset/back/lumbar_extension/value	/jointset/back/lumbar_bending/value	/jointset/back/lumbar_rotation/value	/jointset/acromial_r/arm_flex_r/value	/jointset/acromial_r/arm_add_r/value	/jointset/acromial_r/arm_rot_r/value	/jointset/elbow_r/elbow_flex_r/value	/jointset/radioulnar_r/pro_sup_r/value	/jointset/radius_hand_r/wrist_flex_r/value	/jointset/radius_hand_r/wrist_dev_r/value	/jointset/acromial_l/arm_flex_l/value	/jointset/acromial_l/arm_add_l/value	/jointset/acromial_l/arm_rot_l/value	/jointset/elbow_l/elbow_flex_l/value	/jointset/radioulnar_l/pro_sup_l/value	/jointset/radius_hand_l/wrist_flex_l/value	/jointset/radius_hand_l/wrist_dev_l/value
0	-0.1845349952	-0.1650391664	-0.3015951745	1.175188843	1.049273269	-0.09741293673	0.2767923505	0.1864337197	0.2170186216	0.1466600056	0.1466600056	-0.20289707	-0.1822156322	1.225753071e-05	0.1626350523	-0.1658251135	-0.2479091761	0.09042971227	0.09042971227	-0.09903776448	-0.1537121981	9.738998955e-06	0.3478773187	0.9451624709	-0.8480112326	-0.8771156718	-1.287327394	-1.139747033	0.6073797155	0.1933503698	0.4873205158	-0.7844902148	-0.1036331592	0.7616776114	-1.09641372	1.770753164	0.1936639516	-0.00058237423	5.782754967e-05
0.002777778	-0.1841851794	-0.1647263016	-0.3018062915	1.174963005	1.050841918	-0.09753038875	0.2769381938	0.1859119638	0.2169988508	0.1465277571	0.1465277571	-0.2028568268	-0.1822535715	1.12306835e-05	0.162959684	-0.1654066688	-0.2479052874	0.09019275806	0.09019275806	-0.09898260798	-0.1537993664	1.003431588e-05	0.3479495764	0.94575558	-0.8489126694	-0.8780085084	-1.288077225	-1.138518491	0.6083038075	0.192836877	0.488539276	-0.7849554488	-0.1034827906	0.7614510389	-1.096432594	1.770578149	0.1936578268	-0.0005971020304	7.048353806e-05
0.005555556	-0.1838786171	-0.1644473952	-0.302015429	1.174756098	1.052285062	-0.09764593899	0.2770743412	0.1854205804	0.2169844503	0.1463950304	0.1463950304	-0.2028079894	-0.1823152426	1.010454681e-05	0.1632714455	-0.1650367089	-0.2478588587	0.08999031783	0.08999031783	-0.09893180859	-0.1538906193	1.003032257e-05	0.3480899095	0.9463647103	-0.8497911658	-0.8786103196	-1.288767238	-1.137823523	0.60912473	0.1925784929	0.4898095346	-0.7852269169	-0.1033197411	0.7612142453	-1.09645664	1.770423585	0.1936537831	-0.0006134538584	8.3897234e-05
0.008333333	-0.1836161818	-0.1642103263	-0.3021991407	1.174570913	1.053585248	-0.09776023619	0.2771972048	0.1849597762	0.2169766357	0.1462695644	0.1462695644	-0.2027468858	-0.1824056346	8.868736042e-06	0.1635650168	-0.1647186872	-0.2477728558	0.08982881231	0.08982881231	-0.09888017261	-0.1540029955	9.802632087e-06	0.3482994553	0.9469672528	-0.8506321837	-0.8789521681	-1.289357228	-1.137609898	0.6097845078	0.1925014398	0.491117213	-0.7853567937	-0.1031398909	0.7609583056	-1.096478212	1.770297576	0.1936513394	-0.000628492369	9.639246614e-05
0.011111111	-0.1833986868	-0.1640225261	-0.3023349657	1.174410152	1.054725267	-0.09787387274	0.2773034738	0.1845296044	0.2169771623	0.146159345	0.146159345	-0.2026696928	-0.1825294676	7.64083323e-06	0.1638350284	-0.1644556648	-0.2476508695	0.08971442845	0.08971442845	-0.09882260777	-0.1541533404	9.408971632e-06	0.3485781569	0.9475406178	-0.8514203367	-0.8790614527	-1.289807888	-1.137826621	0.6102255105	0.1925386371	0.4924475705	-0.7853950785	-0.1029391131	0.760674423	-1.096489859	1.770208024	0.1936500394	-0.0006393458931	0.0001063080733
0.013888889	-0.1832257428	-0.1638829736	-0.3024171291	1.174274471	1.05569766	-0.09798666933	0.277394014	0.1841279732	0.2169882786	0.1460681516	0.1460681516	-0.2025762367	-0.1826857594	6.525403071e-06	0.1640782813	-0.1642435118	-0.2474986263	0.08964657766	0.08964657766	-0.09875767813	-0.1543458627	8.929083677e-06	0.3489150436	0.9480670148	-0.8521515757	-0.8789758315	-1.29012323	-1.138369348	0.6104374066	0.1926641453	0.4937451244	-0.7853903825	-0.1027139503	0.7603616457	-1.096490246	1.770155811	0.1936492922	-0.0006449450491	0.0001131036926
0.016666667	-0.1830952841	-0.1637798464	-0.3024611066	1.174161888	1.056507658	-0.09809746849	0.2774748327	0.1837500596	0.2170125111	0.1459939766	0.1459939766	-0.2024712938	-0.182866225	5.501411903e-06	0.1642942971	-0.1640688962	-0.2473242567	0.08961584414	0.08961584414	-0.09868878043	-0.1545681554	8.43574548e-06	0.3492854073	0.9485349361	-0.8528373765	-0.8787476289	-1.290363762	-1.139061157	0.61047214	0.1928784939	0.4949210211	-0.785379706	-0.1024618212	0.7600292629	-1.096486001	1.770132812	0.193648306	-0.0006466320459	0.0001177500442
0.019444444	-0.1830048961	-0.1637005971	-0.3024837729	1.174070252	1.057161356	-0.09820504343	0.2775520011	0.1833908035	0.2170524602	0.1459343233	0.1459343233	-0.2023599968	-0.1830621067	4.53108689e-06	0.1644824716	-0.1639178197	-0.2471361392	0.08961209992	0.08961209992	-0.09861981935	-0.1548065935	7.908225143e-06	0.3496631896	0.9489332301	-0.853490128	-0.8784286469	-1.290593708	-1.139718564	0.6103869484	0.1931412468	0.4959200937	-0.7853780749	-0.102180188	0.7596872311	-1.096484327	1.770130473	0.1936462538	-0.0006460962208	0.0001213751901
0.022222222	-0.18295158	-0.1636336167	-0.3024998647	1.173997554	1.057665603	-0.09830831186	0.2776305441	0.1830455138	0.2171105915	0.1458868044	0.1458868044	-0.2022471068	-0.1832653221	3.579180744e-06	0.1646421226	-0.1637770605	-0.2469423439	0.08962601186	0.08962601186	-0.09855448776	-0.1550487273	7.283681889e-06	0.350024592	0.9492519196	-0.8541208201	-0.8780649823	-1.290869536	-1.140174525	0.6102349378	0.1933819815	0.4967219965	-0.7853824509	-0.1018673414	0.7593441869	-1.096491801	1.770141081	0.1936423559	-0.0006449923612	0.0001249874035
0.025	-0.1829291276	-0.1635742414	-0.3025087915	1.173942808	1.058032709	-0.09840725544	0.2777091063	0.1827125703	0.2171884164	0.1458505093	0.1458505093	-0.2021344939	-0.183472711	2.693231623e-06	0.1647733517	-0.1636394028	-0.2467485875	0.08965466541	0.08965466541	-0.09849387882	-0.1552913508	6.596651464e-06	0.3503641021	0.9494899958	-0.8547301659	-0.8776676857	-1.291192193	-1.140395522	0.6100289089	0.1935742563	0.4973460724	-0.7853870794	-0.1015275948	0.7589991257	-1.09651013	1.770162162	0.1936362885	-0.0006437165801	0.0001282837773
0.027777778	-0.1829299429	-0.1635210145	-0.3025028432	1.173905499	1.05827744	-0.09850235155	0.277783435	0.1823917649	0.2172867713	0.145825071	0.145825071	-0.2020228105	-0.1836833617	1.915365476e-06	0.1648767126	-0.1635003957	-0.2465592673	0.08969807769	0.08969807769	-0.09843792524	-0.1555353316	5.910998789e-06	0.3506849208	0.9496504918	-0.8553148245	-0.8772327563	-1.291537894	-1.140408383	0.6097632349	0.1937207929	0.4978215172	-0.7853898598	-0.1011679449	0.7586467826	-1.096538848	1.770193528	0.1936279546	-0.0006419906309	0.0001303728677
0.030555556	-0.182946498	-0.1634726039	-0.3024739431	1.173885128	1.058414565	-0.09859410267	0.277849236	0.1820829345	0.217406153	0.1458099689	0.1458099689	-0.2019127959	-0.1838964246	1.242005624e-06	0.1649529131	-0.163355698	-0.2463784118	0.0897563569	0.0897563569	-0.09838657204	-0.1557814434	5.280243728e-06	0.3509909553	0.9497364721	-0.8558721707	-0.8767568123	-1.291882853	-1.140240467	0.6094322179	0.1938271296	0.4981749954	-0.7853903091	-0.1007953946	0.7582819527	-1.096577488	1.770234944	0.1936172762	-0.0006394173181	0.0001303702628
0.033333333	-0.1829724343	-0.1634277454	-0.3024153642	1.173880907	1.058458608	-0.09868280994	0.2779036188	0.1817865762	0.2175467346	0.1458044453	0.1458044453	-0.2018056395	-0.1841104679	6.52942267e-07	0.1650037862	-0.1632024281	-0.2462092261	0.08982936853	0.08982936853	-0.09833987487	-0.1560290406	4.724069482e-06	0.351286501	0.9497517925	-0.8564006384	-0.8762357122	-1.292205709	-1.139921296	0.6090334067	0.1939033106	0.4984293877	-0.7853887534	-0.100416357	0.7579009769	-1.096625487	1.770286817	0.1936041562	-0.0006356982496	0.0001275178813
0.036111111	-0.1830039024	-0.163385199	-0.302323779	1.173891382	1.058423538	-0.09876829958	0.27794684	0.1815046078	0.217708369	0.1458073916	0.1458073916	-0.2017034268	-0.184322699	1.36578182e-07	0.1650334766	-0.1630408375	-0.2460535145	0.08991633364	0.08991633364	-0.09829812106	-0.1562744536	4.189107033e-06	0.3515759242	0.9497020636	-0.8569001445	-0.875662781	-1.292490345	-1.13948503	0.6085715805	0.1939670013	0.4986016248	-0.7853856932	-0.1000359331	0.757503539	-1.096682059	1.770351046	0.1935884379	-0.0006309028705	0.0001213353483
0.038888889	-0.1830375574	-0.1633437559	-0.3021960539	1.173915019	1.058323237	-0.09885035022	0.2779797352	0.1812391473	0.2178905749	0.1458175924	0.1458175924	-0.2016083755	-0.1845301509	-3.197938609e-07	0.1650467376	-0.1628716615	-0.2459125793	0.09001651076	0.09001651076	-0.09826157911	-0.1565135569	3.651476995e-06	0.3518642549	0.9495930988	-0.8573713739	-0.8750316955	-1.292721239	-1.138967313	0.6080528588	0.1940384914	0.4987063314	-0.7853823165	-0.0996590791	0.7570898079	-1.096746363	1.770429667	0.1935699569	-0.0006250405013	0.0001113811293
0.041666667	-0.1830704708	-0.1633021164	-0.3020294045	1.173950288	1.058171436	-0.09892873034	0.278003542	0.1809922977	0.2180926618	0.145833778	0.145833778	-0.2015225804	-0.1847300143	-7.173416038e-07	0.1650486804	-0.1626957017	-0.2457874259	0.09012922894	0.09012922894	-0.09823041953	-0.1567424186	3.13648201e-06	0.3521568936	0.9494307792	-0.8578157035	-0.8743378611	-1.29288433	-1.138402765	0.607484655	0.1941378074	0.4987556849	-0.7853800763	-0.09929043983	0.7566603447	-1.09681746	1.770524332	0.1935486154	-0.000618006687	9.727771984e-05
0.044444444	-0.1831031655	-0.1632574926	-0.3018306265	1.173995615	1.057979924	-0.09900277841	0.2780226951	0.1807661392	0.2183155207	0.1458545593	0.1458545593	-0.2014465088	-0.1849218632	-1.034873542e-06	0.1650446626	-0.1625141377	-0.2456796655	0.0902526906	0.0902526906	-0.09820425979	-0.1569603747	2.633771835e-06	0.3524542066	0.949222951	-0.8582358684	-0.8735935501	-1.29298966	-1.137796123	0.6068879812	0.1942617546	0.4987420256	-0.7853791912	-0.09892942318	0.7562212036	-1.096893279	1.77063196	0.1935253781	-0.0006099632981	7.965989e-05
0.047222222	-0.1831388489	-0.1632059421	-0.3016138508	1.174049395	1.057758989	-0.0990715054	0.2780441308	0.1805627144	0.2185612155	0.1458784469	0.1458784469	-0.2013793714	-0.1851070879	-1.247627942e-06	0.1650402904	-0.1623284263	-0.2455913282	0.09038424825	0.09038424825	-0.09818228942	-0.1571692992	2.117317904e-06	0.3527527968	0.9489789603	-0.8586357366	-0.8728238826	-1.293065817	-1.137128807	0.6062943815	0.1943887419	0.4986426794	-0.7853787285	-0.09857143597	0.7557826555	-1.096970876	1.770745829	0.193502028	-0.000601268564	5.995239129e-05
0.05	-0.1831809459	-0.1631434838	-0.3013931481	1.174110029	1.057518864	-0.09913393173	0.2780750216	0.1803840172	0.2188315675	0.1459039092	0.1459039092	-0.2013203214	-0.1852870762	-1.342791625e-06	0.1650414751	-0.1621400271	-0.2455241656	0.09052134946	0.09052134946	-0.09816364176	-0.1573711586	1.613382649e-06	0.3530497731	0.9487081225	-0.8590197099	-0.8720544029	-1.293141732	-1.136381823	0.6057360448	0.1944968266	0.4984342452	-0.7853775914	-0.0982118547	0.7553550741	-1.097047267	1.770859071	0.1934803676	-0.0005921775931	3.961521743e-05
0.052777778	-0.1832322455	-0.1630669905	-0.3011796154	1.174176115	1.057269257	-0.09918950473	0.2781213614	0.1802310726	0.2191277826	0.1459293199	0.1459293199	-0.2012687098	-0.185462443	-1.327693285e-06	0.1650537436	-0.1619499612	-0.2454792467	0.09066168379	0.09066168379	-0.09814767775	-0.1575673796	1.170031326e-06	0.3533437363	0.9484199941	-0.8593908397	-0.8713092274	-1.293236998	-1.135551701	0.6052338462	0.1945684387	0.498110233	-0.7853755337	-0.09784621334	0.7549476146	-1.097118709	1.77096544	0.19346134	-0.0005828008266	1.990039819e-05
0.055555556	-0.1832925691	-0.1629767371	-0.3009732455	1.174247037	1.057017825	-0.09923931951	0.2781839606	0.1801011688	0.2194494662	0.1459528207	0.1459528207	-0.2012247468	-0.1856309089	-1.235048752e-06	0.1650802127	-0.1617574955	-0.2454558123	0.09080356777	0.09080356777	-0.09813481481	-0.1577571506	7.659787256e-07	0.3536373954	0.9481252763	-0.8597451925	-0.8706061633	-1.293334233	-1.134696599	0.6047621763	0.1946008172	0.4977351991	-0.7853746656	-0.0974704421	0.7545645831	-1.09717846	1.771061353	0.1934424497	-0.0005729939034	1.169446826e-06
0.058333333	-0.1833609437	-0.1628738614	-0.3007711937	1.174322368	1.056771716	-0.09928488705	0.2782622661	0.1799906375	0.2197957716	0.1459724642	0.1459724642	-0.2011888519	-0.1857894457	-1.12455791e-06	0.1651233556	-0.1615614485	-0.2454525895	0.0909454749	0.0909454749	-0.09812572871	-0.1579390948	3.728825356e-07	0.35393447	0.9478349249	-0.8600771366	-0.8699611055	-1.293406598	-1.133890734	0.6042841338	0.1945916205	0.4973947008	-0.7853753379	-0.09708055257	0.7542090647	-1.097219022	1.77114387	0.1934203365	-0.0005625060488	-1.644867428e-05
0.061111111	-0.1834363929	-0.1627594431	-0.3005707972	1.174401679	1.056538027	-0.09932768774	0.2783557104	0.1798958128	0.2201657891	0.145986282	0.145986282	-0.2011614258	-0.1859350575	-1.074919816e-06	0.1651855802	-0.1613606364	-0.2454682445	0.09108587879	0.09108587879	-0.09812106839	-0.1581118566	-2.694246437e-08	0.3542385233	0.9475597772	-0.8603813274	-0.8693890775	-1.293427826	-1.133207478	0.6037641126	0.19453581	0.4971757051	-0.7853754263	-0.09667260906	0.7538841714	-1.097233108	1.771210154	0.193391706	-0.0005510308984	-3.285372107e-05
0.063888889	-0.1835202452	-0.1626320472	-0.3003794374	1.174484453	1.056321836	-0.09936782346	0.2784661444	0.1798145458	0.2205586839	0.1459928687	0.1459928687	-0.2011427687	-0.1860674474	-1.069754925e-06	0.1652685454	-0.1611546448	-0.2455018182	0.09122330317	0.09122330317	-0.09812048701	-0.1582750484	-4.220995832e-07	0.3545476426	0.9473079115	-0.8606607859	-0.8688984107	-1.293403068	-1.132661685	0.6032050354	0.1944400578	0.4970946974	-0.7853731514	-0.09624505467	0.7535945357	-1.097221746	1.771261935	0.1933564417	-0.000538353664	-4.803490325e-05
0.066666667	-0.183616851	-0.1624869945	-0.3002176027	1.17457006	1.056125597	-0.09940360374	0.2785985756	0.1797467061	0.2209737704	0.1459915495	0.1459915495	-0.2011330971	-0.1861898366	-9.908507625e-07	0.1653729384	-0.1609440937	-0.2455528987	0.09135631717	0.09135631717	-0.09812234825	-0.1584295243	-7.771797651e-07	0.3548528027	0.9470839015	-0.860929352	-0.8684896711	-1.293378546	-1.132191272	0.6026596525	0.1943286655	0.4970735404	-0.7853697423	-0.09579944145	0.7533467534	-1.097196786	1.771306936	0.1933185621	-0.0005244797335	-6.207997871e-05
0.069444444	-0.1837306645	-0.1623194629	-0.3001066752	1.17465787	1.055951598	-0.09943322077	0.278758064	0.1796923467	0.2214103975	0.1459816287	0.1459816287	-0.2011326974	-0.1863056527	-7.879436491e-07	0.1654992312	-0.1607297167	-0.2456211477	0.0914834274	0.0914834274	-0.09812494023	-0.1585761656	-1.076325653e-06	0.3551443596	0.9468921773	-0.861201558	-0.8681633238	-1.29340336	-1.131728291	0.6021840017	0.1942276583	0.4970266477	-0.7853677407	-0.09533753425	0.7531475114	-1.097170813	1.771353374	0.1932823431	-0.0005095556394	-7.510272112e-05
0.072222222	-0.1838653082	-0.1621259409	-0.3000642082	1.174747333	1.055802047	-0.0994553564	0.2789485016	0.1796512459	0.2218679223	0.145962315	0.145962315	-0.2011417263	-0.1864173894	-4.99798834e-07	0.1656477686	-0.1605123566	-0.2457061862	0.09160346924	0.09160346924	-0.09812690694	-0.1587158199	-1.324207946e-06	0.3554144637	0.946737546	-0.8614890105	-0.8679205652	-1.293516852	-1.131219358	0.6018180781	0.1941564126	0.4968908482	-0.7853697478	-0.09486046604	0.7530018805	-1.097153654	1.771407709	0.1932512329	-0.0004938357402	-8.718854576e-05
0.075	-0.1840192576	-0.1619117815	-0.3000793735	1.174838481	1.055678444	-0.09947228553	0.279166786	0.1796205664	0.2223455533	0.1459327967	0.1459327967	-0.2011586329	-0.1865207979	-1.983911076e-07	0.1658194889	-0.1602931034	-0.2458070269	0.09171828817	0.09171828817	-0.09812952776	-0.1588496963	-1.516735374e-06	0.355669979	0.9466266968	-0.8617820799	-0.8677621652	-1.293685384	-1.130722228	0.601482731	0.1940892166	0.4967712353	-0.7853737938	-0.09436492175	0.7529033285	-1.097134653	1.771462627	0.1932226625	-0.0004771569417	-9.817217149e-05
0.077777778	-0.1841885594	-0.1616863843	-0.300128682	1.174931602	1.055581985	-0.09948788916	0.279406498	0.1795963426	0.2228425185	0.1458922082	0.1458922082	-0.2011811534	-0.1866086707	2.873213059e-08	0.1660153734	-0.1600732008	-0.2459224928	0.09183101132	0.09183101132	-0.09813527767	-0.1589791149	-1.67323986e-06	0.3559240687	0.9465672264	-0.8620614449	-0.8676886456	-1.293842456	-1.130344996	0.6010456043	0.1939792002	0.4968492793	-0.7853750192	-0.09384555373	0.7528401652	-1.097093932	1.771504609	0.1931913601	-0.0004591426018	-0.0001077774341
0.080555556	-0.1843690953	-0.1614592272	-0.3001887572	1.175026986	1.055513882	-0.09950603868	0.2796609725	0.1795746584	0.223358176	0.1458396224	0.1458396224	-0.2012071017	-0.1866738914	8.393300982e-08	0.1662360873	-0.1598539321	-0.2460515362	0.0919446588	0.0919446588	-0.09814665734	-0.1591053241	-1.857778741e-06	0.3561894914	0.9465668032	-0.8623075861	-0.8676998465	-1.293921503	-1.130196347	0.6003743974	0.1937840405	0.4973031054	-0.7853698311	-0.09329699239	0.7528007643	-1.097011589	1.771520123	0.1931520325	-0.0004393940137	-0.0001157579137
0.083333333	-0.1845599439	-0.1612326638	-0.3002542603	1.175124843	1.055474089	-0.09952831481	0.2799274562	0.1795518679	0.2238928373	0.1457747006	0.1457747006	-0.2012350219	-0.1867125285	-3.852673753e-08	0.1664800588	-0.1596344901	-0.246195478	0.0920596844	0.0920596844	-0.09816361307	-0.1592298736	-2.114568858e-06	0.3564705749	0.9466286119	-0.8625134233	-0.8677972024	-1.293903319	-1.130315876	0.5994250617	0.1934965746	0.4981944228	-0.7853612143	-0.09271665814	0.7527816187	-1.096880233	1.771503114	0.1931034076	-0.0004177483585	-0.0001219701535
0.086111111	-0.1847675158	-0.1609930744	-0.3003599798	1.175225204	1.055459719	-0.0995511986	0.280212199	0.1795249295	0.2244487657	0.1456984675	0.1456984675	-0.2012650437	-0.1867275983	-1.78834928e-07	0.1667411054	-0.1594094028	-0.2463607739	0.09217093839	0.09217093839	-0.09818030927	-0.1593550275	-2.376682765e-06	0.3567532889	0.9467457927	-0.8626998277	-0.8679894444	-1.293874465	-1.130586715	0.5983520086	0.1931600679	0.4993453807	-0.7853575984	-0.09210815522	0.7527972004	-1.096720471	1.771464346	0.1930532616	-0.0003947796836	-0.0001263762343
0.088888889	-0.1849990981	-0.1607247448	-0.3005461456	1.175328078	1.055467515	-0.09957048114	0.2805225122	0.1794909776	0.2250285318	0.1456120769	0.1456120769	-0.2012976115	-0.1867230871	-2.201598568e-07	0.1670122891	-0.1591726459	-0.2465546273	0.09227247176	0.09227247176	-0.09819010087	-0.159483025	-2.578478342e-06	0.3570208687	0.9469102168	-0.8628913272	-0.8682879315	-1.293935798	-1.130869075	0.5973373872	0.1928080192	0.5005578109	-0.785362738	-0.09147583726	0.7528643024	-1.096556776	1.771417047	0.1930105948	-0.0003714215185	-0.0001289130772
0.091666667	-0.1852611358	-0.1604130588	-0.3008499916	1.175433405	1.055494265	-0.09958226717	0.2808648768	0.1794472408	0.2256345778	0.1455166401	0.1455166401	-0.2013332947	-0.186702312	-1.417591222e-07	0.1672867225	-0.1589185282	-0.2467839231	0.0923585873	0.0923585873	-0.09818676353	-0.1596157908	-2.672448063e-06	0.3572572787	0.9471138613	-0.863110835	-0.8687052347	-1.294181681	-1.131028767	0.5965536594	0.1924467512	0.5016624364	-0.7853716333	-0.09082380159	0.75299823	-1.096412196	1.77137375	0.1929837711	-0.0003489359222	-0.0001294306905
0.094444444	-0.1855508907	-0.1600574491	-0.3012643484	1.17554011	1.055537212	-0.09958729864	0.2812382434	0.1793899811	0.2262670832	0.145414497	0.145414497	-0.2013721031	-0.1866578151	6.919906975e-09	0.1675623564	-0.1586441553	-0.2470503089	0.09242827488	0.09242827488	-0.09817122434	-0.1597532904	-2.647126846e-06	0.3574631873	0.9473480164	-0.8633589796	-0.8692314174	-1.294609136	-1.13104611	0.5960086074	0.1920510818	0.5026482319	-0.7853768743	-0.09015482408	0.7531941148	-1.096287116	1.771333239	0.1929715154	-0.0003280215919	-0.000127437106
0.097222222	-0.1858586107	-0.1596682327	-0.3017479025	1.175646342	1.055593946	-0.09958988861	0.2816357676	0.1793147292	0.2269245052	0.1453089188	0.1453089188	-0.2014136502	-0.1865739327	1.435853559e-07	0.1678408308	-0.1583488162	-0.2473514111	0.09248412041	0.09248412041	-0.09814992057	-0.1598940154	-2.529742223e-06	0.3576522535	0.9476035186	-0.8636192629	-0.8698390358	-1.295140122	-1.130991855	0.5955830041	0.1915902686	0.5036110335	-0.7853763108	-0.08947077686	0.7534317082	-1.096164327	1.771283504	0.1929651619	-0.0003086934512	-0.0001221642905
0.1	-0.18617433	-0.1592561897	-0.3022584827	1.175750245	1.055662081	-0.09959444714	0.282050292	0.1792170931	0.2276052825	0.1452031057	0.1452031057	-0.2014576765	-0.186434965	1.651085649e-07	0.1681237037	-0.1580319745	-0.2476847636	0.09252876186	0.09252876186	-0.09812940294	-0.1600363688	-2.370030414e-06	0.3578384869	0.9478713707	-0.863874741	-0.8705015541	-1.295694369	-1.130941121	0.5951550813	0.1910431737	0.504640518	-0.7853718676	-0.08877359566	0.753690504	-1.096026013	1.77121209	0.1929559116	-0.0002907730294	-0.000112772065
0.102777778	-0.1864892923	-0.1588324481	-0.3027592042	1.175849934	1.055739058	-0.09960462046	0.2824751019	0.179095645	0.2283056514	0.1450995744	0.1450995744	-0.2015042097	-0.186236017	-4.373548906e-10	0.1684125914	-0.1576956257	-0.2480458022	0.09256606836	0.09256606836	-0.09811444942	-0.1601783523	-2.220718212e-06	0.3580341103	0.9481441	-0.8641154651	-0.8711879287	-1.296203766	-1.130954055	0.594636964	0.1904145499	0.5057791765	-0.785368723	-0.08806785917	0.7539519322	-1.095860965	1.771111432	0.19293724	-0.0002738129555	-9.907938387e-05
0.105555556	-0.1867993224	-0.1584091747	-0.3032342738	1.175943342	1.05582162	-0.09962098274	0.2829052941	0.1789606875	0.2290130197	0.1449982969	0.1449982969	-0.2015541253	-0.1860148655	-2.938751964e-07	0.1687094174	-0.1573516818	-0.2484216173	0.09260485384	0.09260485384	-0.09810278425	-0.1603163488	-2.099081104e-06	0.3582435389	0.9484199243	-0.8643593244	-0.8718460043	-1.296650404	-1.131023258	0.5940734271	0.1897735745	0.5069151946	-0.7853707055	-0.08736821439	0.7542046433	-1.095684977	1.770994258	0.1929115419	-0.0002571979545	-8.373504161e-05
0.108333333	-0.1871014235	-0.1579987013	-0.3036732246	1.176028348	1.055906328	-0.09964333415	0.2833364992	0.1788253785	0.2297126267	0.1448987066	0.1448987066	-0.2016084006	-0.1858199456	-5.83248954e-07	0.1690162168	-0.1570144455	-0.2487972672	0.09265518958	0.09265518958	-0.09809037336	-0.1604463927	-2.00253714e-06	0.3584692	0.948698364	-0.8646311068	-0.8724168855	-1.297029112	-1.13112319	0.5935418896	0.1891975602	0.5079057755	-0.785377394	-0.08669184776	0.7544390949	-1.095520618	1.770878415	0.1928835069	-0.0002402506031	-7.007741373e-05
0.111111111	-0.1873926516	-0.1576131543	-0.3040657037	1.176102848	1.055989764	-0.09967147267	0.2837644592	0.1787026535	0.230390073	0.1448003664	0.1448003664	-0.2016678291	-0.1856987299	-6.868339434e-07	0.1693350057	-0.1566979791	-0.2491581878	0.09272704549	0.09272704549	-0.09807331172	-0.1605647679	-1.920579112e-06	0.3587134361	0.9489788029	-0.8649549224	-0.8728411563	-1.297334563	-1.131227616	0.5931172946	0.1887536366	0.5086189611	-0.7853841096	-0.08605575141	0.7546457897	-1.095390058	1.770781558	0.1928577871	-0.0002222454202	-6.134985401e-05
0.113888889	-0.1876686577	-0.157261794	-0.3044024425	1.176165762	1.056069646	-0.09970543542	0.2841829451	0.1786006919	0.2310428128	0.1447026414	0.1447026414	-0.2017317652	-0.1856632097	-5.91328719e-07	0.1696634394	-0.1564114381	-0.2495015092	0.09282542147	0.09282542147	-0.09805214149	-0.1606739005	-1.854691326e-06	0.3589746508	0.9492607995	-0.8653322546	-0.873090968	-1.297548676	-1.13133357	0.5927975056	0.1884545267	0.509025853	-0.7853871651	-0.08546790193	0.7548161503	-1.095299353	1.77071343	0.192834179	-0.0002032156556	-5.878116099e-05
0.116666667	-0.1879232742	-0.1569502105	-0.3046755256	1.176217341	1.056145174	-0.0997455757	0.2845831531	0.1785215356	0.2316836497	0.1446045671	0.1446045671	-0.2017977653	-0.1856793058	-5.126384376e-07	0.1699935404	-0.1561576565	-0.2498394841	0.0929488621	0.0929488621	-0.09803318079	-0.1607841738	-1.825844421e-06	0.3592462297	0.9495442176	-0.8657352927	-0.8731804168	-1.297636714	-1.131469425	0.5924805044	0.1882497962	0.5092246004	-0.785387547	-0.08492456118	0.7549428057	-1.095233614	1.770673412	0.192806099	-0.0001841301639	-6.102623462e-05
0.119444444	-0.1881503793	-0.1566836006	-0.3048771933	1.17625792	1.05621563	-0.09979226123	0.2849563883	0.1784667193	0.2323264421	0.1445052738	0.1445052738	-0.2018631391	-0.1857097801	-5.983548331e-07	0.170317191	-0.1559389404	-0.2501854064	0.09309552125	0.09309552125	-0.09802316409	-0.1609066205	-1.849832931e-06	0.3595214039	0.9498288427	-0.8661342372	-0.8731261155	-1.297563	-1.131665503	0.5920571208	0.1880851151	0.5093218474	-0.7853863977	-0.08442124583	0.7550185066	-1.095176586	1.770660048	0.1927665221	-0.0001658334312	-6.658674116e-05
0.122222222	-0.188345645	-0.1564649754	-0.3050040552	1.176288026	1.056280318	-0.09984559459	0.2852960601	0.178436882	0.2329839305	0.1444042673	0.1444042673	-0.2019253435	-0.1857216812	-8.819856722e-07	0.1706272168	-0.1557562723	-0.2505517146	0.09326320864	0.09326320864	-0.0980277779	-0.1610510172	-1.925540638e-06	0.3597936927	0.9501147709	-0.866503256	-0.8729464131	-1.297302231	-1.131943894	0.5914372593	0.1879118319	0.5094111834	-0.7853845754	-0.08395286724	0.7550383589	-1.095113685	1.770671102	0.192709822	-0.0001490028505	-7.408812381e-05
0.125	-0.1885170269	-0.1562823384	-0.3050844346	1.176309692	1.056338831	-0.0999037836	0.2856092401	0.1784267901	0.2336602327	0.144302894	0.144302894	-0.201983919	-0.1857140618	-1.257785287e-06	0.1709219327	-0.1556016824	-0.2509441419	0.09344690206	0.09344690206	-0.0980447818	-0.1612170764	-2.035807924e-06	0.3600579585	0.9504052391	-0.8668461266	-0.8726787445	-1.296903345	-1.132269127	0.5906776161	0.1877214444	0.5094865478	-0.7853829755	-0.08350968547	0.7550146823	-1.095042302	1.770699442	0.1926409514	-0.0001342111832	-8.268972426e-05
0.127777778	-0.1886780351	-0.1561168934	-0.3051609337	1.176325627	1.056390887	-0.0999641801	0.2859092037	0.1784285961	0.2343556732	0.1442033275	0.1442033275	-0.2020393571	-0.185700275	-1.608786851e-06	0.1712021823	-0.1554631756	-0.2513654909	0.09364027351	0.09364027351	-0.09806839925	-0.1613999195	-2.16554619e-06	0.3603095954	0.9507048952	-0.8671797033	-0.8723693311	-1.296448126	-1.13258036	0.5899013829	0.1875233562	0.509497207	-0.7853823563	-0.08307984061	0.754967453	-1.094965202	1.770735821	0.192569605	-0.0001220798513	-9.176604952e-05
0.130555556	-0.1888422429	-0.1559497737	-0.3052762492	1.176338544	1.056436204	-0.1000241301	0.2862093072	0.1784344838	0.2350706364	0.144107729	0.144107729	-0.2020922025	-0.1856936703	-1.88953084e-06	0.1714688799	-0.1553287509	-0.2518186312	0.09383694235	0.09383694235	-0.09809285329	-0.1615945078	-2.315138616e-06	0.3605439108	0.9510184333	-0.8675206254	-0.8720651085	-1.296017798	-1.13281744	0.5892330019	0.1873267834	0.5093921009	-0.785383364	-0.08265143745	0.754916606	-1.094885182	1.770771082	0.1925054968	-0.0001133229936	-0.0001006386285
0.133333333	-0.1890193154	-0.1557663312	-0.305460015	1.176350863	1.056474884	-0.1000823538	0.2865191648	0.1784357913	0.2358016981	0.1440179155	0.1440179155	-0.2021439329	-0.1857032018	-2.104073935e-06	0.1717233536	-0.1551869677	-0.2523018528	0.09403250114	0.09403250114	-0.09811304959	-0.1617934977	-2.481722973e-06	0.3607601081	0.9513501888	-0.8678842172	-0.8718056469	-1.295670769	-1.132948497	0.5887629516	0.18714053	0.5091415371	-0.7853860322	-0.08221456157	0.7548778287	-1.094805547	1.770797794	0.1924540308	-0.0001077498376	-0.0001085842377
0.136111111	-0.1892101145	-0.1555613618	-0.3057125947	1.17636435	1.056507897	-0.1001406461	0.2868399831	0.1784218415	0.236536825	0.1439349948	0.1439349948	-0.2021979883	-0.1857280997	-2.22508667e-06	0.1719677939	-0.1550275635	-0.2528030852	0.09422702355	0.09422702355	-0.0981254316	-0.1619846412	-2.628588517e-06	0.3609662428	0.9517035615	-0.8682832859	-0.871611856	-1.295415626	-1.133003315	0.5885036312	0.1869723768	0.5087650464	-0.7853884541	-0.08176376097	0.7548574071	-1.094730785	1.770812254	0.1924109257	-0.0001029968053	-0.0001149077047
0.138888889	-0.1894141377	-0.1553310755	-0.3060303412	1.176380687	1.056536347	-0.1002012198	0.2871715599	0.1783817614	0.2372628128	0.1438598425	0.1438598425	-0.2022581792	-0.185766357	-2.273701214e-06	0.1722042658	-0.1548405128	-0.2533088089	0.09442110977	0.09442110977	-0.09812666946	-0.1621549363	-2.732249086e-06	0.3611714047	0.9520819028	-0.8687303711	-0.871502078	-1.295254336	-1.13301995	0.5884567787	0.1868284773	0.5082900607	-0.7853877056	-0.08129411341	0.7548603366	-1.094665577	1.770811348	0.1923705752	-9.655668861e-05	-0.0001189161676
0.141666667	-0.1896304537	-0.1550722296	-0.3064093008	1.176401469	1.056561329	-0.1002662042	0.2875131523	0.1783053872	0.2379674783	0.1437931744	0.1437931744	-0.2023281096	-0.1858158154	-2.324350417e-06	0.1724343255	-0.1546164626	-0.2538065074	0.09461522325	0.09461522325	-0.09811369513	-0.1622925276	-2.786198656e-06	0.3613838448	0.952488546	-0.8692367545	-0.8714933404	-1.295187673	-1.133035521	0.5886200914	0.1867116589	0.5077475621	-0.7853803804	-0.08080093111	0.7548909349	-1.094614036	1.770791988	0.1923274339	-8.631034732e-05	-0.0001199509689
0.144444444	-0.1898541504	-0.1547875853	-0.3068422142	1.176426893	1.056583521	-0.1003364086	0.2878598588	0.178191989	0.238654443	0.1437355783	0.1437355783	-0.2024065008	-0.185870814	-2.402511363e-06	0.1726551358	-0.1543548205	-0.2542999136	0.09480883997	0.09480883997	-0.09808696075	-0.1624038256	-2.784927912e-06	0.3616007661	0.9529253204	-0.8697929808	-0.8715794142	-1.29519691	-1.133074512	0.5889320021	0.1866090408	0.5071961253	-0.7853694969	-0.08028423792	0.7549437753	-1.094571371	1.770750002	0.1922771834	-7.340703347e-05	-0.0001178264995
0.147222222	-0.1900772725	-0.1544845503	-0.307319308	1.176456084	1.056603283	-0.1004116266	0.2882035891	0.1780481166	0.2393394966	0.1436875762	0.1436875762	-0.2024883158	-0.1859229945	-2.473071237e-06	0.1728604764	-0.1540617643	-0.2548053009	0.09500069588	0.09500069588	-0.09804959962	-0.1625093276	-2.728711946e-06	0.3618108606	0.9533929316	-0.8703736042	-0.8717365728	-1.295248335	-1.133151535	0.5892855182	0.1864939325	0.5067164994	-0.785362533	-0.07974772686	0.755005973	-1.094525906	1.770680324	0.1922164576	-6.141386591e-05	-0.0001127152712
0.15	-0.1902917447	-0.1541707608	-0.3078307641	1.176488144	1.056620976	-0.100491626	0.2885360603	0.1778805762	0.2400387412	0.1436496579	0.1436496579	-0.2025684911	-0.1859639738	-2.502800521e-06	0.1730439286	-0.1537437293	-0.2553392821	0.09518949011	0.09518949011	-0.09800479188	-0.1626298821	-2.640235106e-06	0.3620025389	0.9538921581	-0.8709527676	-0.8719414525	-1.295307919	-1.133280788	0.5895728362	0.1863359487	0.5063918653	-0.785366058	-0.07919521465	0.7550645123	-1.094465746	1.770577814	0.1921419161	-5.389975918e-05	-0.0001047936394
0.152777778	-0.1904906661	-0.1538539675	-0.3083659069	1.176522089	1.056636713	-0.1005761483	0.2888501464	0.1776963643	0.240761265	0.1436218655	0.1436218655	-0.2026439128	-0.1859887505	-2.47543666e-06	0.173201301	-0.1534078487	-0.2559108313	0.0953754055	0.0953754055	-0.09795532542	-0.16277906	-2.563988514e-06	0.3621683805	0.9544228248	-0.8715152655	-0.8721709675	-1.295346166	-1.133471437	0.5897200052	0.1861179473	0.506267813	-0.785382084	-0.07863259491	0.7551091191	-1.094385655	1.770443118	0.19205266	-5.287060622e-05	-9.470214383e-05
0.155555556	-0.1906718935	-0.153542111	-0.3089104563	1.17655658	1.056649589	-0.1006648329	0.2891435887	0.1775030509	0.2414880085	0.1436024932	0.1436024932	-0.2027190839	-0.1860057395	-2.423163719e-06	0.1733376048	-0.153063834	-0.2564982082	0.09556463096	0.09556463096	-0.09790248786	-0.1629413937	-2.541566239e-06	0.362317906	0.9549806349	-0.8720886869	-0.8724010818	-1.295351631	-1.133712424	0.5897871571	0.1858811775	0.5062377146	-0.7853960232	-0.07807391533	0.7551402511	-1.09430718	1.770300218	0.1919575776	-5.440395988e-05	-8.494434702e-05
0.158333333	-0.1908344572	-0.153243169	-0.3094493492	1.176590188	1.05665845	-0.1007572865	0.289415327	0.1773083571	0.2421929849	0.1435894623	0.1435894623	-0.2028003934	-0.1860267172	-2.369027388e-06	0.1734600544	-0.1527220383	-0.2570721317	0.09576482312	0.09576482312	-0.09784718108	-0.1630941486	-2.598590202e-06	0.3624647467	0.9555602733	-0.872711172	-0.8726069646	-1.295317397	-1.13398765	0.5898675859	0.1856835756	0.506155816	-0.7853898105	-0.07753525112	0.7551610657	-1.094258583	1.770178959	0.1918680646	-5.315871911e-05	-7.84893856e-05
0.161111111	-0.1909773762	-0.1529651407	-0.3099679082	1.176621488	1.056662165	-0.1008530851	0.2896642239	0.1771201358	0.2428511053	0.1435807816	0.1435807816	-0.2028939384	-0.1860631185	-2.300844619e-06	0.173575584	-0.1523928993	-0.2576042832	0.09598351565	0.09598351565	-0.09779024166	-0.1632152795	-2.737263515e-06	0.3626220377	0.9561566213	-0.8734195515	-0.8727636395	-1.295236449	-1.134280687	0.590050646	0.1855822684	0.5058797622	-0.7853464615	-0.07703240456	0.7551745702	-1.094267404	1.770108585	0.1917952596	-4.397970765e-05	-7.823366325e-05
0.163888889	-0.1910984771	-0.1527178613	-0.3104611848	1.176649484	1.056660531	-0.1009509426	0.2898851535	0.1769512674	0.243467576	0.1435744306	0.1435744306	-0.2029959768	-0.1861134246	-2.252511745e-06	0.1736827446	-0.1520905297	-0.2580979743	0.09622456502	0.09622456502	-0.09773039412	-0.1633083593	-2.874649628e-06	0.3627863338	0.9567718357	-0.8742053841	-0.872856046	-1.295097055	-1.13456466	0.5902852817	0.1855542809	0.5054175865	-0.7852749748	-0.07657085591	0.7551769218	-1.094332168	1.77009545	0.1917374182	-2.747496841e-05	-8.466246923e-05
0.166666667	-0.1911940607	-0.1525135677	-0.3109367681	1.176673732	1.056654546	-0.1010484586	0.2900678309	0.1768211654	0.2440868531	0.1435683085	0.1435683085	-0.203090002	-0.1861592944	-2.33299396e-06	0.1737692965	-0.1518338358	-0.2585975036	0.09648710895	0.09648710895	-0.09766360262	-0.1634102174	-2.861463233e-06	0.3629327027	0.9574175277	-0.8750015339	-0.8728822362	-1.294881499	-1.134798707	0.590338352	0.1854653427	0.5049779209	-0.7852148491	-0.07614269956	0.7551553923	-1.094413708	1.770116128	0.1916759782	-1.159048001e-05	-9.511208428e-05
0.169444444	-0.1912604008	-0.1523646111	-0.3114031404	1.176693819	1.056645287	-0.1011431529	0.2902017402	0.1767496708	0.2447560473	0.143560401	0.143560401	-0.2031585988	-0.1861812485	-2.61356452e-06	0.1738223666	-0.1516420395	-0.2591499956	0.09677002313	0.09677002313	-0.09758561774	-0.1635599256	-2.594103623e-06	0.3630347219	0.9581059288	-0.8757368682	-0.8728401361	-1.294572013	-1.134940132	0.589964165	0.1851662027	0.5047890925	-0.7852035244	-0.07573916008	0.755096703	-1.094470387	1.770145094	0.1915912	-4.552518259e-06	-0.0001066863283
0.172222222	-0.1912945896	-0.1522788203	-0.3118684387	1.176709411	1.056633767	-0.10123325	0.2902793634	0.1767501818	0.24551495	0.1435499581	0.1435499581	-0.2031878811	-0.1861638445	-3.082150226e-06	0.1738312864	-0.1515276632	-0.2597957958	0.09707014046	0.09707014046	-0.09749462403	-0.1637888567	-2.076415687e-06	0.3630698615	0.9588462786	-0.8763527285	-0.872731176	-1.294156383	-1.134957176	0.5889684661	0.1845342774	0.5050388521	-0.7852673094	-0.07535210315	0.7549919169	-1.09446748	1.770160464	0.1914677083	-1.290202456e-05	-0.0001167698102
0.175	-0.1912996919	-0.1522310316	-0.3123375477	1.176720899	1.056620567	-0.1013222633	0.2903148856	0.1767886457	0.2463486057	0.1435446889	0.1435446889	-0.2031904869	-0.1861213672	-3.467873643e-06	0.1738016514	-0.1514538859	-0.2605239971	0.0973689166	0.0973689166	-0.09740688959	-0.1640716537	-1.649408892e-06	0.3630460148	0.9596259788	-0.8768837824	-0.8726046567	-1.29366013	-1.134905078	0.5875470863	0.1836415697	0.5056074733	-0.7853649014	-0.07497805523	0.754864029	-1.094420809	1.770167779	0.1913229784	-3.195367031e-05	-0.0001245584613
0.177777778	-0.1912814495	-0.1521811919	-0.312814253	1.176728997	1.056606073	-0.1014160491	0.2903322856	0.176809783	0.2472178822	0.1435560585	0.1435560585	-0.203191022	-0.1860813605	-3.462650643e-06	0.1737462512	-0.1513616941	-0.2613010001	0.09764064491	0.09764064491	-0.09734686859	-0.1643574367	-1.754359853e-06	0.3629842825	0.9604227256	-0.877405781	-0.8725360102	-1.293124994	-1.134878436	0.5860736013	0.1826338741	0.5062456667	-0.785422059	-0.07461559702	0.7547503305	-1.094368781	1.770185063	0.1911892961	-5.226358625e-05	-0.0001299795379
0.180555556	-0.1912455927	-0.1520891997	-0.3133027048	1.176734431	1.056590676	-0.1015204352	0.2903555541	0.1767584048	0.2480838623	0.1435953871	0.1435953871	-0.203214223	-0.1860712643	-2.872149061e-06	0.1736777592	-0.1511920488	-0.2620933551	0.09785931924	0.09785931924	-0.09733898946	-0.1645951455	-2.769275126e-06	0.3629053224	0.9612143607	-0.877993747	-0.8726073451	-1.292591967	-1.134971581	0.5849255665	0.1816362703	0.5067168757	-0.7853607174	-0.07426325484	0.7546881388	-1.094349767	1.770230593	0.1910990468	-6.470096138e-05	-0.0001328160898
0.183333333	-0.1911940109	-0.1519398024	-0.3137996121	1.176737713	1.056574941	-0.1016393792	0.2903913172	0.176606576	0.248892699	0.1436590019	0.1436590019	-0.2032740033	-0.1861013839	-1.862929489e-06	0.173602065	-0.1509184487	-0.2628553503	0.09801174099	0.09801174099	-0.0973745727	-0.1647467538	-4.523797377e-06	0.3628291772	0.9619940299	-0.8787125881	-0.872870658	-1.29210273	-1.135205477	0.5843153057	0.1807176333	0.5068771067	-0.7851644272	-0.07391729055	0.7547073794	-1.094391249	1.770313398	0.1910635357	-6.331844951e-05	-0.0001334136827
0.186111111	-0.1911201002	-0.1517732642	-0.3142845354	1.176738856	1.056559823	-0.1017727048	0.2904074686	0.1763870109	0.2495567107	0.143710074	0.143710074	-0.2033598477	-0.1861440278	-1.135030939e-06	0.1735101214	-0.1505870591	-0.2635135448	0.09811387608	0.09811387608	-0.09737088414	-0.1648034805	-5.741329835e-06	0.3627753528	0.9627887848	-0.8796060427	-0.8732976922	-1.291701837	-1.135438322	0.5840801821	0.179848547	0.5067745942	-0.7849540588	-0.07356902662	0.7548214857	-1.094496587	1.770421477	0.1910467749	-4.868845435e-05	-0.0001336547987
0.188888889	-0.1910162346	-0.151637348	-0.3147345798	1.176737809	1.056546328	-0.1019196806	0.2903667275	0.1761405553	0.2499835041	0.1437073669	0.1437073669	-0.2034578855	-0.1861665332	-1.31398777e-06	0.1733909773	-0.1502538927	-0.2639906542	0.0981858557	0.0981858557	-0.0972351284	-0.1647605774	-5.023282445e-06	0.3627638857	0.9636301752	-0.880715591	-0.8738475417	-1.29143448	-1.135506955	0.584006223	0.1789848733	0.5064858491	-0.7848656006	-0.07320908427	0.7550416065	-1.094665868	1.770539918	0.1910062932	-2.225840605e-05	-0.0001357151874
0.191666667	-0.1908773255	-0.1515752916	-0.3151327842	1.176734576	1.056535108	-0.1020783947	0.2902366495	0.175907947	0.2500976345	0.1436140974	0.1436140974	-0.2035535586	-0.1861385644	-2.762876636e-06	0.1732340534	-0.1499731193	-0.2642263989	0.09824495519	0.09824495519	-0.09688827247	-0.1646187753	-1.162786919e-06	0.362811744	0.9645467467	-0.8820698917	-0.874482446	-1.291334785	-1.1352734	0.5838869905	0.1780767674	0.5061003888	-0.7850148624	-0.07283012638	0.7553763713	-1.09489892	1.770655676	0.1909028789	1.410916935e-05	-0.000141749511
0.194444444	-0.1907319989	-0.1515641098	-0.3155512573	1.176729916	1.056521799	-0.1022293485	0.290053049	0.1757288624	0.2500779471	0.143457439	0.143457439	-0.2036234789	-0.1860639463	-4.745932093e-06	0.1730303969	-0.1497714163	-0.2644150092	0.09826301406	0.09826301406	-0.09645723093	-0.1644581415	4.314792607e-06	0.3628781322	0.9655232785	-0.8834980112	-0.8752098918	-1.291270497	-1.134959558	0.5836161117	0.177122067	0.505802059	-0.7853085676	-0.07245521729	0.7557974934	-1.095193099	1.770785047	0.1907474962	5.186231873e-05	-0.0001516700385
0.197222222	-0.1906348525	-0.1515304266	-0.3161294844	1.176725187	1.056498163	-0.1023396273	0.2899040882	0.1756422883	0.2502977762	0.1433132234	0.1433132234	-0.2036376837	-0.1859730053	-6.107808505e-06	0.1727728398	-0.1496546873	-0.2649452218	0.09817742829	0.09817742829	-0.09622692597	-0.1644197834	8.195132582e-06	0.3628786006	0.966511224	-0.8846769351	-0.8760698648	-1.290981586	-1.135065344	0.5831621044	0.1761762857	0.5058329556	-0.7855011816	-0.07213093352	0.7562484932	-1.095544061	1.770966339	0.1905897566	7.788272247e-05	-0.0001636381431
0.2	-0.190641042	-0.1514004781	-0.3170067831	1.176721777	1.056455855	-0.1023761597	0.2898786902	0.1756874493	0.251133459	0.1432576947	0.1432576947	-0.2035663998	-0.1858969402	-6.258802246e-06	0.1724548898	-0.1496287946	-0.2662085378	0.09792571465	0.09792571465	-0.09648565692	-0.1646462059	8.045863839e-06	0.3627290571	0.9674616391	-0.885282632	-0.8770965215	-1.290205789	-1.136097944	0.5824916882	0.1753187631	0.506422939	-0.7853493392	-0.07190455631	0.7566724064	-1.095947854	1.771237724	0.1904801654	7.960404357e-05	-0.0001757519241
0.202777778	-0.1907834103	-0.1511284935	-0.3182597892	1.17672051	1.056390344	-0.102321475	0.2900319408	0.1758811642	0.2528012279	0.1433393676	0.1433393676	-0.2034014501	-0.1858597032	-5.164930325e-06	0.172081381	-0.1496899816	-0.2684218686	0.09748040226	0.09748040226	-0.09740318339	-0.1652169095	3.196781831e-06	0.3623857735	0.9683444885	-0.8851380076	-0.8782863707	-1.288798266	-1.138329263	0.5816146965	0.1746036516	0.5076690786	-0.7847058242	-0.07180338864	0.7570311779	-1.096401167	1.771623122	0.1904506842	5.038700903e-05	-0.000186458125
0.205555556	-0.191007313	-0.1507775485	-0.3197222523	1.176720087	1.056312403	-0.1022197459	0.2902872667	0.1761492979	0.2548849119	0.1434985161	0.1434985161	-0.2032200667	-0.1858575953	-3.464235525e-06	0.1717006682	-0.1497953441	-0.2711130744	0.09694885389	0.09694885389	-0.09867666297	-0.1659606112	-3.840137514e-06	0.3619610146	0.9692046266	-0.8846409079	-0.8795339093	-1.287075073	-1.141106038	0.5807339159	0.1739802563	0.5091195846	-0.7838355105	-0.07177489147	0.757362103	-1.0969004	1.772090974	0.1904600521	5.929650337e-06	-0.0001960635503
0.208333333	-0.1912355519	-0.1504378719	-0.3211700584	1.176718796	1.056236797	-0.1021302988	0.2905343401	0.1763948792	0.2568133364	0.1436480882	0.1436480882	-0.203121472	-0.1858812969	-2.225848112e-06	0.1713690489	-0.1498926977	-0.2736416631	0.09646904785	0.09646904785	-0.09988523784	-0.1666426444	-9.832834914e-06	0.3616016404	0.9701062697	-0.8843272165	-0.8807332532	-1.285462845	-1.143553144	0.580109952	0.1733960022	0.5101559075	-0.7831344247	-0.07174632914	0.7577213888	-1.097440768	1.772596566	0.1904493159	-3.335124681e-05	-0.000205300733
0.211111111	-0.1913916146	-0.1501978377	-0.3223861274	1.176715117	1.056178235	-0.1021111916	0.2906641305	0.1765221317	0.2580293781	0.1437025968	0.1437025968	-0.2032030974	-0.1859229545	-2.643589563e-06	0.1711388111	-0.1499308927	-0.2753829957	0.09617311164	0.09617311164	-0.1006154608	-0.1670321098	-1.192125198e-05	0.3614471037	0.9711130553	-0.884716447	-0.8818091775	-1.284374881	-1.144824992	0.5800083513	0.1728381892	0.5101290318	-0.7830268937	-0.07164571321	0.7581640226	-1.098015505	1.773095717	0.1903614053	-4.822360189e-05	-0.0002149873747
0.213888889	-0.1914349564	-0.1500842024	-0.3232987249	1.176709226	1.056143317	-0.1021825632	0.2906262174	0.1764919825	0.2583881827	0.1436412567	0.1436412567	-0.2034719751	-0.185969294	-4.757700821e-06	0.1710103986	-0.1498817969	-0.2761595949	0.09610180919	0.09610180919	-0.1007325972	-0.1670679087	-9.752702642e-06	0.3615142053	0.9722410267	-0.8859402982	-0.8827388067	-1.283918831	-1.14470017	0.5804499545	0.1722415407	0.5089357051	-0.7835896176	-0.07143652631	0.7586920894	-1.098595971	1.773541428	0.1901849972	-3.401668536e-05	-0.0002246040648
0.216666667	-0.191372291	-0.1500443172	-0.324020727	1.176703385	1.056127949	-0.1023156741	0.2904466151	0.1763393358	0.258276039	0.1435269309	0.1435269309	-0.2038174386	-0.1859985267	-7.231262453e-06	0.1709201434	-0.1497470946	-0.2763695641	0.09618092627	0.09618092627	-0.1004634979	-0.1669102057	-5.655940552e-06	0.3616659317	0.9734440677	-0.8876344281	-0.8835388875	-1.283810522	-1.143754468	0.581124862	0.1714696339	0.5071966418	-0.78443288	-0.07112864651	0.7592389752	-1.099126689	1.773882056	0.1899675443	-3.841399155e-06	-0.000231367819
0.219444444	-0.1912144652	-0.1500204707	-0.3246752348	1.176699978	1.056127201	-0.1024787111	0.2901574165	0.1761040118	0.2581123988	0.1434277415	0.1434277415	-0.2041209274	-0.18598792	-8.796746393e-06	0.1708023509	-0.1495305632	-0.2764468472	0.09633000533	0.09633000533	-0.1000590534	-0.1667344829	-1.933208637e-06	0.3617586022	0.9746719466	-0.8894050325	-0.8842192146	-1.283740758	-1.142614085	0.5816945836	0.1704452679	0.5055361842	-0.7851649249	-0.07073543326	0.759733654	-1.099550958	1.774064812	0.1897602445	2.887440648e-05	-0.0002317957944
0.222222222	-0.1909742672	-0.1499633643	-0.3253713394	1.176701094	1.056136246	-0.1026427424	0.2897893312	0.1758254743	0.2582653783	0.1434024858	0.1434024858	-0.2042805197	-0.1859196529	-8.944951236e-06	0.1706019052	-0.1492407057	-0.2767733134	0.09647939043	0.09647939043	-0.09974352205	-0.1666952211	-3.943886162e-07	0.3616704255	0.9758817639	-0.8909084303	-0.8847819163	-1.283436022	-1.141833974	0.581857291	0.1691674896	0.5044591605	-0.7854727434	-0.07027246301	0.7601139977	-1.09982369	1.774047934	0.1896075093	5.324654362e-05	-0.0002227499552
0.225	-0.190674162	-0.1498816001	-0.3261297305	1.176706442	1.056151504	-0.1027987281	0.2893598037	0.1755407531	0.2587400563	0.1434466002	0.1434466002	-0.2043154207	-0.1858113465	-8.223335254e-06	0.1703301632	-0.148917478	-0.2773637238	0.09663177808	0.09663177808	-0.09954835616	-0.1667888269	-9.391330386e-07	0.3614213794	0.9770824821	-0.8921479583	-0.8852219303	-1.282887192	-1.141449204	0.5816156337	0.1677544978	0.5039022638	-0.7854185857	-0.06976864451	0.7603813952	-1.099982871	1.773878849	0.1895043209	6.864918147e-05	-0.0002072897399
0.227777778	-0.1903406291	-0.1498094634	-0.3269323288	1.176714658	1.056169986	-0.1029464647	0.2888799685	0.1752858264	0.259379759	0.1435273907	0.1435273907	-0.2042990265	-0.1856964691	-7.389808191e-06	0.170027417	-0.1486147321	-0.2780693776	0.09682185321	0.09682185321	-0.09941875203	-0.1669405529	-2.50271995e-06	0.3610939666	0.9783061792	-0.8932814625	-0.8855339832	-1.282203731	-1.141262373	0.5811119538	0.1663394746	0.5035755361	-0.7852144729	-0.069258688	0.7605655893	-1.100103608	1.773645303	0.1894235402	7.859408557e-05	-0.0001916253814
0.230555556	-0.1899999579	-0.1497811281	-0.3277613697	1.176724371	1.05618874	-0.1030857459	0.2883606287	0.1750966257	0.260027908	0.1436122107	0.1436122107	-0.2043047628	-0.18560852	-7.028738197e-06	0.1697334369	-0.1483862117	-0.278741748	0.09708411198	0.09708411198	-0.09929960024	-0.1670752317	-3.863563293e-06	0.3607704249	0.9795849433	-0.8944668496	-0.88571433	-1.281495076	-1.141076389	0.5804913623	0.1650433731	0.5031970515	-0.7850672247	-0.06877716217	0.7606963876	-1.100261008	1.773435194	0.1893381135	8.636147801e-05	-0.000182213273
0.233333333	-0.189669506	-0.149818261	-0.3286072971	1.176734733	1.056206222	-0.103216869	0.2878083186	0.1749948732	0.2605870782	0.1436785061	0.1436785061	-0.2043730697	-0.1855659244	-7.322333927e-06	0.1694713575	-0.1482647277	-0.2792926659	0.09743320515	0.09743320515	-0.09915305817	-0.1671513411	-4.192737003e-06	0.3604996917	0.9809413847	-0.8957966712	-0.8857741509	-1.280825532	-1.140773061	0.5798306498	0.1639198007	0.5026252208	-0.7850996731	-0.06834461144	0.7607965527	-1.100496037	1.773299775	0.1892396211	9.367022781e-05	-0.0001826125926
0.236111111	-0.1893466773	-0.1499149882	-0.329478337	1.176746049	1.056224024	-0.1033413119	0.2872201818	0.1749705962	0.2610910841	0.1437259936	0.1437259936	-0.2044709958	-0.1855534285	-7.943985987e-06	0.1692277181	-0.1482365056	-0.2797677791	0.09783973098	0.09783973098	-0.09897978273	-0.1672028096	-3.748746435e-06	0.3602561114	0.9823770987	-0.8972176557	-0.8857549921	-1.280160152	-1.140407195	0.5790497341	0.1628701986	0.5020348266	-0.7852451921	-0.06795039536	0.7608731662	-1.10077351	1.773208477	0.189160952	9.908771577e-05	-0.0001895549522
0.238888889	-0.1890261481	-0.1500617611	-0.330385349	1.176758765	1.056244165	-0.1034606932	0.2865921271	0.1750096186	0.2615916842	0.1437574677	0.1437574677	-0.2045557402	-0.1855511912	-8.545520015e-06	0.1689840269	-0.148281525	-0.2802310271	0.09826822514	0.09826822514	-0.09878566337	-0.1672737911	-3.068722193e-06	0.3600032608	0.983890963	-0.8986561485	-0.8857008711	-1.279451132	-1.140055253	0.5780453257	0.1617833039	0.5016378505	-0.7854155159	-0.06757957456	0.7609312095	-1.101047998	1.773119791	0.189140543	0.0001006280531	-0.0001987057122
0.241666667	-0.188703066	-0.1502490336	-0.3313390309	1.176773347	1.056268598	-0.1035766	0.2859207793	0.1750978265	0.2621379305	0.1437760457	0.1437760457	-0.2045876236	-0.1855403809	-8.865889592e-06	0.1687227572	-0.1483801287	-0.2807429543	0.09868437473	0.09868437473	-0.09857732293	-0.1674050352	-2.794478632e-06	0.3597062563	0.9854818712	-0.9000424905	-0.8856529398	-1.278654423	-1.139788286	0.5767214851	0.1605637329	0.5016250804	-0.7855309098	-0.06721806282	0.7609761277	-1.101277289	1.772995269	0.1892121943	9.634704578e-05	-0.0002057533665
0.244444444	-0.1883812559	-0.1504665817	-0.3323426042	1.176790849	1.056298002	-0.1036905677	0.2852141928	0.1752206805	0.2627337588	0.1437882807	0.1437882807	-0.2045721421	-0.1855172853	-8.868347243e-06	0.1684441776	-0.1485172477	-0.2813085377	0.09907316502	0.09907316502	-0.09837205117	-0.1675863407	-3.191470547e-06	0.3593684413	0.9871467909	-0.9013803671	-0.8856419236	-1.277771911	-1.139625693	0.5751262109	0.1592176962	0.501964479	-0.7855757732	-0.06686592355	0.7610201582	-1.101466102	1.772838913	0.1893409754	8.784310706e-05	-0.0002091739062
0.247222222	-0.1880713467	-0.1507036519	-0.3333935248	1.176812786	1.056332068	-0.1038040924	0.28448933	0.1753633882	0.2633483169	0.1438033236	0.1438033236	-0.2045496494	-0.1854898695	-8.679638e-06	0.1681624037	-0.1486814042	-0.2818899291	0.09943447161	0.09943447161	-0.09819528976	-0.1677681569	-4.079239721e-06	0.3590231804	0.9888812721	-0.9027303088	-0.8856940022	-1.276840342	-1.139547874	0.5734205032	0.157821578	0.5024569444	-0.7855824198	-0.06653410255	0.7610808076	-1.101655223	1.772687328	0.1894391235	7.947296826e-05	-0.0002096274141
0.25	-0.1877842468	-0.1509495249	-0.3344892672	1.176840696	1.05637046	-0.1039186544	0.2837634864	0.1755113374	0.2639499393	0.1438303486	0.1438303486	-0.2045616088	-0.1854664775	-8.462654442e-06	0.1678919772	-0.1488613677	-0.2824482792	0.09976852699	0.09976852699	-0.0980725957	-0.1678997568	-5.0816667e-06	0.3587048736	0.9906810362	-0.9041543439	-0.8858394358	-1.275897078	-1.13953378	0.5717701986	0.1564456063	0.5029028543	-0.7855846289	-0.06623374087	0.7611757856	-1.101886293	1.772577986	0.1894175876	7.553059293e-05	-0.0002078673132
0.252777778	-0.1875257527	-0.1512003159	-0.3356308109	1.176875859	1.056413397	-0.1040350279	0.2830432901	0.175657556	0.2645148029	0.143871892	0.143871892	-0.2046343237	-0.1854528515	-8.370160915e-06	0.1676371448	-0.1490532905	-0.2829588709	0.1000725	0.1000725	-0.0980146709	-0.1679466868	-5.691573855e-06	0.3584324938	0.992547773	-0.9056932461	-0.8861064371	-1.274971966	-1.139565056	0.5702824025	0.155123441	0.5031785857	-0.7856098447	-0.06597090592	0.761318734	-1.102184985	1.77253501	0.189220397	7.89889936e-05	-0.0002046037112
0.255555556	-0.1872807725	-0.1514792475	-0.3368328946	1.176918466	1.05646334	-0.1041511834	0.2822922881	0.175824939	0.2650505581	0.1439042587	0.1439042587	-0.2047326824	-0.185444048	-8.484541512e-06	0.167360498	-0.1492822186	-0.283453601	0.1003313197	0.1003313197	-0.09797314547	-0.1679399297	-5.704003959e-06	0.3581614765	0.9945062737	-0.9073018461	-0.8864970515	-1.274065899	-1.139635895	0.5688217704	0.1537720606	0.5034514609	-0.785656965	-0.06573169731	0.7615067467	-1.102513531	1.772529193	0.1889237214	8.806463034e-05	-0.0001998423785
0.258333333	-0.1870289861	-0.1518163929	-0.3381137387	1.176968413	1.056523326	-0.1042643751	0.2814631524	0.1760437861	0.2655728911	0.1438973048	0.1438973048	-0.2048061985	-0.1854325112	-8.836546713e-06	0.1670140658	-0.1495804067	-0.2839787392	0.1005269611	0.1005269611	-0.09788486349	-0.1679266905	-5.180464521e-06	0.3578306624	0.9965870183	-0.9089130918	-0.8870005349	-1.273172645	-1.139744275	0.5671905351	0.1522893783	0.5039567591	-0.7857166966	-0.06549723632	0.761732685	-1.102818425	1.772518215	0.1886366517	9.970031851e-05	-0.0001934587647
0.261111111	-0.1867512269	-0.1522408902	-0.3394916221	1.177025525	1.056596275	-0.1043718416	0.2805105039	0.1763436699	0.266097656	0.1438219925	0.1438219925	-0.2048054852	-0.1854111012	-9.431017007e-06	0.166551458	-0.1499793645	-0.2845804912	0.1006417633	0.1006417633	-0.09768858273	-0.167953105	-4.436920905e-06	0.3573798048	0.9988196596	-0.9104602116	-0.8876000021	-1.27228553	-1.139891025	0.5651935188	0.1505921952	0.5049156606	-0.7857804908	-0.06524916976	0.7619895414	-1.103047263	1.772460913	0.188466279	0.000110761829	-0.0001853119337
0.263888889	-0.1864722469	-0.1527436881	-0.3409767489	1.177088509	1.056679745	-0.1044716007	0.2794671331	0.1767277962	0.2666309508	0.1436833039	0.1436833039	-0.2047244453	-0.1853880465	-1.010996832e-05	0.1659964969	-0.1504830434	-0.2852835959	0.1006690353	0.1006690353	-0.09739677915	-0.1680322277	-4.044618185e-06	0.3568300739	1.001203995	-0.9119227355	-0.8883155981	-1.271378939	-1.140136692	0.5628118095	0.1486982565	0.5063682707	-0.7858412561	-0.06498866675	0.7622795802	-1.10318486	1.772350198	0.1884462284	0.0001200729082	-0.0001768177512
0.266666667	-0.1862737955	-0.1532661934	-0.3425683851	1.17715467	1.056764306	-0.1045627381	0.2784673605	0.1771655395	0.2671653669	0.1435299668	0.1435299668	-0.2046133988	-0.1853916816	-1.057383844e-05	0.1654645721	-0.1510600534	-0.2860840185	0.1006163978	0.1006163978	-0.09711735836	-0.1681343575	-4.465966906e-06	0.3563105984	1.003701483	-0.913342388	-0.8892249674	-1.270402677	-1.140617701	0.560258477	0.1467330637	0.5081333781	-0.7858925558	-0.06474213247	0.7626172972	-1.103264209	1.772222768	0.1885148598	0.0001292570891	-0.000171460738
0.269444444	-0.1862413636	-0.1537467452	-0.3442645206	1.177221271	1.056840058	-0.1046444668	0.2776521166	0.1776247064	0.2676916276	0.1434131239	0.1434131239	-0.2045268276	-0.1854519779	-1.066748507e-05	0.1650774999	-0.1516774435	-0.2869748147	0.1004927082	0.1004927082	-0.09696406384	-0.1682269756	-5.718760594e-06	0.3559599701	1.00627172	-0.9147675369	-0.89041465	-1.269304975	-1.141474729	0.557764201	0.1448198019	0.5100196842	-0.7859295751	-0.06453749817	0.7630181578	-1.103321492	1.772117886	0.1886042901	0.0001403297934	-0.0001727563882
0.272222222	-0.1864432671	-0.1541326394	-0.3460613645	1.177285959	1.056898719	-0.1047163317	0.2771366888	0.1780765999	0.2682034666	0.1433751685	0.1433751685	-0.2045085569	-0.1855903651	-1.046406055e-05	0.1649344543	-0.1523052644	-0.2879515661	0.1003043943	0.1003043943	-0.09702638909	-0.1682819042	-7.301493867e-06	0.3558926049	1.008878283	-0.9162394483	-0.8919595113	-1.268042661	-1.142815266	0.5555232682	0.143045824	0.5118664644	-0.7859508823	-0.06439677484	0.7634956091	-1.103390481	1.772066131	0.1886507379	0.0001547389609	-0.0001826863276
0.275	-0.1868215004	-0.154434773	-0.3479497666	1.177348789	1.056944029	-0.1047796282	0.2768489951	0.1785131594	0.2687275173	0.1433993496	0.1433993496	-0.2045197074	-0.1857623131	-1.013111569e-05	0.1649639611	-0.1529290628	-0.2890396442	0.1000369987	0.1000369987	-0.09721880033	-0.1683020788	-8.760995624e-06	0.3560212835	1.011509243	-0.9177208042	-0.8938138155	-1.26663563	-1.144517242	0.5534454162	0.1413349417	0.5136809773	-0.7859792116	-0.06429930249	0.7640471001	-1.103487444	1.772036414	0.1886198719	0.0001682188705	-0.0001924264146
0.277777778	-0.1872611929	-0.1546930161	-0.3499184652	1.177410888	1.056985149	-0.1048364171	0.2766325329	0.1789352448	0.2693058126	0.1434425455	0.1434425455	-0.2044841909	-0.1858935861	-9.945031508e-06	0.1650173682	-0.1535408891	-0.2902784793	0.09966643074	0.09966643074	-0.09737757568	-0.1683040514	-9.956305021e-06	0.3561658777	1.014163374	-0.919136858	-0.8958744397	-1.265132973	-1.146354588	0.551309388	0.1395355588	0.5155496565	-0.7860428015	-0.06420534679	0.7646628005	-1.103620843	1.771970316	0.1884904146	0.0001736561648	-0.0001882868609
0.280555556	-0.1876472375	-0.1549478854	-0.3519566965	1.177473363	1.057031287	-0.1048887473	0.2763303845	0.1793434729	0.2699811543	0.1434618352	0.1434618352	-0.2043258555	-0.1859100243	-1.026080012e-05	0.1649453645	-0.1541323693	-0.2917082344	0.09916840911	0.09916840911	-0.09733949235	-0.1683039818	-1.107014793e-05	0.3561431883	1.016839353	-0.9204100846	-0.8980352765	-1.263584977	-1.148100214	0.5488899499	0.1374915309	0.5175649612	-0.7861631959	-0.06407519495	0.7653327195	-1.103799076	1.77180968	0.1882412118	0.0001636713285	-0.0001565022362
0.283333333	-0.1879501917	-0.1552248566	-0.3540427885	1.177534193	1.057085452	-0.1049427265	0.2759019921	0.1797438589	0.270750132	0.143441691	0.143441691	-0.2040308625	-0.185801844	-1.128200899e-05	0.1647330262	-0.1547069555	-0.2932959857	0.09856917971	0.09856917971	-0.0970719602	-0.1683399018	-1.226755102e-05	0.3559142635	1.01955126	-0.9215333689	-0.9002262672	-1.262015328	-1.149651313	0.5460612814	0.135122097	0.5197983214	-0.7863385223	-0.06389009203	0.7660441004	-1.104011183	1.771516107	0.1878944053	0.0001388630744	-9.459997913e-05
0.286111111	-0.1883318025	-0.1555143862	-0.3561299252	1.177584399	1.057136781	-0.1050135589	0.2755667631	0.1801553422	0.2715048025	0.1434271925	0.1434271925	-0.2037248454	-0.1857030295	-1.272835088e-05	0.1646660582	-0.155295835	-0.2948443088	0.0980079068	0.0980079068	-0.09683338926	-0.1685000277	-1.347651747e-05	0.3557682624	1.022348133	-0.9226626111	-0.9024628375	-1.260385474	-1.151184258	0.5429281456	0.1325275153	0.5222592439	-0.7865303867	-0.06367805806	0.7667781589	-1.10420273	1.771095046	0.1875689799	0.0001178136721	-2.568573314e-05
0.288888889	-0.1889785908	-0.155800674	-0.3581696372	1.177614042	1.057172634	-0.1051175241	0.2755785859	0.1805989906	0.272124671	0.1434720158	0.1434720158	-0.2035522313	-0.1857670244	-1.39536492e-05	0.1650690576	-0.1559342408	-0.2961355068	0.09763767972	0.09763767972	-0.09692206653	-0.1688796167	-1.522742249e-05	0.3560378421	1.025283898	-0.9239747432	-0.9047725098	-1.258646394	-1.152915635	0.5396313769	0.1298541639	0.5249292716	-0.7867083211	-0.0634735238	0.7675151777	-1.104313101	1.770558387	0.1873971212	0.0001209637179	2.358513652e-05
0.291666667	-0.1900578352	-0.1560674936	-0.3601171528	1.17761418	1.057181638	-0.1052695123	0.2761667614	0.1810928487	0.2724992659	0.1436260372	0.1436260372	-0.2036482236	-0.1861372333	-1.399740012e-05	0.1662360766	-0.1566529351	-0.2969669808	0.09759947733	0.09759947733	-0.09761137793	-0.1695637803	-1.788424289e-05	0.3570281127	1.028406041	-0.9256365517	-0.9071766515	-1.256752134	-1.155044938	0.5363120912	0.1272691707	0.5277607984	-0.7868600582	-0.06330956152	0.768236013	-1.104288821	1.769923208	0.1874991115	0.0001662471943	2.86451527e-05
0.294444444	-0.1914628343	-0.1563144008	-0.3619652215	1.177591268	1.057170511	-0.1054654461	0.2772011784	0.1816076436	0.2726544085	0.143879441	0.143879441	-0.2040090477	-0.1868065634	-1.268708646e-05	0.168023333	-0.1574154198	-0.2973475491	0.09787021383	0.09787021383	-0.09878408258	-0.1704832767	-2.165125145e-05	0.3586191412	1.031668885	-0.9276523986	-0.9095937523	-1.254734865	-1.157479273	0.5330365433	0.1248755867	0.5306070009	-0.7870154126	-0.06319620031	0.7689315279	-1.104188154	1.76927384	0.1878148769	0.000244425072	-4.131850546e-06
0.297222222	-0.1928784414	-0.1565562146	-0.3637307885	1.177563851	1.057159702	-0.1056870627	0.2782764598	0.1820779522	0.2727166015	0.1441751686	0.1441751686	-0.204524109	-0.1876523631	-1.082929357e-05	0.1699537952	-0.1581345126	-0.2974444519	0.09830291811	0.09830291811	-0.1000188767	-0.1714499911	-2.593291723e-05	0.3603701487	1.034955722	-0.9299079203	-0.9118714171	-1.252689401	-1.159901835	0.5298102437	0.1226733545	0.5332884661	-0.7872113186	-0.06312548747	0.7696007477	-1.104156008	1.768744592	0.1881458607	0.0003275249732	-4.405977682e-05
0.3	-0.1939871006	-0.1568116616	-0.3654255286	1.177551098	1.057169775	-0.10591625	0.2789818303	0.1824379174	0.2728095573	0.1444532498	0.1444532498	-0.2050802765	-0.1885493917	-9.5826665e-06	0.171546417	-0.1587233623	-0.2974236638	0.09875009433	0.09875009433	-0.1008823445	-0.1722731214	-2.940770558e-05	0.3618414955	1.038148929	-0.9322948623	-0.913868387	-1.25071423	-1.161993518	0.5266364225	0.1205984568	0.5356729612	-0.7874583079	-0.0630887481	0.7702434834	-1.104340251	1.768468696	0.1882904508	0.0003899114179	-5.921599296e-05
0.302777778	-0.1945482429	-0.1570982957	-0.3670673961	1.177568116	1.057216251	-0.1061365156	0.2790010852	0.1826447655	0.2730376377	0.144663757	0.144663757	-0.2055751223	-0.1893882003	-1.00352577e-05	0.1724253139	-0.1591242108	-0.2974377667	0.09909043569	0.09909043569	-0.1010557838	-0.1728145982	-3.102531793e-05	0.3626889789	1.041160051	-0.9347156686	-0.9154936045	-1.248882847	-1.163512456	0.5235215284	0.1185600126	0.5376791113	-0.7877501861	-0.06307351718	0.770856419	-1.104836454	1.768527131	0.1881132104	0.0004150905152	-2.789946947e-05
0.305555556	-0.1946205802	-0.1574182536	-0.3687165161	1.177612776	1.057295133	-0.1063363424	0.2783912304	0.1827468652	0.2734430863	0.1448017759	0.1448017759	-0.205948552	-0.1901214479	-1.158888357e-05	0.1726221924	-0.1593907975	-0.2976000823	0.09930003963	0.09930003963	-0.1006928388	-0.1731441533	-3.079478496e-05	0.3629248165	1.044014484	-0.9370911792	-0.9168153176	-1.247162989	-1.164513882	0.5204864056	0.1165521353	0.5392793119	-0.7880995229	-0.06305302654	0.7714221588	-1.10552871	1.768800247	0.1877426454	0.0004147017295	3.093807559e-05
0.308333333	-0.1943374094	-0.1577685649	-0.370444522	1.177678516	1.057397566	-0.1065053802	0.2773026255	0.1828149399	0.2740532266	0.144874025	0.144874025	-0.2061507511	-0.1907167536	-1.326325231e-05	0.1722703544	-0.1596042847	-0.2980147077	0.09937923688	0.09937923688	-0.1000666511	-0.173383925	-2.98263277e-05	0.3626488282	1.046765703	-0.9393452667	-0.9179412947	-1.245495833	-1.165124424	0.5175560363	0.1146032808	0.5404460549	-0.7885327121	-0.06299704287	0.7719196175	-1.106247949	1.769119308	0.1873732204	0.000406878167	8.853463212e-05
0.311111111	-0.1938324139	-0.1581447514	-0.3723221598	1.177758693	1.057514657	-0.1066335444	0.275886769	0.182918164	0.2748938196	0.1448879771	0.1448879771	-0.2061330965	-0.1911425775	-1.418160051e-05	0.1715047023	-0.1598443545	-0.2987830529	0.09932948841	0.09932948841	-0.0994476755	-0.173654481	-2.987929456e-05	0.3619623444	1.049466491	-0.9414035546	-0.918979807	-1.243823298	-1.165468589	0.5147553538	0.1127537726	0.5411412793	-0.7890847889	-0.06287612071	0.7723284771	-1.106827603	1.769318853	0.1871960637	0.0004094176945	0.000117691185
0.313888889	-0.193253366	-0.1585170585	-0.3743728799	1.177846657	1.057635866	-0.1067215556	0.2743358555	0.1830792025	0.2759259198	0.1448709115	0.1448709115	-0.2059104711	-0.1914208636	-1.412969041e-05	0.1705201054	-0.160143774	-0.2999015751	0.09918449574	0.09918449574	-0.0989788844	-0.1740037	-3.197150636e-05	0.3610522383	1.052150757	-0.9432848739	-0.9200265643	-1.242105586	-1.165700019	0.5121096529	0.1110149013	0.5414336975	-0.7897495745	-0.06269053233	0.7726620058	-1.107206252	1.769324003	0.187264847	0.0004283802222	0.0001117856687
0.316666667	-0.1927650766	-0.158822647	-0.3765604372	1.177935774	1.057748602	-0.1067839946	0.272894197	0.1832609977	0.2770283169	0.144876057	0.144876057	-0.2055806303	-0.1916435473	-1.353002649e-05	0.1695875644	-0.1604745729	-0.3012325766	0.09901849731	0.09901849731	-0.09863762283	-0.1743843556	-3.574674942e-05	0.3602139611	1.054828314	-0.9451268381	-0.9211534783	-1.240324934	-1.166016036	0.5096465715	0.1093475126	0.5415487618	-0.7904510622	-0.06247892963	0.7729770958	-1.107459197	1.769176809	0.1874544518	0.0004543773237	8.987848868e-05
0.319444444	-0.1925315065	-0.1589952959	-0.3788469714	1.1780194	1.057840301	-0.1068361452	0.2718082172	0.183423551	0.2780765949	0.1449586736	0.1449586736	-0.2052470219	-0.191907514	-1.269979606e-05	0.1689805112	-0.1608052248	-0.3026320796	0.09890694817	0.09890694817	-0.09839012087	-0.1747420598	-4.047052887e-05	0.3597465951	1.057508124	-0.9470722346	-0.9224195206	-1.238462902	-1.166622413	0.5073965093	0.1077004929	0.5417383685	-0.7910925185	-0.06228205088	0.7733334528	-1.107670876	1.768927176	0.1876277538	0.0004767287076	7.275484332e-05
0.322222222	-0.1926762459	-0.1589789801	-0.3811964436	1.178092403	1.057901531	-0.1068915628	0.2712702513	0.183528295	0.2789675993	0.1451648771	0.1451648771	-0.2050023646	-0.1922926317	-1.188520703e-05	0.1689144396	-0.161103143	-0.3039717815	0.09891288295	0.09891288295	-0.09820430558	-0.1750292975	-4.525530588e-05	0.3598881221	1.060194149	-0.9492439441	-0.9238570211	-1.236506061	-1.167688186	0.5053817496	0.1060269355	0.5422298038	-0.7915793515	-0.06213285311	0.7737814094	-1.107916577	1.768625709	0.1876645063	0.000486114624	7.834640664e-05
0.325	-0.1930380728	-0.1588008818	-0.3835752152	1.178160826	1.057944957	-0.1069521735	0.2710827386	0.1835396977	0.2797441048	0.1454733858	0.1454733858	-0.2048569982	-0.1927502522	-1.107124983e-05	0.1691932079	-0.1613229843	-0.3052258726	0.09901745848	0.09901745848	-0.09806011863	-0.175253005	-4.985563496e-05	0.3604407698	1.062848726	-0.9516261913	-0.9253796363	-1.234491819	-1.169079513	0.5035479374	0.104379953	0.5429525577	-0.791943403	-0.06200991162	0.7743021618	-1.10820376	1.768326761	0.1875683557	0.000484865195	0.0001030003815
0.327777778	-0.1933297529	-0.1585279531	-0.3859483231	1.178235827	1.057993033	-0.1070148963	0.2708740669	0.1834229983	0.2805119122	0.1458320065	0.1458320065	-0.2047846938	-0.1931746604	-1.030624036e-05	0.1694382938	-0.1614135516	-0.3064117827	0.09916632847	0.09916632847	-0.09794246178	-0.1754443565	-5.417130751e-05	0.3610153811	1.065415183	-0.9541446647	-0.9268556663	-1.232482273	-1.170524066	0.5018033257	0.1028525606	0.5437022503	-0.7922769657	-0.06186764155	0.7748459425	-1.10850988	1.768086258	0.1873984994	0.0004807888672	0.0001329560116
0.330555556	-0.1932655416	-0.1582298889	-0.3882791086	1.178328669	1.058068124	-0.1070767768	0.2702731335	0.1831429177	0.2813750146	0.1461878801	0.1461878801	-0.2047592582	-0.1934606509	-9.705143768e-06	0.169272839	-0.1613234786	-0.3075449621	0.09930599934	0.09930599934	-0.0978358496	-0.1756342288	-5.799219755e-05	0.3612255963	1.067836547	-0.9567274705	-0.9281607017	-1.230541187	-1.171747625	0.5000533317	0.1015239656	0.54428242	-0.7926702474	-0.06166057973	0.7753629044	-1.108812834	1.767959873	0.1872144956	0.0004821362096	0.0001538400225
0.333333333	-0.1926807028	-0.1579657104	-0.3905507814	1.178445505	1.058183835	-0.1071348031	0.2690539178	0.1826984632	0.2824021545	0.1465004337	0.1465004337	-0.2047524741	-0.1935494853	-9.411255777e-06	0.1684701371	-0.1610435796	-0.3086456662	0.09940307224	0.09940307224	-0.09772081212	-0.1758440303	-6.116035646e-05	0.3608363646	1.070095484	-0.9593181124	-0.9292357207	-1.228693218	-1.172588889	0.4982225289	0.1004404055	0.5445717827	-0.7931958225	-0.06136155401	0.7758233404	-1.109098695	1.767973031	0.1870638456	0.0004932823687	0.0001575075606
0.336111111	-0.191677818	-0.1577664001	-0.3927932402	1.178580924	1.058334423	-0.107185652	0.2673124346	0.1821668153	0.2835865709	0.1467572803	0.1467572803	-0.2047312976	-0.1934852176	-9.515257411e-06	0.1671350236	-0.1606599532	-0.3097484306	0.09946753401	0.09946753401	-0.09756915624	-0.176074595	-6.357731577e-05	0.3599454701	1.072264282	-0.9618908554	-0.930154022	-1.226873417	-1.173139482	0.4962813023	0.09960558788	0.5445963789	-0.7938953198	-0.06098382777	0.7762426691	-1.109370738	1.768083788	0.1869667926	0.00050916708	0.0001509436843
0.338888889	-0.1903948292	-0.1576576552	-0.3950447921	1.178727824	1.058511619	-0.1072258171	0.2651876934	0.1816358491	0.2849138423	0.1469508497	0.1469508497	-0.204661342	-0.1933252355	-9.783791536e-06	0.1654152983	-0.1602713068	-0.3108925105	0.09951450095	0.09951450095	-0.09735184149	-0.1763239345	-6.563095749e-05	0.3586904619	1.074427584	-0.9644190338	-0.9310023222	-1.225004822	-1.173521927	0.4942048518	0.0990361409	0.5443865658	-0.7948154904	-0.06054614635	0.7766424439	-1.109634271	1.768241157	0.1869397785	0.0005231343161	0.0001436931976
0.341666667	-0.1889701705	-0.1576600223	-0.3973434456	1.178878964	1.058707001	-0.107252223	0.2628223176	0.1811887907	0.2863684905	0.1470763792	0.1470763792	-0.2045105455	-0.1931265666	-9.743022159e-06	0.1634606578	-0.1599712255	-0.3121178738	0.09955754105	0.09955754105	-0.09704397979	-0.1765897429	-6.79805473e-05	0.3572091262	1.076667025	-0.9668766353	-0.9318625769	-1.223014283	-1.173854747	0.4919716235	0.09876730335	0.5439540476	-0.7960099845	-0.06006779435	0.7770435917	-1.109893495	1.768394758	0.1869973406	0.0005288889308	0.0001452213092
0.344444444	-0.1875580688	-0.1577339041	-0.3996961316	1.179026345	1.058908506	-0.1072698595	0.2604206418	0.1808340094	0.2878839565	0.1471562225	0.1471562225	-0.2042921407	-0.1929480027	-9.411498325e-06	0.1614746103	-0.1597766124	-0.3134365219	0.09959549088	0.09959549088	-0.09668370765	-0.1768665318	-7.12594055e-05	0.3557146491	1.079011543	-0.9693160714	-0.9328107907	-1.220878172	-1.174253585	0.489643528	0.09877982205	0.5433122326	-0.7974588448	-0.05957713879	0.777455876	-1.110139821	1.768504258	0.1871268971	0.0005262257986	0.0001558804435
0.347222222	-0.1863238526	-0.1577929681	-0.402087683	1.179161434	1.059101353	-0.1072897638	0.2582339931	0.1805230902	0.2893557393	0.1472335516	0.1472335516	-0.2040543975	-0.1928496113	-9.030701421e-06	0.1597008233	-0.1596458092	-0.3148405582	0.09961485787	0.09961485787	-0.09635730707	-0.1771458324	-7.58442481e-05	0.3544756446	1.081450245	-0.9718474949	-0.9339173763	-1.218609729	-1.174834331	0.4873499621	0.09898300658	0.5425029334	-0.799067159	-0.05910923005	0.7778804358	-1.110354797	1.76853721	0.1872951119	0.0005197591064	0.0001689261489
0.35	-0.1854312691	-0.1577485713	-0.4045055444	1.179275713	1.059270858	-0.1073228738	0.2565136939	0.1802077467	0.2906813178	0.1473523401	0.1473523401	-0.2038464846	-0.1928912059	-8.551276754e-06	0.1583812426	-0.15953657	-0.3163249627	0.09960018324	0.09960018324	-0.09615161343	-0.1774183257	-8.180562383e-05	0.3537564131	1.083972652	-0.9745771441	-0.9352480266	-1.216221661	-1.175713945	0.4852253361	0.09924858119	0.5416029423	-0.8007150389	-0.05869876681	0.7783182515	-1.110519504	1.768461597	0.1874682279	0.0005144093689	0.0001776196231
0.352777778	-0.1849877425	-0.1575315589	-0.4069348955	1.179363638	1.059406901	-0.1073774501	0.2554335467	0.179844823	0.2917844139	0.1475483114	0.1475483114	-0.2037105505	-0.193111903	-7.771975446e-06	0.1576817969	-0.1594094333	-0.3178756037	0.09954087104	0.09954087104	-0.09613484885	-0.1776768174	-8.917817166e-05	0.3537440074	1.086562214	-0.9775874707	-0.9368420328	-1.213722816	-1.17697247	0.4833706418	0.09946336571	0.5406867922	-0.8023007051	-0.05836898033	0.7787701267	-1.110622705	1.768259844	0.1876131924	0.0005138863524	0.000177013288
0.355555556	-0.1848822585	-0.1571549877	-0.4093422154	1.179431541	1.059517037	-0.1074518359	0.2548617781	0.1794068095	0.2926843229	0.1478236474	0.1478236474	-0.2036601707	-0.1934688466	-6.597056032e-06	0.1574737728	-0.1592333959	-0.3194310878	0.0994514672	0.0994514672	-0.09630186257	-0.177924563	-9.828789118e-05	0.3543352557	1.089174048	-0.9808829174	-0.9386499824	-1.211112556	-1.17853929	0.481740222	0.0997270714	0.5396734593	-0.8038902078	-0.05809884223	0.7792360058	-1.110684888	1.767970876	0.1876994384	0.0005169706969	0.0001686480682
0.358333333	-0.1849507838	-0.1566546199	-0.4116849586	1.179488854	1.059613096	-0.1075422219	0.2545906495	0.1788696132	0.2934198408	0.1481706968	0.1481706968	-0.2037028243	-0.193899709	-5.431940105e-06	0.1575576368	-0.1589799404	-0.3209132379	0.09935461011	0.09935461011	-0.09662890034	-0.1781677871	-0.0001089297798	0.3553646326	1.091755502	-0.9844589359	-0.9406028893	-1.20838955	-1.180305703	0.48024811	0.1002200309	0.538416901	-0.8056077215	-0.05785649197	0.7797156421	-1.110734917	1.7676475	0.1876969317	0.0005210651792	0.00015543975
0.361111111	-0.1850309662	-0.1560689878	-0.4139176327	1.179545148	1.059706809	-0.1076449886	0.2544122075	0.1782095962	0.2940270942	0.1485795921	0.1485795921	-0.2038455784	-0.1943430422	-5.057655305e-06	0.1577356829	-0.1586217091	-0.322242137	0.09927355991	0.09927355991	-0.09708980237	-0.1784129533	-0.0001199442209	0.3566749384	1.094254205	-0.9883196529	-0.9426343774	-1.205554664	-1.182162453	0.4788047435	0.1011524354	0.5367416739	-0.8075944977	-0.05761026123	0.7802087296	-1.110802323	1.767341266	0.187577032	0.0005236530196	0.0001399046197
0.363888889	-0.1849591609	-0.1554526909	-0.4160515417	1.179608736	1.059811551	-0.1077509008	0.2540943962	0.1774338828	0.2946163735	0.1490146783	0.1490146783	-0.2040420432	-0.1947305565	-5.520489696e-06	0.1577668776	-0.1581546825	-0.3234724401	0.09918239371	0.09918239371	-0.09759201485	-0.1786653417	-0.0001301917865	0.3580058667	1.096649533	-0.9923682978	-0.9446734901	-1.202621326	-1.183981843	0.4773367709	0.1026990871	0.5344840748	-0.8099730924	-0.05732944648	0.7807111305	-1.110923206	1.767070249	0.1873698018	0.0005238766489	0.0001255717991
0.366666667	-0.1845689897	-0.15488003	-0.4181746339	1.179686105	1.059942924	-0.1078432249	0.2533736204	0.1765893717	0.2953971485	0.1494078667	0.1494078667	-0.2041753688	-0.1949839459	-5.720236089e-06	0.1573521149	-0.1576044291	-0.3248367487	0.09899035759	0.09899035759	-0.09795726451	-0.1789284847	-0.0001397968517	0.3589531447	1.098962558	-0.9963672496	-0.9466446464	-1.199617667	-1.185613734	0.47579611	0.1049674746	0.5315127114	-0.8128302467	-0.05698454864	0.781213686	-1.111141722	1.766809276	0.1871816639	0.0005228752094	0.0001178420495
0.369444444	-0.1836944059	-0.1544277086	-0.4203797494	1.179783494	1.06011665	-0.1079047644	0.2519845048	0.1757246091	0.2965849091	0.149689019	0.149689019	-0.2041233956	-0.1950238451	-4.571832651e-06	0.1561891447	-0.1569975874	-0.3265785661	0.09860317932	0.09860317932	-0.09800170484	-0.179205416	-0.0001498247503	0.3590991331	1.101217013	-1.000066279	-0.9484784065	-1.196572724	-1.186908921	0.4741376619	0.1080809576	0.5276700501	-0.8162617868	-0.05654632704	0.7817068505	-1.111502476	1.766530202	0.1871241485	0.0005216757844	0.0001224647593
0.372222222	-0.1822281093	-0.1541537996	-0.4227363112	1.179904348	1.060343718	-0.1079247455	0.2497483171	0.1748763377	0.298331027	0.1498046325	0.1498046325	-0.2037934908	-0.1947977277	-1.513069193e-06	0.1540780034	-0.156355208	-0.3288745963	0.09795638117	0.09795638117	-0.09759145913	-0.1794979209	-0.0001621192947	0.3581476312	1.103439599	-1.003282766	-0.9501309013	-1.193512408	-1.187764841	0.4723362261	0.1120911099	0.5228591895	-0.8203111929	-0.05599534564	0.7821814306	-1.112032245	1.7662035	0.1872881117	0.0005206654289	0.0001437912716
0.375	-0.1804929921	-0.1539708414	-0.4251403078	1.180033165	1.060600531	-0.1079397853	0.2471221349	0.1740063294	0.3003144623	0.1498202396	0.1498202396	-0.2033139868	-0.1944503464	1.149774748e-06	0.1515681622	-0.1556699034	-0.3314133344	0.09719894055	0.09719894055	-0.09695331679	-0.1798056358	-0.0001764390603	0.3567352942	1.105684927	-1.006366675	-0.9516967918	-1.190440328	-1.188409062	0.4705049488	0.1162665808	0.5177668323	-0.824502539	-0.05538210075	0.7826312703	-1.112626755	1.765787605	0.1876117086	0.0005202593925	0.0001738080935
0.377777778	-0.1790001424	-0.1537209778	-0.4274208852	1.180146049	1.060848492	-0.1080068804	0.2448453652	0.1730466121	0.3020143378	0.1498573016	0.1498573016	-0.2029111777	-0.1942130535	1.354152061e-06	0.149535543	-0.1549237177	-0.3336797202	0.09656867589	0.09656867589	-0.09647421701	-0.1801266526	-0.0001921460403	0.3558983383	1.108023248	-1.009887139	-0.9533125773	-1.187346849	-1.189217511	0.4688239006	0.1193233097	0.5136702011	-0.8280198923	-0.05478717495	0.7830514509	-1.113122826	1.765236474	0.1879650471	0.0005213131304	0.0001993593508
0.380555556	-0.1782548077	-0.1532401047	-0.4294198671	1.180219185	1.061049572	-0.1081819564	0.2436538632	0.1719330383	0.3029241985	0.1500404679	0.1500404679	-0.2028097304	-0.1943148906	-8.15638309e-07	0.1488443778	-0.1541002055	-0.3351767549	0.09629518854	0.09629518854	-0.09654049141	-0.1804583539	-0.0002092917865	0.3566510721	1.110527219	-1.014390363	-0.955092069	-1.184218117	-1.19056595	0.467479881	0.1197671359	0.5121016933	-0.8299369936	-0.05428968662	0.7834369584	-1.113357275	1.764505805	0.1882187036	0.0005248884809	0.000207937154
0.383333333	-0.178470119	-0.1524544599	-0.4310829359	1.18024244	1.061187457	-0.1084872179	0.2438610575	0.1706455707	0.3028251334	0.1504275551	0.1504275551	-0.2031093984	-0.1948520942	-3.137762463e-06	0.1498571562	-0.1531983283	-0.3356886532	0.09647903339	0.09647903339	-0.0973081464	-0.1807985547	-0.0002291815619	0.3594132401	1.113229138	-1.020097206	-0.9570590076	-1.181050705	-1.192600508	0.4665565639	0.1168870941	0.5138131864	-0.8298150693	-0.05393218898	0.7837952148	-1.113279941	1.763603462	0.1883068229	0.0005302861818	0.0001963343883
0.386111111	-0.1792184588	-0.1515068838	-0.4325618316	1.180236657	1.061293432	-0.1088717886	0.2448420126	0.1692602305	0.3021097392	0.1509182719	0.1509182719	-0.2036347392	-0.1956275997	-3.529925081e-06	0.1518377269	-0.1522551873	-0.3355912149	0.09694847242	0.09694847242	-0.09841121664	-0.1811480883	-0.0002537196878	0.3633213931	1.116073039	-1.02655095	-0.959077271	-1.177872776	-1.194967432	0.4658958172	0.1119322578	0.5175515527	-0.8284198172	-0.05367765681	0.7841621029	-1.113093555	1.762648199	0.1883047497	0.0005345782232	0.0001803991605
0.388888889	-0.1799919209	-0.1505784229	-0.4340191081	1.18022754	1.061404809	-0.1092763142	0.2458458206	0.1678674274	0.3012339449	0.1513835906	0.1513835906	-0.2041755337	-0.1964059804	-1.98026154e-06	0.1539128048	-0.1513185349	-0.3353184163	0.0975029907	0.0975029907	-0.09940555724	-0.1815102566	-0.0002819635117	0.3673734135	1.118994041	-1.0332417	-0.961007017	-1.174720221	-1.197261336	0.4653046499	0.1063958458	0.5218092343	-0.8266704705	-0.05347874949	0.7845781651	-1.113035613	1.761769754	0.1883070796	0.0005365496931	0.0001775729315
0.391666667	-0.180308949	-0.1498498637	-0.4355976929	1.180240611	1.061556894	-0.1096442319	0.2461535752	0.1665571107	0.3006217083	0.151695426	0.151695426	-0.2045334054	-0.1969638762	-7.396766379e-07	0.1552529911	-0.1504412306	-0.3352699224	0.09795702107	0.09795702107	-0.09986201403	-0.1818893191	-0.000310797384	0.370636505	1.121932097	-1.039710941	-0.9627279792	-1.171629802	-1.199112603	0.4645953725	0.1016304078	0.5252438012	-0.8254149792	-0.05328916182	0.7850814531	-1.113329396	1.76108664	0.1884033073	0.0005374741331	0.0002026320685
0.394444444	-0.1799932002	-0.1493592037	-0.4373725653	1.180286776	1.061758723	-0.109941556	0.2455235746	0.165362841	0.3004859864	0.1518521548	0.1518521548	-0.2046511515	-0.1972503217	-2.109849399e-07	0.1555402659	-0.1496401886	-0.3356197528	0.0982444618	0.0982444618	-0.09972855586	-0.1822737019	-0.0003390954143	0.372754814	1.124817691	-1.045748741	-0.9641914028	-1.168603132	-1.200390823	0.4636856092	0.09851839847	0.5270190396	-0.8251855697	-0.05307832629	0.7856598002	-1.113976857	1.760619448	0.1886045236	0.0005368944551	0.0002493968363
0.397222222	-0.1791014986	-0.1490313493	-0.439369852	1.180365378	1.061999117	-0.1101513791	0.2440817231	0.1642731704	0.3008823228	0.151951735	0.151951735	-0.2045806184	-0.1973480732	1.259745828e-06	0.1548480515	-0.1489017242	-0.3363732921	0.0983895272	0.0983895272	-0.09924883997	-0.1826393352	-0.0003678525573	0.3738104587	1.127571395	-1.051328683	-0.9654021367	-1.165614271	-1.201144295	0.4625743535	0.09766181843	0.5265870924	-0.8263089343	-0.05282783955	0.7862619366	-1.114809537	1.760315783	0.1888608134	0.0005315884015	0.0002962503647
0.4	-0.1776972668	-0.1487893406	-0.4416108677	1.180475476	1.062266258	-0.1102575245	0.2419633008	0.1632750489	0.3018590262	0.1520934083	0.1520934083	-0.2043780812	-0.1973446585	4.789177729e-06	0.1532618121	-0.148211378	-0.3375277659	0.0984204292	0.0984204292	-0.09867574912	-0.1829626377	-0.0003982107405	0.3739055004	1.130112922	-1.056437955	-0.9663739752	-1.162638532	-1.201426004	0.4612597482	0.09973163877	0.5233042241	-0.829141624	-0.05251950681	0.7868354487	-1.115655142	1.760121943	0.1891199412	0.0005175651135	0.0003216271399
0.402777778	-0.1758578759	-0.1485705499	-0.4440976709	1.180614592	1.062549402	-0.1102528847	0.2393093582	0.1623521204	0.3034164635	0.1523500874	0.1523500874	-0.2040944493	-0.1973128095	1.082674559e-05	0.15089387	-0.1475556305	-0.3390638685	0.09835856039	0.09835856039	-0.09820645503	-0.1832296962	-0.000431072612	0.3731786045	1.13239152	-1.061103192	-0.9671381757	-1.159656675	-1.201292161	0.4597397198	0.1052644674	0.516597653	-0.833952573	-0.05214592714	0.7873423772	-1.116382973	1.759990279	0.1893420347	0.0004921122531	0.0003111291086
0.405555556	-0.1737144131	-0.1483655099	-0.4467711732	1.180773831	1.062842555	-0.1101653563	0.2362851419	0.1614769734	0.3053786399	0.1526952959	0.1526952959	-0.2037549072	-0.1972626501	1.88145714e-05	0.1479555291	-0.14692512	-0.3409148748	0.09819051384	0.09819051384	-0.09781097273	-0.1834622744	-0.0004663665239	0.3718733611	1.134477602	-1.065465682	-0.9677590098	-1.15666107	-1.200828997	0.4580297699	0.1137891593	0.5068126675	-0.8404371041	-0.05174343146	0.7878033031	-1.117026184	1.75989663	0.189539041	0.0004596666354	0.0002774431511
0.408333333	-0.1714069903	-0.1481749659	-0.4495692288	1.180942321	1.063141373	-0.1100306336	0.233059828	0.1606203119	0.3075382748	0.1530814852	0.1530814852	-0.2033767001	-0.1971873306	2.901666167e-05	0.1446738615	-0.1463100806	-0.3430168548	0.09788872525	0.09788872525	-0.09740361897	-0.1836883464	-0.0005053337196	0.370228061	1.13647315	-1.069663987	-0.9682906227	-1.153645151	-1.20012182	0.456149544	0.124426772	0.4946911163	-0.8480595128	-0.05135890497	0.7882533832	-1.117658263	1.75982421	0.1897364711	0.0004257313645	0.0002401906381
0.411111111	-0.1690709253	-0.1479966332	-0.4524420906	1.181108938	1.063441994	-0.1098832849	0.22980003	0.1597546197	0.3097011365	0.1534653103	0.1534653103	-0.2029762829	-0.197079842	4.251172411e-05	0.1412664915	-0.145700312	-0.3453192866	0.09742117726	0.09742117726	-0.09690168125	-0.1839320844	-0.0005504691617	0.3684485472	1.138481531	-1.073804737	-0.9687646614	-1.15060023	-1.199251759	0.4541186769	0.1360537574	0.4812776933	-0.856163995	-0.05103826597	0.7887272761	-1.118350206	1.759758619	0.1899597496	0.0003949178128	0.0002190652933
0.413888889	-0.1668312897	-0.1478226715	-0.4553230236	1.1812659	1.063739259	-0.1097521562	0.2266631175	0.1588584376	0.3116629933	0.1538264988	0.1538264988	-0.2025900257	-0.1969753473	5.812378237e-05	0.1379516076	-0.145094632	-0.3476883194	0.09680879297	0.09680879297	-0.09632646322	-0.1841832457	-0.0006034483924	0.3667933424	1.14057513	-1.078051474	-0.9692094738	-1.147526973	-1.198292891	0.4519459572	0.1474163313	0.4678366062	-0.8640720941	-0.05081194763	0.7892362056	-1.119098323	1.759711812	0.1902022143	0.0003663086792	0.0002194884134
0.416666667	-0.1648021935	-0.1476390268	-0.4581155951	1.181410039	1.064026037	-0.1096592081	0.2237955174	0.157917275	0.3131989618	0.1541727334	0.1541727334	-0.2022810028	-0.1969647333	7.161149217e-05	0.1349532189	-0.1445042092	-0.3498729063	0.09614442575	0.09614442575	-0.09583412352	-0.1843889013	-0.0006640407716	0.3656121791	1.142784489	-1.082664061	-0.9696591988	-1.144439652	-1.197312674	0.4496244044	0.1572224911	0.4557739362	-0.8711470394	-0.05069045899	0.7897606334	-1.119803042	1.759729146	0.1904151869	0.0003322172362	0.0002282157395
0.419444444	-0.1630951676	-0.1474290452	-0.460725914	1.181538499	1.064295267	-0.1096255507	0.2213419871	0.1569180385	0.3140877627	0.1545150854	0.1545150854	-0.2021136484	-0.1971425858	7.961345283e-05	0.1324918812	-0.1439415195	-0.3516205141	0.09552308338	0.09552308338	-0.09558926301	-0.184492453	-0.0007320001272	0.3652534198	1.145137778	-1.087901023	-0.9701323199	-1.141351144	-1.196388181	0.447146477	0.1640267157	0.4467890753	-0.8767125138	-0.05068253336	0.7902786814	-1.120359487	1.75985917	0.1905477409	0.0002843619327	0.0002311765827
0.422222222	-0.1617908707	-0.1471790757	-0.4630939353	1.181649305	1.064542267	-0.1096660728	0.2194067621	0.1558549084	0.3141906564	0.1548653916	0.1548653916	-0.2021331156	-0.1975771889	8.109144349e-05	0.1307256506	-0.1434173475	-0.3527604103	0.09501337028	0.09501337028	-0.09572062024	-0.1844505468	-0.0008074437099	0.36595947	1.147659033	-1.093935448	-0.9706292613	-1.138266971	-1.195595207	0.4445155347	0.1665072677	0.4425288085	-0.8801654237	-0.05079128223	0.7907698036	-1.120681793	1.76013853	0.1905603645	0.0002154571575	0.0002169916771
0.425	-0.1607540129	-0.1469162836	-0.4653782024	1.181747223	1.064778825	-0.109752454	0.2177979314	0.154774146	0.3139441412	0.1552276476	0.1552276476	-0.2022484183	-0.1981430889	8.165169566e-05	0.1293742101	-0.1429327071	-0.3536822611	0.09450647703	0.09450647703	-0.0960912185	-0.184324065	-0.0008925911359	0.3672317797	1.150346461	-1.100356725	-0.9711171334	-1.135159172	-1.19490371	0.4417945919	0.1648722677	0.4428868516	-0.8816300658	-0.05098044813	0.7912257881	-1.120816685	1.760508499	0.1904940483	0.0001265015017	0.0001926157465
0.427777778	-0.1597555683	-0.146690299	-0.4678273205	1.181840096	1.065023828	-0.1098376928	0.2161919567	0.1537445687	0.3140339436	0.1555992455	0.1555992455	-0.2023087543	-0.1986274706	8.763083575e-05	0.12796648	-0.1424846842	-0.3550163687	0.09381798322	0.09381798322	-0.0964450438	-0.1842222849	-0.0009906175643	0.3682487492	1.153187881	-1.106503092	-0.9715691354	-1.131985423	-1.194235317	0.439081093	0.1600818011	0.4467931746	-0.8815626887	-0.05119647619	0.7916444736	-1.120869377	1.760866465	0.1904252236	2.198083887e-05	0.0001736610373
0.430555556	-0.1585699095	-0.1465559298	-0.4706818416	1.181935731	1.065295913	-0.1098755892	0.2142664182	0.152834456	0.3151363208	0.155974302	0.155974302	-0.2021651075	-0.1988173628	0.0001027212282	0.1260375494	-0.1420708836	-0.357381444	0.09276797116	0.09276797116	-0.09652610608	-0.1842545137	-0.001104657165	0.3681937509	1.156173121	-1.111719717	-0.9719800291	-1.12870419	-1.193508861	0.4364801467	0.1531078795	0.4530837707	-0.8804173316	-0.05138609976	0.7920244763	-1.120944268	1.761109012	0.1904296574	-9.434109784e-05	0.00017657901
0.433333333	-0.1571780719	-0.1465502635	-0.4739972532	1.182033105	1.065599712	-0.1098610592	0.2119706231	0.1520886826	0.3174174004	0.1563421868	0.1563421868	-0.2017897527	-0.1986537232	0.0001232792588	0.1235326577	-0.1417173848	-0.360884262	0.09135320491	0.09135320491	-0.0962500532	-0.1844692578	-0.001234856506	0.3668928869	1.159345109	-1.115863455	-0.9723880047	-1.125297045	-1.192750489	0.4341163571	0.1439960031	0.4615801404	-0.8781524208	-0.05153520352	0.7923871402	-1.121106863	1.761186625	0.190540556	-0.0002199526686	0.0002106199343
0.436111111	-0.1560121815	-0.146656901	-0.4774410483	1.182111517	1.065909545	-0.1098785408	0.2098564505	0.1515027564	0.3199317878	0.1566895894	0.1566895894	-0.2014220763	-0.1984198212	0.0001352357443	0.1212921036	-0.1415152584	-0.3645243327	0.08994904042	0.08994904042	-0.0959159706	-0.1847827649	-0.001378191435	0.3655812512	1.162865635	-1.119903673	-0.9728864924	-1.121793022	-1.192227349	0.4321529797	0.130858262	0.4741618554	-0.8736234143	-0.05171614248	0.7928028712	-1.121337453	1.761172698	0.1906974797	-0.0003543644249	0.000267501162
0.438888889	-0.155552813	-0.146841635	-0.480659505	1.182147062	1.066196936	-0.1100220206	0.2085501388	0.1510684009	0.3216166157	0.1570111377	0.1570111377	-0.2013347128	-0.1984429701	0.0001277390372	0.1202506796	-0.1415642535	-0.3671933567	0.08896327866	0.08896327866	-0.09587758517	-0.1850908476	-0.001537407359	0.3656231008	1.166916687	-1.124898451	-0.9735571963	-1.11822486	-1.192205112	0.4307597656	0.1117622482	0.4925409636	-0.8655554181	-0.05201175152	0.7933475659	-1.121604781	1.761161489	0.1908279667	-0.000500070775	0.000336667935
0.441666667	-0.1562227553	-0.1470577206	-0.483361966	1.182116918	1.066436905	-0.1103743446	0.2086183092	0.1507732763	0.3215252689	0.1573143648	0.1573143648	-0.2017711315	-0.1990223213	9.78495696e-05	0.1212361961	-0.1419458547	-0.3679103284	0.08875235303	0.08875235303	-0.09647029968	-0.1852880178	-0.001721732312	0.3682054349	1.171658761	-1.131754284	-0.9744588643	-1.114620961	-1.192869197	0.4300816975	0.08545799903	0.5173525356	-0.8529190417	-0.05249710354	0.7940891091	-1.121879544	1.761245112	0.19086565	-0.000663159748	0.0004080305366
0.444444444	-0.1577829163	-0.1472723568	-0.4856866438	1.182029711	1.066640522	-0.1108943708	0.2098088498	0.1505667467	0.3199230645	0.1576361504	0.1576361504	-0.2026239485	-0.200086382	6.200037096e-05	0.1238517459	-0.1425700482	-0.366969401	0.08917819467	0.08917819467	-0.09762050025	-0.185327918	-0.001944204401	0.3727668949	1.176947733	-1.140049979	-0.9754998156	-1.11096456	-1.194057153	0.4299309914	0.05439814597	0.5454931458	-0.8367890188	-0.05313390982	0.7949989219	-1.122169479	1.761410208	0.190828329	-0.0008519767706	0.0004790325395
0.447222222	-0.1595099698	-0.1474879727	-0.4880372794	1.181921185	1.066844963	-0.1114506936	0.2112454836	0.1503790842	0.3179423344	0.1580112467	0.1580112467	-0.2035306613	-0.2012852099	4.018921307e-05	0.1267986619	-0.1432390499	-0.3655743285	0.08974866791	0.08974866791	-0.09891690019	-0.1852269327	-0.00220786018	0.3775304846	1.182415319	-1.14847756	-0.9764770135	-1.107200191	-1.195514578	0.4298889055	0.02289059055	0.572752507	-0.8195048698	-0.05379585898	0.7959770843	-1.122512142	1.761551931	0.1907977441	-0.001068753902	0.0005520144907
0.45	-0.1606975659	-0.1477374499	-0.4907489731	1.181831597	1.067086356	-0.1119155501	0.2120407312	0.1501559091	0.3166609279	0.1584432991	0.1584432991	-0.2041418664	-0.2022700338	3.905512954e-05	0.1287998381	-0.1437853818	-0.3648711472	0.08999017386	0.08999017386	-0.09991020677	-0.1850264446	-0.002500717977	0.3808528037	1.187702025	-1.15587748	-0.9771829997	-1.103267651	-1.197201154	0.4295687628	-0.006192870108	0.5970009076	-0.8026968303	-0.05435267388	0.796925377	-1.122947746	1.761551248	0.1908564275	-0.001306589819	0.0006281456228
0.452777778	-0.1608058103	-0.1480646909	-0.4940432446	1.181795023	1.067391304	-0.1121890011	0.2114986384	0.1498659543	0.3168916586	0.1589219461	0.1589219461	-0.2042133638	-0.2027780623	5.486840691e-05	0.1288716075	-0.1440991335	-0.3657175341	0.08955143023	0.08955143023	-0.1002377309	-0.1847736511	-0.00280490894	0.3815239996	1.19252408	-1.161425695	-0.9774414221	-1.09911648	-1.19926113	0.4286936653	-0.03193930672	0.6181025292	-0.786815489	-0.05470423608	0.7977669526	-1.123511693	1.761322491	0.1910623551	-0.001555931385	0.0007078142051
0.455555556	-0.1598612186	-0.1484539719	-0.4979437149	1.181808014	1.067753996	-0.1122622897	0.2096765971	0.1495178377	0.3186476632	0.1594876356	0.1594876356	-0.2038550535	-0.2028632211	9.001004057e-05	0.1270540553	-0.1441921233	-0.3680943182	0.08847715774	0.08847715774	-0.09997967429	-0.1844562459	-0.00312428067	0.3794764827	1.196859211	-1.165026362	-0.9771991058	-1.094733431	-1.201902112	0.4272893882	-0.05511247898	0.6370442288	-0.7713208328	-0.05487776975	0.7984983592	-1.124212686	1.760950818	0.1913779238	-0.001823014169	0.0007917889469
0.458333333	-0.1580201628	-0.148867423	-0.5024500714	1.181856156	1.068161206	-0.1121475583	0.2068160054	0.1491238228	0.3217682059	0.1602031543	0.1602031543	-0.2032596224	-0.2026561423	0.0001530344171	0.1236260097	-0.1440934609	-0.3717897485	0.08690213861	0.08690213861	-0.09933958233	-0.1840367324	-0.003473475018	0.37485893	1.200744342	-1.166697007	-0.9764385153	-1.090114241	-1.205304757	0.425453441	-0.07648671177	0.6545940167	-0.7556597055	-0.05493285365	0.79913351	-1.125053152	1.760567936	0.1917421915	-0.00212118928	0.0008815352172
0.461111111	-0.1554301994	-0.1492632613	-0.5075825652	1.181923553	1.068600473	-0.1118561643	0.2031546356	0.1486918435	0.3261106428	0.1611372828	0.1611372828	-0.2026127194	-0.2022834588	0.0002558040318	0.1188534344	-0.1438223992	-0.3766125176	0.08495328114	0.08495328114	-0.09853114816	-0.1834702368	-0.003872927943	0.3677600738	1.204213781	-1.166396179	-0.9751502948	-1.085253733	-1.209622742	0.4232866654	-0.09653385826	0.6711680904	-0.7394633131	-0.05492901913	0.7996857982	-1.126035364	1.760306939	0.192095635	-0.002466505662	0.0009792138396
0.463888889	-0.1523486172	-0.1496301302	-0.5132652737	1.18199032	1.069058407	-0.1114325362	0.1990265957	0.1482407158	0.3313182821	0.1622971379	0.1622971379	-0.2020187245	-0.2018516493	0.000396839624	0.1131949627	-0.1434307254	-0.3822045505	0.08279097328	0.08279097328	-0.0977756522	-0.1827524633	-0.0043412566	0.3586300603	1.20739841	-1.164385505	-0.9734684255	-1.080145262	-1.214983899	0.4209810289	-0.1148159206	0.6863912404	-0.7230881202	-0.05492971862	0.8001769216	-1.12711999	1.760229509	0.1924020695	-0.002874136964	0.001085586927
0.466666667	-0.1491767879	-0.1499983471	-0.5193002296	1.182032072	1.069521028	-0.1109637071	0.1948887174	0.1478138904	0.3367593538	0.1636076024	0.1636076024	-0.2014838584	-0.2014463566	0.0005546058645	0.107353817	-0.143026532	-0.3880015285	0.08061384218	0.08061384218	-0.09729486938	-0.1819293092	-0.004895366597	0.3483792861	1.210569898	-1.161313281	-0.97168706	-1.074779801	-1.221451351	0.418812639	-0.1290795485	0.6986828555	-0.708338968	-0.05500283379	0.8006393054	-1.12821168	1.760306623	0.1926539532	-0.003359263302	0.001198511103
0.469444444	-0.1463130115	-0.1504010887	-0.5255165637	1.182023635	1.069976668	-0.1105368826	0.1911916393	0.1474724132	0.3418195177	0.1649926396	0.1649926396	-0.2010163142	-0.2011565842	0.0007051669259	0.1020137181	-0.1427365741	-0.3934774121	0.07860132254	0.07860132254	-0.09730398405	-0.1810342666	-0.00556113694	0.3378287769	1.214032401	-1.157742892	-0.9700649968	-1.069146931	-1.229001274	0.4169979382	-0.135547961	0.7057934528	-0.6981870742	-0.05521458096	0.8011053335	-1.129209391	1.760511108	0.1928435425	-0.003942483234	0.00131470675
0.472222222	-0.1440829295	-0.1508681276	-0.531813518	1.181942597	1.070418329	-0.1102237413	0.1883023975	0.1472848924	0.3460264135	0.1663913943	0.1663913943	-0.2006388313	-0.2010667488	0.0008268849557	0.09771440974	-0.1426812037	-0.3982565779	0.07687437955	0.07687437955	-0.09796551985	-0.1800678504	-0.006370511931	0.3275125439	1.218071174	-1.153999743	-0.9687747508	-1.063241055	-1.23753527	0.4156655315	-0.1300103508	0.7053962864	-0.6958985697	-0.05561946415	0.8016028049	-1.130027313	1.760822432	0.1929668839	-0.004648383639	0.001431219524
0.475	-0.1423521074	-0.1513981123	-0.5383697616	1.181790223	1.070857457	-0.1099994188	0.1860646813	0.1472542658	0.3497196806	0.1678252472	0.1678252472	-0.2004081673	-0.201182698	0.0009244733076	0.09417050733	-0.1428162658	-0.4027245712	0.075267254	0.075267254	-0.09909560822	-0.1789075295	-0.007344026865	0.3167027159	1.222659701	-1.149444649	-0.9677399849	-1.057078945	-1.246888424	0.4147901584	-0.1119221545	0.6972626955	-0.7018890097	-0.05619618596	0.8021291941	-1.130706216	1.76121051	0.1930678048	-0.005492318415	0.001552867376
0.477777778	-0.1407835244	-0.1519789914	-0.545476455	1.181577868	1.071312813	-0.1097969626	0.1840923229	0.147344586	0.3535905521	0.1693516049	0.1693516049	-0.2003903979	-0.201470727	0.001015435154	0.09074061061	-0.1430116173	-0.4075871249	0.07349577102	0.07349577102	-0.1003609205	-0.1773802396	-0.008495093031	0.3041163892	1.227611194	-1.143014689	-0.9668072707	-1.050691183	-1.25687998	0.4143079421	-0.08315069982	0.682217952	-0.714667934	-0.05688977108	0.8026690533	-1.131344803	1.761638123	0.1932131497	-0.006484800203	0.001689177518
0.480555556	-0.1390396581	-0.1526041648	-0.5534206281	1.181315862	1.071802752	-0.1095500189	0.1819992559	0.1475123004	0.3583277304	0.1710287063	0.1710287063	-0.2006454233	-0.2018916502	0.00111829711	0.08678814974	-0.1431241744	-0.4135407509	0.07128215087	0.07128215087	-0.1014338268	-0.1753131035	-0.009837437864	0.2884308726	1.232714147	-1.133608809	-0.9658515931	-1.044111809	-1.267326667	0.4141729432	-0.04614055622	0.6611859421	-0.7322835624	-0.05764465065	0.8032076391	-1.132043103	1.762067357	0.1934713718	-0.007637668674	0.001851319539
0.483333333	-0.1368538707	-0.1532777894	-0.562444823	1.181006737	1.072341985	-0.1092084826	0.179492643	0.1477216658	0.364452179	0.1729177881	0.1729177881	-0.2011470348	-0.2023727284	0.001251363988	0.08182844174	-0.1430327697	-0.4210922156	0.06843916527	0.06843916527	-0.102160051	-0.1726044546	-0.01139290654	0.268450569	1.237777633	-1.12020687	-0.9647648284	-1.037368172	-1.278068177	0.4143265042	-0.003614015468	0.6353069822	-0.7526007129	-0.05842136838	0.8037330385	-1.132871003	1.762520398	0.1938671329	-0.008972989722	0.002049261093
0.486111111	-0.1341166826	-0.1540206885	-0.572705407	1.180636883	1.072938038	-0.1087569687	0.1764850964	0.1479687211	0.3721212541	0.1750870637	0.1750870637	-0.2016892014	-0.2027764542	0.001430094562	0.07570172499	-0.1426876594	-0.4303475059	0.06496869207	0.06496869207	-0.1027641147	-0.1693068401	-0.01320358124	0.2432921684	1.242694433	-1.101997094	-0.963437771	-1.030469892	-1.288998902	0.414657318	0.04178527815	0.6059724354	-0.7735908799	-0.05921780273	0.8042386429	-1.133829591	1.76315678	0.1943238241	-0.0105348568	0.002287323695
0.488888889	-0.1307294639	-0.1548615802	-0.5843777899	1.180187811	1.073598633	-0.1081831835	0.1729087928	0.1482539957	0.3814744582	0.1776152731	0.1776152731	-0.202038664	-0.2029524761	0.001670833188	0.06827122998	-0.1420381549	-0.4413915568	0.06088994551	0.06088994551	-0.1035287684	-0.1654733616	-0.01532161654	0.2119830323	1.247333246	-1.078069829	-0.9617766863	-1.023418938	-1.299994343	0.4150447122	0.08816052563	0.5743953687	-0.7938879853	-0.06003642311	0.8047188241	-1.134912482	1.764161745	0.1947516267	-0.01237775796	0.002569755848
0.491666667	-0.1265864799	-0.1558375416	-0.597675577	1.179637192	1.074332795	-0.1074737184	0.1686914351	0.1485793024	0.3926862542	0.1805920411	0.1805920411	-0.2019723414	-0.2027536926	0.001990466254	0.05938183415	-0.141020274	-0.454349572	0.05621264627	0.05621264627	-0.104734062	-0.1611180574	-0.01780899372	0.1734152179	1.251509051	-1.047382805	-0.9597089155	-1.016213351	-1.31090277	0.4153659353	0.134449016	0.541415959	-0.8128175228	-0.06087818332	0.8051694419	-1.136113255	1.765721402	0.1950664991	-0.01456560095	0.002901373464
0.494444444	-0.1216594965	-0.1569995378	-0.6128150776	1.178958648	1.075149087	-0.1066268672	0.1638342551	0.1489726202	0.4058757863	0.1840854546	0.1840854546	-0.2014797775	-0.2021654498	0.00239034154	0.04896770992	-0.1395923959	-0.4693490688	0.05093986721	0.05093986721	-0.1064824653	-0.156045831	-0.02073919447	0.126612203	1.255031057	-1.008971322	-0.9571882273	-1.008881992	-1.321592268	0.4154628627	0.1798323865	0.5079244306	-0.8299930841	-0.06172897375	0.8056024087	-1.137395108	1.767902893	0.1952622842	-0.01716234448	0.003286147159
0.497222222	-0.1159866513	-0.1584215455	-0.6300181923	1.17812194	1.076056269	-0.1056500832	0.1583899408	0.1494981853	0.4211205625	0.1881439469	0.1881439469	-0.2007289395	-0.2012816442	0.002855369416	0.03702989743	-0.1377438811	-0.4865248481	0.04507247103	0.04507247103	-0.1087378837	-0.1498899577	-0.02419519838	0.07073819286	1.257683779	-0.961974057	-0.9541577762	-1.001488632	-1.331969912	0.4151124618	0.2227710537	0.4758007056	-0.8447614908	-0.06256367072	0.8060439567	-1.138694679	1.770688019	0.1953916251	-0.0202370091	0.003726587878
0.5	-0.1096158764	-0.1602082511	-0.6495323095	1.177092941	1.077064756	-0.1045508087	0.1523966295	0.1502506869	0.4385182683	0.1928162415	0.1928162415	-0.1999177887	-0.200207497	0.003361874321	0.02355646704	-0.135480496	-0.5060403894	0.03861504069	0.03861504069	-0.1114630255	-0.1422442593	-0.02826443228	0.005023505335	1.259162528	-0.905606045	-0.9505341753	-0.9941096699	-1.341973726	0.4140380064	0.261048424	0.4479874796	-0.8563038799	-0.06335828304	0.8065250172	-1.139943381	1.774072696	0.1955069436	-0.0238734859	0.004223914949
0.502777778	-0.1025608438	-0.162483495	-0.6716704771	1.175833289	1.078187113	-0.1033273035	0.1458380187	0.1513350488	0.4582804671	0.1981748348	0.1981748348	-0.1992360472	-0.1990244679	0.003886683361	0.00845244445	-0.1327850983	-0.5281723464	0.03155366379	0.03155366379	-0.1146534654	-0.1327165671	-0.03302379441	-0.0712430228	1.258990171	-0.8391740814	-0.9462424994	-0.9868073669	-1.351554595	0.412008771	0.2927597655	0.4273198908	-0.864143154	-0.0640946487	0.8070761362	-1.141089873	1.778093628	0.1956472929	-0.02817214742	0.004780243186
0.505555556	-0.09463912235	-0.1653315995	-0.6969952109	1.174294533	1.079439502	-0.1019374461	0.1385413968	0.15277419	0.4810736999	0.204417173	0.204417173	-0.198721171	-0.1976618283	0.004448083361	-0.008683108016	-0.1294464446	-0.5536203385	0.02377218458	0.02377218458	-0.1184449282	-0.1210627462	-0.0385038379	-0.1589926631	1.256246713	-0.7618555273	-0.941313188	-0.9795439828	-1.360549499	0.409160397	0.3188827078	0.4130242926	-0.8692164743	-0.06476976369	0.8077094902	-1.142171383	1.782902863	0.1958067294	-0.03325727921	0.005407874563
0.508333333	-0.08562137918	-0.1688487826	-0.7262018153	1.172413141	1.080837942	-0.100329663	0.1302966376	0.1545673476	0.507739571	0.2118050097	0.2118050097	-0.1983532123	-0.1959683734	0.005075767778	-0.02831290503	-0.1251487751	-0.583228106	0.01516325007	0.01516325007	-0.1230293433	-0.1070249498	-0.04469895614	-0.2583581041	1.249667079	-0.673641845	-0.9358439825	-0.9722345851	-1.368741672	0.4058012929	0.3416225764	0.4024353792	-0.8728620654	-0.06538684095	0.8084378181	-1.14324612	1.788696208	0.1959711724	-0.03927287431	0.006123415509
0.511111111	-0.07529850976	-0.1731742731	-0.760070032	1.170107487	1.082396163	-0.0984563113	0.1208950407	0.1567218877	0.5391858303	0.2206381741	0.2206381741	-0.1980963165	-0.1937322549	0.005793803287	-0.05085684859	-0.1195126956	-0.617868987	0.005687049141	0.005687049141	-0.1286195233	-0.09027279613	-0.05155537656	-0.3679783666	1.237714595	-0.5760064793	-0.9299770086	-0.9647745967	-1.375875735	0.4023151298	0.3634527546	0.3922070486	-0.8763942454	-0.06595401753	0.8092831374	-1.144366792	1.795689639	0.1961306213	-0.04638068458	0.006944551156
0.513888889	-0.06368170791	-0.1786095312	-0.7990987573	1.167297653	1.084122626	-0.09631572592	0.1101535138	0.1593756907	0.5759614066	0.2310833181	0.2310833181	-0.1979923042	-0.1907766801	0.006556498877	-0.07644834985	-0.1123372584	-0.6580236163	-0.004509482188	-0.004509482188	-0.1353274498	-0.07039752603	-0.05895739783	-0.484109971	1.219066093	-0.4727901558	-0.9238448687	-0.9571232208	-1.38186382	0.3989132498	0.3850268251	0.3811769848	-0.880133273	-0.06649412895	0.8102798882	-1.145509301	1.804048673	0.1962772958	-0.05473447956	0.007873493956
0.516666667	-0.05111603765	-0.185646787	-0.8432110148	1.163932686	1.086019262	-0.09397341247	0.0978917461	0.1628401311	0.617960774	0.243043303	0.243043303	-0.1982371948	-0.1870603404	0.007216048588	-0.1048431655	-0.1037773639	-0.703506601	-0.0150525128	-0.0150525128	-0.1430969121	-0.04703186173	-0.06671083899	-0.6012883098	1.193142215	-0.3695556358	-0.9175455483	-0.9493491339	-1.38692517	0.3955127774	0.4044253198	0.3716530751	-0.8831312827	-0.06705359987	0.8114729528	-1.146547707	1.813836006	0.1963989736	-0.06444175105	0.008885854713
0.519444444	-0.03808474179	-0.1948020556	-0.8920561148	1.159984239	1.088084009	-0.0915191308	0.08386848173	0.1674338415	0.6648131089	0.2563054467	0.2563054467	-0.1990944859	-0.1826016809	0.007592814361	-0.1357042394	-0.09412258796	-0.7538515073	-0.02546739005	-0.02546739005	-0.1518179927	-0.0199223166	-0.07454547507	-0.7146367406	1.159943519	-0.2712963054	-0.9111981895	-0.9415473497	-1.391372189	0.3919953787	0.4194962934	0.3664204117	-0.8843694318	-0.06769729667	0.8129109057	-1.147340346	1.825066239	0.1964784191	-0.07555966889	0.009945959716
0.522222222	-0.0251822907	-0.2065576348	-0.9450417413	1.155452448	1.090312068	-0.08905938874	0.06778116319	0.173434164	0.715895692	0.2705555395	0.2705555395	-0.2008824795	-0.1775011342	0.007499713513	-0.168665434	-0.08378297151	-0.8083393995	-0.03521844985	-0.03521844985	-0.161363286	0.01100204802	-0.08214533048	-0.8208797692	1.120044832	-0.1814209941	-0.9049541572	-0.9338155573	-1.395578505	0.3882614098	0.4283286531	0.3680297635	-0.8829182954	-0.06851015186	0.8146488906	-1.147756685	1.837712615	0.1964766319	-0.08808004008	0.01100746642
0.525	-0.01314609449	-0.2212840844	-1.001289138	1.150378212	1.092691284	-0.0867116316	0.04934832958	0.1810514994	0.7700868005	0.2853505121	0.2853505121	-0.2040757822	-0.1720914951	0.006776658872	-0.2032917728	-0.07335406227	-0.8657533254	-0.04368631419	-0.04368631419	-0.171676433	0.04546512942	-0.08925609108	-0.9184328068	1.074596767	-0.1015964601	-0.8991022937	-0.926162119	-1.399899318	0.3844396887	0.4306780285	0.3766721876	-0.8784949522	-0.06961194327	0.8168017435	-1.147785188	1.851767843	0.1962002873	-0.1018731266	0.01199636184
0.527777778	-0.002754074418	-0.2392280763	-1.059794903	1.144837114	1.095211245	-0.08459061657	0.02827653283	0.1904063811	0.8260640342	0.3001857354	0.3001857354	-0.2092013264	-0.1668742418	0.00531092269	-0.2392533654	-0.06352240181	-0.9247062687	-0.05031182964	-0.05031182964	-0.1827494611	0.08298268742	-0.09573728341	-1.007290733	1.025061579	-0.03191153653	-0.8939687322	-0.9185506198	-1.404653881	0.3807670766	0.427122668	0.3912798226	-0.8710732606	-0.07114563959	0.8194978673	-1.147466685	1.867209897	0.1953428324	-0.1167171665	0.01281057631
0.530555556	0.005243171985	-0.2605190567	-1.119566093	1.138930126	1.097868332	-0.08279807314	0.004256113277	0.2015317766	0.8825379128	0.3145552518	0.3145552518	-0.2167588824	-0.1624430629	0.003044047888	-0.2764132365	-0.05497518496	-0.9838843277	-0.0546889986	-0.0546889986	-0.1946154363	0.1229961586	-0.1015886053	-1.088475499	0.9729689556	0.02854354711	-0.8898426834	-0.9109383588	-1.410131674	0.377479379	0.4183485831	0.410559519	-0.8606164697	-0.07327016823	0.8228456532	-1.146839363	1.883983264	0.1935328517	-0.1323374854	0.01332239749
0.533333333	0.0103479271	-0.2851076056	-1.180459264	1.132701733	1.100661792	-0.08137626822	-0.02301518793	0.2143154976	0.9392853588	0.3283635281	0.3283635281	-0.2269212331	-0.1589401013	-1.375630641e-05	-0.3149966054	-0.04793576929	-1.043033418	-0.05656285551	-0.05656285551	-0.2072965201	0.1651582787	-0.1065571742	-1.163585234	0.9189136996	0.08127142679	-0.8869019289	-0.9033119099	-1.416277906	0.3746724155	0.4051118806	0.4330020022	-0.8473179818	-0.07612216877	0.8268860184	-1.145878416	1.902022657	0.1906338532	-0.1485463632	0.01343491934
0.536111111	0.01244711586	-0.312752036	-1.244163049	1.126028418	1.103577732	-0.08028129272	-0.05385341254	0.2284640196	0.9983058494	0.3423979878	0.3423979878	-0.2391966704	-0.1552595891	-0.003821971947	-0.3556328346	-0.04167294007	-1.104048728	-0.05557591736	-0.05557591736	-0.2206284213	0.2096061806	-0.1093775309	-1.234132153	0.8614605127	0.1277806288	-0.8851867581	-0.8957451413	-1.42234111	0.3721520284	0.3880536187	0.4570257078	-0.8318240826	-0.07976910678	0.8315546876	-1.144414303	1.921267459	0.1872091926	-0.1654059358	0.01318069624
0.538888889	0.01121953591	-0.3431965673	-1.312642123	1.118758022	1.106582271	-0.07949660845	-0.08861953291	0.243693801	1.061755328	0.3575295238	0.3575295238	-0.2530475065	-0.1499174428	-0.008396411157	-0.3988272497	-0.03543030878	-1.168989432	-0.0510308589	-0.0510308589	-0.2342879487	0.2563901147	-0.1082961202	-1.300907428	0.7989914175	0.1689190616	-0.8848072756	-0.8883375633	-1.427512853	0.3697159014	0.3674781324	0.4814576026	-0.8147711906	-0.08429141342	0.8367953039	-1.142235537	1.941624156	0.1840378893	-0.1829788366	0.01264044168
0.541666667	0.00599159972	-0.3761752337	-1.387711518	1.110763063	1.109624332	-0.07905932141	-0.1277817938	0.2597319877	1.131388911	0.3744638185	0.3744638185	-0.2680577461	-0.141344481	-0.01381182614	-0.444959794	-0.02868311653	-1.239581141	-0.04190932775	-0.04190932775	-0.2478598198	0.3052553235	-0.1013478274	-1.364301467	0.7302607064	0.2051417084	-0.8859597993	-0.8812054709	-1.431112133	0.3671778564	0.3432877473	0.5057016565	-0.7966053702	-0.08980908994	0.8425745432	-1.139111771	1.962946891	0.1819540587	-0.2012593298	0.011920855
0.544444444	-0.004438133591	-0.4115047888	-1.468589084	1.102211755	1.112671513	-0.07912615291	-0.1718782542	0.2762513142	1.205708571	0.3924865696	0.3924865696	-0.284667594	-0.1298151808	-0.02009513607	-0.4941523366	-0.02203147066	-1.314389043	-0.02773721213	-0.02773721213	-0.2617615202	0.3551471671	-0.08889432629	-1.424737374	0.6569612473	0.2366541051	-0.888814791	-0.8745056962	-1.433689206	0.3640213713	0.3160052518	0.5300285907	-0.7772746154	-0.09661313507	0.8489249349	-1.134939324	1.985020187	0.1805952962	-0.2198356821	0.01092335004
0.547222222	-0.02132478915	-0.448938837	-1.55265803	1.093506828	1.115728522	-0.07986606799	-0.2212397016	0.2928250414	1.281002628	0.4099311988	0.4099311988	-0.303856696	-0.1173020183	-0.02711806779	-0.5465145836	-0.01662759326	-1.389699185	-0.009097691337	-0.009097691337	-0.2774085074	0.4046055992	-0.07378586671	-1.483092169	0.5827316829	0.2638877558	-0.8933980295	-0.8683810205	-1.4367739	0.3594617359	0.2882419039	0.5540900337	-0.7571178392	-0.1051189845	0.8558897603	-1.129738694	2.007628578	0.1784817417	-0.2380089057	0.009317219577
0.55	-0.04556594587	-0.4880556585	-1.637492319	1.085061358	1.118820693	-0.08135910723	-0.2758270787	0.3089836058	1.35378081	0.4252652689	0.4252652689	-0.3264783197	-0.1060491775	-0.03463874396	-0.6022296752	-0.0132447545	-1.461815776	0.01266751699	0.01266751699	-0.2966426249	0.4524473421	-0.05968965965	-1.540453048	0.5108909998	0.2874929562	-0.8995921076	-0.8629171585	-1.442037172	0.3526943598	0.2649526753	0.5761384124	-0.7377379246	-0.115743701	0.863464977	-1.123560608	2.030611322	0.1739025664	-0.2550909804	0.006687161143
0.552777778	-0.07771361059	-0.5282481012	-1.721808445	1.077173966	1.121965944	-0.0835924597	-0.3352476112	0.3243622283	1.421839507	0.4375815663	0.4375815663	-0.3530075	-0.09757286676	-0.04242565656	-0.6613826532	-0.01209387546	-1.528249045	0.03611612295	0.03611612295	-0.320963838	0.4980724834	-0.0493350625	-1.597743488	0.4434636988	0.3081637485	-0.9072163235	-0.8581417544	-1.450795693	0.3430959226	0.2518203649	0.5940218743	-0.7216225277	-0.1288260212	0.8715833742	-1.116431047	2.053842876	0.1655810699	-0.2705734785	0.002670801962
0.555555556	-0.1186014159	-0.5683977779	-1.808276238	1.069738885	1.125091096	-0.08648780327	-0.3991559237	0.3390151802	1.487213504	0.4479320587	0.4479320587	-0.3829193854	-0.08989090474	-0.05051959172	-0.7241702045	-0.01261125449	-1.591388038	0.06196331937	0.06196331937	-0.3492674196	0.540810336	-0.03941581956	-1.655248812	0.3787260958	0.3267179371	-0.9163994704	-0.8540004937	-1.46228629	0.3309877829	0.2485129435	0.6078917165	-0.7094844362	-0.1444690744	0.8800742934	-1.108132991	2.077092662	0.1547108577	-0.2845516269	-0.002654621165
0.558333333	-0.1695672979	-0.6070161598	-1.900488113	1.062578714	1.128084323	-0.09000189367	-0.4674929277	0.3531515504	1.55273774	0.4577076294	0.4577076294	-0.4155592046	-0.0799501262	-0.05902992964	-0.7909703542	-0.01432025141	-1.654810062	0.09194483848	0.09194483848	-0.3794923152	0.5792550533	-0.02461043287	-1.712918292	0.314317619	0.343887492	-0.9274555904	-0.8504213902	-1.475033574	0.3170142432	0.2510629918	0.6194226429	-0.7003588108	-0.1627367891	0.8887389394	-1.098347753	2.100038226	0.1432886498	-0.2972587959	-0.009062439693
0.561111111	-0.2323156345	-0.6421691321	-2.001799191	1.055568856	1.130820595	-0.09413258193	-0.5404822466	0.3670208276	1.620916744	0.4681009011	0.4681009011	-0.4504303179	-0.0645860408	-0.06801425318	-0.8624371346	-0.01699149847	-1.72194699	0.1281760652	0.1281760652	-0.4093708469	0.610974157	0.0006405661523	-1.770587265	0.2482594532	0.360388506	-0.9408023377	-0.847299887	-1.487300636	0.3019600609	0.2536849106	0.6308605506	-0.6922179316	-0.1837240508	0.897359456	-1.086710874	2.12229182	0.1334498332	-0.3089210643	-0.01632847667
0.563888889	-0.3078150814	-0.6719078352	-2.112666124	1.048854043	1.133228517	-0.09888589927	-0.6182336026	0.3805501141	1.691538301	0.4789918463	0.4789918463	-0.48768848	-0.04295851824	-0.07723342508	-0.9391488813	-0.02058300856	-1.792783526	0.1710190343	0.1710190343	-0.4386594567	0.6334874532	0.03694358601	-1.828301611	0.1808422116	0.3767207325	-0.956596779	-0.8444889376	-1.498760756	0.2862650902	0.255011851	0.6426033312	-0.6844226075	-0.2076450818	0.9057235868	-1.073060097	2.143600214	0.1256799449	-0.3194914211	-0.02446184684
0.566666667	-0.3951761687	-0.6949401447	-2.229719894	1.042845924	1.13532595	-0.1042098316	-0.7001761827	0.3932414735	1.761184426	0.4887855907	0.4887855907	-0.5281158528	-0.01749332978	-0.08611275835	-1.02090641	-0.02497966295	-1.862903504	0.2179005291	0.2179005291	-0.4698825563	0.6462123976	0.07804813196	-1.88640161	0.11479001	0.3929854221	-0.9744571173	-0.8418401936	-1.511393052	0.2697022364	0.2615969251	0.652224506	-0.6793938667	-0.2347522158	0.9136474111	-1.057617058	2.163999723	0.1181091913	-0.3285856042	-0.03372661461
0.569444444	-0.4922287149	-0.7105474316	-2.348811345	1.037897943	1.137150579	-0.109988689	-0.7852444336	0.4046404653	1.826442416	0.4959421907	0.4959421907	-0.5723947839	0.008958220052	-0.09405097723	-1.106797126	-0.02991869892	-1.927773401	0.2655923788	0.2655923788	-0.5056043067	0.6505428053	0.1170611603	-1.945185028	0.05256040809	0.4091262204	-0.9937888891	-0.83924226	-1.527636569	0.2518755388	0.2815383494	0.6570338889	-0.6803551579	-0.2651287717	0.9209586104	-1.040769597	2.183647349	0.1086055356	-0.3358368551	-0.04432984773
0.572222222	-0.5961486461	-0.718657965	-2.465988468	1.034235603	1.13873785	-0.1160761134	-0.8721475619	0.4144939356	1.884611193	0.4992915224	0.4992915224	-0.6210028586	0.03383088886	-0.1005205238	-1.19546689	-0.03522128176	-1.983971288	0.3111326131	0.3111326131	-0.5476627931	0.6495318421	0.1483082149	-2.00487056	-0.004169767164	0.4250079791	-1.013968107	-0.8366530315	-1.54987687	0.232392389	0.321942094	0.6548365026	-0.6901107536	-0.298665327	0.9275212049	-1.022996233	2.202739815	0.09533838945	-0.3409431143	-0.05633224274
0.575	-0.7051018909	-0.7183690217	-2.579979909	1.031816484	1.140023333	-0.1223531662	-0.960376357	0.4233856845	1.936355484	0.4991208516	0.4991208516	-0.673994484	0.05792347551	-0.1052607502	-1.286540022	-0.04117236057	-2.033188259	0.3549567711	0.3549567711	-0.5944176943	0.6440689133	0.1744947996	-2.065259013	-0.05618515148	0.4412819548	-1.03500918	-0.8339282117	-1.577389073	0.212043091	0.3791227283	0.6466652165	-0.7070262414	-0.3350316051	0.9331752218	-1.004408811	2.22112698	0.07927380706	-0.3440549527	-0.06963178417
0.577777778	-0.8174489575	-0.7080896399	-2.689918546	1.030531793	1.140888566	-0.1287160559	-1.050053486	0.4322906341	1.983781695	0.4962160419	0.4962160419	-0.7313879812	0.08358042859	-0.1079823971	-1.380515953	-0.04826812289	-2.079275362	0.3992202917	0.3992202917	-0.6427893206	0.6328049536	0.2020091467	-2.125843683	-0.1051161913	0.4591917132	-1.057226532	-0.8307295292	-1.60745323	0.192473331	0.4439078357	0.6348290463	-0.727254867	-0.3738113548	0.9377129339	-0.9848997246	2.238471819	0.06271874552	-0.3455652767	-0.08419057152
0.580555556	-0.931053224	-0.6861569121	-2.793866507	1.03031444	1.141207232	-0.1350421406	-1.141552353	0.4422254871	2.029031007	0.4912034778	0.4912034778	-0.7933690323	0.1131006412	-0.1081877198	-1.478272992	-0.05696155975	-2.126062485	0.4462248792	0.4462248792	-0.6898360058	0.6133402133	0.2371118108	-2.185903657	-0.1523946052	0.4803049544	-1.080848645	-0.8265193136	-1.636597401	0.1757463714	0.506877906	0.6213187936	-0.7469893316	-0.4145380201	0.9408875755	-0.9643343541	2.254439439	0.04806078643	-0.3459336812	-0.1001581163
0.583333333	-1.043251026	-0.651617965	-2.88866103	1.031156976	1.14087566	-0.1411689502	-1.235153796	0.4539571974	2.073457205	0.4842562198	0.4842562198	-0.8603485264	0.1475236277	-0.1050471048	-1.580550159	-0.06740653007	-2.176068277	0.4973610311	0.4973610311	-0.7339557208	0.583871198	0.2832218868	-2.244575914	-0.1988274121	0.5061974556	-1.105715544	-0.8206618676	-1.661636057	0.1638092008	0.5611212481	0.6073114886	-0.7634722517	-0.4566686886	0.9424750292	-0.9427583443	2.268863428	0.03693284292	-0.345608507	-0.1178055831
0.586111111	-1.151410826	-0.6052893902	-2.970614399	1.033096505	1.139850531	-0.1468993446	-1.330600178	0.4676488979	2.116616282	0.4748595489	0.4748595489	-0.9329238644	0.1851244977	-0.09736125882	-1.687226593	-0.07927833786	-2.229101686	0.5519761166	0.5519761166	-0.7761501949	0.5457790136	0.3377882793	-2.301097536	-0.2442037771	0.5378523882	-1.131057514	-0.8126808502	-1.681276554	0.1576231139	0.6050253057	0.5928650955	-0.7758881737	-0.4995775297	0.9424021499	-0.9206800412	2.281934302	0.02918335796	-0.3448768338	-0.1372618989
0.588888889	-1.254024707	-0.5486438588	-3.037071081	1.036122644	1.138095791	-0.1520230892	-1.427609384	0.4833837176	2.158036333	0.4624748025	0.4624748025	-1.011665527	0.2235422326	-0.08389100358	-1.798056483	-0.09211707381	-2.285009606	0.6092728534	0.6092728534	-0.817772823	0.5013321268	0.397518453	-2.35459247	-0.2882725404	0.576277552	-1.156044072	-0.8022079571	-1.694622683	0.1578784474	0.6381170687	0.5777400797	-0.7839514418	-0.5425809344	0.9406763429	-0.8987136174	2.29395046	0.02439354551	-0.3440665915	-0.1585864637
0.591666667	-1.350742613	-0.4834121423	-3.086477355	1.040164287	1.135573998	-0.1563281358	-1.526018731	0.5011873505	2.197542431	0.4466476491	0.4466476491	-1.097018129	0.2602337231	-0.0634889802	-1.912838546	-0.1052887353	-2.344085173	0.668611498	0.668611498	-0.8601103623	0.4529944647	0.4592118231	-2.404029887	-0.3308660498	0.6226001863	-1.179912334	-0.7890217361	-1.701138821	0.1649455607	0.6607063439	0.5615249378	-0.7878209427	-0.5849908926	0.937364485	-0.8774744214	2.305273356	0.02211023067	-0.3435580173	-0.1817945347
0.594444444	-1.442102564	-0.411308018	-3.118505672	1.045075777	1.132256709	-0.1596429545	-1.625932943	0.5205773683	2.235827779	0.4271119742	0.4271119742	-1.189075722	0.2937718734	-0.03556125193	-2.031369543	-0.1174014161	-2.407180141	0.7293079332	0.7293079332	-0.9039728133	0.4018415684	0.5219685067	-2.448364438	-0.3721637764	0.6777166604	-1.201797288	-0.7737220328	-1.702312573	0.1765872738	0.6778645976	0.543813217	-0.7900232104	-0.626290618	0.9324108368	-0.8573335932	2.31632322	0.02167015723	-0.3438072984	-0.2071688109
0.597222222	-1.529164316	-0.3339422882	-3.133553317	1.05065283	1.128127611	-0.1618399744	-1.727607523	0.5405961342	2.274169364	0.4037590646	0.4037590646	-1.287689961	0.3237181311	-9.122736912e-05	-2.153278306	-0.1264635374	-2.475136268	0.7906293396	0.7906293396	-0.9497751394	0.3477264172	0.5866372346	-2.486553454	-0.4124954782	0.7422958426	-1.220735366	-0.7575512629	-1.700930779	0.1884734335	0.6966037731	0.5253313904	-0.7940367427	-0.6660902576	0.9256592289	-0.8384685225	2.327537381	0.02221047307	-0.3452461116	-0.2351929071
0.6	-1.613233509	-0.2528759668	-3.132127913	1.056649947	1.123179984	-0.162819546	-1.831261565	0.5601103759	2.313880032	0.3765535003	0.3765535003	-1.392674949	0.3497533953	0.04257634644	-2.277896999	-0.1303759674	-2.548305425	0.8519167007	0.8519167007	-0.9978710887	0.2903843408	0.6539956103	-2.517461085	-0.4520071565	0.8170160593	-1.235783007	-0.7418224637	-1.69951317	0.1960105452	0.7215902857	0.5084876741	-0.8023198581	-0.7040183877	0.9169900095	-0.8210245081	2.33934068	0.02279273705	-0.3481722862	-0.2662858038
