inDegrees=no
DataType=double
version=3
OpenSimVersion=4.6-2026-06-22-85aaf64
endheader
time	/jointset/ground_pelvis/pelvis_tilt/value	/jointset/ground_pelvis/pelvis_list/value	/jointset/ground_pelvis/pelvis_rotation/value	/jointset/ground_pelvis/pelvis_tx/value	/jointset/ground_pelvis/pelvis_ty/value	/jointset/ground_pelvis/pelvis_tz/value	/jointset/hip_r/hip_flexion_r/value	/jointset/hip_r/hip_adduction_r/value	/jointset/hip_r/hip_rotation_r/value	/jointset/hip_l/hip_flexion_l/value	/jointset/hip_l/hip_adduction_l/value	/jointset/hip_l/hip_rotation_l/value	/jointset/back/lumbar_extension/value	/jointset/back/lumbar_bending/value	/jointset/back/lumbar_rotation/value	/jointset/walker_knee_r/knee_angle_r/value	/jointset/patellofemoral_r/knee_angle_r_beta/value	/jointset/walker_knee_l/knee_angle_l/value	/jointset/patellofemoral_l/knee_angle_l_beta/value	/jointset/acromial_r/arm_flex_r/value	/jointset/acromial_r/arm_add_r/value	/jointset/acromial_r/arm_rot_r/value	/jointset/acromial_l/arm_flex_l/value	/jointset/acromial_l/arm_add_l/value	/jointset/acromial_l/arm_rot_l/value	/jointset/ankle_r/ankle_angle_r/value	/jointset/ankle_l/ankle_angle_l/value	/jointset/elbow_r/elbow_flex_r/value	/jointset/elbow_l/elbow_flex_l/value	/jointset/subtalar_r/subtalar_angle_r/value	/jointset/subtalar_l/subtalar_angle_l/value	/jointset/radioulnar_r/pro_sup_r/value	/jointset/radioulnar_l/pro_sup_l/value	/jointset/mtp_r/mtp_angle_r/value	/jointset/mtp_l/mtp_angle_l/value	/jointset/radius_hand_r/wrist_flex_r/value	/jointset/radius_hand_r/wrist_dev_r/value	/jointset/radius_hand_l/wrist_flex_l/value	/jointset/radius_hand_l/wrist_dev_l/value	/jointset/ground_pelvis/pelvis_tilt/speed	/jointset/ground_pelvis/pelvis_list/speed	/jointset/ground_pelvis/pelvis_rotation/speed	/jointset/ground_pelvis/pelvis_tx/speed	/jointset/ground_pelvis/pelvis_ty/speed	/jointset/ground_pelvis/pelvis_tz/speed	/jointset/hip_r/hip_flexion_r/speed	/jointset/hip_r/hip_adduction_r/speed	/jointset/hip_r/hip_rotation_r/speed	/jointset/hip_l/hip_flexion_l/speed	/jointset/hip_l/hip_adduction_l/speed	/jointset/hip_l/hip_rotation_l/speed	/jointset/back/lumbar_extension/speed	/jointset/back/lumbar_bending/speed	/jointset/back/lumbar_rotation/speed	/jointset/walker_knee_r/knee_angle_r/speed	/jointset/patellofemoral_r/knee_angle_r_beta/speed	/jointset/walker_knee_l/knee_angle_l/speed	/jointset/patellofemoral_l/knee_angle_l_beta/speed	/jointset/acromial_r/arm_flex_r/speed	/jointset/acromial_r/arm_add_r/speed	/jointset/acromial_r/arm_rot_r/speed	/jointset/acromial_l/arm_flex_l/speed	/jointset/acromial_l/arm_add_l/speed	/jointset/acromial_l/arm_rot_l/speed	/jointset/ankle_r/ankle_angle_r/speed	/jointset/ankle_l/ankle_angle_l/speed	/jointset/elbow_r/elbow_flex_r/speed	/jointset/elbow_l/elbow_flex_l/speed	/jointset/subtalar_r/subtalar_angle_r/speed	/jointset/subtalar_l/subtalar_angle_l/speed	/jointset/radioulnar_r/pro_sup_r/speed	/jointset/radioulnar_l/pro_sup_l/speed	/jointset/mtp_r/mtp_angle_r/speed	/jointset/mtp_l/mtp_angle_l/speed	/jointset/radius_hand_r/wrist_flex_r/speed	/jointset/radius_hand_r/wrist_dev_r/speed	/jointset/radius_hand_l/wrist_flex_l/speed	/jointset/radius_hand_l/wrist_dev_l/speed
0	-0.1845349952118977	-0.165039166385764	-0.3015951744931904	1.17518884305264	1.049273268653643	-0.09741293673194408	0.2767923504639621	0.1864337197497375	0.2170186216390806	0.1626350522741982	-0.1658251135152258	-0.2479091761395201	0.3478773187087556	0.9451624708630815	-0.8480112325834579	0.1466600055545519	0.1466600055545532	0.09042971226982957	0.09042971226982906	-0.8771156718111099	-1.287327393602175	-1.139747033334015	-0.1036331591911941	0.7616776114498881	-1.096413719548273	-0.2028970700067753	-0.0990377644814579	0.6073797154695222	1.770753163850939	-0.1822156322465574	-0.153712198140333	0.1933503698040261	0.19366395163651	1.225753071158997e-05	9.738998955258649e-06	0.4873205158255818	-0.7844902147773827	-0.0005823742299996161	5.78275496683847e-05	0.1336175355008189	0.1177754562318856	-0.07349063970541543	-0.08437104698136791	0.5852107666123831	-0.04270650159724381	0.05379456869739521	-0.193266074826516	-0.007988079722922679	0.1185486658229649	0.1589338627841752	-0.006559072705365818	0.01397480953664217	0.2079311230178462	-0.3270098338280036	-0.04663158646015116	-0.04663158646015119	-0.09074226057248665	-0.09074226057248647	-0.3779891997494833	-0.2759037284105277	0.5448041668490293	0.05234350005867491	-0.08079136317191025	-0.004941382810383406	0.01335720225915048	0.02126118421495254	0.344418293561161	-0.06570907922085197	-0.009997601902957561	-0.03267896360061506	-0.2407418011230362	-0.002641899805556104	-0.0003652974807421543	0.0001687421220291514	0.4281737048845112	-0.2085794537933349	-0.004660293453924667	0.004217963079819836
0.005	-0.1839364690847123	-0.1645001726355502	-0.3019746594094033	1.174795844569277	1.052007312659403	-0.09762296472780153	0.2770480281110783	0.1855164632612934	0.2169866188932513	0.163210458633124	-0.1651067465645094	-0.2478711642410778	0.348056765603839	0.9462427376056729	-0.8496184819752173	0.1464211091735458	0.1464211091735474	0.0900277735697383	0.09002777356973815	-0.8785129845926263	-1.288636030444609	-1.13792109882481	-0.1033535799047642	0.7612628856362971	-1.096451776366905	-0.20281871998563	-0.09894184906079963	0.6089717064377471	1.770452465965584	-0.1823008165806976	-0.1538711623615464	0.192613974511742	0.1936544457890395	1.028473319227402e-05	1.007080701916941e-05	0.4895496625319146	-0.7851878310171613	-0.000610161721990973	8.124958450065555e-05	0.1056299344916121	0.09630253151426912	-0.07377557321098996	-0.07228771283856465	0.5050136286153837	-0.04142884732054267	0.04778176965483145	-0.1736028323068153	-0.00454650967051199	0.1105674576182403	0.1277539350542022	0.0211547649488326	0.05796629230943241	0.2197733089166331	-0.3129985137592268	-0.04740510167486652	-0.04740510167486656	-0.06879045651896111	-0.06879045651896099	-0.1868195528388566	-0.2397254485182238	0.1955520591700151	0.06029169865040494	-0.08683905245152307	-0.008795765354126723	0.01870991848599737	0.01811109285075158	0.2810964384964947	-0.05299310461835312	-0.02503988887093861	-0.03422791439038909	-0.06833348172356427	-0.001254023886744613	-0.0004185865333489678	-2.440462497257322e-05	0.4611304427354553	-0.08027614295519198	-0.005889260547799416	0.004822469701025334
0.01	-0.1834803256757988	-0.1640913361940152	-0.3022876526896128	1.174471372259507	1.054289472869036	-0.09782846671089752	0.277263220955568	0.1846980283091125	0.2169758216317582	0.1637302626490893	-0.1645541639891656	-0.2477037191613665	0.3484586050699771	0.9473161813012271	-0.8511123036298852	0.1462011731804767	0.1462011731804784	0.08975423533408944	0.08975423533408967	-0.8790427037393167	-1.289646392486908	-1.137691688518947	-0.1030222073633188	0.760791820023503	-1.096486821408931	-0.2027026996990451	-0.0988465924649264	0.6100778633021637	1.770239002507783	-0.182475668706445	-0.1540876891792933	0.192521863327461	0.1936504755506017	8.124015314452875e-06	9.611095420455652e-06	0.4919082749038046	-0.7853910672153053	-0.0006356124075294234	0.0001027684351580063	0.07666444819203769	0.06571253276032882	-0.04689398530405992	-0.05696057754391465	0.404457248161726	-0.04089609649265463	0.03760064764682802	-0.1537374603212152	0.0004941140115096994	0.0963077286387343	0.09262011263513126	0.04521419980220842	0.102931837958551	0.2052019042029332	-0.2816387389914634	-0.03904743128537731	-0.03904743128537735	-0.03938207479552174	-0.03938207479552167	-0.03095174581919191	-0.1565938083567819	-0.09380551448832321	0.07306080206485502	-0.1033272828530743	-0.00373667216815279	0.02842530843496759	0.02099765430094086	0.1500846520377513	-0.03081530819939873	-0.04586471854587153	-0.05570400221404489	0.01697184207822001	-0.00042765619243214	-0.0004404656241442318	-0.0001478657430206568	0.4799599711073693	-0.01082743713945266	-0.003725570872762069	0.003456689409851802
0.015	-0.1831687108440819	-0.163838036854879	-0.3024384183925973	1.174226780091683	1.056040797073431	-0.09803129434703223	0.2774273252707665	0.1839742731853506	0.21699627097716	0.1641681319028118	-0.1641699627570644	-0.2474310822290828	0.3490607560559552	0.9482618442172007	-0.8524306225758991	0.1460366656943896	0.1460366656943889	0.08963045350090398	0.08963045350090337	-0.8788976907063272	-1.29022505302574	-1.138638670032267	-0.10261647271946	0.7602304973518883	-1.096488707548	-0.2025353299990247	-0.09873028523450543	0.6104676685035016	1.770143504784872	-0.1827555185633052	-0.1544319981298098	0.1927666740680239	0.1936489986425661	6.116223216021989e-06	8.779857528482214e-06	0.4942137956314527	-0.7853978589332059	-0.0006458941607709531	0.0001151456714177906	0.04843846610470626	0.03804569652218097	-0.01668770702277766	-0.04129456874508317	0.2972565286865503	-0.03999704420096827	0.02923473020155926	-0.1367464654847855	0.008182837159822542	0.07873962027483219	0.06377900333640504	0.0622222407842344	0.1328931746282452	0.1708987926030636	-0.2481140181971374	-0.0272391963289109	-0.02723919632891095	-0.01209292950638998	-0.01209292950638994	0.07880331120373063	-0.08734030941646999	-0.2493476573684782	0.08972353026542498	-0.1192650818855269	0.001583471248110888	0.03752506231440186	0.02477318649168405	0.01696830491429262	-0.009053965541689225	-0.06437209528563448	-0.07937484155848643	0.07441359633252118	-0.0003227339295975798	-0.0003702626888310836	-0.0001836766158900485	0.4303307929184441	0.00451431746431803	-0.000707348959955293	0.001712932956001361
0.02	-0.182991371198652	-0.1636864942925131	-0.3024872838711707	1.174054243780463	1.057273879106802	-0.0982260580153046	0.2775675047752735	0.1833207448912521	0.2170626221334623	0.1645166553260832	-0.1638891877244911	-0.2470976800767944	0.3497371829982152	0.9490035245314229	-0.8536176955996874	0.1459239448854004	0.1459239448853973	0.08961368332875082	0.08961368332874937	-0.8783562071053928	-1.290644494603478	-1.139828770757921	-0.1021200673127972	0.7596185362437207	-1.096484974149374	-0.2023374241684889	-0.09860638111376722	0.6103588551154749	1.770131761006601	-0.1831023583701757	-0.1548549902305375	0.1932006107126419	0.193645651942228	4.345273690112427e-06	7.783857240341864e-06	0.4960924075626545	-0.7853818883658107	-0.000645888082490031	0.0001220850433374143	0.02295437367721135	0.02500982205221064	-0.006133895539603884	-0.02813823490240249	0.1971603797517416	-0.03767050934771753	0.02803072337024451	-0.1256467284558712	0.01885483837170349	0.06056939645830531	0.05124963282396804	0.06952028780409263	0.1326422204713104	0.1236088635022956	-0.2291403701012333	-0.01833276044620792	-0.01833276044620798	0.00342258961740295	0.00342258961740295	0.1276364813586456	-0.09290622391905368	-0.1910531994217784	0.109329107186429	-0.1235826574742069	-0.001488857089774292	0.04063976064117134	0.02403641042782715	-0.04936278370818151	0.002686269656871077	-0.07266069855001876	-0.08717726229848516	0.09262220370024207	-0.001175573113418702	-0.0003457285951357026	-0.0002137707014874218	0.3091964525287986	-0.001722523021115811	0.0003895617362186402	0.001281543673787519
0.025	-0.1829290338577404	-0.1635741968097628	-0.3025089728967459	1.173942795948548	1.058032712607128	-0.09840724115124166	0.2777090610922499	0.1827125593893326	0.2171886021266969	0.1647732065541682	-0.1636393612457087	-0.2467488027885577	0.3503636588341199	0.949489960122207	-0.8547298023767184	0.1458505899322564	0.1458505899322537	0.08965461213357893	0.08965461213358182	-0.8776647817460153	-1.291192836252874	-1.140394012904585	-0.1015275425657913	0.7589990911254101	-1.096510182628724	-0.2021344696750781	-0.0984938958791156	0.61002645977113	1.770162211252618	-0.183472688698942	-0.1552913668967185	0.1935840664723489	0.1936362897130225	2.709090056404562e-06	6.581203385893108e-06	0.4973408368229358	-0.7853915120312692	-0.0006437864756800061	0.0001282776942013876	0.003449513301556639	0.02018016154499811	-0.001004590200137141	-0.01653926290341753	0.109244730038462	-0.03489817639030791	0.02776310211163924	-0.1176633246589548	0.03166735005099347	0.04217695059856034	0.04953508806133086	0.06921121083986917	0.1186432746309637	0.0715588376047108	-0.2151172509224939	-0.01109293650632	-0.01109293650632003	0.01296408996199679	0.01296408996199679	0.1496535371822982	-0.121790546894705	-0.0403449307346531	0.126317505193914	-0.1252164307236564	-0.008501942418428107	0.04040909276029762	0.02097186682133539	-0.08469967674780793	0.00945361003978038	-0.07530116533337207	-0.08753632978728162	0.0615300475597801	-0.002586722444687227	-0.0003039002456609786	-0.0002544661076147644	0.1956468969603201	-0.001854692823281935	0.000517304315847746	0.001022116861311959
0.03	-0.1829421865594952	-0.1634819827720922	-0.3024819585282689	1.173887867501028	1.058395043503784	-0.09857599409283962	0.2778368487833032	0.1821437531211922	0.2173805975452609	0.1649396833902975	-0.1633852955501542	-0.2464137621349033	0.3509305673519289	0.9497250475554034	-0.8557630172110257	0.1458121783633866	0.1458121783633843	0.08974347580483932	0.08974347580484655	-0.8768524729856707	-1.291816001182976	-1.140285232780175	-0.1008705251250782	0.7583561615277479	-1.096569067651239	-0.2019346626805141	-0.09839652061166872	0.609500815120817	1.770225894919895	-0.1838536673472785	-0.1557319827845437	0.193823610662012	0.193619610679022	1.354717360367292e-06	5.367443490967388e-06	0.4981035929860237	-0.7853977127906538	-0.0006400528060509898	0.0001305722138456353	-0.007241643389367365	0.01697644402031919	0.01334746208123627	-0.005530481144435957	0.03855933828360267	-0.03269843161206816	0.02252327300100983	-0.1098950349442545	0.04526100850348075	0.02453963967599109	0.05294531953285523	0.06398563397110746	0.1088152932330496	0.02306960046722411	-0.1975835930118024	-0.004355406736555464	-0.004355406736555464	0.02259653619031518	0.02259653619031517	0.1759898417454382	-0.1228355362011508	0.07855570900792702	0.1351261846692997	-0.1329764492148722	-0.01495947435536865	0.03938076110247572	0.01799242354593778	-0.1266625060953477	0.01597963816040772	-0.07692002637812115	-0.08887295095612847	0.03505757568266219	-0.004102295031453334	-0.0002330042200674642	-0.0002182131176782069	0.114927213651434	-0.0003533605916310743	0.001042386863815105	-0.0002777088141027576
0.035	-0.1829906630352731	-0.163402050546095	-0.3023646865129582	1.173885520122619	1.058446182731373	-0.09873449607817389	0.2779306060505345	0.1816155490620154	0.2176413594216594	0.165023540930178	-0.1631064125961728	-0.2461142717827055	0.3514600982815645	0.9497293701219143	-0.8567035913050616	0.1458052654402921	0.1458052654402891	0.08987982570783951	0.0898798257078421	-0.8758951175683278	-1.29238332811292	-1.139668389024284	-0.1001878415140765	0.7576644641438492	-1.096658559559912	-0.2017436360989905	-0.0983142914870047	0.6087595987705782	1.770323804820898	-0.1842382330696158	-0.1561767848718293	0.1939601356446441	0.1935950541161795	3.087560919321565e-07	4.342140869426373e-06	0.4985297245676681	-0.7853965882744034	-0.0006330526821596315	0.000124221788965814	-0.01150364448473161	0.01523333528708927	0.03417662189237854	0.004293198798446871	-0.01540588757213406	-0.03065970275282078	0.01514882013809092	-0.100976995238674	0.05894344038411562	0.009937123760798706	0.05846588731784733	0.05556457498674496	0.1039899848911557	-0.0202141281546502	-0.1787905964757173	0.001354671305127534	0.001354671305127535	0.03180334484674617	0.03180334484674616	0.2081841580013316	-0.1010718019155058	0.1612259839099567	0.1369825645159762	-0.1436698838106308	-0.02067358010833798	0.03660134170070159	0.01484894507397076	-0.1686260825421065	0.0235787115213061	-0.07632793900572758	-0.08824736955168379	0.02348047557885035	-0.005752888083239236	-0.0001864692067560576	-0.0001945882222589051	0.05839586973028396	0.0006023100561466429	0.001759691595905542	-0.002348779160204214
0.04	-0.1830507699799721	-0.1633272805301361	-0.3021340395308521	1.17392781617919	1.058267962224821	-0.09888216452267967	0.2779900288471499	0.1811380791036834	0.217969028932384	0.1650483921027514	-0.1628020564243942	-0.2458605757042489	0.3519803962635403	0.9495341707309394	-0.8575523686945143	0.1458233694145036	0.1458233694145	0.09006010845169057	0.09006010845168852	-0.8747583130775609	-1.292796484863522	-1.138742531035459	-0.09951034643207275	0.7569197888949811	-1.096774166362263	-0.2015729345615698	-0.09824853397338598	0.607826533809977	1.770465625927913	-0.1846111635018247	-0.1566064513359961	0.1940976959998869	0.1935617562184127	-5.208639016879599e-07	3.394758355171278e-06	0.4987162561905661	-0.7853936982604488	-0.0006224356010601612	0.0001062212420198085	-0.01189383095779969	0.01491156000501297	0.05869744879933418	0.01232689284763641	-0.05318455537292376	-0.02836501528067256	0.008789484754664498	-0.08960139460634371	0.07202406223389361	0.0009370927531636857	0.06313460665174313	0.04566792447457658	0.1051221141691401	-0.05673918252708281	-0.1608649111785382	0.005651352185835736	0.005651352185835737	0.04016967253066396	0.04016967253066395	0.2477694711151022	-0.06116746446456316	0.2021614021817549	0.1330507730700789	-0.1541675952026154	-0.02540543182625806	0.03125074346131337	0.01140377912781929	-0.2034019502402403	0.03354412056559233	-0.07226591032673335	-0.08281870170857662	0.03547172472692402	-0.007598829001154637	-0.0001464677101414565	-0.0001870450747638388	0.01908723015285486	0.0003528384900846407	0.002489169747059931	-0.004937757640576449
0.045	-0.1831097312638989	-0.1632479320879365	-0.3017882886814295	1.174005743826926	1.057937775338611	-0.09901697823452919	0.2780262892766862	0.1807236102490427	0.2183628513881914	0.1650433201590701	-0.1624772938476385	-0.2456605002539593	0.3525135332435799	0.9491767086077623	-0.8583173181578183	0.1458590952567014	0.1458590952567038	0.09027836055580145	0.09027836055579798	-0.8734371121584744	-1.293008026461745	-1.137664434735351	-0.09885758344646493	0.7561330983264972	-1.096908884665092	-0.2014324935266548	-0.09819964981457342	0.6067627866548477	1.770654520005918	-0.1849594603874476	-0.1570027621900144	0.1943155670001476	0.1935206549486616	-1.114804941940258e-06	2.462493748042467e-06	0.498710501782222	-0.7853941733843409	-0.0006083865260404887	7.579811815740394e-05	-0.01234555635475083	0.01760021089975064	0.076851804182878	0.0185327747683467	-0.0768997550848544	-0.02536897424059081	0.007095811183169878	-0.07579535689540758	0.08587620599213748	-0.001837860340566138	0.06648620675683979	0.03400326469232921	0.1075304029135147	-0.08442966481853098	-0.1459380271730885	0.008343095100482466	0.008343095100482456	0.0466267816933409	0.04662678169334093	0.2757473725168391	-0.02908112651553052	0.2327782745214432	0.1289580567440056	-0.1584916531566954	-0.02790304150777384	0.02508847866224951	0.008315594966807168	-0.2158576356191172	0.04068143487582593	-0.06732472503542572	-0.0760860531469032	0.0474166590768455	-0.008490953591455231	-8.839577419555602e-05	-0.000184279446521289	-0.02593346316834272	-0.0003440964984569865	0.003073956076009979	-0.006948332776068897
0.05	-0.1831807742809377	-0.1631435544808891	-0.3013930323568913	1.174110030012092	1.057518869114233	-0.0991339393129001	0.2780747982002147	0.1803840334382744	0.2188315038513362	0.1650412935981967	-0.162140036529763	-0.2455241329668149	0.3530496775433435	0.9487080341020064	-0.8590199804965459	0.1459038414695621	0.1459038414695706	0.09052133239442475	0.09052133239441987	-0.8720504745924194	-1.293143615645588	-1.136377736723646	-0.09821172950892314	0.7553550421537572	-1.097047408299368	-0.2013204216933719	-0.09816372091802185	0.6057303502157094	1.770859119519069	-0.1852871295633089	-0.1573711159999467	0.1945292624276504	0.1934803539355763	-1.377692326004454e-06	1.567777105622352e-06	0.498411476862104	-0.7853951513099483	-0.0005922610821480525	3.95695055422843e-05	-0.0167265242025461	0.02492322594418289	0.07849963884562433	0.02287030782037252	-0.08867229064024777	-0.02122396188922105	0.01368888235153891	-0.05964457705740209	0.1019560651688728	0.002155245876281558	0.0681325030995914	0.0201846592165138	0.1063250420587692	-0.1012241355585485	-0.1359500613480642	0.009259500450982989	0.009259500450982967	0.0500575663356316	0.05005756633563168	0.2739441299024889	-0.0307864987130494	0.2856020868202642	0.1302871538436686	-0.1507138369050223	-0.02692756440551653	0.01990306280843306	0.006221674223427827	-0.190877663843829	0.03982629462436302	-0.06401482642204849	-0.07163588407419576	0.03380149562379153	-0.007278726334862222	-1.404624766621605e-05	-0.0001720258888803607	-0.09822097455671695	0.0001517178040105516	0.00331971729616538	-0.007259953141662493
0.055	-0.1832796656817839	-0.1629959167821622	-0.3010139640072255	1.17423249006663	1.057067918956214	-0.09922975298593374	0.2781699471040302	0.1801255184974893	0.2193830720793594	0.1650734893488553	-0.1617962604026954	-0.2454588182824124	0.3535784406414196	0.9481841425968381	-0.8596762282971204	0.1459483010110772	0.1459483010110803	0.09077512912489068	0.09077512912489069	-0.8707389419350314	-1.293318094669794	-1.134861324169742	-0.09754646239872039	0.7546390477283773	-1.097167961852931	-0.2012330314535171	-0.09813718967417862	0.6048494771336391	1.771043206614208	-0.1855979869650644	-0.1577197376358647	0.1946351895601791	0.193446368868784	-1.288164537723804e-06	7.957653869855425e-07	0.4977830104421988	-0.78539562827656	-0.0005751249097088637	4.794064684704068e-06	-0.02263619651813257	0.03391090739230052	0.07368405026168701	0.02603088492053374	-0.09031804132656565	-0.01739544093427473	0.02425795728694952	-0.04447726999166589	0.1185042987764525	0.01119958236827905	0.0696097937860168	0.006191214757595342	0.1058989086437654	-0.1062059432473642	-0.1254562764632919	0.008144071065368918	0.008144071065368913	0.05116351189341873	0.0511635118934188	0.247648715555796	-0.03377574579069483	0.3065074891084995	0.1365950666586484	-0.1350850103151316	-0.01983617617036609	0.01497305575824175	0.004258723022774115	-0.1686414117785094	0.03323686723049537	-0.05973707094491743	-0.06754499310706648	0.008001474002897271	-0.00697029303808511	3.735639572388361e-05	-0.0001422120085128322	-0.1363778664646063	-0.0002848219433875896	0.003586865262356136	-0.006628021682679995
0.06	-0.1834051978499407	-0.1628066548685089	-0.3006506283618645	1.174369510570556	1.056629586013375	-0.09931083305834323	0.2783162505542072	0.1799321020310076	0.2200148775664611	0.1651580547016907	-0.1614416201313174	-0.2454597208171075	0.354115853744502	0.9476672399021466	-0.8602636154369949	0.1459814797293352	0.1459814797293327	0.09102999137377106	0.09102999137377593	-0.8696041896118302	-1.293429079451711	-1.13345721628889	-0.09683802507812445	0.7540101812799238	-1.097231193252579	-0.201171490909542	-0.098122454690705	0.603972237669982	1.771185771429367	-0.1858785896394055	-0.158043888159158	0.1946035983338319	0.1934041010786351	-1.129138041311543e-06	9.132492110934012e-08	0.4972155754668655	-0.7853974227043296	-0.0005558712936960312	-2.648869609761964e-05	-0.02738283112676455	0.04157291191470466	0.07220655712375326	0.02869448757596773	-0.08362540456824638	-0.01533052163956795	0.03415070089612308	-0.03360518733600857	0.1340509688002672	0.02310308674703675	0.07247816082372388	-0.006302228422489171	0.1097850440612636	-0.09842861136788478	-0.1084057970681423	0.004747171148105837	0.004747171148105851	0.05048377370140655	0.05048377370140661	0.203231996227819	-0.0053888017978938	0.2406802175995348	0.1475552380009459	-0.1158626461344791	-0.003998702839441228	0.009563184456565284	0.001503170075588788	-0.1894242164785619	0.02321738263269016	-0.05191293545625291	-0.06184743902427863	-0.02120584792651819	-0.01059181567749468	1.375323558642803e-05	-0.0001449973877761177	-0.07380839672797526	-0.0003752666591799145	0.004166694725622796	-0.005862881111559885
0.065	-0.1835569564546807	-0.1625764613639137	-0.3003097238321523	1.17451839453966	1.056240818546293	-0.09938277471421833	0.2785160142414003	0.179785769660725	0.2207219382663337	0.1653076088398624	-0.1610708991558795	-0.2455200511000732	0.3546708090537671	0.947214522020482	-0.8607691603864105	0.1459932757009375	0.1459932757009378	0.09127716447611833	0.09127716447611954	-0.8687201182712384	-1.293392872497757	-1.132463302793396	-0.096068735138823	0.7534899756743554	-1.097212853354232	-0.2011378942294244	-0.09812113107718487	0.6029744969723485	1.771280284147529	-0.1861174807634814	-0.1583378431949083	0.1944392796870487	0.1933413441271955	-1.053767117077323e-06	-6.034361530954728e-07	0.4970535016836141	-0.7853950237611715	-0.0005329745010858515	-5.384052614865942e-05	-0.03418405351690165	0.05143919854322235	0.05999865829338859	0.03073635334073641	-0.07143633414070029	-0.01309468257739762	0.046734161596703	-0.02491490260012439	0.148647103816466	0.03680620149271992	0.07566496403042497	-0.01776440734482281	0.1103178824559518	-0.08179528112224242	-0.09663515181298604	-0.0001653603231727827	-0.0001653603231727767	0.04809457628791672	0.04809457628791676	0.1502738353883989	0.01033063214448565	0.1700555263485747	0.1598211586524576	-0.09091930822259581	0.008888100116999396	0.003818145106111972	-0.0006396537937767558	-0.198758537335752	0.01618486525686487	-0.04431135176923334	-0.05590395727604111	-0.03959551738417887	-0.01367875390820956	2.63359518319544e-05	-0.0001296635477288211	-0.007557178747110039	0.0009130822197425381	0.00496175698566926	-0.00509824793648106
0.06999999999999999	-0.1837556728125865	-0.1622829157968783	-0.3000922077436077	1.174675646636717	1.055919675153208	-0.09943826530278652	0.27879338604633	0.1796830815867754	0.2215000865313027	0.165526993046329	-0.1606864231442234	-0.2456367101163663	0.3552002405971736	0.9468579196926817	-0.8612581966462736	0.1459784603479353	0.1459784603479384	0.09150802822716537	0.09150802822716295	-0.8681026783041512	-1.293421182642618	-1.131624957567899	-0.09524320928227167	0.7531139910764009	-1.097166777872022	-0.2011338828833245	-0.09812551051990515	0.6020937875490157	1.771363591688185	-0.1863283815330492	-0.1586046215519201	0.1942569040940157	0.1932756356494546	-7.663703457450562e-07	-1.172875614409007e-06	0.4969746430576491	-0.7853925094991583	-0.0005065563771671374	-7.767514573868051e-05	-0.04616593239310258	0.06691373689076224	0.02285118065675769	0.03204173875758109	-0.05657577496901259	-0.00875009471680672	0.06519394799076571	-0.01614746880283666	0.1624859948388273	0.05103511406503968	0.07798017531098902	-0.02883372175345351	0.09957553771786481	-0.0599823898220662	-0.1018023212471389	-0.0058973586936754	-0.005897358693675402	0.0439600331813219	0.04396003318132193	0.09657944682596212	-0.03119564132405664	0.1784529096007731	0.1700496049008935	-0.0581742430888624	0.007095530705290136	-0.0022709491505585	-0.000778052420565508	-0.1426117067582287	0.01873531163031699	-0.04071679365304402	-0.05097676752882233	-0.02842862642645026	-0.01177242619798822	9.85635744256467e-05	-9.486874261960631e-05	-0.04052233381339639	-0.0003291391170179683	0.005575227249036488	-0.004455996927152412
0.075	-0.184019090747369	-0.161911843454485	-0.300079022464424	1.174838488710304	1.055678444128335	-0.09947231144581471	0.2791665828638167	0.1796205365147419	0.2223453085019068	0.1658194292491409	-0.1602930682564916	-0.2458068374322722	0.355670200945552	0.9466264769190423	-0.8617826722057826	0.1459327160439284	0.145932716043927	0.09171835314300851	0.09171835314301031	-0.8677571710962576	-1.293688149999543	-1.13071617813387	-0.09436475764415299	0.7529032076017259	-1.097134845129413	-0.2011587441342208	-0.09812962874610452	0.6014740770896403	1.771462662791376	-0.1865208084857969	-0.1588497156952221	0.1941300178115871	0.1932226414744344	-2.343664600501702e-07	-1.539627276308593e-06	0.4967436910922635	-0.7853965047729917	-0.0004772877659413074	-9.822919795736378e-05	-0.05841681981608832	0.07967859736005906	-0.01300757040183175	0.03315139893116364	-0.03968236199787534	-0.005623583130167449	0.08281480700988868	-0.009640142641384008	0.1754649732420671	0.06610516223213816	0.07911811782824174	-0.03899933858843836	0.09094007931590081	-0.0311120319388364	-0.104205960703026	-0.01257267761526074	-0.01257267761526086	0.04077050803187707	0.04077050803187702	0.04167438348327388	-0.06262707026882749	0.1639293208735773	0.1823721352274861	-0.02841130592998528	0.009553587349644552	-0.007237948537275715	-0.001355768996292231	-0.1311118939693458	0.0182564517863659	-0.03485966204634259	-0.04731225417463238	-0.03041255033579768	-0.01045670839171274	9.764083936799184e-05	-6.005139856767319e-05	-0.01725911652560273	-0.0006784602535168901	0.006211097207685718	-0.00371735809973351
0.08	-0.1843319967937095	-0.1615044958503429	-0.3001765884618113	1.175007723708568	1.055525194263055	-0.0995020533404451	0.2796088343964888	0.1795789843340531	0.2232533580621157	0.1661897026203743	-0.159897678585476	-0.2460245248420457	0.3561349561671567	0.9465616262502418	-0.8622624368347693	0.1458510104247344	0.1458510104247287	0.09192173905623088	0.09192173905623693	-0.8676854249978004	-1.293917811033534	-1.130196959790533	-0.09340907708118774	0.7528071564256126	-1.097032481788413	-0.2012019063419907	-0.0981439335192391	0.6005242744395479	1.771519789427451	-0.1866630348995159	-0.1590802577374928	0.1938719119527499	0.1931607539197215	4.406664309170617e-08	-1.855584364360194e-06	0.4971480452505458	-0.7853933890000653	-0.0004436566054263785	-0.0001143660681301418	-0.0659611770163515	0.0814238415902454	-0.02144932997160579	0.03459890862828077	-0.0213833111311199	-0.007028395357668523	0.09281583406496302	-0.007750312265000833	0.1876170306806799	0.0821699814336154	0.07879408862447497	-0.04785775930048183	0.09749348700839133	0.00665445211344265	-0.0839179490381671	-0.02028188476848731	-0.02028188476848754	0.0411844321330198	0.04118443213301968	-0.01292499694859303	-0.0162731121504367	0.02262847332425473	0.200941174839515	-0.01228132366415654	0.03526777006158557	-0.009591331900045408	-0.004852671194644693	-0.2746485830450495	0.001957524783851836	-0.02063657804157489	-0.0451559271162676	-0.08091645698987276	-0.01532977807503322	-2.864738595557045e-06	-7.455091308041257e-05	0.2136001156538024	0.002515279586872974	0.007320246964675975	-0.002689124108790302
0.08499999999999999	-0.1846818404996908	-0.1610915048624285	-0.3003099184307049	1.175184766146264	1.055462629494641	-0.09954226765828472	0.2800954424903307	0.1795362869326347	0.224223435101677	0.1666350010502689	-0.1595003966573727	-0.2462914472771346	0.3566413438396495	0.9466924885606178	-0.8626266466887111	0.1457301845912318	0.1457301845912324	0.092127329808304	0.09212732980830787	-0.8678923954772215	-1.293883863546657	-1.130464256456291	-0.09235452803601744	0.7527856574179235	-1.096786359395637	-0.2012528293153224	-0.09817424953843483	0.5987734238256421	1.771481518025011	-0.1867241644990628	-0.1593048337344717	0.19335512090999	0.1930728833993675	-1.185655050060579e-07	-2.309625452823975e-06	0.4988296207012682	-0.7853854765049314	-0.0004040335353514138	-0.0001249541881895729	-0.0753786105279397	0.08681585883945045	-0.03969895649902831	0.03621980348066294	-0.00427492805014902	-0.008239542215890102	0.103227339149037	-0.009876869385691456	0.2009115924563985	0.0945829878957489	0.08128081114927578	-0.0603097037989932	0.1017839354086696	0.04411874243523595	-0.06653281501444969	-0.02783283393946843	-0.02783283393946868	0.03989257248877227	0.0398925724887722	-0.07221861350947625	0.01024490643272142	-0.1023241020369337	0.2200425011629706	0.006941433688945966	0.05842065131865633	-0.01087282061554133	-0.005977920635747471	-0.3902085282266423	-0.01468717031105609	-0.004592918915638843	-0.04510095461314457	-0.1205826596372135	-0.01806773618769828	-4.347634447792658e-05	-9.438778671189012e-05	0.4214606349078213	0.0004195851175854675	0.008331306428712168	-0.001530385869651903
0.09	-0.1850998059505067	-0.1606059042093091	-0.3006517410159334	1.175369939113683	1.0554761216644	-0.09957627086698104	0.2806551071447516	0.1794747334293629	0.2252674520598049	0.1671218684730471	-0.1590732491886588	-0.2466416067706751	0.3571200190554428	0.9469870963785768	-0.862975433209673	0.1455748382322514	0.1455748382322583	0.09230907181905056	0.0923090718190523	-0.8684311653197915	-1.294011433973895	-1.130947970434998	-0.09121701149021441	0.7529091678935065	-1.096495880632531	-0.2013115841799751	-0.09819075456711757	0.5969770205001875	1.771398706878826	-0.1867167406600564	-0.1595355321130026	0.1927182583611464	0.192997583496633	-2.035790400313392e-07	-2.672684875546995e-06	0.5009869573023504	-0.7853914944823803	-0.0003623202875052342	-0.0001295125463733585	-0.09320987495020132	0.1104677076722702	-0.1048463765055849	0.03785112051791266	0.009039464138479709	-0.00454395170033687	0.122038458296579	-0.01529275300636122	0.2171929981072903	0.09879757858704692	0.09074030486877367	-0.08115258268117323	0.08640850432862214	0.07215265514665477	-0.07774861584624819	-0.03409009495963833	-0.03409009495963859	0.03164493560240434	0.03164493560240435	-0.1456447422081298	-0.08088027779675476	-0.06393845185533552	0.2341281750926005	0.04572246964468732	0.05301031819308472	-0.01272408842843907	0.000671725010559018	-0.2928696676646193	-0.01585837271466354	0.006784797379783112	-0.04760487973704471	-0.128945059423385	-0.01030153102725812	2.818270663343606e-05	-3.81582467841082e-05	0.4039045757977273	-0.003056909446248799	0.008156318073161984	-0.0002772193585320778
0.09499999999999999	-0.1856109863966812	-0.1599819383687321	-0.3013564137051153	1.175561451344667	1.055547543900482	-0.09958789774366618	0.2813157223793287	0.1793763981748438	0.2263963493773568	0.1676176139227058	-0.1585866376634407	-0.2471076279267834	0.3575019873713133	0.947397279118081	-0.8634112639938696	0.1453934892574883	0.1453934892574938	0.09244052678940815	0.09244052678941059	-0.8693362106940629	-1.294713306852121	-1.131032653842261	-0.09001887801105835	0.753238723147409	-1.096263225446163	-0.2013802664134274	-0.09816739756799273	0.5959043504196816	1.771324470736735	-0.1866446657870914	-0.1597812681573998	0.1920120261630892	0.1929699576100013	4.687333819813793e-08	-2.664266652045459e-06	0.5028147726371643	-0.7853979832521513	-0.0003242521644012167	-0.0001268674971997675	-0.1093356792351427	0.1370405250222362	-0.1688233179726618	0.03839229633907058	0.01906385925674819	-0.0009637647984231412	0.1408383872130501	-0.0249060503711035	0.2340597738894128	0.09982619219310077	0.1040206071914929	-0.1047744164648346	0.06911474260294652	0.09015538078185184	-0.09329274316302651	-0.03781788243336988	-0.03781788243337012	0.02145506860936677	0.02145506860936678	-0.2110948552985397	-0.1842714910073799	0.01558905033192665	0.2447487111280783	0.08210639982517356	0.04350730685948744	-0.01468565580377475	0.007394494180551259	-0.159912035589438	-0.01625057578469427	0.02510847403279766	-0.05038669131551729	-0.1580963387691769	-0.002462354133040094	5.485142717788833e-05	3.376334905840173e-05	0.3450884123070214	0.0002757903549240153	0.007102818217515808	0.001494487172089262
0.09999999999999999	-0.1861738965000135	-0.1592562799944494	-0.3022579803837153	1.175750247321709	1.055662104546591	-0.09959447817321229	0.2820497985336702	0.1792170259099535	0.2276049882484585	0.1681233863041449	-0.1580318800970132	-0.2476845363023505	0.3578385256873062	0.9478709995876639	-0.8638754510946092	0.1452029755330442	0.1452029755330482	0.09252880266582944	0.0925288026658326	-0.8704893283507583	-1.295698175059104	-1.130936840317858	-0.08877328943335118	0.7536902995708462	-1.096026252058885	-0.2014578092465259	-0.09812957542990029	0.5951407634337764	1.771212056204349	-0.1864350226974629	-0.1600363705590947	0.1910918097837576	0.1929558246502264	1.734670569428788e-07	-2.41267325622619e-06	0.5046165099672123	-0.7853905926906609	-0.0002909732348393679	-0.0001129751932112579	-0.1139017378133152	0.1511447211546081	-0.1836039722728881	0.03676461894119512	0.02629482814925249	-0.002525372844722959	0.1514228262023475	-0.03970755715483256	0.2490896195272022	0.1028083512992451	0.1179987213525593	-0.1255074704647427	0.06823650437758091	0.09756774717812887	-0.0890911424633867	-0.03775599483207315	-0.03775599483207336	0.01437329802788807	0.01437329802788807	-0.2448736551778144	-0.1940784092993765	0.008260320811539341	0.2531102145130309	0.09453093745848197	0.05473759855651567	-0.01626832828692163	0.006457780597594758	-0.1692364298242852	-0.03112972883282735	0.06181208404515864	-0.05135142265614163	-0.2145387319331568	-0.004904360284539611	-2.136075716045844e-05	5.911182214298449e-05	0.3934733738913097	0.002494823058174239	0.006240640656294532	0.004221682567435377
0.105	-0.1867373316638837	-0.158493338913178	-0.3031412106498971	1.17592526903878	1.055804856598718	-0.09961726185723921	0.2828184225882729	0.1789880791340927	0.2288713330206433	0.1686489374539532	-0.1574203194844545	-0.2483456830630296	0.3582004784728378	0.9483641626226974	-0.8643099427893791	0.1450182001427182	0.145018200142718	0.09259654068599898	0.09259654068599495	-0.8717057264185905	-1.29657025736854	-1.131003189426566	-0.08750647631438548	0.7541550142772809	-1.095720207926991	-0.2015440088846885	-0.09810522116204801	0.5941707407809753	1.771018102000474	-0.1860586476058824	-0.1602892247691472	0.1899494327526995	0.1929168802198597	-2.280287477721498e-07	-2.159392620874902e-06	0.5066720032533126	-0.7853868206959373	-0.0002607750654622995	-8.703905976109674e-05	-0.1108977473267538	0.1516441011386771	-0.1676599832540911	0.0328312166894369	0.03013668485059398	-0.006548632411533155	0.1551914404212268	-0.04931985895669724	0.2545827409158942	0.1078168016811874	0.1238527793531569	-0.1360520464317001	0.07701992230955179	0.0995953379763696	-0.08951662670775729	-0.03625465867712244	-0.0362546586771227	0.01468140772096696	0.01468140772096695	-0.2301847194660242	-0.1537591851490329	-0.02975698213971063	0.2502720696828958	0.0895013505045677	0.06329101403467886	-0.01839128300170727	0.004066654389277251	-0.2037463714084738	-0.0429834596407177	0.0793287428549984	-0.04902635268129679	-0.2279195406133572	-0.00975629276793212	-0.0001098781432721604	4.28946093459328e-05	0.4014421991829367	-0.0006571523524629463	0.005975389736696354	0.005507513678886896
0.11	-0.1872771281692009	-0.1577637150852154	-0.3039142987067989	1.176074430976625	1.055956778316588	-0.09965956981378246	0.2835933593857073	0.1787493402627147	0.230122160173309	0.1692056012515283	-0.1568210797466595	-0.2490160648929156	0.3586134780351463	0.9488659316788385	-0.8648187282743185	0.1448394239724976	0.1448394239724931	0.09269521171987113	0.09269521171985991	-0.8726761670205285	-1.297225813617335	-1.131183980317705	-0.08630399837042571	0.7545667771297841	-1.095437232320203	-0.2016435196367788	-0.09808108160754797	0.5932535623185684	1.770816906538704	-0.1857358273662334	-0.160518994999072	0.1889575397763913	0.1928674329134893	-6.317201612447987e-07	-1.976785389282843e-06	0.5083581145453832	-0.7853938754860227	-0.0002298517110507689	-6.435262775981086e-05	-0.1044462743920878	0.1378178198310439	-0.1395470885608545	0.02642070725071858	0.02996269444654726	-0.01033508185124468	0.1539479233350629	-0.04362439536168546	0.2428825717195237	0.1152534104060334	0.1130703714470416	-0.1292014981474761	0.08865521508830136	0.1010101556211429	-0.1188086585311325	-0.03535630678992696	-0.03535630678992726	0.02674650350894234	0.02674650350894231	-0.1464906688202191	-0.1074679850429795	-0.03751639216102649	0.227376144510666	0.07335019588597484	0.04551018851406441	-0.02159277385799727	0.006371895256689323	-0.148098753666621	-0.03402623199107729	0.04039014327253046	-0.04211783060507588	-0.1543451100332007	-0.009105510685984062	-2.223900066350657e-05	3.084246063929301e-05	0.2457205762794284	-0.001835890865384599	0.00653071467007945	0.002921801987885265
0.115	-0.1877727950106351	-0.1571322224578203	-0.3045190078348269	1.1761877369194	1.056100455736895	-0.09972077276147673	0.2843449889949156	0.1785661014061217	0.2312993315715948	0.1697952953738001	-0.156305733611946	-0.2496361845491296	0.3590825130778962	0.949373498155717	-0.8654930279705945	0.1446632854209533	0.1446632854209512	0.09287197624823763	0.09287197624822952	-0.8731275580219537	-1.297605196295224	-1.131380714766956	-0.08524507269515279	0.7548721647865668	-1.095271204684144	-0.2017582221237582	-0.0980440986449464	0.5926589227236911	1.770694065680884	-0.1856656766186823	-0.1607172336472621	0.1884098537214681	0.1928237698853652	-5.214063035713219e-07	-1.862135745659129e-06	0.5091105641791784	-0.7853975657138488	-0.0001958446693852035	-5.947329246522515e-05	-0.09262443467959126	0.1137675607566702	-0.1008281378094076	0.01896636047447018	0.02736894565990003	-0.01421748575906144	0.1450070269446395	-0.02937162059089325	0.2306819564664626	0.119039308084109	0.09261884084525762	-0.1214326271419812	0.09763267465428112	0.1019746738324278	-0.1451166548188415	-0.03526902530222778	-0.03526902530222769	0.04359947755525395	0.04359947755525391	-0.03725175549140067	-0.03736023024715011	-0.04704407483941037	0.1970678000384845	0.04739312408896875	0.02405977076159219	-0.02376638685460982	0.007112928540876465	-0.1110037498225734	-0.01538765915212073	-0.005094654850682737	-0.03931925682942118	-0.07528916507073857	-0.009727200501210891	3.730167552341011e-05	1.262754436334069e-05	0.07601740681546593	0.000130894768019134	0.006901328305438764	-0.0006816363922749595
0.12	-0.1881914122409767	-0.1566361561813521	-0.3049074958364833	1.17626474148752	1.056229074493026	-0.09980245855669907	0.2850264607211178	0.1784586193236519	0.2324559394266903	0.1703801450281834	-0.1558993837541382	-0.2502562537923739	0.3595765435081156	0.9498852608041838	-0.8662119491709028	0.144485034604724	0.1444850346047241	0.09312760819259035	0.09312760819258531	-0.8730805448128579	-1.297530167361155	-1.131713087939102	-0.08432458362564106	0.7550265909432927	-1.095165045564068	-0.2018759651645333	-0.09802303593456987	0.5919310581649597	1.770660254467029	-0.1857144220207262	-0.1609336038489507	0.1880990495943372	0.1927564859091015	-5.493320881055688e-07	-1.874408470117955e-06	0.5093258699093056	-0.7853948555880121	-0.0001625461649034605	-6.828467690480024e-05	-0.07362642995503249	0.08364727946028203	-0.05305863801219182	0.01190015738885226	0.02393922877624835	-0.01852822086248315	0.1258847701326662	-0.01332168571244633	0.2346571544433846	0.1133156232505912	0.06947186068474188	-0.1291813329595775	0.09865337007614776	0.1026886242563436	-0.1366572601441085	-0.03620121266393739	-0.0362012126639369	0.05829346990342402	0.05829346990342395	0.05287101538817385	0.07429665973989409	-0.09177188131964269	0.1720015022061879	0.01296559586331091	0.02156278212089456	-0.02280899537624776	3.794366667172176e-06	-0.2013887392083083	0.001585625594497529	-0.007168316565445608	-0.04937045200441411	-0.05959233891629685	-0.01855388994184627	-7.753485754659598e-05	-1.99264865937233e-05	0.03086301481218081	0.0007242505996555097	0.006247299796550526	-0.002554485905779055
0.125	-0.1885164473668073	-0.1562823220015921	-0.3050835452915124	1.176309682323954	1.056338852690635	-0.09990383096680575	0.2856086790744279	0.1784265129212216	0.233659624576842	0.1709216825737787	-0.1556013861699858	-0.2509435804878249	0.3600583561423162	0.9504044735170289	-0.8668473460923513	0.1443027697511229	0.1443027697511231	0.09344709527668711	0.09344709527667894	-0.8726581080620046	-1.296908385043924	-1.132267290708987	-0.08350926287855631	0.755014360115245	-1.095042562179466	-0.2019839039873134	-0.09804500240961911	0.5906565455874134	1.770699174992547	-0.1857141773494319	-0.1612172405418174	0.1877708735060921	0.192640789378976	-1.082556547237714e-06	-2.023758052055639e-06	0.5094741865726672	-0.7853917804336102	-0.0001343781809623915	-8.308034250952639e-05	-0.05902073452521798	0.06154611467951228	-0.02566278835385756	0.006603850659571582	0.01991756923966429	-0.02150464824870399	0.1095873646441313	-0.00104038764193433	0.2468840169108828	0.1034645264236835	0.05205740801367981	-0.1462996973217155	0.0931637489195343	0.105910467089337	-0.1207652674692546	-0.03628721193806301	-0.03628721193806275	0.06826334602635369	0.06826334602635331	0.1069997994492022	0.1585557257734513	-0.1181541409539765	0.1564377996214489	-0.01397227612678409	0.02688948481405323	-0.02047180512296963	-0.007664220965403083	-0.284269243126515	0.0121924336203586	0.004660607674643233	-0.06311557128374157	-0.06989664334910314	-0.02583219801671187	-0.0001222923334610002	-3.89705229100816e-05	0.01853964889709691	0.0003859890655808499	0.004888032114506396	-0.003234621141568242
0.13	-0.1888079507277088	-0.1559840978121989	-0.3052471401635658	1.176336056728865	1.056427705375146	-0.1000123440898713	0.2861481823020866	0.1784330203234097	0.2349254507087348	0.1714164416067817	-0.1553555073236267	-0.2517247542865995	0.3604991016504654	0.9509535055371532	-0.8674522394359352	0.1441263376537278	0.1441263376537281	0.09379786147577399	0.0937978614757627	-0.8721015856734057	-1.296103215517211	-1.132777078491839	-0.08273709559948918	0.7549257246915811	-1.094901561584984	-0.2020817359296345	-0.09808841651001432	0.5893298362205314	1.770764277293307	-0.1856938717180649	-0.1615550730232025	0.1874178976911726	0.1925170891698511	-1.637629496262953e-06	-2.255685466506083e-06	0.509412026381923	-0.7853921939183116	-0.0001149844604121032	-9.933929637505103e-05	-0.06021372398336129	0.06140328331359196	-0.04807680482187153	0.004473584779698847	0.01556902353730289	-0.02138450604603653	0.1087987198720734	0.002123836134877329	0.2595135471397963	0.09460421821365214	0.04862436556743541	-0.1667201742889196	0.08222651965562862	0.1146163471679917	-0.1244558289982837	-0.0338681101814715	-0.03386811018147148	0.07080511589947419	0.07080511589947351	0.106505270486392	0.1476515435327742	-0.0740058865066517	0.1547401149991415	-0.01759624238315187	0.02896966607284023	-0.01876624319260021	-0.008575255771723623	-0.2222674549426244	0.01205833569110596	0.0008560674636352107	-0.07104876741169491	-0.06951222958607527	-0.02175536154157541	-8.627425350383345e-05	-5.295761959882703e-05	-0.05332772683017511	-0.0006712050416422109	0.002737594440238234	-0.003139801210098435
0.135	-0.1891316634262555	-0.1556459449014354	-0.3056025421163848	1.176358683810212	1.05649530426705	-0.1001172264781878	0.2867100056226929	0.1784295238835477	0.2362424551481633	0.1718710819335475	-0.1550936125559045	-0.2526006765227269	0.3608849877993744	0.9515583814752093	-0.8681197861003676	0.1439672609650186	0.1439672609650217	0.09414958418670832	0.0941495841866971	-0.8716574010973626	-1.295511871885615	-1.132986827986074	-0.08194559453033269	0.7548626154177744	-1.094760069180214	-0.2021756668652814	-0.09812187341415619	0.5885582485382356	1.770807777140956	-0.1857164615627986	-0.161910188711801	0.1870933958960276	0.192427304252324	-1.9204522779813e-06	-2.51957007743418e-06	0.5089151288989251	-0.7853974737504265	-0.0001051166037697362	-0.0001130755042741532	-0.06917233599980704	0.07459175628947791	-0.09337072561365227	0.004904395379661014	0.01168542359237481	-0.0209989180837965	0.1158883440106054	-0.005635042097452037	0.2647176732601413	0.08765268434614099	0.05808058332165189	-0.1810155058321622	0.07389987869213246	0.1279869361927531	-0.145008827015232	-0.02959585132822967	-0.0295958513282298	0.07000052309046728	0.07000052309046657	0.06757782696676588	0.08849914038797639	-0.01728491616207877	0.1628190018693507	-0.006676914940111826	0.02671709051047385	-0.01954986509893765	-0.004161315558561385	-0.08603193878945826	0.004738465110072824	-0.009503920590454554	-0.0684707246262482	-0.0592122124736166	-0.01524929646329405	-3.185119420214485e-05	-4.817008098396798e-05	-0.1400155009576148	-0.0008347597004986693	0.001693040984969113	-0.002220627014441548
0.14	-0.1894986838933516	-0.1552308414963272	-0.3061737149127814	1.176388372158867	1.056546708514751	-0.1002266379587415	0.2873066430985943	0.1783555436022572	0.2375469218876214	0.1722969761687777	-0.154755231072408	-0.2535085772016221	0.3612558198252283	0.9522399039804639	-0.868926787608493	0.143832046280177	0.1438320462801828	0.09449903225284059	0.09449903225282939	-0.8714617147333787	-1.295222091800504	-1.133023837703211	-0.08109931868873672	0.7548686610641742	-1.094643492733127	-0.2022846719209519	-0.09812356776233527	0.5884728736244995	1.770805630561823	-0.1857850300763029	-0.1622145124354502	0.1868365383264192	0.192353689295278	-2.006104788470795e-06	-2.693124838461324e-06	0.5080660290264603	-0.7853944818342784	-9.321912287980669e-05	-0.0001202050171684576	-0.07753683140312273	0.09218348105147697	-0.1343851422528888	0.00729809170254656	0.009091165855996629	-0.02319614294086493	0.1227243819901173	-0.02606970043655004	0.2544984671516383	0.08310578159940732	0.07921905187717752	-0.1795115513960447	0.0762048704335756	0.1452749740473813	-0.1802377664754516	-0.02432330863444965	-0.02432330863444992	0.06989525797864336	0.06989525797864263	0.007105985662673013	0.02702612493949274	-0.004909975668070883	0.1766500239749341	0.01006572569942916	0.01900328299947645	-0.02479589120208364	0.004129766613399417	0.05221765248132036	-0.006200235022139998	-0.01753540004462382	-0.05073198143197639	-0.0424545393714449	-0.01528737734910432	-7.406145012292902e-06	-1.682567963844615e-05	-0.1942086826169756	0.002637494263534691	0.003549444139263259	-0.000497123208179364
0.145	-0.1898984571903573	-0.1547279090281966	-0.3069331049917458	1.17643242763006	1.056587655514489	-0.100351120135807	0.2879287085281589	0.1781648870070114	0.2387901960771606	0.1726977065342335	-0.1542979296909461	-0.2543986104132748	0.3616445199540903	0.9530150977549641	-0.8699094494682608	0.1437251245577515	0.1437251245577566	0.09484774988025792	0.09484774988025373	-0.8715802344132365	-1.295210517683862	-1.133086843170314	-0.08017780424298791	0.7549553016197803	-1.094563161718207	-0.2024224955669147	-0.098080525457624	0.588976448771645	1.770738037301302	-0.1858817840890908	-0.1624250042712629	0.1866477990869428	0.1922656946929655	-2.087015185676513e-06	-2.675159816149686e-06	0.5070800150022273	-0.7853750327398676	-7.110707303608526e-05	-0.0001175564385471509	-0.08080668014339033	0.10751371874697	-0.1674645599579481	0.01014905110624332	0.007357097385270495	-0.02655131004939287	0.1245007919073999	-0.04887472996296569	0.2459447894308462	0.07594600933736359	0.1024568651458165	-0.1797340477876969	0.07702317446759686	0.1649471103126098	-0.2077941928714679	-0.01834642003311231	-0.01834642003311238	0.0693393642228477	0.06933936422284756	-0.04990926070121858	-0.01577456859021092	-0.02306845180786337	0.1912141964728262	0.02205732786832721	0.01543943800688368	-0.02934362780499175	0.01246760527241026	0.1282317296631877	-0.02183399262542897	-0.01953302886764426	-0.03751755125132866	-0.03859103926855943	-0.02055977882342794	-1.833587264993576e-05	2.070159140387368e-05	-0.1842581404806446	0.00373912500267157	0.004600130863133222	0.001521760720442946
0.15	-0.1902910926222283	-0.1541704621833957	-0.307829297218612	1.176488112213244	1.056620974122063	-0.1004916968808757	0.2885356410383851	0.1778799783796154	0.2400377055895982	0.1730440327096963	-0.1537431087765671	-0.2553382408247261	0.362003531503468	0.9538908208291893	-0.8709544016916053	0.1436495716828743	0.1436495716828786	0.09518990160739364	0.09518990160739645	-0.8719147613713453	-1.29531361838948	-1.133282284627638	-0.07919459230252608	0.75506390265611	-1.094465995202678	-0.2025682088052214	-0.09800508720959819	0.5895453841539948	1.770577321401177	-0.1859640286029501	-0.1626302159315461	0.1863951291052396	0.1921415983545684	-2.12324210276957e-06	-2.519209896014864e-06	0.5063828354876094	-0.7853711207692327	-5.417026359939524e-05	-0.0001053353493266192	-0.07468168534930088	0.1139892317195437	-0.1891060014136705	0.01194973649916092	0.006039808990147518	-0.02963397014209242	0.1166712142547777	-0.06377051329665982	0.2561925963110324	0.0613441056022461	0.1182268650440557	-0.1993504313155004	0.0643294386398649	0.1854866939374362	-0.2051539119061264	-0.01177576961517203	-0.01177576961517189	0.06726889786599599	0.06726889786599645	-0.07929692563770091	-0.01884380396423347	-0.05788437175669847	0.2013290218601468	0.01884991798875976	0.02573748324254371	-0.02795172813967561	0.01708814393920665	0.07836174656309	-0.04344929086383097	-0.01173160047314398	-0.04861991122023782	-0.06802683626209596	-0.02972807178294455	1.046724703277161e-05	3.836827949082757e-05	-0.07867487877091787	-0.003577355246734321	0.001479347976450701	0.003331881031510651
0.155	-0.1906364351674674	-0.1536033568468175	-0.3087998350089611	1.176549672999458	1.056647290604937	-0.1006468638610255	0.2890862016282702	0.1775413834490255	0.2413423569810121	0.1733119026267174	-0.1531320938344204	-0.2563796248880972	0.3622898490131382	0.9548656773576291	-0.871973118198733	0.1436056729920946	0.1436056729920948	0.09552663719309777	0.09552663719309822	-0.8723281728237029	-1.295359205817496	-1.133663721689603	-0.07818391266720913	0.7551342773689718	-1.094321603048823	-0.2027034337244074	-0.09791359764120422	0.5897470253097707	1.770327470270961	-0.1860024546275708	-0.1629093306462813	0.1859880494581159	0.1919761350402382	-2.023253648072169e-06	-2.40056861913473e-06	0.5062354226960123	-0.785397749689308	-5.440730386335751e-05	-8.729833795537503e-05	-0.06327095704196851	0.1113050218064276	-0.1961876179870715	0.01239628331976947	0.004261970911195088	-0.03235596064791988	0.1033524501031054	-0.07016724076811706	0.2606213687633704	0.0472071089128969	0.1241678917485566	-0.2115175989802223	0.05285039766123985	0.2034220879509551	-0.2097423271748947	-0.006181726104449422	-0.006181726104449362	0.0689132599151237	0.06891325991512413	-0.08123740323862072	0.001952431925364985	-0.09155257036993632	0.1998179815349782	0.009915296219553862	0.02652316524096445	-0.02737645874167617	0.01933275440999599	0.02042281288346157	-0.05069259353420941	-0.005926296836396502	-0.05861099995827031	-0.08351444507023108	-0.03423739800218914	2.810827194851083e-05	5.826368189523931e-06	-0.008634396915825137	-0.003580734416306042	-0.0005358293404722866	0.003306899293657883
0.16	-0.1909219584356045	-0.1530728907763847	-0.3097619584310936	1.176609292099778	1.056661345698692	-0.1008144878746555	0.2895671598234545	0.1771933081536462	0.2425934533623203	0.1735301362758922	-0.1525215420597424	-0.2573965608640008	0.3625585638044113	0.9559147034138238	-0.8731259213256538	0.1435837742277647	0.1435837742277608	0.09589391344154662	0.09589391344154473	-0.8726788328830637	-1.295280658078548	-1.134166431504745	-0.07722766099449281	0.755169208908942	-1.094255725680854	-0.202854355584708	-0.09781350895558205	0.5899308932541908	1.770128381142717	-0.186046166445927	-0.1631721761839731	0.1856728904297091	0.1918214229340158	-1.856358012261238e-06	-2.493564844836645e-06	0.5060130499279728	-0.7853719933297246	-4.91452095884849e-05	-7.80265986233315e-05	-0.05075397450853231	0.09933352526135304	-0.1857402541269882	0.01117306214195665	0.001135253342801143	-0.03461678353409729	0.08883025637441488	-0.06756265921239198	0.2347705922687385	0.04148959846375629	0.118041598056541	-0.1895711963284911	0.0572883512811107	0.2151545050394336	-0.2587885598233604	-0.002975799035258871	-0.002975799035258891	0.07948516296388719	0.07948516296388758	-0.05419636843889759	0.03081026282145468	-0.1063934730273969	0.1795578368198969	0.004672648832213147	-0.005668431111966982	-0.03423050458555641	0.02052779083049413	0.0712524620206494	-0.02314449007515983	-0.01384591796737876	-0.04211224040290617	-0.03125858877530761	-0.02542758853985283	3.723011947818377e-05	-4.628672154199205e-05	-0.1086588693477532	0.01737675661673741	0.003679001791984646	-0.0001742277841695987
0.165	-0.1911393244826344	-0.1526298264853832	-0.3106509913458916	1.176659621272316	1.056658574093022	-0.1009902346330317	0.2899630962927542	0.176892575782399	0.2437107513565305	0.1737210209269956	-0.1519804229447692	-0.2582927881498161	0.3628503272375446	0.9570239959091695	-0.8745288198490141	0.1435719263244313	0.1435719263244289	0.0963276828453806	0.09632768284538019	-0.8728458839564249	-1.295026461847024	-1.134672053204156	-0.07639537260520726	0.7551711427787053	-1.094365232149211	-0.2030350526455497	-0.09770509252458434	0.5903118210326627	1.770100399883958	-0.18613342814805	-0.1633463704949112	0.1856014621953767	0.1917140153277624	-1.753504338752797e-06	-2.641820806081561e-06	0.5052174500478793	-0.785251175560907	-2.089350074411769e-05	-8.911278120100789e-05	-0.03546061642065004	0.0754918902369051	-0.1715263741522488	0.008877608521633308	-0.002034452565181188	-0.03519919903370527	0.06749344564593231	-0.04887396919271141	0.2213138923064644	0.03235177813623896	0.09467112691788657	-0.1780877060983815	0.05426268723922183	0.2309383820612797	-0.2885320605705171	-0.002153827477583408	-0.002153827477583402	0.09380058269075353	0.09380058269075342	-0.01207119484268546	0.07431780967683108	-0.08756085164583512	0.1550655035000313	-0.006483514981600321	-0.03004059909213672	-0.0346633463287989	0.02366258460220666	0.03327134680136937	0.006995903797012	-0.01727450964211339	-0.03515663172203115	-0.0255348103690922	-0.02137457245428505	-1.041705338571803e-05	6.893059002805624e-06	-0.165743354671568	0.02340896778664485	0.006013802524964806	-0.003702750970503363
0.17	-0.1912692463209829	-0.1523419748830394	-0.3114937567962165	1.176697258201478	1.056643095603497	-0.1011616526571657	0.2902215854229183	0.1767431316626571	0.2448982451542962	0.1738285292188411	-0.1516121800007121	-0.2592691178059924	0.3630496473294735	0.9582478461240609	-0.8758728540418564	0.1435583313011896	0.1435583313011885	0.09682969910966019	0.09682969910966127	-0.8727940161708617	-1.294502984182895	-1.134959096470288	-0.07565992611343539	0.7550785296185785	-1.094475196100391	-0.2031671393137727	-0.09756864507922385	0.5897851336965371	1.770148779352942	-0.1861810690099512	-0.1635996539786906	0.1851353212719036	0.191569286024545	-2.103812579227525e-06	-2.225547035220787e-06	0.5047939936614382	-0.7852133174830954	-5.085976546811435e-06	-0.000109479165564389	-0.01577629103594501	0.03724844979824926	-0.1672332683377584	0.006096164791146857	-0.003947500199288365	-0.03288528983722802	0.03385132072016374	-0.007047358610239547	0.2628489136909712	0.008139054760579995	0.04889112969010941	-0.2216121444728979	0.02031101479934378	0.2609775928577089	-0.2352428276161771	-0.003674646998604941	-0.003674646998604909	0.1067839071421368	0.1067839071421362	0.03337117513083459	0.138522835863444	-0.01896209971560256	0.1408210778144354	-0.03314616312388725	-0.00585142424156306	-0.01478634753804737	0.03174019657560216	-0.2917935838183536	0.007399801022425925	0.002002418121317885	-0.07374790953942133	-0.1891436644315987	-0.04035626732549112	-0.0001440346461150838	0.0001795251713002846	0.0401985281132327	-0.01580711978580272	-0.001298672066839742	-0.003886308498451512
0.175	-0.1912991291410777	-0.1522303860158255	-0.3123348599292378	1.176720846464107	1.056620511291121	-0.1013224042912337	0.2903148117458516	0.1767874557187208	0.2463464796443463	0.173802576614921	-0.151452805350397	-0.2605217672210842	0.3630486968653741	0.9596237483158893	-0.8768868281195477	0.1435446719826884	0.1435446719826894	0.09736989816442301	0.09736989816442625	-0.8725717552030184	-1.293666338907763	-1.134910813714543	-0.0749773581848288	0.7548631534691477	-1.094420933278516	-0.203189709483749	-0.09740721113369427	0.5875126354929243	1.770166722695175	-0.1861214140331708	-0.1640723941183106	0.1837260819222726	0.1913224447176944	-2.74730964772404e-06	-1.349185655521066e-06	0.5055891734724249	-0.7853727625339449	-3.194351128326999e-05	-0.000125283182182276	0.002705696203607419	0.01519227031346346	-0.1699728850858961	0.003479934972013402	-0.00501094206164087	-0.03255382019012093	0.00811038057801464	0.01401756727662717	0.3088443877312603	-0.01603689929795568	0.02635610453316082	-0.2729160847914867	-0.01661275745356716	0.2850506997547106	-0.1850421397655237	0.000428172943687403	0.0004281729436873628	0.1042626258152579	0.1042626258152575	0.04013416500951997	0.1880896592090591	0.01985551648421238	0.1324866366364408	-0.04574218868904481	0.02007923018380213	0.0009487181602003583	0.02806302829619287	-0.5440221025906822	0.003315460738161627	0.01650106581134717	-0.1054236109816316	-0.3481182153465816	-0.05207572261441868	-6.584961809182749e-05	9.158296217457396e-05	0.230480748396407	-0.03320887662342553	-0.007636236852156287	-0.002404551026823524
0.18	-0.1912533640268911	-0.1521120004476431	-0.3132011346492266	1.176733465498311	1.056593739009775	-0.1014985754230682	0.2903494009499471	0.1767757131978324	0.2479106840856308	0.1736929921961682	-0.1512336452144082	-0.2619329632861837	0.3629243041847934	0.9610550272804189	-0.8778702288025636	0.1435847855640759	0.1435847855640791	0.09782199447832896	0.09782199447833435	-0.8725466649907362	-1.292702543740605	-1.134944738160741	-0.07433225431698853	0.7546937288112822	-1.09434917702663	-0.2032057477460439	-0.09733571832966226	0.5850767486209909	1.770217313208998	-0.1860696434196327	-0.1645546447352371	0.18191847771918	0.1911115741264042	-2.287163128228852e-06	-2.104081597525342e-06	0.5066248746665516	-0.7853977860100237	-6.336729531250052e-05	-0.0001332172046138271	0.01448288267660078	0.03996713018566037	-0.1773019031247153	0.001708473420762292	-0.005622687787298034	-0.03905308894381197	0.01039647318505588	-0.02947398939110796	0.3092368941847279	-0.02531367117247409	0.07280532395958499	-0.2850308044759778	-0.02906587179316359	0.2831283019382504	-0.2230134697459991	0.017834512956923	0.01783451295692289	0.07154281079938535	0.07154281079938515	-0.04549712709360595	0.1893827926739144	-0.05184498049289074	0.1258354535079132	-0.01476556649777328	0.00114594776265773	-0.01217358446549451	-0.004236260023418985	-0.3571490511466188	0.02045866965829232	-0.001151327175643539	-0.07755210046198358	-0.3484896058162358	-0.025967981101312	0.000297422789081597	-0.0004729777573813136	0.1364070813692062	0.03796151012250821	-0.003125171783948531	-0.0007383108239171763
0.185	-0.1911521335658056	-0.1518380127002626	-0.3140903434192209	1.176738594654176	1.056565656203664	-0.1017178582874857	0.2904057359954377	0.1764788379450563	0.2493119467602154	0.1735506951888232	-0.1507215610390892	-0.2632649834925545	0.3627958005784388	0.9624643825793346	-0.8792281698883043	0.143693677664027	0.1436936776640271	0.09807878630202181	0.09807878630202232	-0.8730770966597667	-1.291854937402511	-1.13536117892682	-0.07370842057336643	0.7547627179112233	-1.094446855147333	-0.2033223380758329	-0.09738345322275058	0.5841057219697544	1.77037505220816	-0.1861275952103313	-0.1647932750753288	0.1803040517836966	0.1910533711771789	-6.186780629015868e-07	-4.981576291368579e-06	0.506804554120423	-0.7850532609916274	-5.615915866298478e-05	-0.0001342123084116385	0.02747191890440771	0.06035116470814075	-0.1739379283885688	0.0003333603945748255	-0.005416655120901714	-0.04851721090550878	0.004914305514658776	-0.08133236559504697	0.2333098859240077	-0.03371391627566638	0.1211403526488532	-0.2327569076990746	-0.01840589752699912	0.2867471102234715	-0.3282324976885786	0.01771767243062295	0.01771767243062274	0.03508892235510618	0.03508892235510604	-0.1588780874688601	0.1408875190725764	-0.0830652511370638	0.1255165761071538	0.04452831080142949	-0.04022544495540023	-0.03175963117390377	0.003180456641457311	-0.07273043529113207	0.03973128464574522	-0.01566827721317755	-0.01698961303253593	-0.3066679555753375	-0.005572552989321015	0.0002551967315640617	-0.0004038956973653026	-0.04915107045647724	0.0737670157720066	0.005732566545736074	-8.903563439590549e-05
0.19	-0.1909640186663791	-0.1516012568411458	-0.3148960771682677	1.176736700816949	1.056541510253929	-0.1019823190729466	0.2903263116101286	0.1760418270031247	0.2500642000476199	0.1733347651883103	-0.1501311216231112	-0.2641103286594418	0.3627795419417399	0.9639838313086078	-0.8812332491108318	0.1436819157424627	0.1436819157424596	0.09821203373866819	0.0982120337386638	-0.8740574713349273	-1.291381390784794	-1.135458729924095	-0.07305890323425474	0.7551606829625687	-1.094751513965301	-0.2034963148950209	-0.09712353222471398	0.5839347560086481	1.770585569601847	-0.1861627150728585	-0.1647154366401411	0.1787579262914447	0.190973255052506	-8.829408674407242e-07	-3.401794343271559e-06	0.5062872062556287	-0.7849209306669438	-8.800228835327534e-06	-0.000138400610349671	0.04923665801299774	0.02507437488016607	-0.1439118947457006	-0.001100723816133773	-0.004047945236963418	-0.05712425736119432	-0.04390729913483123	-0.08552826505330691	0.04963313931268361	-0.05476686843960298	0.1041474202232174	-0.09036078868259736	0.01583211606908237	0.3271656740812186	-0.4818687244606276	-0.03042709564925097	-0.03042709564925125	0.02212505598079171	0.02212505598079162	-0.2254743295455588	0.0397589045227881	0.07571092702899525	0.1361088917037553	0.1168248140639973	-0.08164633114357678	-0.03512818022508492	0.1188260964265512	-0.03712477509452147	0.04157002746809047	0.007981444092904218	0.04903540964975142	-0.3211694285236221	-0.03473325128034475	-0.0004756763588649654	0.001309932899394793	-0.1424038460970468	-0.04691636736257761	0.0129351454873081	-0.002015590080005548
0.195	-0.1907067351171606	-0.151559985271501	-0.3156464673901784	1.176728874718646	1.056518033323173	-0.1022558490816397	0.2900185610710928	0.1757007464338954	0.2500882649233149	0.1729852477989453	-0.1497392540050765	-0.2644785834080183	0.3628903001539164	0.9657180604912067	-0.8837672650107239	0.1434254366849593	0.1434254366849603	0.09825712050761745	0.0982571205076159	-0.8753391966785669	-1.291244271688739	-1.134940477341562	-0.07238398841373471	0.7558858611315094	-1.095258483020092	-0.2036303168436539	-0.0963865825899909	0.5835027922917194	1.770814610067009	-0.1860462152033473	-0.1644374891691351	0.1770715969484617	0.19071389247662	-3.914110513776212e-06	5.335912223149717e-06	0.5057134573404893	-0.7853979053045871	5.827575372892433e-05	-0.0001549223225934293	0.04298834173419449	0.005825041628567152	-0.1834339835228819	-0.001763559172056761	-0.006962995341532869	-0.04584791102438398	-0.06192220106093059	-0.04328448458538628	0.0332718911260238	-0.08637832431340065	0.05150582422693978	-0.1331784727065163	0.0119996774144826	0.3569723270958497	-0.4685893767202214	-0.05729372453895282	-0.05729372453895292	-0.01628416987015695	-0.01628416987015727	-0.2939020157496309	0.06604389943732085	0.03334883605399374	0.124683137823204	0.1621473446553311	-0.1203696943962579	-0.01266577503385943	0.119849389460097	-0.1420485462889196	0.05753650838326688	0.03259331155471441	0.03445311063859712	-0.340363455101399	-0.05919586251467812	-0.0005835464294773258	0.001686069323986362	-0.04064683907382905	-0.09560563993021438	0.01138376742807475	-0.004215219120349017
0.2	-0.1906410194484391	-0.151399098538352	-0.3170023148985399	1.176721726788559	1.05645567861775	-0.1023763998322739	0.2898797967537046	0.1756851769378013	0.2511297097604869	0.1724575995751063	-0.149627001408479	-0.2662044870060923	0.3627348238020145	0.9674580178609417	-0.8852876602902743	0.1432576865251923	0.1432576865251974	0.09792725382526743	0.09792725382526871	-0.8770633535708168	-1.29021140013504	-1.136107654262857	-0.07190381084283319	0.7566711653205527	-1.095947494945498	-0.2035649044034171	-0.09648608201013884	0.5824503921996393	1.771235838183547	-0.1858970338788798	-0.1646478102148954	0.1754842802761124	0.1904794555929527	-5.185954460294958e-06	8.468094864718548e-06	0.5063452266737394	-0.7853943085886013	7.992264434224136e-05	-0.0001767740445816735	-0.02739049418578255	0.07292044028185857	-0.3860948093260513	-0.0008294565295063928	-0.01959905510380072	0.004067445862371568	0.02368718952415788	0.04467616420081941	0.4565851239034269	-0.12601920222916	-0.007698588351638052	-0.6334203284815814	-0.09066170956224436	0.3294569489356561	-0.0764204763239309	0.00506446344530326	0.005064463445303343	-0.1278563245389132	-0.1278563245389137	-0.40244694898965	0.3980598875802673	-0.5984608745023993	0.05821399185634787	0.1408752221050551	-0.1544634793895594	0.04463757532280883	-0.2157535255218474	-0.2852993251550546	0.1184450880189066	0.02105402607541771	-0.1462719970567647	-0.2815643602701304	-0.02476297439291015	0.0002280539210617313	-0.0009322766705461836	0.3398034532587729	0.1453121740889576	-0.005236491293065828	-0.004147593977799904
0.205	-0.1909595189006906	-0.1508483515757091	-0.3194172746202621	1.176720048371345	1.056328024821837	-0.1022414106699864	0.2902342870010551	0.1760921064631433	0.2544566017382573	0.1717786245998816	-0.1497710201757282	-0.2705608887197216	0.3620535807399922	0.9690270045511059	-0.884751399897631	0.1434646720476264	0.1434646720476264	0.09705876883681917	0.09705876883681797	-0.8792380269098972	-1.287433572035957	-1.140547243576386	-0.07177748711174289	0.7572939636220868	-1.096797436982211	-0.2032510191843191	-0.09841412575841328	0.5808482610074078	1.771990822129108	-0.1858546276767971	-0.1658112600493903	0.1742505796722082	0.1904567846027153	-2.540961400797522e-06	-1.533838511214328e-06	0.5087824748561613	-0.7840428931906989	1.563198596580337e-05	-0.0001950953688687873	-0.08503480048370281	0.1298825045740251	-0.5365296813532151	-0.0001659787402555083	-0.02858744911010987	0.03841365297549761	0.09672041301154119	0.09921435419715957	0.7633426338288346	-0.1347231350254317	-0.03976836110949027	-0.9848856539841714	-0.1534737912237964	0.3106423105772156	0.1871264055374928	0.06083219909466134	0.0608321990946614	-0.1929137388009517	-0.1929137388009519	-0.4484978791787915	0.6304735216859763	-1.008335678281795	0.006457608856368315	0.119178899043288	-0.1844886560473616	0.06162062094793559	-0.4736805784133781	-0.304158874904457	0.1748820633779441	-0.002372236974768671	-0.2734724598884705	-0.2193437702561521	0.004273442418183198	0.0006361858308531853	-0.002481993729812433	0.5119446910997578	0.3162480639758239	-0.01655022253623573	-0.003345491622364271
0.21	-0.1913416225909651	-0.1502752318946242	-0.3219340177319758	1.176716826317318	1.056198554268165	-0.1021074089632902	0.2906331159197747	0.1764885075623847	0.257654845765016	0.1712188447532052	-0.1499232794451884	-0.2748107965160743	0.3614837031300053	0.9706894868011851	-0.8844543785133369	0.1436970330518176	0.1436970330518123	0.09626435575765975	0.09626435575765604	-0.8813590872879674	-1.284732643221847	-1.144500619319401	-0.07169781367150359	0.7579723023163321	-1.097782134713489	-0.2031416571076224	-0.1004050538405271	0.5799227462189254	1.77289799454905	-0.1859035631659519	-0.1669261800452533	0.1732165636839049	0.1904079786583367	-7.616708706036647e-07	-1.048681293326051e-05	0.5102331622986342	-0.7830218871598049	-4.628408580737993e-05	-0.000211874519658503	-0.05283218939499895	0.081869527658661	-0.4268081653226303	-0.001446911254369028	-0.02032575820679321	0.003672463625858346	0.04142265807175269	0.04046479376057518	0.4051259434987023	-0.07834115080981005	-0.01099478923603103	-0.5908227615709221	-0.04611552874806858	0.3668551729015702	-0.1721160796636237	0.01521465614810628	0.01521465614810632	-0.0982275608233829	-0.09822756082338266	-0.3810017645855741	0.3673001735914022	-0.4039754462967973	0.03955387551594454	0.1630913791894195	-0.2083657572153155	-0.03717168163774773	-0.2409072590575956	-0.0146527636555078	0.1793204777711695	-0.01548265041959133	-0.1268600616040436	-0.201690514029761	-0.03521695604940974	-0.0001182270906596994	-0.0005126930889915058	-0.05482084272087415	0.01314842728558583	-0.004286656651763957	-0.003530724578840657
0.215	-0.1914209845916319	-0.1500600513797896	-0.3235981391335972	1.176706540438998	1.056134852498414	-0.1022304409135468	0.2905702757393208	0.1764407354246356	0.2583720943973402	0.1709763182994247	-0.1498344147011372	-0.2762824400866599	0.3615798654967449	0.9727102388147858	-0.8865903728579474	0.1435990936544282	0.1435990936544289	0.09612257553136856	0.09612257553137109	-0.8830316402044344	-1.283861891889502	-1.144376733933012	-0.0713231028619646	0.7589103184263394	-1.098817420958983	-0.2036049633355416	-0.1006589810566611	0.5806607150414816	1.773692323384644	-0.1859820252714633	-0.1670200826703028	0.1720669540554417	0.190098832390432	-3.304103250336568e-06	-6.775002761395393e-06	0.508236658546954	-0.7839346555002685	-2.401688803680335e-05	-0.000229008152620782	0.01902821504600039	0.01539209033330966	-0.2628073538812595	-0.002199964030460694	-0.006106202461069597	-0.04669755429671817	-0.06039171961382105	-0.05183123431975142	-0.03663874450382195	-0.03154182605537741	0.04577089135932214	-0.08225399785866155	0.05650665201525893	0.4317072143316417	-0.6056227804169406	-0.04118469294423969	-0.04118469294423976	0.02581207138689781	0.02581207138689786	-0.2903977536498814	0.04123073225299918	0.3316553436482743	0.1077362065766216	0.1983168480211559	-0.1946989459132637	-0.1251306042461034	0.09060251480853881	0.2442905347351089	0.1281415423592767	-0.01153717703871258	0.05520697244517216	-0.2743975063129069	-0.07847764712430966	-0.0006954345852564908	0.001549819443471678	-0.6216146032885261	-0.3017529604215072	0.01059726127405519	-0.002659560537084379
0.22	-0.1911719321813278	-0.1500094168707098	-0.3248017608563414	1.176699501437445	1.056127979715884	-0.1025125076119397	0.2900908688300314	0.1760476193645919	0.2581043357806299	0.1707747025391214	-0.1494732684865669	-0.2764775298066141	0.3617680314158715	0.9749091747624307	-0.8897440175398698	0.1434172433439534	0.1434172433439602	0.09636544248230995	0.09636544248231871	-0.8842868483409529	-1.283718032170256	-1.142402808454959	-0.0706463940229677	0.75981748862862	-1.099618626221932	-0.204162761097245	-0.09998636727039635	0.5817101539868469	1.774076714831572	-0.1859752847888767	-0.1667150307121922	0.1703101469312021	0.1897228412269754	-5.682903963398833e-06	5.354043587974774e-07	0.5052386768123758	-0.7852743887335247	3.372578207377767e-05	-0.0002318384443394807	0.07853357499335033	0.01605112535676448	-0.2426082937717408	-0.000148160547280416	0.002405836681983364	-0.05994143562870991	-0.1252040334624499	-0.09767277515725536	0.01112304388488119	-0.06197687341896905	0.09791779897158513	-0.08020122131830483	-0.009314107793239303	0.4381287465192303	-0.5791762145883259	-0.01834970908604307	-0.01834970908604325	0.05563131006965234	0.05563131006965221	-0.2140638526062118	0.07654352835130399	0.3360405903688449	0.1603530872990997	0.1507530160987362	-0.1147333641974932	-0.07496829515142857	0.1297091419018835	0.1099352854679999	0.01534552230466826	0.01859838481957879	0.03272177166001915	-0.4445695123403429	-0.0619549142701457	-5.277442399144382e-05	0.0009267456903395993	-0.4554120358801153	-0.1576375298314821	0.009903532284237841	0.002190611918591492
0.225	-0.190673521771811	-0.1498779363827905	-0.326121808807503	1.176706068289827	1.056151035682485	-0.102799176990408	0.2893616807971149	0.1755375825880889	0.2587332191365877	0.1703359968065319	-0.1489120367260864	-0.2773556660833708	0.361433500988715	0.9770744490336543	-0.8921599602470996	0.1434486501847191	0.1434486501847254	0.09663694087750203	0.09663694087750786	-0.8851607434137334	-1.282903756431379	-1.141428258211725	-0.06976717294727726	0.760378371736868	-1.099983629760275	-0.2043113505292983	-0.09955134342625907	0.5815575161478787	1.773878031594669	-0.1858064381353032	-0.1667915689562973	0.1678067650908211	0.1895022469165221	-4.377054757861493e-06	1.485348889418427e-06	0.5039139515212646	-0.7853974634933395	6.761095807487589e-05	-0.0002084966371343398	0.1156817714390166	0.02987154792691542	-0.2818980106791992	0.002508704111439553	0.006237712157226811	-0.05469085371484358	-0.1643234212473109	-0.09934737507092756	0.2098723490809205	-0.105683047636238	0.1160986530619088	-0.2420497723423961	-0.1084101685913454	0.434233876249762	-0.4180081197544065	0.02454586915923885	0.0245458691592387	0.05972330884356278	0.05972330884356236	-0.1345672198519781	0.2278501428045629	0.09220964335760919	0.1845909114013702	0.07940653003530293	-0.0459038735250946	0.001222848222126611	0.05503086737071171	-0.1429865218221121	-0.07771318691809405	0.04241656779825759	-0.04872005760368445	-0.5304467281521247	-0.0315645480362314	0.0004482925868241099	-0.0003297721482323541	-0.1314459945735008	0.06680986687475654	0.004313480786656808	0.005919974955144745
0.23	-0.190066602640681	-0.1497773966102813	-0.3275856122029966	1.176721926504676	1.056184568459439	-0.1030590615286509	0.2884691122021265	0.1751240912176129	0.2598974797772656	0.1697960957825646	-0.1484170444775353	-0.2786079923596182	0.3608448086747383	0.9793140426677238	-0.8942321712519212	0.1435990362732164	0.1435990362732224	0.09703022817911817	0.09703022817912108	-0.8856232509729329	-1.28165269698616	-1.141096410657056	-0.06886792922471106	0.7606696169573216	-1.100224023181036	-0.2042936293561039	-0.09932875388051247	0.5805603277609577	1.773470639263869	-0.1856163561990099	-0.1670560611712451	0.16526904460628	0.1893543783653625	-2.468193288980405e-06	-5.923598249374004e-07	0.5033545377265491	-0.7850222676550855	8.349001664490003e-05	-0.000184900054871234	0.1219370636386842	0.003674839192671578	-0.3001104715045328	0.00356838443992481	0.006596560822524669	-0.04922749953858839	-0.1905562582912134	-0.05905461274641385	0.2252739577729196	-0.1024549899701632	0.07142199419977428	-0.2298772211146027	-0.1109788625213299	0.4678564916575576	-0.4416835336249219	0.02924199000663885	0.02924199000663872	0.1043468726392756	0.1043468726392749	-0.04950884717387632	0.2512570108877849	0.07895951494253803	0.1683621460493971	0.04289786098099286	-0.06488931716448103	-0.008444053052387736	0.04473542254559914	-0.22788493371306	-0.06813811525391186	0.02709249790747911	-0.04245981667700582	-0.4583049700043689	-0.03286461055267827	0.0001884304813460541	-0.000284315607651107	-0.1492874373218658	0.04167070939597619	0.002701085311808239	0.00229252194177743
0.235	-0.1894745221102062	-0.1498648679465967	-0.3291162163672252	1.176740879416111	1.056216095387471	-0.1032928083326178	0.2874623678907552	0.1749681210451289	0.2608840672631426	0.1693318081767259	-0.1482305000209732	-0.279572298743318	0.3603694877419413	0.9817828488836067	-0.8966599703142331	0.1437120422989479	0.1437120422989478	0.09767948885404878	0.09767948885405132	-0.8856999673929457	-1.28044959868523	-1.140525917362098	-0.06810272781361905	0.7608411266411501	-1.100661389095541	-0.2044254548664277	-0.09905605073982557	0.5793264733461561	1.773241749615847	-0.1855489249846138	-0.1671855404943787	0.1632070347784745	0.1891847834383816	-2.394859523518709e-06	-2.770644239647536e-07	0.5023707844373393	-0.7850837029859749	9.586659394437211e-05	-0.0001882143608322049	0.1159398445273632	-0.03680801382391239	-0.3142564301397436	0.004098871880829473	0.006408153108110996	-0.04458475195433907	-0.2129455505796611	-0.006087674231175609	0.1794384440918528	-0.08687143188163338	0.007087083222286655	-0.168291714421126	-0.08627813042173776	0.5194516479243519	-0.5150797228105585	0.01650716038644775	0.01650716038644772	0.1484575810008592	0.148457581000859	0.01035343896093639	0.2392548804585057	0.1344141469408764	0.1406254576940684	0.02667329995976462	-0.1012279442787779	-0.03596888836412233	0.06320090460876626	-0.2857904919044092	-0.03147636445979616	0.003734489068910394	-0.01791572491804949	-0.388191799495739	-0.02750153255228449	-9.579897722055883e-05	0.0003044965361595352	-0.2029058474424902	-0.04898761474708496	0.001854538033652332	-0.00277048743585119
0.24	-0.1888967572356461	-0.1501269231495714	-0.3307494288639222	1.17676377614095	1.056252589417699	-0.1035080443472559	0.2863316158531064	0.1750356722954614	0.2617926382933241	0.1688912676685848	-0.14830726069734	-0.2804153733243874	0.3599107411722784	0.9845064156792546	-0.8992394047951344	0.143769575278104	0.1437695752780978	0.09844580582580677	0.09844580582580895	-0.8856044049854023	-1.279167422471833	-1.139900505748646	-0.06743260425470382	0.7609460228310126	-1.101148011580234	-0.2045701456126149	-0.09870819412562878	0.5775010862449458	1.773075289414222	-0.1855404662961412	-0.1673210565438416	0.1611701982275438	0.1891540813167135	-2.793203081777829e-06	1.393233217851642e-06	0.5017385595613199	-0.7853395715325105	9.808532123814066e-05	-0.0002041273603266002	0.1162108012727696	-0.06615870747104406	-0.3411538044918711	0.005145909801479199	0.008583401700850528	-0.04182318380707734	-0.2401593488022185	0.03035395638018626	0.1940673754947227	-0.09295615089119165	-0.03390005897178808	-0.1813845000624438	-0.1043491172676209	0.5697607235635487	-0.5023377010607897	0.007052771376468036	0.007052771376468105	0.1511693913702266	0.151169391370227	0.01940268384852917	0.2828881758744349	0.1009268423404377	0.1303310051786829	0.01625246339457412	-0.08459194523942502	-0.01359014739768815	0.07479681194954527	-0.4644980082764958	-0.04316633669523882	0.003503487538122529	-0.04487450720871391	-0.4482356592544082	0.02269251157246817	-2.404481422730264e-07	0.0002576852886863935	-0.008676072045755528	-0.03610257686263221	-0.001362054690473184	-0.002746955471592411
0.245	-0.1883174467758287	-0.1505067473027451	-0.3325361324163753	1.176794211809282	1.056303598122523	-0.103714030719944	0.2850733356408207	0.1752434676153367	0.2628446631205151	0.1683978795701432	-0.1485389142808632	-0.281410899845394	0.3593216273660635	0.9874750495594407	-0.9016702895052932	0.1437944667360299	0.1437944667360269	0.09915673244366939	0.09915673244367013	-0.8855653939755549	-1.277612427853725	-1.139567715190218	-0.06679572696002736	0.7610255916621992	-1.101503930916807	-0.2045598073907346	-0.09833888279236659	0.5747341091805487	1.772806507213327	-0.1855025385534784	-0.1676282381836998	0.1587158365695273	0.1893622867781415	-2.284382633355557e-06	1.506684530891676e-06	0.5022783209820109	-0.7853978941315121	8.44104101362998e-05	-0.0002118042483074554	0.1133961760723391	-0.08368653525484994	-0.3730179451348944	0.007327111344319278	0.01175453997967115	-0.04086070662143385	-0.2597954590179218	0.04991296859476998	0.2205721739282707	-0.1015702986059168	-0.05657143849720053	-0.2092571946357104	-0.1246042244131722	0.6168488023102806	-0.4820923633438423	0.004686245336616785	0.004686245336616739	0.1332513685717613	0.1332513685717613	-0.009467201380698754	0.3318279813708191	0.03627914205821818	0.1222494474226238	0.01901425827874555	-0.06587245812021821	0.00967633679886493	0.06795474138161244	-0.6101742872284285	-0.05706567244047572	0.01004945793674249	-0.06815042886892853	-0.5192813319389191	0.04327104355781645	0.0001760971061757511	-0.0001469195028362167	0.1854561450309307	0.006103664172980218	-0.003267023858787731	-0.0004778598555212788
0.25	-0.1877839675407412	-0.1509429443166839	-0.3344745116017264	1.176840034792525	1.056369479415004	-0.1039195448270031	0.2837672340338687	0.1755062899516572	0.2639366562180725	0.1679038525813209	-0.1488510757229094	-0.2824322561336997	0.3587316207361988	0.9906664634403516	-0.9041810902319841	0.1438342620668876	0.1438342620668878	0.0997788206394981	0.09977882063949742	-0.8857557662139207	-1.275921959558106	-1.139496816717788	-0.06623181443317032	0.7611705573057866	-1.10188770284874	-0.2045538732381356	-0.09807837651154991	0.5717205286752002	1.772577441402037	-0.1854561532326761	-0.1679040836338744	0.1561196616282873	0.1894136054578828	-1.308947233374617e-06	5.778907958311058e-07	0.503201876058717	-0.7853452336216713	7.382394156501758e-05	-0.0002104465602295294	0.09787831138082921	-0.08870785177708093	-0.4018240576510648	0.01130083576587478	0.01453243676353612	-0.04163427755551576	-0.2592879066687214	0.05236476295822417	0.2100546836412576	-0.09321170704346399	-0.06610320238099748	-0.1917164069820537	-0.1047062467275029	0.6588727238535137	-0.5343041076736792	0.0130143205491579	0.01301432054915774	0.1156340225566689	0.1156340225566686	-0.07235061543679945	0.3370776468788894	-0.003829992058658334	0.1011450980509228	0.04241118835485385	-0.09573298338311274	-0.0153517751102206	0.03127479097133493	-0.5631393846571155	-0.02727978085360317	0.006886518793908326	-0.03234003133526348	-0.5049609725437851	-0.04006220110220426	0.0001864055324811946	-0.000159212730553848	0.1448413903603538	0.008290666674245443	-0.0001266776782497252	0.0008668749519200086
0.255	-0.1873296741617934	-0.1514126257096389	-0.3365695564588716	1.17690867978828	1.056451513978266	-0.1041291685011254	0.2824515583065116	0.1757827223306416	0.2649292559036229	0.1674337155695152	-0.1492206618044553	-0.2833347778550659	0.3582506096628242	0.9940896641376041	-0.9070096998748818	0.1439038674147233	0.1439038674147221	0.1002956149155754	0.1002956149155784	-0.8863248376955383	-1.274271345316356	-1.139581478144364	-0.06577659917308414	0.7614602404195302	-1.102449376828077	-0.204704892929756	-0.09798944875149881	0.569077523195699	1.772528614832747	-0.1854344942698626	-0.1679483010371085	0.153603865382936	0.1889814078192232	-6.81094664636217e-07	8.613140891193248e-07	0.5037771829550387	-0.7853402181061403	8.431043178463348e-05	-0.0002038835520667887	0.08778650608299236	-0.1050101667523581	-0.4397659776841878	0.01613371387559274	0.01887315199131671	-0.04167812824254136	-0.2761827395510786	0.0640957585875217	0.190074988688722	-0.1041861388007568	-0.0879966866885112	-0.178332333585537	-0.09968417273937867	0.7163307425160188	-0.5840179699753186	0.0089895895434365	0.008989589543436524	0.08758156889461576	0.08758156889461551	-0.1527416333623887	0.3244030151858544	-0.0298764453165945	0.08460822875022975	0.07206725341341397	-0.1185441606042573	-0.03523960362217574	0.01656956328835662	-0.5325656282347131	-0.0004597265045889817	0.003248923732922896	0.005492894735813939	-0.5197522621894254	-0.1116146217156158	5.879842884758199e-05	0.0002430758168943335	0.1300529159640547	-0.004580515739723575	0.00371753437024715	0.001795104629413889
0.26	-0.1868666278210644	-0.1520515005976818	-0.33890789230334	1.177001137444675	1.056564128569419	-0.1043309554709201	0.2809134030855882	0.1762061232370522	0.2658683040860578	0.1667685607820938	-0.1497936971543058	-0.2843059799897659	0.3576149191076346	0.9978890027401967	-0.9098900521366367	0.1438657756719093	0.1438657756719067	0.1006196151386369	0.1006196151386436	-0.8872578191090662	-1.272665579752597	-1.1397939998384	-0.06534905991800119	0.761877281802629	-1.102969219977306	-0.2048081042951996	-0.09778994837627385	0.5660098441819393	1.772490755340571	-0.1854089454213327	-0.1679407564395742	0.1507381916404664	0.1885094815671869	-7.803336065646279e-07	2.713586655026423e-06	0.5049501206963154	-0.7853739993318476	0.0001049618913089998	-0.0001921277507730146	0.1013794960932598	-0.1563852498122587	-0.4991404525803264	0.02082590002162628	0.02676444791992272	-0.03849959582449757	-0.3482797040952526	0.1111521739287227	0.1886340823950211	-0.1712188172897297	-0.1474829097028303	-0.2191885723155521	-0.16657803945349	0.8093278859894237	-0.5550011552165517	-0.03006451571072026	-0.03006451571072005	0.03851640135038514	0.03851640135038498	-0.2179145882009165	0.3191381756829859	-0.0549740990423359	0.09007469604963485	0.09335449609695036	-0.07900065133944353	0.003771555360517253	0.0755038370408775	-0.7330087983605417	-0.02289295000778574	0.008442473080453325	-0.01163523102789731	-0.6449119713911001	-0.05595364645283098	-0.0001044310717855295	0.0004683269784937032	0.383893728342399	-0.007228029821065017	0.003939310043650425	0.002943992204333351
0.265	-0.186379414996712	-0.1529453533517018	-0.3415784930299665	1.177113996972243	1.056712538895985	-0.1045105352006102	0.2790600048662702	0.1768909363717731	0.2668247252174459	0.1657922039993051	-0.1506931353051203	-0.2855679836328357	0.3566529980211814	1.002171810002687	-0.9125344818784742	0.1436251848469957	0.143625184846992	0.1006714565238638	0.1006714565238667	-0.8885532527252233	-1.271023415020134	-1.140271519607028	-0.06488500884678899	0.7624013570310185	-1.103222913415455	-0.2046702081728892	-0.09728467679332906	0.5617716619579071	1.772297990385958	-0.1853712990669786	-0.1680783732294978	0.1472308626872111	0.1884614495438232	-1.228125023359693e-06	4.074465477247188e-06	0.5076273549012652	-0.7853978612661762	0.000122021223697602	-0.0001778380596337948	0.07688588720502153	-0.1891778992592701	-0.5686659813243535	0.02378600446845512	0.03067466927402377	-0.0331823800651346	-0.3656909978359815	0.1565037781331822	0.1920985703909231	-0.1956332784395901	-0.2058832309572934	-0.2842263350192067	-0.1912004257629654	0.8959247941798175	-0.512236393077384	-0.05624499639656075	-0.05624499639656053	-0.01605086181214016	-0.0160508618121403	-0.3169794649213984	0.3477776069288723	-0.1632133436535	0.09011158855297899	0.119279227359012	-0.02951070411134168	0.04078769027536561	0.1044858888891981	-0.9174911564757146	-0.04657133387884672	0.0007851144137716276	-0.0370977007292598	-0.7340815611154541	0.0235403982708324	-4.833515795273729e-05	7.393753861538741e-05	0.6498311408263462	-0.001416495521455427	0.003272854505783836	0.002083017292567895
0.27	-0.1862639664134412	-0.1538235000649102	-0.344590213549124	1.177233678423989	1.056851625127834	-0.1046612801117071	0.2775303789651882	0.1777084680001196	0.2677709317922736	0.1650491341715597	-0.1517884382672221	-0.2871343778410264	0.355972814543653	1.006769548433727	-0.9151070725830002	0.1434025938865287	0.143402593886524	0.1004763963750021	0.1004763963750011	-0.8905948198248747	-1.269087304787042	-1.141697928627381	-0.06450228547129397	0.763100110397221	-1.103334666820329	-0.2045062194253286	-0.09696627855986026	0.5572826619649484	1.772101458981366	-0.1854594038196693	-0.1682485956047443	0.1436367565172675	0.1886128811615302	-1.000181816294409e-06	3.432091923388149e-06	0.5110767439764672	-0.7853791618031729	0.0001415747523067718	-0.0001781862474352022	-0.04732620033941581	-0.1501028334876735	-0.6355883695926953	0.02355466969301795	0.02303481003341947	-0.02696566838720154	-0.2187707768008424	0.1642395713789495	0.1845482597707901	-0.07790403527240561	-0.2258288342177726	-0.3409447983639063	-0.05388299588359076	0.9353003534094811	-0.5262655402920146	-0.022864569932013	-0.02286456993201278	-0.06024421228505391	-0.06024421228505403	-0.5163679815985553	0.4367163759344427	-0.4345297997322283	0.05754361776277866	0.1632257512221671	-0.02222463802884014	0.01420860546061894	0.0007544972504771348	-0.8333359059312119	-0.0243995299998682	-0.04185796973750743	-0.02467746515713345	-0.6796228580664023	0.02383180997548147	0.0001658627777586099	-0.0003329739719382178	0.6927556764432912	0.009796529111677891	0.004936988531877447	-0.002911159371917525
0.275	-0.1868242023265391	-0.1544251440044521	-0.3479192857774682	1.17734808885799	1.056942120197903	-0.1047816160446043	0.2768570757663807	0.1785045428486353	0.2686987708873831	0.1649886017521518	-0.1529138533623719	-0.2890055214851103	0.3560824308170196	1.01148587518663	-0.9177805057745531	0.143402832773037	0.1434028327730334	0.100055266040207	0.1000552660402015	-0.8937125465425636	-1.266652382425027	-1.144532132100256	-0.06429772282032295	0.764039465316814	-1.103488379626851	-0.2045079995169411	-0.0972268841973398	0.5534556134896965	1.772034247678062	-0.1857474595341723	-0.1683105429159556	0.1403832733949792	0.1886135626886974	7.878006029542883e-08	2.134018764473857e-06	0.5144646401901323	-0.7853278346298426	0.0001671737544625039	-0.0001970031562244341	-0.1543486831985606	-0.09837533756557422	-0.6939423721267458	0.0224276280990051	0.01495435862036263	-0.02156365407039779	-0.08109651481983655	0.1543286831693511	0.1948983772409305	0.02462314374839519	-0.2227330414149841	-0.415329300333193	0.06224083426114999	0.9509762959257742	-0.5281768832993015	0.01459117867339774	0.01459117867339785	-0.1129477750845207	-0.1129477750845208	-0.7102464314631921	0.5276054578399765	-0.6552261249286727	0.03202282071830195	0.2105866803933125	-0.0409063263864573	-6.527510701923946e-05	-0.07312721897808314	-0.7408620418772899	-0.01384026358460425	-0.05889647018409225	-0.003264692588040464	-0.654771751643548	-0.02769508409840894	0.000209910116510396	-0.0001947874936747243	0.6824504256057883	0.007857489928978495	0.003891749153768286	-0.001933298583225479
0.28	-0.1875832584284152	-0.1548854593929307	-0.3515086557742089	1.177460135946894	1.057019080120301	-0.1048808661453984	0.2764139536960127	0.1792531379832329	0.2698030255543621	0.165004686371435	-0.1539997270571005	-0.2913658372549937	0.3562403361765739	1.016276770874725	-0.9202395328856952	0.1434648162146402	0.1434648162146378	0.09929952008965472	0.09929952008964474	-0.897492521399368	-1.263907721318957	-1.147810935231775	-0.06410464348318423	0.7651866818389371	-1.103760188502255	-0.2043583185064128	-0.09737885541699902	0.5494402559690973	1.77184950362289	-0.1859036900627143	-0.1683128748632314	0.1367590253928858	0.1882945714706482	5.408007851402294e-07	1.398894966168684e-06	0.5181017243983548	-0.7853293554067977	0.000166383612077983	-0.0001706961776619594	-0.1268542758507186	-0.09357141306233155	-0.7397074769512753	0.0226093316542076	0.01762075096542712	-0.01853133554594109	-0.1266983254251157	0.1452476858116794	0.2551144885185787	-0.04725721979599643	-0.210012274049343	-0.5366136486836874	-0.03456736140849178	0.9651279274861815	-0.440503108127769	0.001833252105993368	0.001833252105993369	-0.1940904585879759	-0.1940904585879761	-0.781267237244709	0.5606118735568359	-0.6123696631898141	0.05295029222985658	0.2463703922342506	-0.06946306558122324	0.07479304631692744	0.04420826437860135	-0.9086595240702323	-0.07141263074701933	0.01087210464688635	-0.0008313195829454426	-0.8279288099884602	-0.1040372881111051	-8.09136829394064e-05	-0.0001077942276945696	0.7924308742661872	-0.01134265100247507	-0.005618669284223822	0.01513839556876517
0.285	-0.1881631997183494	-0.1553883139140411	-0.355256848175807	1.177565641715323	1.057114925005746	-0.1049849319195125	0.2756843651857955	0.1799771131352414	0.2711734038754351	0.1646875627034819	-0.1550389644532683	-0.2941978407388123	0.355877619507993	1.021187849211013	-0.9222787176183864	0.1434312277809589	0.1434312277809583	0.09824114375104931	0.09824114375104913	-0.901443549931411	-1.261052592068031	-1.150640832984544	-0.06376280586711271	0.7664743572097582	-1.104132972603672	-0.2038259450257255	-0.09691453451785868	0.5442736364304781	1.771274399050542	-0.1857153859164539	-0.1684259226420135	0.1320346644182653	0.1876805337150314	-1.105075389179762e-06	6.286789561003862e-07	0.522515643464609	-0.7853900152712812	0.0001243872637768228	-5.78458979739288e-05	-0.1413911583130286	-0.1044829769658409	-0.7500954125298779	0.01765925792679038	0.01825631606952933	-0.02626236536468625	-0.1157702923526282	0.1484156543030745	0.2695449969857895	-0.01644573323843949	-0.2125067689768526	-0.5537630987060748	-0.04562459698683045	1.009744156013158	-0.4097854558891592	-0.004854430534848345	-0.004854430534848059	-0.1994875970267408	-0.1994875970267409	-0.8046907782603735	0.5910026927507217	-0.5617157035362865	0.07707842601511113	0.2648682798993715	-0.06785980762591182	0.1100650895077838	0.08344976342200683	-1.130510062223453	-0.1562921587345245	0.03461751274971157	-0.06290364478084455	-1.028526383207353	-0.1158741681540311	-0.0004382532730236341	-0.0002184872346188841	0.9652881428208236	-0.009874132159048846	-0.007225463879443991	0.02482920695359729
0.29	-0.1893598591934463	-0.1558994149784293	-0.3589148691879269	1.177617391348258	1.057177034409567	-0.1051751637116951	0.2757499186355774	0.1807780273193775	0.2722635570949713	0.1654716941805185	-0.1561930355924601	-0.2964792217806775	0.356433037297076	1.026478619924696	-0.9246835341539908	0.1435204138597229	0.1435204138597241	0.09760236891763234	0.09760236891764196	-0.9055948952088505	-1.257902065732079	-1.153849354923325	-0.06340092250486952	0.7677970498759829	-1.104320878904918	-0.2035385801758371	-0.09712506110133415	0.5384099376384031	1.770309952430121	-0.185855835346293	-0.1691270698395495	0.1268066535273359	0.1873928662489235	-2.449896807446556e-06	-9.679279628815085e-07	0.5276761197324167	-0.7853976251020693	0.0001336730348515054	2.587079834551644e-05	-0.3735415499158397	-0.09687003037346753	-0.7036389211599929	0.001106877457154867	0.004126558315994034	-0.05299774277336358	0.1913584585744684	0.1760232986627382	0.1430244479037814	0.3932448381998768	-0.2559457712589708	-0.3163646719022916	0.3326864216570813	1.117004878443827	-0.5867558292929941	0.05094305708408877	0.05094305708408935	-0.02624985651260333	-0.02624985651260322	-0.8613939354033149	0.6787707075671443	-0.7638193375949954	0.06096859069852328	0.2603773103957242	0.00448805448680927	-0.02321040600264621	-0.2257307286677072	-1.18749122545254	-0.2271494499765766	-0.1206293257929424	-0.2360710870845308	-1.029388776512025	0.02651082769244074	3.950821948187267e-05	-0.0004383505912600081	1.091053754887599	0.009877362475673852	0.01489417846611327	0.003484962221331059
0.295	-0.1917632919633419	-0.1563497430367805	-0.3622721233890844	1.177584979929846	1.057164512143801	-0.1055118186694501	0.2774408098482516	0.1816932225703971	0.2726199025910077	0.1684558396103277	-0.1575450908781819	-0.2973244963612128	0.3590823010132805	1.032293880060931	-0.9281950329477432	0.1439384753956597	0.1439384753956583	0.09797629273806813	0.09797629273807397	-0.9099219741183872	-1.254304711071998	-1.158176166203976	-0.06317898998663912	0.7690574135894721	-1.104170791627402	-0.204088085684175	-0.09905126080270062	0.532549819060541	1.76915010154805	-0.1869483513030467	-0.1706932727236007	0.1220106503355446	0.1878774165430581	1.809376249254972e-07	-4.416362336505391e-06	0.5331248320972444	-0.7853661991042251	0.0002612504493184105	-1.900069838388004e-05	-0.5258957092613482	-0.08665828493127171	-0.6419512369501322	-0.01036562841720289	-0.005120294486594828	-0.0781070647382278	0.4050299076103217	0.1772198435744817	0.02394923702342434	0.706572515366962	-0.2678921630532172	-0.05442015403314367	0.6408450775975616	1.186182235766835	-0.796100881185862	0.1047442925240785	0.1047442925240791	0.1469500422104272	0.1469500422104272	-0.8409694374588579	0.7411518458988519	-0.9045352164403554	0.02947539241910722	0.24368862045828	0.02685030621807568	-0.1745816923348164	-0.4607630770732294	-1.155931629387585	-0.2107555372032302	-0.2919972968115864	-0.3533439410391805	-0.9032627083650251	0.128064191258999	0.0007962312166632656	-0.0007956161552679107	1.064647343464283	0.002212516527059354	0.03096487948006931	-0.01531005793923936
0.3	-0.1939994577982491	-0.1567999687473847	-0.3653612663338996	1.177550793228136	1.057165983166061	-0.1059206626031732	0.279000536522832	0.1824218761734161	0.2727474043303321	0.1715990111506199	-0.1587021154232267	-0.2973501732582218	0.3619797482007799	1.03811127287953	-0.9324271148956285	0.1444524841373059	0.1444524841373019	0.09878317591498303	0.09878317591498507	-0.9137199076739146	-1.250680740378752	-1.162271007505481	-0.06308945882242377	0.7702331405351489	-1.104339341345753	-0.2050642960492085	-0.10089283112401	0.5268568671075741	1.768462750714574	-0.1885320107134393	-0.1722898479949735	0.1176315243620803	0.1882810571744893	3.346471991149282e-06	-7.470019486344292e-06	0.538084754691267	-0.7853803051381484	0.000391602751246405	-6.599475130837447e-05	-0.3066347759204327	-0.09682909127469867	-0.5963944186230981	0.0003967641383884431	0.009723873526441428	-0.08187333316058619	0.1388926433369914	0.1014066394624996	0.05148694521900367	0.4568552823931131	-0.1779334749881148	0.01147440150829632	0.4319598101750268	1.117857951389155	-0.8749890909461361	0.08932193936784592	0.08932193936784665	0.1469338860790331	0.146933886079033	-0.6497357937996864	0.689417120833459	-0.6710313459370717	0.008008049092502478	0.2265226032707855	-0.1229667438596647	-0.1938923486809086	-0.191878976644857	-1.120624575494482	-0.03814943053880838	-0.317086707248513	-0.2482200420131319	-0.8626378891812735	-0.005853037388926233	0.000253388193022565	-0.000280439701746016	0.8955378465654834	-0.008335450231331401	0.01600413345054909	0.002635939743291877
0.305	-0.1946546805182059	-0.1573397476134478	-0.3683081483194114	1.177601796336481	1.057272800945914	-0.1063036470806712	0.2785787988627636	0.1827132393752726	0.2732738443620352	0.172692666752346	-0.1593216769634063	-0.2974648317995278	0.3630856105755745	1.043411804720021	-0.9367793822426784	0.1447771801869495	0.1447771801869451	0.09930592637526384	0.09930592637526456	-0.9164025583513853	-1.247451689122178	-1.164708985122101	-0.06306063701626809	0.7713029256181688	-1.105381240031981	-0.2058695051386828	-0.1008068435313968	0.521369948660022	1.768729123963443	-0.1899673721774973	-0.1731090368395267	0.1131855715457607	0.1878123613042554	2.092356658529235e-06	-5.277534890854166e-06	0.5420628862089375	-0.7853981718131359	0.0004182770041716851	9.796707292057797e-06	0.01862331237176341	-0.118481498568856	-0.5962711680510914	0.0187274754322772	0.03128193579402475	-0.06931080164970579	-0.2783592630912416	0.02888169411726393	0.1643848609883745	0.006532876645493832	-0.08566982350544231	-0.07754779663495742	0.02980276978136474	1.01275589227147	-0.8511446961709586	0.04186886078836352	0.04186886078836389	0.06226780665361471	0.06226780665361463	-0.4441187736048782	0.6136687218159991	-0.3290166814811554	0.009402746834414007	0.1972902856614073	-0.2609167782743086	-0.1184779180598554	0.1731953627131262	-1.069073213528699	0.1119441866394474	-0.2507434065118898	-0.1031907602575049	-0.9164740822240935	-0.143798087412443	-0.0005699114809609066	0.0009265686888374003	0.6956901944480037	-4.161600412185542e-05	-0.001786961935805003	0.02219284566718348
0.31	-0.1940724484301909	-0.1579787741672566	-0.3714631059391051	1.177725297944786	1.057461589497791	-0.1065936740577813	0.2765092283346506	0.1828481236429604	0.2744442108754774	0.1719235991005564	-0.1597166004824983	-0.2983277510106139	0.3624719521989794	1.048342842876886	-0.9407908303403092	0.1448842965481786	0.1448842965481736	0.09940686906772637	0.09940686906772579	-0.9183690383741263	-1.244429399760393	-1.165809744127996	-0.06293661061943316	0.7721650319490054	-1.106619749604922	-0.2061519415393174	-0.09969166400664871	0.5162168308722636	1.769254647146496	-0.1909763000599304	-0.173559108242042	0.1084594750910637	0.187221348533287	-5.014143673630192e-07	-5.129811090169377e-07	0.5450414109751995	-0.7853930252605942	0.0004092078353346755	0.0001010557250664854	0.1883471472682658	-0.1365281663730186	-0.6796246722958692	0.02939616412225557	0.04251218233585324	-0.04469033300543331	-0.5202405038808231	0.03881506579503911	0.3090575379146738	-0.2882340190131903	-0.08807826655312245	-0.2878298664037569	-0.2558484903807874	0.9700604779384274	-0.7386613911784652	0.002290064002025244	0.002290064002025242	-0.02178922104827244	-0.02178922104827251	-0.3632675319078271	0.6067123629178605	-0.1361439016468524	0.04608988536420565	0.1434511023974658	-0.2016110985448367	0.01521672685498746	0.2197977962090973	-0.9871043115770511	0.06551054313412505	-0.1465132745985454	-0.1005730651979254	-0.9746953445322646	-0.05477979768271375	-0.0002824740842863175	0.0007483879727928239	0.4956951460020243	0.0008698407803417415	0.001706764745633184	0.008822963412889989
0.315	-0.1930640947545242	-0.1586382281711066	-0.3751335186265443	1.177882770300576	1.057676797875849	-0.106755736741724	0.2737650016855384	0.1831285086106911	0.2762659609864925	0.1702109440779541	-0.1602491511716569	-0.3002993646036239	0.3609202751376215	1.053171260371313	-0.9442345120899609	0.1448603572984717	0.1448603572984695	0.09916521162543829	0.09916521162543519	-0.9202220305609223	-1.241313567577343	-1.166380955327302	-0.06261092791656024	0.772774926408668	-1.107314620960601	-0.2057681778707506	-0.0988428394020457	0.5115498410708116	1.769270530140747	-0.1914935328721916	-0.174182791398871	0.1034806018260981	0.18732065754085	-5.085827389602758e-07	-6.625204031617399e-08	0.5471623010698086	-0.7853820156414399	0.0004429090478460251	9.222146806231963e-05	0.1830637499824373	-0.1144227002416397	-0.7810392047824087	0.03230289242355205	0.04112284052263852	-0.02311761062665736	-0.5295137997654072	0.06554070353315893	0.3953278930876832	-0.3435746974227535	-0.118820333928462	-0.4726747544277544	-0.3064297629282183	0.963022593252814	-0.6668162957519302	-0.001160791178700556	-0.001160791178700566	-0.06015635070131663	-0.0601563507013167	-0.3906349381930667	0.6431383697272031	-0.1320516773977465	0.07624839178367078	0.1121204877876516	-0.09275315807394097	0.1181575765456082	0.1262899090189655	-0.8739391653299554	-0.04944269232826108	-0.07922373367853444	-0.138372202537622	-0.9954664838663851	0.06785788075404907	0.0002086619660298718	-0.0004275692671397206	0.3741562886957128	0.003431196666487301	0.00969711139119107	-0.008317717128253209
0.32	-0.1925611166605265	-0.1589946938204197	-0.3791984860079556	1.17803542801132	1.057848334619372	-0.106854678864598	0.2716934538969832	0.1834255485006513	0.2781543436723173	0.1690203850523785	-0.1608435870699645	-0.3027730903911664	0.3599915802820389	1.057990229543616	-0.9477390431685256	0.144979738363444	0.1449797383634446	0.0989524796123772	0.09895247961237159	-0.922402443709882	-1.23796283746887	-1.167527371895194	-0.06225347474160933	0.7734023748900828	-1.107711438329135	-0.2051716774141225	-0.09836318628259043	0.5075349636557016	1.768857366754266	-0.1919569762304414	-0.1748375503174575	0.09871868502827587	0.1876334721412886	8.757575967602689e-07	-3.367402998686166e-06	0.5489979278306978	-0.7853597413960776	0.0004854128605694306	5.826804464698394e-05	-0.01380308539935764	-0.0153328245582836	-0.8374465498847895	0.02747030610406617	0.02504352852218055	-0.01944210857795906	-0.2511689596580072	0.0454770346868742	0.3357105678385737	-0.07939562020254838	-0.1128323502127478	-0.4886747442167189	-0.006655608070674703	0.9662811490885022	-0.7630011227436742	0.05961818987368221	0.05961818987368218	-0.01021904935747455	-0.01021904935747461	-0.4942359167733006	0.700671533087315	-0.3662260490809418	0.05879807419540709	0.1504727110983917	-0.08238950368709889	0.1003114420795243	0.07212920215001141	-0.7262593570402431	-0.1061080091585335	-0.1249974929939371	-0.1130033699008978	-0.8879127576749	0.03062243946747106	0.0002741293986408026	-0.0007507640380354771	0.3815898125140547	0.005375691263689764	0.005227804830455564	-0.001224703151577979
0.325	-0.1930764707122445	-0.1587871556149784	-0.3834428212954417	1.178161739356682	1.057937277544202	-0.1069614740960656	0.2711276646542238	0.1835132809349463	0.2796109955315865	0.1693074488421778	-0.1612984870649954	-0.3050699397931134	0.3607567257726945	1.062789285427989	-0.9519243341782759	0.1454603439648566	0.1454603439648562	0.09907971034254352	0.09907971034253985	-0.925067694017299	-1.234343825204888	-1.169986285018856	-0.06201712841058615	0.7742891031798034	-1.108197892038492	-0.2048401147488715	-0.09807459114556465	0.5042341776561394	1.768312684963614	-0.1927345025567195	-0.175289783030998	0.09474941963802927	0.1875513086564033	2.15888770432879e-06	-6.405979438537405e-06	0.550949242605326	-0.7853643611991938	0.0004915378436281108	8.7545430976048e-05	-0.1365280909055128	0.08508239166198468	-0.8533783878093648	0.0252358986380457	0.01489920338733382	-0.02268182044631254	-0.04746874211100003	-0.01722190334423626	0.2674289613616159	0.1206351795504497	-0.05911328764741176	-0.4333280584486102	0.2370852563858874	0.9422533156083325	-0.8967583510218818	0.1224161064119069	0.1224161064119069	0.05058903430943455	0.05058903430943456	-0.5458962380301259	0.7346490248863047	-0.5640219467404007	0.04460730397888828	0.1945109082192782	-0.1078397385222935	0.0374423432067862	0.04626160149992722	-0.6122048362978574	-0.1009056320191595	-0.1654441715733798	-0.0739449759219825	-0.7161335104242459	-0.05190637869929896	0.0002269460324218254	-0.000447931671829649	0.3887434969826362	-0.005496432303113673	-0.001189922290278734	0.01019566179398543
0.33	-0.1933682931257587	-0.1582765270545284	-0.3876631781130465	1.178309603663675	1.058040982273022	-0.1070755554334335	0.2704955464292207	0.1831849510434557	0.281033421140859	0.1694908772821647	-0.1613345763449168	-0.3071390013945178	0.3616061473664274	1.067301883809175	-0.9565630573773987	0.1461018199847717	0.1461018199847702	0.09935314688432002	0.09935314688431832	-0.9276017264085493	-1.230739190696198	-1.172634418826158	-0.06171873324417022	0.7752504070065701	-1.108746313299024	-0.2047459667901955	-0.09787104277919491	0.5012314173575907	1.767956901184907	-0.1934057292867363	-0.175637552680744	0.09139394880402836	0.1872302229015183	3.023451801330725e-06	-7.679371056228971e-06	0.5527834367969779	-0.7853974339170378	0.0004893925308336904	0.0001328247036946568	0.0756095698821071	0.1059033174451622	-0.8278551619322725	0.03609149075653741	0.0309482501184635	-0.02235655093807519	-0.2777005525554745	-0.120947895627337	0.3220200678399475	-0.1208497601275111	0.05469193583104882	-0.397559623999685	0.02705483316021476	0.8516981478133377	-0.9443739984925961	0.1239663572746944	0.1239663572746942	0.04826327528660238	0.04826327528660249	-0.4417487503066139	0.6949204309703508	-0.441914322536466	0.08361760835250524	0.1803029259168605	-0.1071765241569623	0.005345559449523813	0.03811049388758966	-0.60704907663487	-0.03054880438032037	-0.08247765448945402	-0.0712181443831129	-0.6423949351766253	-0.06494646853243574	0.0001067029944141682	-4.469010917160823e-05	0.33474157932353	-0.006005474627340913	0.001919686489215255	0.005176051404239909
0.335	-0.1921794045201566	-0.1578264172679054	-0.3917171259508552	1.178527057477743	1.058260206020834	-0.1071791741449276	0.2681263512680293	0.1823534844587658	0.282911485692837	0.1678813035609965	-0.1607972288455261	-0.3090910346728536	0.3607977874405439	1.071331795018392	-0.9612843379548902	0.1466387315391415	0.1466387315391419	0.09952733005695961	0.09952733005695279	-0.9294591861911717	-1.227382870142781	-1.174267519384823	-0.06115517424133625	0.7760643855347733	-1.109254470661102	-0.2047293222262532	-0.09764949557511601	0.4980511843134033	1.768011703121785	-0.1935142067255916	-0.1760298499743324	0.08814052001628037	0.1869761675301338	2.681554946887115e-06	-6.215056170912295e-06	0.5543695790272559	-0.7853973763558706	0.0005132948760361684	0.000132914609255368	0.3731096012237394	0.06913511093889965	-0.8011610282634081	0.04951250767712813	0.05513359508144913	-0.01841147260124457	-0.6429467472638016	-0.1945201276763712	0.4264107402982041	-0.494243383933421	0.1410222735890258	-0.3908974070517718	-0.3236286067405955	0.7767642046545677	-0.9389813000523498	0.08933912104617467	0.08933912104617465	0.02435772517239181	0.02435772517239185	-0.3178833005919375	0.6628601678813241	-0.2370036131204729	0.1381681778246457	0.1494902326608107	-0.09710919593086101	0.008011122161794188	0.05619939686018453	-0.6686880688556395	0.04254260488011415	0.02792962419181362	-0.08530954390702754	-0.664748829677979	-0.03348024637622083	-0.0001964686205502419	0.0005764402899221128	0.3134047929168107	0.003925847127351042	0.006367073618612941	-0.003273732721538782
0.34	-0.1899055598248713	-0.1576352308077904	-0.3957491589464026	1.178790953468511	1.058576241684589	-0.1072528755488624	0.2643363866031561	0.1814109358724143	0.2852695784173105	0.1648358068868941	-0.1601166015123887	-0.3111244126622068	0.3586375632667515	1.075234504543528	-0.9659013010534053	0.1469806197609572	0.1469806197609595	0.09962620145009085	0.0996262014500789	-0.9309470407929642	-1.223958065242537	-1.175261232079273	-0.06037342961548815	0.7767873268061419	-1.109727633010898	-0.2045988670082337	-0.09725213871943096	0.494508097390879	1.768283057491198	-0.1932380035923734	-0.1764867358283622	0.08468873800969455	0.1869273747742077	1.528696752242021e-06	-2.454725890769555e-06	0.5560543795274377	-0.7853792019654325	0.0005403214872881893	0.0001187509410634355	0.5095920057553734	0.002333986841992138	-0.8190892250277622	0.05466836143682167	0.0696730164953912	-0.01038962791431118	-0.8460083540281258	-0.1653806962920183	0.5140313368381584	-0.6952189413011789	0.1120038693296995	-0.4300975084066503	-0.5136908660033486	0.8008174741805715	-0.9026470069020252	0.04595702425304808	0.0459570242530482	0.0181385634832529	0.01813856348325288	-0.2939066779745867	0.7223141697013523	-0.1861591768501387	0.1708918575581559	0.143888023182987	-0.09317851924438456	0.05086982108041706	0.1084343545300437	-0.7521906279696338	0.05607216863424296	0.07139457433988232	-0.09705356855965558	-0.7217362227117557	0.01715857765093256	-0.0002176815416664267	0.0008737160487588217	0.3742048872850689	0.00124125708105425	0.003169392909032459	-0.0005253780968175675
0.345	-0.1873795766146978	-0.1577418542821917	-0.3999299206192665	1.17905832028529	1.058934432371169	-0.1072906111547174	0.2600473525478621	0.1807354704786885	0.2879365113670121	0.1613105311818113	-0.1597300923087877	-0.3134231509426837	0.3560546121977011	1.079409967684743	-0.9703908382580858	0.147135094333989	0.1471350943339901	0.09971073402883412	0.09971073402882517	-0.9325491477821868	-1.220099289584605	-1.176364477632523	-0.05949921244683082	0.7775252414963522	-1.110172913198513	-0.2042335365318974	-0.09662267213169848	0.4906322865215887	1.768491161320702	-0.1929138000000785	-0.1769908793675863	0.080951395137382	0.1871304958865305	7.80202207425912e-07	9.621537536687602e-07	0.5580966513015357	-0.7853873800822291	0.0005427305596169983	0.0001310034011249287	0.4688326804444725	-0.02782167104941533	-0.8504840094496787	0.05062044353361436	0.07073453083958242	-0.006853266772368552	-0.8206535512992276	-0.1143175598322604	0.5325471946377721	-0.6676251945936975	0.05088306742806307	-0.4881096701337838	-0.4675373511865049	0.8671950358347614	-0.9143740760248542	0.02434861519035387	0.02434861519035397	0.01280419742281219	0.01280419742281211	-0.3608433715522768	0.8184803124128212	-0.2766906347162523	0.1720096149872773	0.1514610382418787	-0.08126840661627706	0.08569682024313889	0.1264042324992609	-0.7728848826740665	0.02093480505329786	0.04662361174457418	-0.1028761579576785	-0.7632111807848065	0.05751627520544228	-8.929826736875814e-05	0.0004687945316639525	0.4273278898128154	-0.003160144341505022	-0.001272756717826589	0.004100727280454087
0.35	-0.1855369189991222	-0.1577418304627539	-0.4042266846942183	1.179280578686438	1.059254899720013	-0.107342894740033	0.2566193682580661	0.1801726392877519	0.2903931038796411	0.1586322164023396	-0.1595249382849344	-0.3159926280270412	0.3544817118591892	1.083884727437168	-0.9752571038242011	0.1473092640151713	0.1473092640151711	0.09972554071839751	0.09972554071839154	-0.9346945470468655	-1.215800419928993	-1.178243654329099	-0.05872118741479035	0.7783037690419684	-1.110503665585209	-0.2038375542979116	-0.09615757687507523	0.4870317369348626	1.768430059960592	-0.1928883999832629	-0.1774982205162156	0.07715652365613093	0.1874368016055344	5.598941674670044e-07	1.990806652344571e-06	0.560173899100153	-0.785397279814266	0.0005369239927067463	0.0001465018654583696	0.2362617679162078	0.04499290437758076	-0.8654901858628919	0.03662499518498507	0.05458368140092425	-0.01620881969859322	-0.5015884478289497	-0.1203270151763311	0.4298951620090811	-0.3564345710567389	0.03946179743063871	-0.5383930299588275	-0.1096705737879951	0.9205361186642951	-1.053338351475996	0.05383506751325329	0.05383506751325338	-0.009751792188708096	-0.009751792188708254	-0.5112235881570287	0.8983517687734917	-0.4965316341805061	0.1324150029114103	0.1601331653453925	-0.04736739887670978	0.06313052414023357	0.04268582208634613	-0.6420861149439303	-0.05160990721118945	-0.04812685585184451	-0.09833261232168469	-0.7447476662871638	0.05843242032334454	-6.406939723547404e-06	-8.157464954617358e-05	0.3881952970928607	0.0005526109848878586	-0.0001168627865918913	0.0007730236119615359
0.355	-0.1850116147381323	-0.157235384176266	-0.4085418972902794	1.179425258520865	1.059477931452202	-0.1074588008137718	0.2550716084422023	0.1794645578209118	0.2921841080263542	0.1577794455304761	-0.1592671728811968	-0.3187382280634825	0.3550309037178873	1.088556604032964	-0.9810000623947851	0.1477113521156889	0.1477113521156878	0.09961520289455551	0.09961520289455415	-0.9376494768884001	-1.211121827904137	-1.181337584195638	-0.05817683961559894	0.7791273172296407	-1.110655174726161	-0.2036557836969168	-0.09625712937807837	0.4842690330452269	1.767996130208533	-0.193390703040995	-0.1779699446884445	0.07355984276802431	0.1876530916342413	1.443772245221009e-06	-5.061538902551707e-07	0.561912402698041	-0.7853896634729574	0.0005440907984645728	0.0001357802913925808	0.005610552990945302	0.1504902231957165	-0.8520463245949881	0.02309472386547087	0.03691858752492905	-0.02943490340847874	-0.1578525715610914	-0.1675880064342939	0.2937422879379053	-0.02324872478336512	0.06913005724484338	-0.5443068028855024	0.2979312817361318	0.9379613417448071	-1.243715827074282	0.1054136820957256	0.1054136820957258	-0.02985428934493576	-0.02985428934493582	-0.6565709893317416	0.9735639621640001	-0.7221916386193753	0.09150633326988075	0.1692473286618797	-0.01887027296815279	0.008074274524952459	-0.0778066696980521	-0.4784816296666144	-0.1117345770558674	-0.1407295627993307	-0.09159352558574099	-0.6965092737838429	0.02223292379780404	0.0002589295846267562	-0.0007949752481169007	0.3123809313270616	0.002214544458008885	0.002509271449335263	-0.00453543350890669
0.36	-0.1851633073041004	-0.1563078821010155	-0.4126616626605024	1.179530003777892	1.059646981355762	-0.1076300567102336	0.2546374716120096	0.1784499348746635	0.2934028846716376	0.1580139796835589	-0.1587787807806813	-0.3212802942385745	0.3571468643212395	1.093161809075523	-0.9876929695981107	0.1483475359301507	0.1483475359301486	0.09947228830496589	0.09947228830496914	-0.9411184833489319	-1.206059991097403	-1.185277083977135	-0.05774430191704431	0.779995854517971	-1.110748708469532	-0.2037718459699898	-0.09688864203616028	0.4820920587506335	1.767414988355596	-0.1941750475668395	-0.1784265204622314	0.07016558507000902	0.1876006241698965	2.138904151750612e-06	-4.736602635056133e-06	0.5633494563060713	-0.7853779281804911	0.0005572735707962264	0.0001064097276630069	-0.03453696286694245	0.213415219882637	-0.7873112955276729	0.02065116422528261	0.03299094994898921	-0.03834874878784534	-0.05613925356056532	-0.2429436069395507	0.2010041614371705	0.07848743892178706	0.1317124761418123	-0.4569794854191545	0.5170369240736945	0.8938674973694865	-1.433317804572726	0.1474733530908998	0.1474733530909	-0.02278249848775827	-0.02278249848775825	-0.7168542357558582	1.051649681524464	-0.8347596001638977	0.08769096265669248	0.1781288056086953	-0.02417723984446957	-0.05600262548694476	-0.170098239945169	-0.4077942769270331	-0.1104947475629221	-0.1609434430967993	-0.09227325294485825	-0.6637783902506301	-0.04907057689731047	-8.190540821330856e-05	-0.0007749699304266647	0.2676153011498034	0.002200191448028202	0.002289523842938972	-0.006686572253552519
0.365	-0.1850390887515584	-0.1552134081548945	-0.4164542610721346	1.179647683926904	1.059834355593709	-0.107822564240523	0.2540506933474528	0.1770605085474202	0.2944319054840677	0.1580818992115472	-0.157951729343095	-0.3234588204638879	0.3596672930753947	1.097466566625271	-0.9951179325429956	0.1491065591299476	0.1491065591299441	0.09932034382620662	0.09932034382620565	-0.9446686033006734	-1.200634208981174	-1.189446541530564	-0.05724055643594975	0.7808993305191033	-1.110969523634683	-0.2041076370610781	-0.09775407454296185	0.4800631447090555	1.766914280754022	-0.1948651584906248	-0.1789034937385203	0.06687112518644293	0.187241354209531	4.931126748290683e-07	-5.274394308830175e-06	0.5646306885835974	-0.785369329474751	0.0005663395549000872	7.598546698673085e-05	0.1165020021086722	0.2095137774825966	-0.7477751435761747	0.02763293457256409	0.04501257675240989	-0.03530980833719015	-0.2301329730003662	-0.3034017913617154	0.2525063716357429	-0.1100622770395026	0.1939429039044424	-0.4617967604856282	0.4100766709074216	0.8326294923850062	-1.488112192743368	0.1425127763511967	0.1425127763511968	-0.05634045097847359	-0.05634045097847417	-0.688849076034998	1.11305857245115	-0.8046982044077158	0.1194808544714171	0.1814092415599602	-0.07282052273998964	-0.05461185493953966	-0.140394860316645	-0.4123582794870014	-0.09524318120719531	-0.09971363737389152	-0.09909546590738355	-0.6622578841696191	-0.07294763606101777	-0.0003801788644615048	0.0003603694238193146	0.24763690143927	0.0006098684252845083	0.001536694907784081	-0.00435840289795241
0.37	-0.1836755111007643	-0.1543613501370212	-0.4203198848407739	1.179818453515546	1.060127645438514	-0.1079497102436983	0.2518205326746239	0.1755101682870071	0.2963469704690037	0.1563259304200336	-0.1568910036915198	-0.3263719194012253	0.3604370519635042	1.101534043697927	-1.002088539719166	0.1496364321889004	0.1496364321888954	0.09872543221556855	0.09872543221556337	-0.9478635274202244	-1.194985451298052	-1.193040813853213	-0.05649275712542733	0.7817914234007282	-1.111563630662171	-0.2040809449592968	-0.09793579161473859	0.4778826065579354	1.766408007662118	-0.1950183110501441	-0.1794232692046723	0.06346048301837463	0.1870880455211651	2.994386880735975e-07	-3.127746767840319e-06	0.5658534182362496	-0.7853781237204656	0.000574638770965855	7.407298987353746e-05	0.4612066764339314	0.1164488485835523	-0.8165214383305308	0.04188694007708997	0.07535719269237125	-0.01220413794220679	-0.7134922168694129	-0.3073091802074593	0.55542183043953	-0.6510678888789356	0.2251821617373105	-0.7508085702288132	-0.1832310223446225	0.7989553065330709	-1.251575497086862	0.05581329675326187	0.05581329675326189	-0.1999693512392726	-0.1999693512392738	-0.5747759028796841	1.140839908281837	-0.6046855078518936	0.1853124944278246	0.1735755578056844	-0.1734939847788538	0.08899065166090209	0.1033879340647644	-0.4684439207438493	-0.1127209436950835	0.05383990260959235	-0.1093941288901146	-0.7102513040515236	0.03331393190257373	0.0004989415878531199	0.0002988057554788939	0.2442142512001525	-0.004756989133847798	0.00198281662770182	0.004718141171680535
0.375	-0.1807714066994103	-0.1539793482876743	-0.4245264511110872	1.180048986050846	1.060564791995169	-0.1079847681511966	0.2473829251049678	0.1739609041574486	0.2996691180839851	0.1521465204883641	-0.155703756065369	-0.3306768725983802	0.358460312318985	1.105542979756163	-1.007969151273747	0.1497113566315227	0.1497113566315208	0.09747277684876771	0.0974727768487612	-0.9505448161870894	-1.18925210796328	-1.195700959038554	-0.05543981748336949	0.7826210529449998	-1.112589098818622	-0.2033200812726558	-0.09691997204157264	0.4754915353942176	1.765713003961281	-0.1944772543153533	-0.1799988044338251	0.05977921134814187	0.187555639362494	1.820828442075866e-06	-3.055229458424053e-06	0.5670820591328753	-0.7853980264273894	0.0005869988048187866	0.0001154851960615662	0.6013367025553766	0.06778335512480897	-0.8338114724505462	0.0456620407703904	0.09201292597766873	-0.01283625063566317	-0.9176739208674094	-0.325552683663241	0.6731853889681775	-0.8508944440012978	0.2533929143969208	-0.8722142717657558	-0.4069947215407108	0.8181173480797946	-1.20994883558057	-0.001787764610814208	-0.001787764610814351	-0.2553708730975124	-0.2553708730975132	-0.5292728400576566	1.153867742352271	-0.5237760563171965	0.2202730403571016	0.1572690597587532	-0.2049026329417318	0.1715669401947315	0.2273458027689508	-0.4564567873755547	-0.1740702920058704	0.1177119335091728	-0.120472996341104	-0.7441551335962638	0.1284185826341612	1.130833960795736e-05	-0.0001177484561904764	0.2416243894033379	-0.002411449577508814	0.00306666144525861	0.009317347181395461
0.3799999999999999	-0.1786531278907335	-0.1533692019460769	-0.428335063591837	1.180228433590528	1.06097288965837	-0.1081882450058404	0.2440825623672059	0.1721230793299015	0.3020763060928371	0.1495150023778963	-0.1543203142908117	-0.3341044777502088	0.3583718058873206	1.109850199491911	-1.015280825183323	0.1498591120937184	0.1498591120937196	0.096628942708433	0.09662894270842518	-0.953471588182714	-1.183433070707274	-1.198922609316712	-0.05444592994223847	0.7833540419968728	-1.113294750542991	-0.2028031543853573	-0.09641827451137572	0.4736333162578573	1.764579407188395	-0.1942899002930281	-0.1806245295037841	0.05619995398686529	0.1881191811275585	-5.705376572451546e-07	-2.784727574525975e-06	0.5682134849498151	-0.7853943117756582	0.0006063600307363186	0.000141952520466136	0.1468764393630813	0.207706645483776	-0.657339922505175	0.02145294183034725	0.06373763531072441	-0.07957171680040448	-0.25859428411175	-0.4227334594029424	0.1894379879878273	-0.03191116039827193	0.3036598210998716	-0.3998693520982667	0.5720622627973239	0.9182687775378328	-1.824000439084986	0.08494570458265008	0.08494570458264977	-0.03644086065280629	-0.03644086065280679	-0.6729691943834694	1.175117476775495	-0.8292875449784576	0.1616916540570918	0.1349193608461072	-0.04556741194630794	-0.008584068076143845	-0.1022608831228383	-0.255303109800781	-0.2881581725151043	-0.0876411823766718	-0.1294700652125741	-0.669445580469045	0.07169310139679196	-0.001066160753476203	0.0003779995852716193	0.2053282193257307	0.004689954328280353	0.004783293453541981	-0.001259811541703096
0.385	-0.1792842578325712	-0.1518940508495958	-0.4311467631878574	1.180264005766303	1.061202545517809	-0.1087737217933287	0.244780321706857	0.1697583120722273	0.3015628351411849	0.1517896674523816	-0.152686511224571	-0.3346703590110323	0.3641147505036657	1.114726976655871	-1.026156195464377	0.1505742801881176	0.1505742801881169	0.09711448007649548	0.09711448007649665	-0.9571899700727262	-1.177512845072993	-1.203911796164335	-0.05385190030716029	0.7840030275018287	-1.113115314280704	-0.2034139321712676	-0.09790404750944193	0.4729355103598432	1.762923958521116	-0.1953439245809531	-0.1812898506193111	0.05314054940031687	0.1882388012704795	-1.927716747438975e-06	-3.936688598558484e-06	0.569094556679633	-0.7853763235145698	0.0006307301486495077	0.0001104300091517187	-0.3007731557828169	0.3468462331837191	-0.49858054722834	-0.002177793875832595	0.03538521709957262	-0.1431108673075468	0.3916321949818695	-0.5051934150196488	-0.3067050261092681	0.7721544897185625	0.3400111059443673	0.08947032126543571	1.531290276667697	1.020336609191488	-2.428126601339422	0.1756941148728976	0.1756941148728971	0.1917143559304172	0.1917143559304176	-0.7801695041677869	1.186817927884598	-1.096669127388005	0.0851585718964018	0.1326250943160373	0.07117677331153421	-0.1951121719111292	-0.4051894680007654	-0.05702659410492813	-0.3489641601601131	-0.2881912838500305	-0.137329861652778	-0.5709484070815014	-0.005420796561074239	0.0003313945182790143	-0.0007112651061480468	0.1506863581866197	0.002216372670128618	0.004908203246418526	-0.007983936652673794
0.39	-0.180675306845408	-0.150255815213489	-0.4336332753773742	1.180257118428214	1.061399346915714	-0.1095042723700422	0.2465382260671217	0.1672509454661756	0.2998904692571389	0.1555403202703436	-0.1510187062258886	-0.3340502398025887	0.3717464555832676	1.119932510795276	-1.038581880476746	0.1513617790594118	0.1513617790594092	0.09815667174823646	0.09815667174824662	-0.9609311426498559	-1.171626439918953	-1.209192119923763	-0.05350196050405223	0.7847597954718306	-1.113044634245369	-0.2043481273607005	-0.09960158071035463	0.4727309768698077	1.761340336929158	-0.1967140406420955	-0.1820045429268576	0.05032414838673841	0.1882492156386208	8.244615343483571e-07	-8.622189748640748e-06	0.5697562073875326	-0.7853750378233266	0.0006548765585473534	9.576571725329705e-05	-0.1570911890365455	0.2729404613340559	-0.5272649599037528	0.004469136284515314	0.05059585069707388	-0.1376012324905034	0.1654637241337244	-0.4797731987539402	-0.2741199849696898	0.5584839369923902	0.3172605940765174	0.07453083560859232	1.327566448100059	1.04977156771538	-2.444126331611217	0.1138780153406752	0.1138780153406743	0.1862208608185967	0.1862208608185979	-0.6820854692304771	1.161589284678897	-0.945742309700254	0.06405572126904258	0.1780323468644567	-0.08906990272661462	-0.1379510294852255	-0.1869649642614358	-0.05799414660929285	-0.2594273423868381	-0.2140778916636139	-0.1492185420204239	-0.572244151281057	0.02801079148491425	0.0005775821953162474	-0.001035416465148273	0.1175598105583883	-0.001991073609823465	0.004693810247404644	0.005483476224695108
0.395	-0.1804353811462532	-0.149282876183516	-0.4365721729485331	1.180334489312693	1.061732887685931	-0.1100784911158708	0.2458376519170016	0.165044320753315	0.2992791167725304	0.1566263901699572	-0.1495628957056299	-0.3343106468208231	0.3765700719369335	1.125096605055331	-1.050150737538603	0.1516702747200036	0.1516702747200003	0.09882031672894659	0.09882031672895332	-0.9638730210484558	-1.165901873315049	-1.213133744984843	-0.05314821200163665	0.7857741689346787	-1.11406888662219	-0.2046473947256098	-0.09956446704892788	0.4722156114877732	1.760393253967239	-0.1973403775888128	-0.1827649579224603	0.04739275356922268	0.1885617090322526	5.205480925342459e-07	-9.722987068218508e-06	0.5702320254086923	-0.785384149112882	0.0006794505465816107	0.0001578872756502514	0.240546320300184	0.1311179354058091	-0.6523151051625846	0.02632119706500116	0.08051889008914954	-0.08894765491321513	-0.4193121364340466	-0.4051978634324317	0.03876087955806826	-0.1072808804011969	0.2676072684867703	-0.1780037522553818	0.6224561243667373	1.000462361263782	-2.18157160245806	0.02873226520157921	0.0287322652015788	0.0847434303256074	0.08474343032560797	-0.4956912405144185	1.134389059735227	-0.6489109897291554	0.0809424428006434	0.217569246090484	-0.2870299886068285	0.007221317319957376	0.1528801145985521	-0.1424032554362087	-0.1299249524677214	-0.05350673033173023	-0.150356665735392	-0.5846968609764837	0.0867899477143996	-0.0005078833134416234	0.0003825778064899992	0.05839925431093667	-0.001437820900065676	0.004464832559187475	0.0151064725995163
0.4	-0.178394995126389	-0.1487958080119245	-0.4401966367950281	1.18051875019444	1.062181520143599	-0.1103623628098975	0.2426089171802583	0.1631757550614302	0.3003698969370373	0.1546352624337891	-0.1483171969964232	-0.3358233784186728	0.3781767771369394	1.129783096657485	-1.060379147594593	0.1518412218744852	0.1518412218744812	0.09905916904010428	0.0990591690401076	-0.9658983085580491	-1.160221032293076	-1.215861262571027	-0.05265754844501128	0.7868340100108927	-1.115578923537487	-0.2043861418495163	-0.09856208270670495	0.4713644318231286	1.75993589630361	-0.1974196063784969	-0.1834622016793591	0.04463334892446118	0.1890151489332312	-2.341729014065172e-06	-6.921608992012437e-06	0.5701965184946964	-0.7853872598192045	0.0006928153600681201	0.0002042436979027552	0.5630929392471973	0.07859211798141924	-0.8014914700382363	0.04722513519123697	0.0966325256777342	-0.02146241176978297	-0.8458005105155909	-0.3445495903636095	0.4067330746764659	-0.6723951173203391	0.2332158696557065	-0.4263989962375572	0.04080198663602839	0.8587305045550975	-1.907947529264669	0.0588586128966093	0.05885861289660928	0.01630379299762014	0.01630379299762003	-0.3154491136278308	1.144099051906234	-0.4600993197413673	0.1188217429529543	0.1962193922108444	-0.2833837181169114	0.08625706691593821	0.1991433080570336	-0.192319859653292	-0.06353722307097534	0.004765371149666469	-0.1239500465389218	-0.5034480821793613	0.08438939442368937	-0.0004457632705978801	0.0005254536931652673	-0.08697016350387282	0.0004091596833176278	0.0002101404283055617	-0.0008225782330851432
0.405	-0.1750124106372834	-0.1484292504606622	-0.4445186795381934	1.180796075783446	1.0626823755044	-0.1103143064186281	0.2376805984633492	0.1615555622773707	0.3031625798012352	0.1502272529289628	-0.1472101716375593	-0.3384758631324878	0.3773860868565313	1.133701359626205	-1.069428409168742	0.152300542305857	0.1523005423058535	0.09899695483223699	0.09899695483224109	-0.9671390603013151	-1.154429964752642	-1.217922534889614	-0.05198875603097206	0.787719524422412	-1.116808156594889	-0.2038611249313725	-0.0977356291752924	0.4703319642780964	1.759686860461015	-0.1973754013050416	-0.1840157287127602	0.04239473378275575	0.1893771986934711	-5.031051633061061e-06	-3.710437587112645e-06	0.5693569613470103	-0.7853872995563499	0.0006839565507023242	0.0001477303407564097	0.7628349812517624	0.0683214155435606	-0.9157166017516568	0.06158204197307254	0.102864924464256	0.03378016657003286	-1.092476241471839	-0.3093792183698993	0.6705809521970815	-1.046827086404795	0.2117446912840694	-0.6226892612487273	-0.3117085766829655	0.7281981862836074	-1.737590327988513	0.1159356482654379	0.1159356482654379	-0.04672880409424161	-0.04672880409424142	-0.1938986600981432	1.173323708764697	-0.3775499636258928	0.1396017667498536	0.1648111183005731	-0.2226263650397859	0.1207940202786563	0.1481236093502234	-0.2194002069733575	-0.03934664027139179	0.0144778087791057	-0.1030341663636922	-0.4017813345457508	0.06554444750059903	-0.0004163669865160943	0.0006883029931960706	-0.2319487538495646	-0.000252935218904259	-0.002667870410492614	-0.01790914143031673
0.41	-0.1710377040653042	-0.1481096887262886	-0.4492377125577823	1.181113340029791	1.063201722446459	-0.1100936091612721	0.2320146621133019	0.1600234459266341	0.3066781152709517	0.1446068075517949	-0.14617824590964	-0.341931214750763	0.3755133865912725	1.137261313553831	-1.078013383150414	0.1529112392432714	0.1529112392432682	0.09853648771966245	0.09853648771966739	-0.9679677659232263	-1.148477837760457	-1.219768165766608	-0.05135246533664153	0.7885503686529355	-1.117948355789843	-0.2032077584473589	-0.09691399156478034	0.4691830992672578	1.759509734637852	-0.1972592167852395	-0.1845482773384179	0.04051770197857427	0.1897217327865206	-4.369410974382314e-06	-7.456978160375027e-07	0.5680460703734108	-0.7853880679781678	0.0006769945936045066	6.388851555095075e-05	0.7999417723966249	0.05979379122587947	-0.9602875806076815	0.063200598127132	0.1040291581812435	0.04759393466489197	-1.140847563770888	-0.3093190170344484	0.6958741168838491	-1.157369466257001	0.2031760172779246	-0.7475457580216489	-0.3920020073042462	0.7154068881175312	-1.72223249227423	0.119409215313596	0.119409215313596	-0.1429973688852707	-0.1429973688852702	-0.1506306650858898	1.208522832606737	-0.3738427431036289	0.1058210550694798	0.1743513198125431	-0.24777017313745	0.1375968932638536	0.197216939696838	-0.2388788459758213	-0.03477321529815978	0.03355714968837261	-0.1155586834415746	-0.3588147471697828	0.07738312754755723	0.0008946220404719733	0.0004268810396354072	-0.2755036938692535	0.0001176858143002513	0.0009688813354968194	-0.01175396545673054
0.415	-0.1672531221061878	-0.147811084695493	-0.4539849873836481	1.181414094764652	1.063711900529605	-0.1098925352149056	0.2265774513573791	0.1584196402682345	0.3097203329118668	0.139080684675375	-0.1451757470635823	-0.3456594474381809	0.3739928005131218	1.140981366711889	-1.086992526198092	0.153464936069329	0.1534649360693259	0.09762740949998895	0.09762740949998601	-0.9687575712140856	-1.14235331276332	-1.221758963057149	-0.05098463201622763	0.7894764003427738	-1.119252362868135	-0.2025590936628835	-0.09584212168978309	0.4679405869889461	1.759370507135564	-0.1971205178421828	-0.1851424427779957	0.03871012632038204	0.1901271898699828	1.833820113777126e-06	-7.083584172544889e-07	0.5667283520360916	-0.7853875567580576	0.000690289849088799	3.546167394616118e-05	0.691864622039488	0.06312284870077982	-0.9197086804350082	0.05655404784331255	0.09860724440888627	0.02867621310776072	-1.005394485084916	-0.3351950852011874	0.4773218748347935	-1.009329619882402	0.1958509279882593	-0.6937101382803177	-0.1460855628815318	0.7772916193229276	-1.921797344764143	0.104269235536271	0.1042692355362709	-0.201745782272212	-0.2017457822722117	-0.1765607596877794	1.23815963525296	-0.432065400925427	0.03952954562096224	0.191796399942321	-0.2534454539308719	0.1097365924856565	0.1993970264377502	-0.2600543640966945	-0.01162228941849446	0.003785824093762024	-0.1115104063861409	-0.3720601315304557	0.07480622702933248	0.001041959649768409	-0.000138515589664381	-0.2440265419013809	-0.0003052833377128241	0.002869923352971039	-0.002460911912357026
0.42	-0.164339321737014	-0.1474437099631969	-0.4582456626690963	1.181673408028487	1.064173446583866	-0.109848441337934	0.222247139797586	0.1566415766858643	0.3110144233728255	0.1349510119972563	-0.1442394625613261	-0.3483679443469141	0.3747539995732023	1.145081002189231	-1.097755082777728	0.1539759288029021	0.1539759288028989	0.09670791126408317	0.09670791126407237	-0.969846066604404	-1.136127516717875	-1.224184712053984	-0.0509749971551831	0.7904256830905542	-1.120278938286666	-0.2022317168029089	-0.09524136113904597	0.466563272638812	1.759486466705652	-0.1974027245787071	-0.1855574105422454	0.03671865450903622	0.1903698602687339	6.03078073067875e-07	6.034431918968963e-07	0.5656813759459673	-0.7853950416672206	0.0006909008520817257	1.083798915566297e-05	0.4516291364195924	0.08730207182605941	-0.76564776444064	0.04662400971678987	0.08457634662733834	-0.01519809309310796	-0.6980878853189809	-0.379022186622691	-0.003376755098729585	-0.598789386936511	0.1766902797573368	-0.3396514465477597	0.5207120479882333	0.8672398158308374	-2.435597905057156	0.1023275783197526	0.1023275783197525	-0.1471653753781723	-0.1471653753781723	-0.2701067048696036	1.249031251930605	-0.5478234256207504	-0.03745832867826623	0.1836517429893389	-0.1367975092330607	0.009081723463514688	0.008773209992783807	-0.2927996747048494	0.06730161365199909	-0.1348051221439755	-0.04387961331031996	-0.4323732084312203	0.0122684536630899	-0.0020789672110755	0.0009366659237827554	-0.1672067949912797	-0.003080765895093183	-0.004104819661049512	-0.01023270273101399
0.4249999999999999	-0.1626185996399817	-0.1469578660781231	-0.4618018838844208	1.181885515878275	1.064569325802649	-0.110018277864983	0.2194236723876873	0.1546828461794757	0.3101500984918654	0.1328430424801013	-0.1434160955608625	-0.3494391480688306	0.3787497699228816	1.149661709635159	-1.110960783208321	0.1545019434473356	0.1545019434473356	0.09606207414802588	0.09606207414802535	-0.971415413440753	-1.12983981975204	-1.227182788274503	-0.05131521812665537	0.7912882162505953	-1.120624146546127	-0.2023793514968558	-0.09566502708832751	0.4650661445094029	1.759991783289635	-0.1983522738210159	-0.1856349257645629	0.03436878642678997	0.1902763739720884	-1.033947574880527e-05	6.780117098140353e-06	0.5650712892167838	-0.7853975082275948	0.0006485314215625455	-6.623625501461269e-05	0.2806329828188018	0.09684931409287909	-0.7033013804083519	0.03984050645300507	0.07740598108676225	-0.04372490539260927	-0.4941795957980252	-0.390954934278625	-0.210915257119959	-0.3350064169319578	0.1526100936487837	-0.2094428584242354	0.9222002222818537	0.9633016762718617	-2.722566366226053	0.1066743788303128	0.1066743788303128	-0.1464854701189024	-0.1464854701189023	-0.3486248999509797	1.273615296922126	-0.6330519591835394	-0.08825036489301988	0.1610089628281076	-0.02164372492623491	-0.03928554239280506	-0.1280643232053504	-0.2904196401669625	0.1144360304672549	-0.2037209689525702	-0.00891022620466286	-0.5056376305449716	-0.03479001613571689	-0.001514330490663502	0.0009906441278260704	-0.0861944936510704	0.001640671720122675	-0.01166987249566097	-0.01747485783547942
0.43	-0.161093259104571	-0.1465770785033736	-0.4657432830603718	1.18208802685556	1.064983812796744	-0.1101955742685215	0.2166765386680305	0.1528671781596191	0.3102196502032792	0.1306948678578719	-0.1427138258926314	-0.3516685010932105	0.3824220431000047	1.154696604089262	-1.123739587430447	0.1550286335849625	0.1550286335849657	0.09488989657212175	0.09488989657213151	-0.973242244306724	-1.123315686123465	-1.230331680611785	-0.05175370385393709	0.7920322471368445	-1.120698954839678	-0.2023360716403424	-0.09602025170609896	0.4638153956060607	1.760426937115583	-0.1990269982099627	-0.1858643503101717	0.03168164214280955	0.1901706896692324	-6.702988563464632e-06	5.076289361272058e-06	0.5647257650397669	-0.7853831696502724	0.0005859329276347315	-0.0001326892181829632	0.3734765117709699	0.04527954769637536	-0.9197189486912543	0.04278526071541419	0.09201945675248335	-0.01818204368895739	-0.6675544092222082	-0.3217971920099175	0.3701738818508054	-0.6148714289663036	0.1282513468643563	-0.8029111675330701	0.3913131789658038	1.048914619100803	-2.264839421670288	0.1025977755971645	0.1025977755971646	-0.3577015593168978	-0.3577015593168975	-0.3731003167184496	1.343605917026892	-0.6081498723257547	-0.076764231002048	0.1362508334724886	-0.0286375228692571	0.08544754364758808	0.03614974259682169	-0.1942479842780832	0.03923651043764918	-0.02487518079912832	-0.1046433426268216	-0.5672836891248926	0.007389251178868354	0.003752649191810008	-0.002215534733461943	-0.06138177412470718	0.003641289183478258	-0.01219644502450314	-0.005984190330243915
0.435	-0.1591596108335922	-0.1465461382051233	-0.4708127008737891	1.182299372174218	1.065476842435383	-0.1102526142207141	0.2130600141177807	0.1515138948440693	0.313398199362465	0.1272127874277751	-0.1422283933529137	-0.3568928552255229	0.3833471546309237	1.160307859057072	-1.13415554939571	0.1554962929757442	0.1554962929757262	0.09274938588342814	0.09274938588343186	-0.9752800198835176	-1.116436778842083	-1.233290990260637	-0.05211335734984766	0.792725294792979	-1.120982801650857	-0.2016480044061241	-0.09538874167708405	0.4632507777479846	1.760362471645015	-0.1987137829054834	-0.1867014559498668	0.02865184356801976	0.1903539902606959	8.97343439634073e-06	-4.552074571796083e-06	0.5643514157227826	-0.7853776028197558	0.0005359382644127542	-0.0001189170166301423	0.3067852777337445	-0.02404962663819337	-1.039396733082531	0.03693512878964735	0.09947132528357358	-0.02289396942934722	-0.6555844974292639	-0.2241789195472298	0.6950048579700006	-0.5943459772352317	0.05053011785693112	-1.070050851011588	0.2467051988652797	1.226009665592176	-2.108832678930348	0.08494246604177962	0.08494246604177975	-0.4181378270299546	-0.4181378270299544	-0.4588788249162518	1.394972736633732	-0.5893568518236946	-0.08332289795416815	0.1555122793656209	-0.07939720698889437	0.1397484920672591	0.14597523708344	-0.02665133162361517	-0.04690777054487644	0.08787296003842483	-0.2106665604716499	-0.6513798467252105	0.05262527226556492	0.00168721271420076	-0.0009850773216257915	-0.09393553099051949	-0.0005439857196985706	-0.007970243082248512	0.009694758457207853
0.4399999999999999	-0.1589573815161018	-0.1467290367521747	-0.4754507359552655	1.182409200763875	1.065921315315386	-0.110607114285228	0.2113554028282224	0.1505787611107745	0.3151072895444439	0.1265875557438917	-0.1423624402257201	-0.3602012132595226	0.3875688327432923	1.167260923720874	-1.146900787364706	0.1558828230987067	0.1558828230986673	0.0915121671931463	0.09151216719314401	-0.9779997216650588	-1.109495801346045	-1.236363077776109	-0.05274919013939863	0.7937328104343436	-1.12143788696343	-0.2014388952993948	-0.09526528965452162	0.4635983605631119	1.760139008691334	-0.1987711520351028	-0.1877756923870925	0.02510040261621566	0.1905638852604784	1.862065799428874e-06	1.732851326409564e-06	0.563730633946647	-0.7853799037948985	0.0005045422686326401	-5.372475855252911e-05	-0.3190910696244314	-0.04025599042426026	-0.7471658559149168	0.00217856911514942	0.07259675329834411	-0.1371660886175301	0.09721089505442665	-0.1545373591079307	-0.2176097090319995	0.5278680695190893	-0.1195404181453078	-0.03651272820788065	1.709939811545633	1.585638497497634	-3.196549823163541	0.07014606846945282	0.07014606846945305	0.003615240047818603	0.003615240047818592	-0.645870798617458	1.368434002889692	-0.6532610189738854	-0.1872359484582065	0.2620380275644937	-0.09713292342661906	-0.1061357073480392	-0.167073459984176	0.1706322850032948	-0.02436248280724163	-0.1731089544386379	-0.1994956616390914	-0.7759406399306156	0.01802701450649726	-0.005362467430876922	0.004149781199047604	-0.1599547577851542	0.0004941669196909152	-0.004756978047757856	0.01458383227967315
0.445	-0.16205888716686	-0.1468633072554447	-0.47846039075113	1.182328423632257	1.066214305351748	-0.1115757369834528	0.2137690791436618	0.1498708193597175	0.3114352376385224	0.1320439758121761	-0.1432769315139967	-0.3575121964940415	0.399821738154793	1.175947640381354	-1.165642307310751	0.1562747342374888	0.1562747342374688	0.09264151324875781	0.09264151324875552	-0.9815130016883163	-1.10270586603224	-1.239714030452126	-0.05394408629264597	0.7953159139358162	-1.121957222882145	-0.2025838696640808	-0.0970420254627342	0.4647707858654195	1.760124915070675	-0.2004022219402599	-0.1885831738705266	0.02099113972352867	0.190549028611068	-9.176756962314243e-06	8.567962844499925e-06	0.5628285133667754	-0.7853804506392473	0.0004727324757033773	2.040477310795769e-05	-0.7858909531760698	-0.02230277572565222	-0.5211198963725114	-0.02641263538457405	0.05172475228996389	-0.2254370897912034	0.6948627667579127	-0.1344663229735657	-1.043400708551794	1.406104371376031	-0.2192957353821732	0.8887969878561871	2.884284065104792	1.82462503552624	-4.086940986178315	0.08544151556406236	0.08544151556406288	0.3551166470031904	0.3551166470031902	-0.7276844779635323	1.364562102755942	-0.6806306895140504	-0.2657428707818237	0.3525028891793228	-0.1170461870932429	-0.2888348289218672	-0.4551711594125941	0.2601620631476935	-0.003796579480792497	-0.4143635484805168	-0.1297680593220741	-0.8431005697990486	-0.009551449281090488	0.0006043149619289277	-0.001070059814605677	-0.1879649311968461	-0.0004635851756930982	-0.007181736329218855	0.01460771843145529
0.45	-0.1654600886728347	-0.1470405701578504	-0.4813061732584071	1.182225842273809	1.066509817748723	-0.1126130261743283	0.2165700618521677	0.1491758280644517	0.3067513859067738	0.1381626435934658	-0.1442857939617105	-0.3535464678464016	0.4133422905148419	1.184862942764455	-1.185639025535726	0.156725469539496	0.1567254695394952	0.09413326831124225	0.09413326831123996	-0.9849589991174741	-1.095679960517253	-1.243104491052061	-0.05515682242662782	0.7970708344876842	-1.122672796264705	-0.2036970514925686	-0.09893250420976496	0.4658182234668686	1.759875826756282	-0.2022652329284711	-0.1891360842561884	0.0169160363916765	0.1906125530175633	4.47898177621064e-06	-5.510979047589361e-06	0.5619802700643449	-0.7853820464518203	0.0004405769332877354	8.774980623136142e-05	-0.4389694117110196	-0.05745295007853567	-0.6816169404799726	-0.006543121616867856	0.07360569754386451	-0.1646326856778597	0.2521334522810664	-0.1493571767914704	-0.6223296393628914	0.7927671547212387	-0.1572888819202291	0.474172024655726	2.216998590964924	1.677072786546089	-3.698629134735518	0.0936757337594368	0.09367573375943759	0.1485788427969876	0.1485788427969873	-0.6189577609775921	1.462822083361782	-0.6690641885411079	-0.1943719407520121	0.3307648477225686	-0.1756279089652276	-0.09341869286876903	-0.2125706355114436	0.1206372046599183	-0.118360360300903	-0.2658853876602586	-0.0976672225301594	-0.7622768155966806	0.04937943686879102	0.00451535716923027	-0.004215840165024246	-0.1384038468087256	7.457963001811135e-05	-0.004895277842309512	0.01187003286483993
0.455	-0.1660060959103012	-0.1475150004373821	-0.4854047531491515	1.182299980144596	1.066968486862741	-0.113124238765906	0.215678580623166	0.1484129201157624	0.3058935450614217	0.1391235052087242	-0.1448444775645889	-0.3534718437925938	0.4211199985356375	1.192479657465653	-1.202105963852169	0.1571879857588862	0.1571879857588875	0.09386465645223982	0.09386465645223455	-0.9876404014181419	-1.088032866171606	-1.246508546193614	-0.05581832190870805	0.7985517075773095	-1.123748210613202	-0.2034500993268252	-0.09884282495191203	0.4658123963096646	1.758928221858176	-0.2028937193970757	-0.1896162650355369	0.01350886864604386	0.1910475298331776	6.291222750716124e-06	-8.225263042796661e-06	0.5614895888158161	-0.7853655226662565	0.0004360960296498987	0.0001322719709610566	0.1874527571778432	-0.1249884939531561	-0.9522527965784978	0.0337226094521933	0.1070580454907691	-0.04256200359731842	-0.5599796230036315	-0.1525589697254863	0.2422439612356515	-0.3494754791648808	-0.07409674349241133	-0.3968119857924373	0.9462681784143673	1.377340230614299	-2.913662619620871	0.1020684658482727	0.1020684658482725	-0.2274353594303014	-0.227435359430301	-0.4526709935805258	1.592631084434274	-0.6974360913199497	-0.08202430977530355	0.2644385127514245	-0.2549317985905299	0.1536437422271971	0.210259405312327	-0.1193090197741073	-0.2360912851322855	-0.01206257506124869	-0.0894590268155647	-0.5956654412364502	0.1127611680009973	-0.002393358373878787	0.001879621994681105	-0.05787991891820736	0.004447819038143907	0.001582420403624877	0.006043428911559362
0.46	-0.163916698696522	-0.1482171484195719	-0.4907730790317995	1.182538311763536	1.067552359177905	-0.1130657427367428	0.2114577288309124	0.1476827086967845	0.3088043321192663	0.1352573590963467	-0.1451058832392475	-0.3570394835309244	0.4233268079095962	1.198713616437413	-1.215030816009729	0.1578535313164888	0.1578535313164922	0.09214479698662471	0.09214479698661646	-0.9894763873961895	-1.079787495377541	-1.25012763419766	-0.05609503010133312	0.7997437608614373	-1.125226053932183	-0.2025461722396858	-0.09721173949004448	0.4646617237468014	1.757760817043051	-0.2026513924318802	-0.1899812139004075	0.01100863039351112	0.191621663483814	-5.483577907084364e-06	7.80195176619438e-07	0.5614013582120089	-0.7853584394170128	0.0004411961774884842	0.000149230054192169	0.615192368787277	-0.1485400311417732	-1.189515337241406	0.05913437764449583	0.1236869780019649	0.06325076261848468	-1.079614773019723	-0.1362785649069348	0.8851215219157963	-1.138035936333146	-0.03837771063231279	-0.9827334921996584	-0.01136086776983764	1.123970494771012	-2.281794671182732	0.1748874690444046	0.1748874690444034	-0.4319201998480866	-0.4319201998480855	-0.2807912319294827	1.702132662728407	-0.7550773335384797	-0.04045542496994884	0.2152369255235314	-0.336599497159031	0.1693712756896271	0.4039918460944127	-0.337300957603774	-0.2062803271086803	0.08243998585978055	-0.05157445673900501	-0.3995050183567241	0.1050421708776284	-0.0009194594836920845	0.0004720567208250823	0.02257641107991	-0.003701634898050913	-0.001062857251740702	0.0008444002654069183
0.465	-0.1604262691663645	-0.148960632420801	-0.4970362249564841	1.182854809635549	1.068173600982593	-0.1125951158898509	0.2056093589544602	0.1470605338930598	0.3138975158424384	0.1287875064553315	-0.1453239337064049	-0.3624383046299269	0.422325665142922	1.203967740355077	-1.22582724505946	0.1589236191852822	0.1589236191852856	0.08991274594530799	0.08991274594529786	-0.9906723922342746	-1.071060887260063	-1.254149642988502	-0.05635147910644695	0.8007488911418353	-1.12702870957092	-0.2019073499083551	-0.09523296811703942	0.462611789241669	1.756938350215502	-0.2022632696025672	-0.1901903813329344	0.009370621761332854	0.1920463010484595	-1.381465021769699e-06	-1.31390360057125e-06	0.5616765556203803	-0.7853971262056528	0.0004209868808237837	0.0001430386950754813	0.7029239785651489	-0.1457580200250455	-1.276575744586558	0.06261691312779502	0.1216643466070658	0.1076149968951957	-1.164687356008556	-0.1124572179263047	1.027937904531359	-1.306836142613691	-0.06111149748981537	-1.063867527562352	-0.2009781539189961	1.022071971048001	-2.169353853584445	0.2416195037321512	0.2416195037321506	-0.4212808929333014	-0.4212808929333009	-0.2288695479250202	1.783532806936884	-0.8597740324357983	-0.07542166093594198	0.192395393428097	-0.3665406520194815	0.09614091882053492	0.3424803985416548	-0.4545685326743107	-0.1314585135506159	0.06197124566525655	-0.04726123213551254	-0.2822089595809729	0.06657319533255521	0.001712577873826136	-0.0006810324360932086	0.08162979256346023	-0.007474801771747141	-0.006933226683075086	-0.002975995721203584
0.47	-0.1576680135579761	-0.1496437731265741	-0.5031471635972059	1.183116002314484	1.068737548671312	-0.1121634425602215	0.2007613134863527	0.1465594779040876	0.3178415705363629	0.1236196874448024	-0.1458396884267372	-0.3665488846081576	0.4231982072202148	1.209378265135423	-1.238050123594324	0.1601544446064019	0.1601544446064053	0.08832818129475035	0.08832818129473836	-0.992077671321644	-1.062001945081434	-1.258785853018396	-0.05698222154929609	0.801723516863642	-1.128712239389213	-0.201484930431702	-0.09423729855028753	0.4603970815378074	1.756358710811146	-0.2021400589772294	-0.1906055133804001	0.007921435547037546	0.1923049988406594	3.164933191258743e-06	2.565087717688804e-07	0.5621589285405915	-0.7853902046468678	0.0003727402579683783	0.0001229195788889174	0.3223228000796796	-0.1244027129593406	-1.128632423656251	0.03701230041295997	0.1007693316139186	0.04766935571348144	-0.6794850096818543	-0.08783103900598616	0.425469910216735	-0.617222484138707	-0.1574594119022297	-0.4674370438908928	0.7381130698169633	1.186530839842942	-2.852374465236071	0.2391824899748843	0.2391824899748845	-0.1729256435444533	-0.1729256435444533	-0.3645009316432121	1.835066287188648	-1.00075782916001	-0.1901728000640717	0.2030351020869071	-0.2889491689813374	0.082810133818537	0.01075112359314541	-0.4032102370954279	-0.1091493578315914	-0.0235248957302854	-0.1339603027145306	-0.3239760512035387	0.03866626189939677	-0.0007417453526065724	0.001937861180637416	0.1054466158157926	0.01454170407200226	-0.0122777877280227	-0.004726702562543575
0.475	-0.1572680021329769	-0.1501564287683801	-0.5084042967118675	1.183216119132829	1.069183957624452	-0.1121394406374363	0.1989168284429405	0.1461632248459393	0.3181952546196135	0.1227040726443629	-0.146862460947245	-0.36724999605097	0.4296180077373233	1.215915044631631	-1.254187693236506	0.1613053820235359	0.1613053820235355	0.08808574247468802	0.08808574247468474	-0.9942753742321154	-1.052729308711844	-1.264041001618474	-0.05826776973647931	0.8027891687141447	-1.129916639713845	-0.2011014706380598	-0.09500759069063007	0.4586923326442512	1.755763512963328	-0.2025265775991048	-0.191444993269236	0.006130325876139771	0.1925048999001852	2.387389538240186e-06	4.413876401001363e-06	0.5626881249535567	-0.7852709141464671	0.0002979124283474734	0.0001011991221324208	-0.1077009118043295	-0.08253159795140959	-1.004767516443574	0.006939920342938372	0.08059671004187424	-0.0267244748643884	-0.1293337794483284	-0.07267069259357962	-0.1769328221287693	0.1436857372544815	-0.23785796575316	0.07729968301744326	1.693026686245792	1.399609700887365	-3.505540912622614	0.2223671656420073	0.2223671656420073	0.02854038956599507	0.02854038956599503	-0.5025730866281453	1.87234979880654	-1.086328280336881	-0.3141894753510522	0.2209100892474762	-0.2103422987361737	0.04988012157948035	-0.2478144197990018	-0.2776406342002509	-0.1403518692449322	-0.1295396499281718	-0.1765281276267391	-0.382151702108792	0.0529285116486525	0.0002956552856031587	-8.430238732858458e-05	0.1016435262799854	0.02485943134439919	-0.01607327207077053	-0.00351567282121181
0.48	-0.1581988494932628	-0.1504878096479716	-0.5135003057039936	1.18322445645209	1.069571540375728	-0.1123172461915152	0.1987577279742166	0.1458127658947493	0.3171428768629523	0.123983636550263	-0.1480803517787911	-0.3668728156154683	0.438760669574866	1.223088649566764	-1.272134407930405	0.1623898631504663	0.1623898631504622	0.08813948793084894	0.08813948793085438	-0.9969833307287538	-1.043294831711776	-1.269499402516421	-0.06002554630822499	0.8039094622674492	-1.130990975755221	-0.2011930658364957	-0.09600490714896602	0.4576311620570729	1.754840971239205	-0.2034200264455938	-0.1921177594047367	0.004203079676417413	0.192950627454523	4.770759989330421e-06	1.319602314641433e-06	0.5631294795724878	-0.7852247609808629	0.0002278082577563598	9.222092386523207e-05	-0.2100207140343853	-0.05189280807352237	-1.064182774642081	0.0003005007791035067	0.07723885086833136	-0.03305363503211243	-0.005331179806507577	-0.06951339622263687	-0.1369548257479768	0.2608489983971417	-0.23550673631752	-0.03612029256525718	1.827257597990635	1.441261015412326	-3.576032485922447	0.2125999738934749	0.2125999738934747	-0.05445193305514504	-0.05445193305514512	-0.5686023661100549	1.899802539380023	-1.082058748307466	-0.3790641538890518	0.2248917832075323	-0.2369234556788029	-0.1072118630127012	-0.08005860360423148	-0.1457789145442321	-0.2400869083531861	-0.2262969855757038	-0.06727480138043831	-0.3784306627333722	0.1369968598241971	0.000522620289036944	-0.0009627955055995472	0.07030989820209842	-0.01471322984664033	-0.01038832411610621	0.0003702008331796158
0.485	-0.1590971561934761	-0.1507150737422094	-0.5191122287694542	1.183237569608519	1.069967973945492	-0.1124173771199363	0.1985008783031084	0.1454695027399516	0.3172323667802601	0.1248291697474138	-0.1491773345380222	-0.3679512221289362	0.4473541026646372	1.230164903438085	-1.289631037653772	0.1634318031051593	0.163431803105159	0.08741237815111734	0.08741237815112039	-0.999892903931308	-1.033729153033493	-1.274860616665205	-0.06201790186495262	0.8050239264125961	-1.13235682810526	-0.2020873185835143	-0.09567478237024526	0.4571716556811689	1.753435426500719	-0.2046692503701146	-0.1921693962778005	0.002417676079480257	0.1938410439034104	2.623081185940152e-06	-4.869261181562249e-09	0.5634015524533329	-0.7853837843463476	0.000194713026882017	0.0001038915313616401	-0.1457426304332619	-0.04168379594471598	-1.173739290228704	0.004335836357489531	0.08117010952550541	-0.007066099165004173	-0.09994213849810592	-0.06661592287599928	0.1577742581855588	0.08124291346641231	-0.2061486253212954	-0.3655167540284778	1.613085027758381	1.384909570473432	-3.429653619789041	0.2069682539989275	0.2069682539989275	-0.2188915128824821	-0.2188915128824821	-0.5841983477650488	1.928874478176732	-1.073097154932212	-0.4196618437783148	0.2199462993592505	-0.3069603082088546	-0.209811563333022	0.1660883029987457	-0.05547146211823569	-0.2946084600395318	-0.2495777436973843	0.01457408231273572	-0.3248459286808059	0.2012782659712614	-0.000908349530846782	0.0001460593361152	0.04555662582932389	-0.03310093583244737	-0.005014606730017721	0.00395953016449938
0.49	-0.1596206824414188	-0.1509313572706499	-0.5251692269931466	1.183261725561314	1.070381596795862	-0.1123885808114518	0.1977329720906222	0.1451583660941941	0.3185708540999527	0.1248348520149594	-0.150170460611468	-0.3702307275678187	0.4549212137508553	1.236894435645071	-1.306501286291942	0.1644874681505961	0.1644874681505997	0.08612557746158141	0.0861255774615821	-1.002715028534938	-1.02398203146757	-1.280337076503008	-0.06424000249577128	0.8060994495061222	-1.134036007076031	-0.2028844047452087	-0.09480422623991645	0.4569019691728823	1.75217011190883	-0.2056776554772155	-0.1922924782800312	0.001063468863216187	0.194784495576641	4.206874763252887e-07	-8.92797157580654e-08	0.5636554195477146	-0.7853978185340392	0.000156013805492314	0.000128431105501384	-0.06010853312615847	-0.04750058175457636	-1.242212837934875	0.00471761932559375	0.08411456311002068	0.01851725973015365	-0.2097537963577369	-0.05666279260653335	0.3626441352059593	-0.07509137344494587	-0.1939640620034084	-0.5165598627311132	1.416728796569374	1.302572349678313	-3.325480051843432	0.2180900101910035	0.2180900101910035	-0.2783282969768737	-0.2783282969768737	-0.53362292654051	1.972379694436559	-1.128157023915491	-0.4709621835254614	0.2093153625592521	-0.3622541039719137	-0.06834522888302061	0.1361139370389939	-0.06985096749724103	-0.1839948497139545	-0.1299694586077772	-0.09585285304724259	-0.2059521104641377	0.1582109495615489	0.0005007343265471065	-0.0004667710571009509	0.06302758361670525	0.04328244127063259	-0.01262992032225031	0.005517787490514004
0.4949999999999999	-0.159785081534879	-0.1511821138128752	-0.5314380150597919	1.183276016788174	1.070803886548457	-0.112254892437027	0.1965310233492371	0.1448983603124867	0.3205894780241371	0.1242947626026652	-0.1511379851428933	-0.3727830541153269	0.4618509985467881	1.243201554737662	-1.323141650480477	0.1656098280218008	0.1656098280218039	0.0847876565475318	0.08478765654753995	-1.00524606915064	-1.014022242030193	-1.286123044258626	-0.0667182354405447	0.8071279904489363	-1.135911301358169	-0.2026889232327217	-0.09445698499388133	0.4563879486243183	1.751630809748582	-0.2059452979033021	-0.1931263291058694	0.0003230714905199385	0.1953911824216478	3.495552664686398e-06	-3.150661991067042e-06	0.5640569034350837	-0.7849790918092601	7.18381418945143e-05	0.0001568850737684787	-0.024571118872092	-0.04637928075686544	-1.256613001791248	-0.0003209825130362204	0.08400589021929103	0.03079027767319259	-0.2430512122019788	-0.05067708668134702	0.4097804230666484	-0.103993250467841	-0.1924278385802387	-0.4720201842444579	1.40468857090774	1.226046420810851	-3.36160922039717	0.2290139813942665	0.2290139813942666	-0.2444306829188642	-0.2444306829188642	-0.4856678363545253	2.006124437385451	-1.170637892094034	-0.5166461317196892	0.20467837482059	-0.3757971682503146	0.1238380832434125	0.01910766997838828	-0.1383542973403524	-0.05132789072285571	0.00466947554177321	-0.2047592675402275	-0.09781364878879331	0.09576108201845354	0.0005004252637804377	-0.0005288697635372873	0.09352244123941506	0.1009840520344282	-0.01878303930516637	0.005312630513013976
0.5	-0.1600555937762813	-0.1513309225344313	-0.5376484631417388	1.183245317196873	1.071213701220966	-0.1121223561583854	0.1955822048485455	0.1446182195613312	0.3223184082166076	0.1241644309203301	-0.1520885598774055	-0.3746274236899864	0.4694631339509729	1.249212611187707	-1.340426814464178	0.1667592083955741	0.1667592083955769	0.08380536448961141	0.08380536448962701	-1.007640452064626	-1.003974903525001	-1.291887533561572	-0.06936961518632602	0.8081720068568699	-1.137673314352208	-0.201873021419119	-0.09444989845409919	0.4554924557453588	1.751460814238225	-0.2058133908481113	-0.1940107888579556	9.264273583934725e-06	0.1958550793325986	3.137075263960685e-06	-3.088856456277426e-06	0.5645502086591938	-0.7846202199797611	-9.243529442317976e-06	0.0001760457175984251	-0.1025537923030023	-0.006721453486839824	-1.218876844055419	-0.0132787079385801	0.07912453107552828	0.01805642141690093	-0.1085017000803498	-0.06471678038579791	0.2467666425204065	0.08881171853872952	-0.1871841432381633	-0.2333770735916846	1.68966903987021	1.184147292659624	-3.583399969909356	0.2288982112184785	0.2288982112184788	-0.1360767545251898	-0.1360767545251898	-0.4789598458542449	2.007399321562783	-1.11956564284667	-0.5402209039286217	0.2155055486070138	-0.3169415887327387	0.1798228915632212	5.205453780724818e-05	-0.2224398996553894	-0.03627218975764311	0.0298503339031879	-0.1160964235464566	-0.03531604816003987	0.1010949759391509	-0.0008726027090876209	0.000782504066938485	0.09975611831311165	0.01934048315852761	-0.01139232341786333	0.001800457715654698
0.505	-0.1607852855978582	-0.1511965248104505	-0.5436878768836332	1.183142332212393	1.07159507215701	-0.1120640524255103	0.195462825902769	0.1442274994366208	0.3231496021039115	0.1251244807019331	-0.1529676800683909	-0.375265958785743	0.478552540944527	1.254995350170533	-1.358761274460542	0.1679285613595956	0.1679285613595956	0.08337176599429727	0.0833717659943051	-1.009997513515392	-0.9939774191883408	-1.297273521506714	-0.07210368508123134	0.8092888213994773	-1.13907388015335	-0.2010674135869001	-0.09442061525564364	0.4541697312974508	1.751231204462949	-0.2057534808414238	-0.1942292609881884	2.070564958880389e-07	0.1964322956181231	1.675314611120123e-06	-4.93022254272059e-07	0.5649808703315631	-0.7847945269334557	-4.563488535172046e-05	0.0001729218294831681	-0.1697628790746454	0.06097688880378847	-1.209049361138195	-0.0263836369530391	0.0739535302981331	0.01083078608210451	0.03720266614610955	-0.09070272648927094	0.1300600052127156	0.252917829098691	-0.1604425410276535	-0.07356938690709577	1.887383682210632	1.114761885741792	-3.705361995132189	0.2432752358972622	0.2432752358972625	-0.05677247673330596	-0.05677247673330599	-0.4638630020637867	1.991775109515787	-1.040547239255414	-0.553682733745346	0.2307377468070594	-0.2541405822345149	0.1265723818949068	0.004715258591514985	-0.2937816811226416	-0.04519943627493168	-0.01055437140050571	0.005003798572611494	0.0247548794961256	0.1245596722010451	0.0001763976226114491	0.0002062804093775607	0.06342153044096252	-0.06697238079644688	-0.005112046619186576	-0.002450295393270364
0.51	-0.161557621994497	-0.1507161901891474	-0.5498605638374793	1.182996797316343	1.07195853339351	-0.1119583911540748	0.1957187569537701	0.1437198777265292	0.3240624991968506	0.1262707055612794	-0.1536527713663988	-0.375878441781019	0.4877498700196709	1.260218365897832	-1.377030214080457	0.1692362833696265	0.1692362833696239	0.08304354139097329	0.08304354139097335	-1.012279064761382	-0.9840553454656986	-1.302350182994578	-0.07490919932089785	0.8104745591086514	-1.140323278679657	-0.2007657761944643	-0.09447220553071295	0.4526833209179842	1.751112542716256	-0.2059656149638399	-0.1941977886010367	0.0001874302502582348	0.1970483573939129	3.786043236675701e-06	-1.521544407362821e-06	0.5650935537616668	-0.785069034949326	-7.984227236707305e-05	0.0001575399393505925	-0.1196116223278089	0.1316533054420037	-1.272186128836095	-0.0302986725670133	0.07196065125807385	0.03699943684105957	0.04162229863067198	-0.1114774145383013	0.2794479247744973	0.1632817496360915	-0.1095725860471905	-0.2229562333994959	1.732837872506057	0.9602579904486017	-3.557191819329256	0.2842458296223079	0.2842458296223083	-0.09392719772912042	-0.09392719772912041	-0.4487557639437402	1.977235075955561	-0.995835059935273	-0.5687986418330951	0.2430748152336806	-0.2564746787989097	-0.02176528435004645	-0.03229733487212701	-0.2879142722788275	0.008107021676127498	-0.07896731773827849	-0.0161186165926676	0.04319611618011742	0.1166331720452502	0.0005563930022708333	-0.0006672384750999657	-0.02743517859316248	-0.02073994171168612	-0.01051873586024338	-0.003102743091272751
0.515	-0.1619039002732805	-0.1499133797569181	-0.5563888646849267	1.182844633780531	1.072320920510127	-0.1116924641130936	0.1957712800112009	0.1431117317896499	0.3261109287946772	0.126613312249126	-0.1540406365206353	-0.3776860574366274	0.4957540862687999	1.264575713428793	-1.394294794711674	0.1707623924492523	0.1707623924492509	0.08234408699357866	0.08234408699358466	-1.014555595076174	-0.974220119619975	-1.307176900701626	-0.07778948119701073	0.8116873462107818	-1.14162300285568	-0.2012429005253317	-0.09470838837935755	0.4514266356099083	1.751288394459607	-0.2064916819050409	-0.1944390852737539	0.0003290784222690942	0.1975921578576676	1.719221758226594e-06	-8.379531629674702e-08	0.5645875620735926	-0.7849972594473434	-0.0001498331495138209	0.0001440887986899114	-0.01851684207403582	0.1858922561912918	-1.332866612711979	-0.03151525093646543	0.07397246381608434	0.06484553989358112	-0.01935921176554069	-0.1354056501412564	0.5393044642354153	-0.0194230208812285	-0.04068372380546953	-0.4987022772562581	1.465126486102287	0.7918318085532462	-3.34977029219458	0.3240412437395823	0.3240412437395825	-0.1884052484462626	-0.1884052484462626	-0.4619528442199749	1.953272173880697	-0.9193326802348172	-0.5828980813935046	0.2351811168512422	-0.2495030937147878	-0.1410569935609201	-0.05075692679768277	-0.2089909246417977	0.04876186013107036	-0.1140288224162746	-0.06382974849654161	0.0120881718001461	0.1049522627375058	-0.0008708096440131806	0.0008654434244698631	-0.1844300366598878	0.03252925731287277	-0.01568175153540922	-0.002707045447544099
0.52	-0.1617389619441218	-0.1488930537398189	-0.5631265539902899	1.182672159715194	1.072708040715944	-0.1113551941517174	0.1955377034750428	0.1423295743258383	0.3294493493379972	0.1261446358886294	-0.1540107110860342	-0.3808515870377056	0.5023639134702613	1.26822819184954	-1.410539215592774	0.1724551302221344	0.1724551302221342	0.08113398203431756	0.08113398203432952	-1.016899558026051	-0.9645584546114232	-1.311388316370435	-0.08073401986264739	0.8127577811894916	-1.142679190637852	-0.2018960715857139	-0.09486558602080948	0.4506511009346639	1.751465443162235	-0.2069315968247441	-0.1946703830460254	0.0002945621600188939	0.1981385325140967	2.010662929168382e-07	3.363942966770496e-06	0.5631545679948343	-0.7849129512281156	-0.0002187011530907002	0.0001261761621297076	0.08487502084904629	0.2186595393899569	-1.355941512002389	-0.03842288437642324	0.08185388693830054	0.06553660499905846	-0.07281753880485245	-0.1810820253111929	0.7954443029718319	-0.1612314697011943	0.05754364948783346	-0.7661218115873933	1.175082253439071	0.6783103463629246	-3.149127919282964	0.350897306924797	0.3508973069247971	-0.2981874224757005	-0.2981874224757005	-0.4757288179780178	1.9078107410869	-0.7497142446400079	-0.5945013576426069	0.1861339658654723	-0.159060121258935	-0.09218397615601064	-0.0007032519950569102	-0.09545401914619181	0.008585805386579286	-0.04450650913916755	-0.01211905641437613	-0.02726965752430638	0.1176628491150323	0.0007758594075265737	0.0001367572017005009	-0.3982361348667639	-0.01572685481355691	-0.01006958643229597	-0.004887341451081828
0.525	-0.1612549886822948	-0.1477604314778175	-0.5698208993756347	1.182448843334587	1.073132118179575	-0.1110822348089638	0.1952591747882924	0.1413577982755183	0.3335833487404262	0.1253937397529502	-0.1535711410900249	-0.3848057726137819	0.508129381471275	1.271496719095375	-1.42627377564094	0.1742277038078522	0.17422770380785	0.07958492325960145	0.07958492325960044	-1.019355583368984	-0.955073521571475	-1.314775309725472	-0.08375859678672842	0.8136125179874707	-1.143271752144693	-0.2021390166244815	-0.09474666786386053	0.4505874844464371	1.751415188999537	-0.2069720568206352	-0.1945487003830118	0.0001007423193268404	0.1987555367228119	6.404281393675601e-06	-9.240091289808449e-07	0.5605422431946759	-0.7851377981677081	-0.0002525297254120349	9.795828109244754e-05	0.06754125575705093	0.2320001752778668	-1.300228650795107	-0.05210206839822545	0.08524534309247235	0.03897373096383097	0.003688803115334744	-0.1928150151719345	0.7602746284423759	-0.0661007157655383	0.09168307316759847	-0.7060601522760862	1.274395115497483	0.6459966117497874	-3.25530202843318	0.3507523565529694	0.3507523565529692	-0.2738199897469072	-0.2738199897469072	-0.5170685897336946	1.902884197633096	-0.6370637108351604	-0.6203847976778369	0.1756637732052771	-0.103685906546066	-0.02830563080011603	0.03069474356226925	0.08749736181985791	-0.008122298660607517	0.002653763137991319	0.04504910493050111	-0.03983489623918111	0.1225517451224866	0.001071454127649518	-0.001165930068435257	-0.6534019085762661	-0.05768143825252344	-0.005457970443402664	-0.005409492063764759
0.5299999999999999	-0.1614752796677986	-0.1465969438883678	-0.5759131605848365	1.182139155025895	1.073535176592652	-0.1110121908534644	0.1959974188963027	0.1405495579705678	0.3360732873268469	0.1262138914190235	-0.1533598931118413	-0.3868172658947958	0.5165407663105474	1.274857118564825	-1.444198295161602	0.1758888560795764	0.1758888560795723	0.07887194311352581	0.07887194311351184	-1.022174116628774	-0.9453623954076853	-1.31807875961339	-0.08698842169630587	0.8147134491203354	-1.143973263953999	-0.2024122438082058	-0.09473439629731052	0.4517009739325059	1.751589871893681	-0.2071617466698117	-0.1943773221636138	4.470227604327624e-07	0.1992981790728358	4.575882518137593e-06	-1.435278001924036e-06	0.5565534676752748	-0.7853244607829314	-0.0002932421369963723	8.198443049263574e-05	-0.1968306780832901	0.2310056703692568	-1.115107841545229	-0.07297165561050536	0.07344626671672673	-0.01562954990256751	0.3338915790994105	-0.1156677271634102	0.1378199765685018	0.4671876509997893	-0.03378515764245547	0.01095510643757907	2.233448988742679	0.715059235809393	-4.02511170828128	0.3063287813273884	0.3063287813273879	0.03624402898049095	0.03624402898049107	-0.6207319847209709	1.998287990623516	-0.7162968577920804	-0.6766005518411705	0.284611699819691	-0.2026402422445606	-0.104296834138667	-0.04336188815464024	0.3753883705719962	0.09856062812357375	-0.1041984504533662	0.007759166139365466	0.01014016012595235	0.0879181056384869	-0.002436786182992167	0.001647430490823776	-0.9488164225638918	-0.000453125065863205	-0.01282312213749707	1.027072389750993e-05
0.5349999999999999	-0.1629589234942894	-0.1453974902623232	-0.5811428001698651	1.181735959380791	1.073875509362677	-0.1111848749280499	0.1983252350325076	0.1401250185567957	0.3355830828362206	0.1295681091344213	-0.1537542940415562	-0.3853861864594633	0.5295920662634765	1.27848958108239	-1.465814035831061	0.1773618214803246	0.1773618214803207	0.07966187775560606	0.07966187775560177	-1.025481584839712	-0.9350938091611154	-1.321881531667195	-0.0904935357994259	0.8163963775916017	-1.145268476599498	-0.2031251704436771	-0.09508548069688912	0.4542265291890826	1.752302835140614	-0.2079373276950531	-0.1944894910164191	0.0002331765546190926	0.1997443200348842	-3.226122688451137e-06	8.847006589246799e-06	0.5512101152979939	-0.7851371675612029	-0.0003750062717340918	9.215137211126551e-05	-0.30872783145699	0.254798016419046	-1.022319460817622	-0.0833715682548085	0.06676665672437751	-0.03870111047933075	0.5019246727334815	-0.07889754510633644	-0.1230860239679944	0.7104194516662417	-0.07325045157022676	0.3265713848114705	2.699557886863905	0.6945901651208627	-4.397392235458549	0.3002667062687724	0.3002667062687723	0.1805696262815669	0.1805696262815668	-0.6898086654352482	2.091937225096457	-0.7714842539910816	-0.7135151416664143	0.3572850664905109	-0.2836306692442722	-0.1516329947836955	-0.05612243506717291	0.6025436836335949	0.1465623505282918	-0.1662651420675328	-0.04237656546435981	0.07065617436082489	0.1185734836686485	-0.0004285256937944457	0.001683356009294924	-1.15542989956798	0.05981474753123801	-0.01730460633664456	0.002820947816644387
0.54	-0.1636835677718079	-0.1439887413604726	-0.5865920698765276	1.181354789685107	1.07424364131421	-0.1112517722637343	0.200063563597147	0.1395130874518956	0.3369505845756772	0.1316772861007551	-0.1535851500008108	-0.3859006048755206	0.5406612141235362	1.281369664155078	-1.485934294275752	0.1790656164152324	0.1790656164152288	0.0796860373606121	0.07968603736061751	-1.028947736940936	-0.9246151159857999	-1.32546032505591	-0.09400427363556593	0.8179735535632779	-1.146491429179332	-0.2036361655033813	-0.09488612628188596	0.4574035102845911	1.752654872197748	-0.2084267099147306	-0.1946985864002859	0.0005840539838018333	0.2007642659544	2.845527638681531e-06	7.577008727529466e-06	0.5453301149673998	-0.7848818699698793	-0.0004405089461533618	9.783832758998011e-05	0.1067691415056633	0.3147237806916634	-1.202959890198817	-0.06416127584282356	0.08456593932048392	0.02668514565790177	0.0980965504732482	-0.1906244036145425	0.8809024686016375	-0.03082864862584019	0.1916328305416277	-0.7672440341183611	1.440588151594828	0.4141074578583662	-3.426918818374018	0.398660594991231	0.3986605949912314	-0.2700659858491789	-0.2700659858491792	-0.6842055408352588	2.082330762121779	-0.6267053917554763	-0.6788500450491631	0.2423106999837578	-0.1737362159785253	-0.02352420383183401	0.1768136376780664	0.635958706144726	-0.04580984779620325	0.01028107177219907	-0.03101144628519698	0.05739931905558412	0.3174400886254328	0.003112676030496325	-0.002973482490331436	-1.163475603889123	0.02674862277217526	-0.006318538010117349	-0.001781723732068544
0.5449999999999999	-0.1621567685015457	-0.1422575722257625	-0.5930137122395025	1.181084886485117	1.074696563324206	-0.1109485703616478	0.1995877097306592	0.1382900684525006	0.343843545441788	0.1297379683698927	-0.151966914226851	-0.3924685037050534	0.5449273633526952	1.282725871932797	-1.500806686746651	0.1812820577689779	0.1812820577689795	0.07719818128920868	0.07719818128921031	-1.032472241627177	-0.9142819303245974	-1.328266701930887	-0.09732816933750731	0.8188777332594834	-1.147028688857809	-0.2034608741840849	-0.09348589863305796	0.4604553622141518	1.751928485106834	-0.2079429610105432	-0.1947586386340249	0.0009412372492540206	0.2027553194060244	1.000895964921307e-05	-4.034472985630459e-06	0.5395088024234177	-0.7850348700304155	-0.0004544742314241467	8.529456913925794e-05	0.3731674583791086	0.3800098253108131	-1.304267316555461	-0.0510827480750906	0.08814856501172702	0.07479009707652404	-0.1407840300990667	-0.2662220880133508	1.574087180202951	-0.5018801488323869	0.3863619207549367	-1.530223971826698	0.6801892237111949	0.1855052602695312	-2.835489924434844	0.4624956684528663	0.4624956684528662	-0.5896703351348797	-0.5896703351348797	-0.7405221627650297	2.063870898653188	-0.5376077501308144	-0.6727134066281949	0.1605754599930037	-0.07851905506688923	0.05117594505232995	0.3028927274937591	0.5748203594553405	-0.1880115567763237	0.1228858257632846	0.003215684752013108	0.07863826620795743	0.419566982821185	-0.0002409888298498676	-0.001183073754315093	-1.150191023842895	-0.0697669176905194	-0.001871357137025323	-0.001707456001138819
0.5499999999999999	-0.161259724270218	-0.1401659835861803	-0.5990204456577249	1.180771134765137	1.075040583967665	-0.1107019264739711	0.2001322639658496	0.1371744776530634	0.3496695094013089	0.1290886675612986	-0.1504145263761354	-0.3979059293351066	0.5516062831970718	1.283796012828174	-1.51742371106459	0.1834363703192042	0.1834363703192111	0.07514339508504789	0.07514339508504572	-1.036502216859627	-0.9038471330363288	-1.331254026476171	-0.1009514594108558	0.819991450978154	-1.147650133726548	-0.2035490539178385	-0.09266104595054217	0.4630520968169022	1.751342090947919	-0.2078011782984926	-0.1947041782331413	0.001302079436708052	0.2043657926905805	4.987833045210079e-07	6.266355905534744e-07	0.5339767886275795	-0.7853977218538233	-0.0004852603279119014	9.604700404940749e-05	-0.1451328740681135	0.4588915826404649	-1.036996312297888	-0.08170068383861287	0.0410053927056811	0.004061939893942121	0.506259791144561	-0.1476531236313973	0.454103705965631	0.4851781202814625	0.1652936612438787	-0.3150547543265025	2.405696397681844	0.2996807049214709	-4.124771557189437	0.3738090735835812	0.3738090735835805	-0.09683803895213022	-0.09683803895213022	-0.8863937593192148	2.122975412948248	-0.6990844598783222	-0.7986077936119942	0.3261259089698759	-0.2074102920833429	-0.1289126250517947	-0.05333634884681621	0.4539117754206086	0.01018732500400244	-0.1265054050825659	0.01479360756391071	0.05886288785632178	0.1652080217981426	-0.003556767311593183	0.003535553625406173	-1.047756104631596	-0.0571920823765046	-0.01304686249690539	0.007536753612280235
0.555	-0.1634302175473271	-0.1376498328201636	-0.603508688087918	1.180271292648674	1.075107699080605	-0.1108863018728063	0.2044691877621452	0.1367613645714462	0.3486869452067671	0.1342727063093382	-0.1502317201746701	-0.39596823786357	0.5682918385872893	1.285662571572253	-1.541499647463556	0.1850384686910256	0.1850384686910318	0.07606839206912692	0.07606839206912774	-1.041155643825827	-0.8930932386445845	-1.335200564664153	-0.1053046118978369	0.8220733663376935	-1.149089047433408	-0.2046720019885107	-0.09392296198172059	0.4647577937907996	1.751968269177989	-0.2090997033411275	-0.1945944783682469	0.001198899354068356	0.2044467264921499	-4.356558006350781e-06	1.198531588863365e-05	0.5295707301315709	-0.7853452185038881	-0.0005660770074911762	0.0001433971586225926	-0.5695975161409577	0.5362136396228911	-0.8289521305193982	-0.1096942330933321	-0.005913088146797201	-0.05467223083845816	1.048531733784966	-0.04940438585633465	-0.5036505370855654	1.299319953486443	-0.01868527027171115	0.7143492262914054	3.785078101116313	0.3891853248818127	-5.145550015990951	0.2897961604583155	0.2897961604583154	0.3107515193341835	0.3107515193341834	-0.9593729652028563	2.161099170441375	-0.841618183858587	-0.916932456366059	0.4547739979428253	-0.3269552657728596	-0.2722575756768408	-0.3428958426028865	0.2135525557726546	0.1716119952526586	-0.3127109516318108	0.03636240699943339	-0.07758940584664409	-0.06668055289965225	0.001138095841816832	0.0006285334690280776	-0.7233906073625246	0.05132423960924667	-0.01630073182859356	0.00922130965138649
0.5599999999999999	-0.1654210302252816	-0.1349173980313848	-0.6080164816703199	1.179759611730739	1.075063915680029	-0.1110172500964602	0.2088178013678121	0.1363623110260916	0.3480677924974209	0.1391906928416833	-0.1498665199749923	-0.3945202582386899	0.5846225876353468	1.28711029139871	-1.565278681360435	0.1865619907769229	0.1865619907769284	0.07669005714588514	0.07669005714588895	-1.045939905892079	-0.8824109730649965	-1.339291082000198	-0.1098635765263725	0.8240205285885512	-1.150507687135399	-0.2057915393992045	-0.09500466216635439	0.4650394777909721	1.752371491182735	-0.2101263512114151	-0.1942677934770907	0.0007516405288971703	0.2043605266442912	7.114392268412959e-06	3.118120032856111e-06	0.5266556494180469	-0.7851531712851444	-0.0006184768711357281	0.0001664401149071995	-0.07326063440625168	0.5454051917452736	-1.044816773181443	-0.08643620442722448	-0.003354012700405029	0.02543280996641543	0.5109357148930453	-0.1420293091263606	0.5994683000438451	0.3787572340036328	0.238251260528886	-0.5109394929891026	2.26377386081791	0.1321451378729964	-4.006010556354187	0.342378559213969	0.3423785592139694	-0.2181708018804586	-0.2181708018804587	-0.9387277993403597	2.094323888085652	-0.7566761191033587	-0.880932650233794	0.2722246654971505	-0.1993006901358246	-0.1275483610604656	0.01874998977103445	-0.1156934140693161	-0.07899516512496245	-0.01775453614365301	0.1015876180686814	-0.07876860915627414	0.09835456202689032	0.002973749322661022	-0.004554796836136903	-0.4513649916378132	-0.001374534853162124	-0.001680136123016307	-0.002186125703151043
0.5649999999999999	-0.1642157421219878	-0.132222111902289	-0.6138926889387284	1.179409597494932	1.075053449070523	-0.1106391024394457	0.2096234597753905	0.1353642562458273	0.3546604768335911	0.13813057844033	-0.1478728279000119	-0.401043756624903	0.5911659265027454	1.286999495251977	-1.581777120873654	0.1884694433845017	0.1884694433845099	0.0739357602006436	0.07393576020064486	-1.050689800500048	-0.8721751513918313	-1.342782253916427	-0.1140976552614469	0.8247748613580229	-1.151067197103737	-0.2059572447129844	-0.0937342012451504	0.4637029332056718	1.751217984000637	-0.2093309631951865	-0.1936199815684141	0.00050979928000872	0.2055182825988129	7.676474158897617e-06	-8.012687758433594e-06	0.5247609779878308	-0.7853906306389747	-0.0006000993910474698	0.000132179567507304	0.4034956546365337	0.5514454007087392	-1.23573213154183	-0.06200996549357057	-0.01285523800225229	0.102072720658321	-0.002969836951661144	-0.2311918995063535	1.707055636384769	-0.5160769284376787	0.4917472055612436	-1.738942247722413	0.8154979889743685	-0.126947989077522	-2.932735367245067	0.4048118321317383	0.4048118321317375	-0.7291749493900502	-0.72917494939005	-0.9721311608509443	2.010895024735873	-0.6791654030049348	-0.8369370858781698	0.07471740401930162	-0.06429801331535089	0.02058674315210486	0.373326137026159	-0.40379367193605	-0.3067013538035165	0.247258488253396	0.1393645943023945	-0.03010963065519015	0.3175477770859474	-0.001912669241597359	-6.947688351808229e-05	-0.3084116362024095	-0.04323023357683234	0.005551373834742947	-0.009794937694496422
0.57	-0.1629048758897886	-0.1292155826161406	-0.6196744629593373	1.179055107319823	1.074815137231001	-0.1102340582116877	0.2106451281473955	0.1343103990657582	0.3618328508808739	0.1368971842183795	-0.1456238315583999	-0.4083145045781766	0.5973969305534191	1.286335967582824	-1.597999736216005	0.1904522025813743	0.1904522025813851	0.0709420379202533	0.07094203792025205	-1.055770228670624	-0.8621931203820834	-1.346476463586415	-0.118475329805976	0.825219792246022	-1.151548614429713	-0.2059924668916474	-0.09243248321293679	0.4611528485527592	1.750061541183807	-0.2085402788726977	-0.1930558730450623	0.0003291268197844261	0.2070640039881924	-3.649826898862648e-06	7.038451662842191e-07	0.5235524524984848	-0.7850816838898917	-0.0005977606760240655	8.572229358534221e-05	-0.03102938284405542	0.6699024545662886	-1.007043474061648	-0.08822658014763697	-0.09449210470721978	0.03619143826378814	0.5973397006636662	-0.1643502690482744	0.8313441844888738	0.309445305764755	0.340372967181548	-0.8098393198132763	2.138839934128001	-0.08894747109468225	-3.895680888007175	0.3725011949315064	0.3725011949315042	-0.3139409359399554	-0.313940935939955	-1.070941224382856	1.992807622718697	-0.8378912206068556	-0.9383709740156447	0.1484639129081151	-0.1680636331914399	-0.0753551070136963	0.03125283417488655	-0.6011094411142466	-0.08016941901806447	-0.01963601363954497	0.06810626393877604	-0.0543010936906116	0.2535407359700516	-0.001781603856636942	0.003384139450266098	-0.1769066152898199	0.2171879063121299	-0.00809564214895791	-0.007064816311977587
0.575	-0.1646049515734764	-0.1254968679222432	-0.6239627684007581	1.17852740001179	1.074087928955633	-0.1102973463834337	0.2156906907315499	0.1337183379953632	0.3627415362820424	0.1413493574403076	-0.1445157278017069	-0.408869664931045	0.6125988756555993	1.28614453002019	-1.620728243703812	0.192171331830293	0.1921713318302962	0.07091078284156203	0.07091078284155672	-1.061314307849104	-0.8522694400192489	-1.351162000515463	-0.1234397909738349	0.8263251495407857	-1.152778934966649	-0.2067565900568135	-0.09348415182145585	0.4577601890295283	1.750478715818109	-0.2095527070090415	-0.1929595445207667	0.0001153165170822759	0.2079484441200867	-1.429419758983179e-06	4.860262901836828e-06	0.5229144112858175	-0.7830949505563014	-0.0006659508820272668	5.63473847318298e-05	-0.5208620905131698	0.794872574644353	-0.7728001406540917	-0.1143830471114829	-0.1886666687338387	-0.0420504591155886	1.256219737010087	-0.09146015295364397	-0.1926942495453072	1.220870787197314	0.1555623006182514	0.2975033143241558	3.534591698337639	-0.02020303760226124	-4.896663173862762	0.3240379634495441	0.3240379634495435	0.1784909992713037	0.1784909992713042	-1.150440317916237	1.963441561166211	-0.9776093802949003	-1.013293574903201	0.2633952973421322	-0.2883530602258633	-0.2039717037577578	-0.3433314724215699	-0.7368671479508989	0.1862874476620958	-0.3023420398915287	-0.008815112300136457	-0.03204894346120719	0.1250195825178361	0.001980489033999241	-0.001068756384131549	-0.1059652417268872	0.5367009561442108	-0.01818878715826662	-0.004943332306279045
0.58	-0.1668321087937412	-0.1214939653531805	-0.6280476787473522	1.177996009808253	1.073005715910726	-0.110460000324378	0.2215606695576161	0.1332059375977825	0.3626576661301824	0.1466003601322606	-0.1435412709009915	-0.4082421900783528	0.6286693834527313	1.28580818237037	-1.643975778622104	0.1937814568040282	0.1937814568040238	0.07149746886105712	0.07149746886104776	-1.067312130558854	-0.8426909343829102	-1.355665415682188	-0.1282670663727609	0.8275509081428907	-1.154075029818403	-0.2077689593762753	-0.09477990988554308	0.4539750492755222	1.751316897409658	-0.2107337672615488	-0.19293642674886	3.782244627662618e-07	0.2085620424706724	9.262286655234889e-06	-3.455558955896199e-06	0.5222162463617179	-0.7801227190382474	-0.0007697320166661724	3.370711975403494e-05	-0.2418619974748742	0.7835776046323623	-0.9256854361310014	-0.0896997383488036	-0.2364940125223247	-0.003554869415594227	0.9271061974283422	-0.1324859999225153	0.434321963277475	0.6289770937746739	0.2869142247904929	-0.3367852375890482	2.486265012108705	-0.1469115059687607	-4.103291860201379	0.328899484858092	0.328899484858093	-0.06676449666540606	-0.06676449666540545	-1.252438636890514	1.854737732120326	-0.765042515677714	-0.8834966664425067	0.1966244358445651	-0.1943733591186288	-0.1746535687319811	-0.06638294805238074	-0.7581015334243486	0.08823336388025051	-0.08708886010494966	0.03882196298318386	-0.01475228965755538	0.1452040234465932	0.001606915853098494	-0.001604756387048152	-0.20095609986276	0.611387180097661	-0.02233201360323972	-0.004370958761690567
0.585	-0.1667239538515507	-0.117753084778392	-0.6333538049172597	1.177664662516505	1.071727666996708	-0.1102644848062394	0.2245069720894	0.1323849700703498	0.3675549422459381	0.1470145917340666	-0.1415793467649672	-0.4126601407216658	0.6366575864298749	1.284572831851054	-1.661176048405341	0.1954814642017497	0.1954814642017483	0.07006168861658334	0.07006168861658506	-1.07383900828835	-0.8336752671883507	-1.358713246262369	-0.1320662911566285	0.8282880534081253	-1.154662492097096	-0.2084211649869484	-0.09396458235631579	0.4504414534815201	1.751169524570875	-0.2103133816174433	-0.1925822500531911	2.852071354964847e-06	0.2094987418447879	8.653029168804809e-06	-3.404954692701043e-06	0.5206418856272207	-0.7771794529589863	-0.0008687809852526448	9.847317691256664e-06	0.2211972515381101	0.7231521460000774	-1.158724974851653	-0.04437993446312129	-0.2815601558796955	0.07591827077642845	0.3243855864728188	-0.1850540180901499	1.345936906476785	-0.341814289940006	0.4635744117544643	-1.228247087568352	0.9362796683633041	-0.3451193995280177	-2.9413988663834	0.3474606833353066	0.3474606833353071	-0.4238921067310581	-0.4238921067310576	-1.339146367219487	1.772710195899471	-0.5065221009510386	-0.6296487607610544	0.126565316758318	-0.06537554321943068	-0.0931668592510949	0.3158679276517324	-0.6323830516097192	-0.1270374887161287	0.1927532558110319	0.07715073502817531	0.03890506600826334	0.2244601059984415	-0.001274918520594294	0.001164091666590166	-0.4408810157861167	0.5803653567772784	-0.01169124919525807	-0.007374864124704551
0.59	-0.16525940350649	-0.1141586686860092	-0.6392545279260654	1.177536802902494	1.070121768323983	-0.1097592456755597	0.2255342331342203	0.1314638673464856	0.37433051942947	0.1443969188639831	-0.1392483369620943	-0.418503181632358	0.64030481503251	1.282378081397387	-1.675035595418839	0.1972196357284204	0.1972196357284219	0.06809510273764378	0.06809510273765659	-1.080511933354169	-0.8247520219219558	-1.361254960537263	-0.1344981091169369	0.8290998777755644	-1.154976425159202	-0.2087700098059245	-0.09238769092994141	0.4478807560850924	1.750247972629267	-0.2094311333227994	-0.19242189920114	0.0006210612604836853	0.2107564873286452	2.270104720054266e-06	3.57629345264499e-06	0.5176865079853565	-0.774174604418769	-0.0008306812622578424	-6.206054210584876e-05	0.3006961636732184	0.7249918116700907	-1.163524171690231	-0.008304667254269586	-0.3676339160047198	0.1203345756008896	0.1594896026429199	-0.1725400784950528	1.185642390387975	-0.5837846949811414	0.4345484915299652	-0.9068213445406608	0.7498752623053245	-0.5306714797087824	-2.767002752306079	0.3441651364377728	0.3441651364377728	-0.2790867504517164	-0.2790867504517161	-1.310857571420239	1.817768960854437	-0.5625959935626622	-0.3365339370188179	0.2264960767264005	-0.08496167248315789	-0.05330925205319666	0.2382426108064523	-0.3689421743946386	-0.2214382772501206	0.09765620011046089	-0.0387083744639126	0.2315418472370532	0.2736224673432982	-0.0007025509318296885	0.001167501165812196	-0.7533628628095599	0.6360201644802103	0.03252746302927007	-0.02359018185542141
0.595	-0.1639264319056001	-0.1104232803881949	-0.6449261613679547	1.177565760815068	1.068036553177321	-0.109077366734839	0.2263886539682846	0.1306831578776808	0.3791535528035589	0.1415706106930604	-0.1373032561758737	-0.4214584877537211	0.6447192639891093	1.279302171178254	-1.689126030036581	0.1989486068307412	0.1989486068307378	0.06740519003086154	0.06740519003086975	-1.086634914294885	-0.8154705889120082	-1.364460772883018	-0.1355431496779652	0.8305442384604738	-1.155501889599714	-0.2090466951058518	-0.09177944842975588	0.4465433876975725	1.749139088632859	-0.2094305325427029	-0.1929394245147751	0.002307743309740101	0.2122131425088383	3.02274331129733e-06	7.788102140593476e-06	0.5133643108852668	-0.7711333619753207	-0.0005999894128690359	-0.0002102638919956305	0.2553350511209543	0.7725910098120443	-1.132436595864243	0.01798172165074959	-0.4625519519308938	0.1551225778473205	0.1653725800936109	-0.1449631845579245	0.8710288316342841	-0.5893024011885589	0.3655428421890541	-0.4234470336122185	0.9041071011626924	-0.6924716099018066	-2.764757342274848	0.356075876839778	0.3560758768397781	-0.05328881644544577	-0.05328881644544568	-1.090102758630273	1.877187968224318	-0.7021421965006243	-0.1116715543816657	0.3215134224370929	-0.09794883060064641	-0.06835931902214432	0.04187325986766359	-0.2346051857113367	-0.2052566626800795	-0.05040136577392307	-0.1335591925501339	0.347799931569035	0.3101315178131435	0.0006531835632397434	0.0006369023576670661	-0.8470884448195697	0.5492362342281598	0.04583584977587712	-0.02960887706663936
0.6	-0.162477627250898	-0.1063984835643249	-0.6508519677926951	1.177697559012668	1.065535250711969	-0.1081809641254871	0.2270188974262649	0.1299620407455957	0.3843153864696801	0.1380782565740915	-0.135372318347896	-0.4242191112645563	0.6482279138524204	1.275525575278795	-1.701639031316431	0.2008669202203252	0.200866920220317	0.06699810973136046	0.06699810973136407	-1.090930640478112	-0.8061563049887155	-1.368100515019881	-0.1359167173306451	0.8320176642519329	-1.155683160733996	-0.2095635475071904	-0.09160076962526567	0.4448487041769992	1.748363992588797	-0.2094650017575592	-0.1934100655422415	0.003145750167209263	0.2138687216375687	5.297712301579998e-06	1.114211751231435e-05	0.5104998988612289	-0.7689946478631972	-0.000511457034002824	-0.0002973265024337236	0.3470293851981485	0.8407552220923372	-1.265193364830642	0.03283144675614982	-0.5340688434802976	0.2061440430533664	0.06981865220937772	-0.1487031438072175	1.32116250720087	-0.850203074199625	0.4288913082328025	-0.8289483003294436	0.3875556249901148	-0.8109457518391997	-2.136029417149572	0.4199020513430666	0.4199020513430668	-0.1659537875392537	-0.1659537875392539	-0.5799556684246763	1.830909326192464	-0.7361679100056683	-0.06794477367947387	0.2381221193463408	0.05271565000918685	-0.1493760926177804	0.06641713252833348	-0.5118682276159336	-0.08792309631165722	0.08362820212932913	-0.01995465999646467	-0.1079282294778478	0.3531920467582479	-9.361877221384746e-05	0.0008243838393211534	-0.1702488323887651	0.2750088319502479	-0.02433632517976766	0.0008661139252540648
