inDegrees=no
DataType=double
version=3
OpenSimVersion=4.6-2026-06-22-85aaf64
endheader
time	/jointset/ground_pelvis/pelvis_tilt/value	/jointset/ground_pelvis/pelvis_list/value	/jointset/ground_pelvis/pelvis_rotation/value	/jointset/ground_pelvis/pelvis_tx/value	/jointset/ground_pelvis/pelvis_ty/value	/jointset/ground_pelvis/pelvis_tz/value	/jointset/hip_r/hip_flexion_r/value	/jointset/hip_r/hip_adduction_r/value	/jointset/hip_r/hip_rotation_r/value	/jointset/walker_knee_r/knee_angle_r/value	/jointset/patellofemoral_r/knee_angle_r_beta/value	/jointset/ankle_r/ankle_angle_r/value	/jointset/subtalar_r/subtalar_angle_r/value	/jointset/mtp_r/mtp_angle_r/value	/jointset/hip_l/hip_flexion_l/value	/jointset/hip_l/hip_adduction_l/value	/jointset/hip_l/hip_rotation_l/value	/jointset/walker_knee_l/knee_angle_l/value	/jointset/patellofemoral_l/knee_angle_l_beta/value	/jointset/ankle_l/ankle_angle_l/value	/jointset/subtalar_l/subtalar_angle_l/value	/jointset/mtp_l/mtp_angle_l/value	/jointset/back/lumbar_extension/value	/jointset/back/lumbar_bending/value	/jointset/back/lumbar_rotation/value	/jointset/acromial_r/arm_flex_r/value	/jointset/acromial_r/arm_add_r/value	/jointset/acromial_r/arm_rot_r/value	/jointset/elbow_r/elbow_flex_r/value	/jointset/radioulnar_r/pro_sup_r/value	/jointset/radius_hand_r/wrist_flex_r/value	/jointset/radius_hand_r/wrist_dev_r/value	/jointset/acromial_l/arm_flex_l/value	/jointset/acromial_l/arm_add_l/value	/jointset/acromial_l/arm_rot_l/value	/jointset/elbow_l/elbow_flex_l/value	/jointset/radioulnar_l/pro_sup_l/value	/jointset/radius_hand_l/wrist_flex_l/value	/jointset/radius_hand_l/wrist_dev_l/value
0	-0.1586521703212793	-0.157488651811425	-0.3227412184134399	1.17154869	1.05771537	-0.09766867999999999	0.2352210997831483	0.1645541895079244	0.2148824261512812	0.1396204673011463	0.13962047	-0.1821609976982146	-0.1758532948783676	0	0.1910441734630855	-0.1610911208196854	-0.2022222828359367	0.1303649836598265	0.13036498	-0.07307940751628926	-0.1451022555352742	0	0.2874221689616746	0.9502319553496739	-0.823985428092838	-0.8505580254628131	-1.30256233939464	-1.129775425870939	0.6078123274690486	0.1801940819679859	0.4983660589429666	-0.7844411679526533	-0.06075611135031628	0.7449558573551521	-1.095540426597526	1.760876895949441	0.1877806489663587	0	0
0.002777778	-0.1587205106080033	-0.1574480952465306	-0.3228551163314971	1.1715785	1.05764066	-0.09764895	0.235190580781315	0.1645837548618544	0.214896872066967	0.1396194850298433	0.13961949	-0.1821368348364512	-0.1758695304546684	0	0.1911006612188592	-0.1612006714716417	-0.2022281115375067	0.1303086498420928	0.13030865	-0.07302812066715356	-0.1452148844244322	0	0.2873654649596065	0.9501284948496095	-0.8240713775299843	-0.8505404648325441	-1.302505084392127	-1.1296797943943	0.6080178471443208	0.1800134663958103	0.4984415254090265	-0.7844494457002296	-0.06076655121177001	0.7450546874967109	-1.095491101149404	1.760854005781769	0.1877755513832124	0	0
0.005555556	-0.1587479735383164	-0.1574592677972043	-0.3228746032816615	1.17161657	1.05762839	-0.09767294	0.2351901262975778	0.1645824613983457	0.2149056622432117	0.1396200189260615	0.13962002	-0.1821270199774026	-0.1758608839190212	0	0.1911051479367673	-0.1611817788060876	-0.2022239377571334	0.1302899964611792	0.13029	-0.07300830542055688	-0.1452494159382159	0	0.2873514478713179	0.9502011464486518	-0.8240827492227257	-0.8505229310803457	-1.30255167002239	-1.129636839921547	0.6080467618395058	0.1800347817528991	0.4984039914053306	-0.7844493477872586	-0.06077629974830703	0.7450813885908055	-1.095468639460062	1.760851680828672	0.1877670359217919	0	0
0.008333333	-0.1587657383721078	-0.1574526182672871	-0.3228911886219443	1.17166019	1.05768681	-0.09774671	0.2351559375664592	0.164506873108304	0.2149504339527827	0.1396432658390334	0.13964327	-0.1821478902755321	-0.1758171625485941	0	0.191042272974063	-0.1611005813768958	-0.2021938025532026	0.1303126621795102	0.13031266	-0.07302258134117356	-0.1452098207006734	0	0.2874016597721674	0.9504420432497303	-0.8240663700058274	-0.8504516040116729	-1.302772870433794	-1.129702460287164	0.6079407988863599	0.1802561369750076	0.4982755037564573	-0.7844414178838022	-0.06079343364557385	0.7451134094484602	-1.095439965794847	1.76084104060342	0.1877617664237143	0	0
0.011111111	-0.1588088525424881	-0.1574459858415966	-0.3229640479151676	1.17172082	1.05769483	-0.09777284	0.2351197307111266	0.1644491000920692	0.2149925614885368	0.1396595150289024	0.13965951	-0.1821523975883254	-0.175801844491881	0	0.1910314524562994	-0.1611227791724544	-0.2021881338983251	0.1303072626544033	0.13030726	-0.07301364717526554	-0.1452323352734912	0	0.2874012993616768	0.9505218939828712	-0.8241187743892832	-0.8504015430818037	-1.302842678193353	-1.129699225493929	0.6079962733039699	0.1802868600058304	0.4983257575452087	-0.7844391140491895	-0.0608021794904556	0.7451688018355952	-1.095410211596292	1.760826813552023	0.1877448636080405	0	0
0.013888889	-0.1588211541466549	-0.1574885692573514	-0.3230229011156766	1.17175961	1.05768218	-0.09775072999999999	0.2350993452654633	0.1643786257912687	0.2150341566988691	0.1396708404704186	0.13967084	-0.1821569782049473	-0.1757835660076907	0	0.1910305864239246	-0.1610732036186503	-0.2021895593087252	0.1303081496307292	0.13030815	-0.07300995912002314	-0.1452383653860568	0	0.2873876063810302	0.9506708672593068	-0.8241841622770445	-0.8503894425395666	-1.302928667598539	-1.129678196894436	0.6079637902831294	0.1803828969224543	0.498306374093069	-0.7844392362222371	-0.06080015037066723	0.745203890807542	-1.095393438284049	1.760824459975526	0.1877236444185935	0	0
0.016666667	-0.1588240335908549	-0.1574575694173092	-0.3230670459029802	1.17180936	1.05771314	-0.09780874000000001	0.235073320311921	0.1643896508616207	0.215054284184869	0.1396761982821564	0.1396762	-0.1821619035240964	-0.1757621762995758	0	0.1910218707732389	-0.1610415445677496	-0.2021896865432277	0.1303133908544729	0.13031339	-0.07301059005654775	-0.1452390017331021	0	0.2873914888659513	0.9507707151023526	-0.8242160532822027	-0.8503311309147246	-1.303050422639822	-1.129712493137836	0.6079452339425221	0.180433161881313	0.4983004293271038	-0.7844353181325994	-0.06081266525406866	0.7452290724179897	-1.09537259486399	1.760817069204276	0.1877081940659232	0	0
0.019444444	-0.1588626287547359	-0.1574925262678315	-0.3231191055839087	1.17185497	1.05767402	-0.09779727000000001	0.2350497773911079	0.1643146160154848	0.2151023961055624	0.1396841405774505	0.13968414	-0.1821619085855512	-0.1757543846261961	0	0.1910206160560396	-0.1610357862029485	-0.2021949481873237	0.1303122748909492	0.13031227	-0.07300540607960347	-0.1452561834523904	0	0.2873678101585224	0.9508750859661547	-0.8242885293011223	-0.8503213457262734	-1.303083211791414	-1.129676844787864	0.60794259064137	0.1804542585486465	0.498324282218392	-0.7844375559937662	-0.06081519999574132	0.7452577685979522	-1.095356718127383	1.76081408800738	0.1876837399087076	0	0
0.022222222	-0.1588808328879001	-0.1574815032918747	-0.3230761683899145	1.171834	1.05754039	-0.09778457	0.2350744139352303	0.1645526639156252	0.2150681855578282	0.1396261251349825	0.13962613	-0.182105758027389	-0.1758034063870286	0	0.1911119826461181	-0.1610556435119801	-0.202264955961615	0.130287605185571	0.13028761	-0.07297536093466209	-0.1453479415198202	0	0.2872398440140296	0.9506700521905462	-0.8243760086938908	-0.8503900829008693	-1.302839754766856	-1.129534138116108	0.6080380622458492	0.1800395318409913	0.4985362461728615	-0.7844494340065236	-0.06081015093274823	0.7451463041924712	-1.095401488964289	1.760864037061644	0.1876406582014514	0	0
0.025	-0.1588777499383094	-0.1575060984716938	-0.323068185253916	1.17186721	1.05753921	-0.09781534	0.2350704803121621	0.1645046057510728	0.2151185751331954	0.1396198204821255	0.13961982	-0.1821056360288743	-0.1757779217874227	0	0.1910840292782853	-0.1610806877650157	-0.2022738595842611	0.130305352391537	0.13030535	-0.07298115752217381	-0.145350487606133	0	0.2872196831922411	0.9507675775239562	-0.82442453862094	-0.8503701484482846	-1.30285854480705	-1.129538633560663	0.6079467459212531	0.180054617245315	0.4986084961716429	-0.7844479211551281	-0.06081533037183645	0.7451476704362097	-1.095392334363297	1.76087659453108	0.1875915184563615	0	0
0.027777778	-0.1588794362754326	-0.1575302292193989	-0.3230902217810516	1.17192518	1.05759933	-0.09787693	0.2350334494868896	0.1644131817396619	0.2151756290737785	0.1396431159152507	0.13964312	-0.1821320337847448	-0.1757271740704929	0	0.1910124992278203	-0.1609675118896702	-0.2022507758595743	0.1303448177765831	0.13034482	-0.0730074584122709	-0.1452962295084787	0	0.2872655082080156	0.951047474928901	-0.8244311984482998	-0.850318555817464	-1.303062639420988	-1.129604442945438	0.6077831141480288	0.1802981545550189	0.4985254178011162	-0.7844399055560054	-0.06083453702212294	0.7451776181917787	-1.095365284901483	1.760867714295846	0.187570286351478	0	0
0.030555556	-0.1589096409434676	-0.157537303736989	-0.3231338450639747	1.17194657	1.05749752	-0.09785843	0.2350039218320715	0.1645115757234406	0.2151935070049055	0.1396170578004526	0.13961706	-0.1821040502227159	-0.1757406560408329	0	0.1910684604177587	-0.1610351488087056	-0.2023064454049947	0.1303351620915623	0.13033516	-0.07299064513198765	-0.1453697087426523	0	0.2871678170683266	0.9509199925896769	-0.8245554044554521	-0.8503433344313874	-1.302875018620793	-1.129518887603637	0.6078830602531113	0.1799956985949591	0.4988527286459878	-0.7844479194097987	-0.0608570283820617	0.7451596460128722	-1.095357278901672	1.760883528026066	0.1875250866871745	0	0
0.033333333	-0.1588817563416073	-0.1575585840129598	-0.3231589243981283	1.17197601	1.05750056	-0.09789183	0.2349850597097793	0.1644584105509639	0.2152478614447345	0.139616515352121	0.13961652	-0.1821080574986785	-0.1757105648191992	0	0.1910509842614256	-0.1610507667129842	-0.2023233058091677	0.1303548663352186	0.13035487	-0.07299876859245813	-0.1453756402441152	0	0.2871373345438747	0.9510356869751331	-0.8246331433401981	-0.8503326528418323	-1.302948448287616	-1.129550221848764	0.60770249983334	0.1800368974410183	0.4988789152170188	-0.7844459480604086	-0.06086814892192371	0.7451584656466991	-1.095349772415092	1.760896337346512	0.187483900232953	0	0
0.036111111	-0.158893306930597	-0.1575831481259182	-0.32312071006509	1.17199663	1.05745467	-0.09790523	0.2349604530107872	0.1645495446631861	0.2152690626572902	0.1395940765265928	0.13959408	-0.1820907755974911	-0.1756968844049234	0	0.1910283818985464	-0.1609913286526429	-0.2023513979306761	0.1303891915510846	0.13038919	-0.07300951493372851	-0.14539392675682	0	0.2870743319976021	0.9510695077908453	-0.8246869279300263	-0.8503793835089557	-1.302865523331531	-1.129513183867641	0.607575800972417	0.1798753726292669	0.4990638574604101	-0.7844477434806101	-0.06089871208058708	0.7450980680043351	-1.09535719826746	1.760924047939046	0.187438946834607	0	0
0.038888889	-0.1588739733948739	-0.1576019070992516	-0.3231452570738218	1.1720562	1.05746152	-0.09794087999999999	0.2349249770993453	0.1644971109581989	0.2153280862019341	0.1395996999774427	0.1395997	-0.182097616939093	-0.1756655080973615	0	0.1909958369185174	-0.1610244106704827	-0.2023568335840985	0.1304093202588149	0.13040932	-0.07301885419055594	-0.1454085592482029	0	0.28705391321615	0.9511764542370246	-0.8247453203636127	-0.8503771062033477	-1.302909845444286	-1.129535029455757	0.6074318521498321	0.1799355878847241	0.4991900098587442	-0.7844463126596894	-0.06092297337892028	0.7451267130461504	-1.0953318649879	1.760922652722842	0.1873880753738332	0	0
0.041666667	-0.1588588246350983	-0.1576261718882433	-0.3231930886946374	1.17207572	1.05746223	-0.09796937999999999	0.2348797236789008	0.1644839201087781	0.2153782104872551	0.139602109579008	0.13960211	-0.1820978258550045	-0.1756424420005	0	0.1909780591692895	-0.1610144162170541	-0.2023714378011475	0.1304277291191004	0.13042773	-0.07302380289711705	-0.145427876552364	0	0.2870211156869783	0.9512645811469456	-0.8248191142806505	-0.850404293371639	-1.302932365776691	-1.129526098082376	0.6073092740112731	0.1799248848276192	0.4993362756059113	-0.7844453354498412	-0.06095678651518379	0.7451219235136172	-1.095315000220404	1.760930802014186	0.1873456816753681	0	0
0.044444444	-0.1588625221151186	-0.1576590282350108	-0.3231923898648048	1.17212751	1.05744717	-0.09800016	0.2348435841932773	0.1645131425055101	0.2154150737609194	0.139593637401753	0.13959364	-0.1820941186011404	-0.1756190095590286	0	0.1909419758832679	-0.160996153789893	-0.2023838711776728	0.1304547127820008	0.13045471	-0.07302808209537708	-0.1454572911098466	0	0.2869883797679291	0.9513443259386009	-0.8248505720950884	-0.8504500829572296	-1.302911888177643	-1.129496856487022	0.6071676691658735	0.1799066522455882	0.4994700264696769	-0.7844459347959063	-0.06100606920273943	0.7451254042237445	-1.095283429134098	1.760932157611416	0.187301652428861	0	0
0.047222222	-0.1588673772720318	-0.1576835031616445	-0.3232296646871067	1.17216527	1.05746327	-0.09803509000000001	0.2348021123777231	0.1644455108224624	0.2154797708473628	0.1396024635317803	0.13960246	-0.1821048206110477	-0.1755792095943649	0	0.1908959972785192	-0.1609872351574153	-0.202384286216969	0.1304804590064616	0.13048046	-0.07303799818352229	-0.145468529808499	0	0.2869686781422667	0.951494611877167	-0.8249083908389497	-0.8504671697306067	-1.302957036878332	-1.129504745724307	0.6070181522193758	0.1799677591897603	0.4995837152972897	-0.7844441479278181	-0.06104292863667937	0.7451448112378292	-1.095256531515929	1.760925859939876	0.1872628802885938	0	0
0.05	-0.1588672861658449	-0.1577060484522571	-0.3232527571384399	1.17220566	1.05744764	-0.0980637	0.2347651674226498	0.1644758793769142	0.2155207857357188	0.1395948797271145	0.13959488	-0.1821013240184243	-0.1755583323149184	0	0.1908749496549377	-0.1609763292930513	-0.2023980511051807	0.1304975670728555	0.13049757	-0.07303754020912658	-0.1455045099455617	0	0.2869295543181552	0.951556045721508	-0.8249518193431283	-0.8505268418396007	-1.302927406074555	-1.129469361617184	0.6068923413819762	0.1799429650424064	0.4997400186075179	-0.7844443095453069	-0.06109118454703606	0.7451279260499806	-1.095239249963808	1.760926869961914	0.1872237440726446	0	0
0.052777778	-0.158869570103704	-0.1577344690447307	-0.3232666880074634	1.17224438	1.05744859	-0.09809913000000001	0.2347361247948307	0.164447114780045	0.2155740229902936	0.1395919850985501	0.13959199	-0.1821026598934338	-0.1755309721844983	0	0.1908408823987351	-0.1609629609436456	-0.2024058036831851	0.130520525657435	0.13052053	-0.07303975293755224	-0.1455331398030127	0	0.2868958935491355	0.9516748949641199	-0.8249922696174713	-0.8505734316586534	-1.302932996538682	-1.1294526342071	0.6067392997430542	0.1799540756338917	0.4998541229980255	-0.7844437147370977	-0.06113803075495591	0.7451079835688815	-1.09521719004926	1.760933061342902	0.1871886727285234	0	0
0.055555556	-0.158871660833615	-0.1577542982539614	-0.3232920572408058	1.17228731	1.05744062	-0.09812682	0.2346995974970475	0.1644571795702425	0.2156220420594708	0.1395870283634744	0.13958703	-0.1821019188266334	-0.1755033785290243	0	0.190814257226463	-0.1609415595418247	-0.2024174893606589	0.1305404578410916	0.13054046	-0.07304015017449	-0.1455660837653087	0	0.2868528760699957	0.951767702498029	-0.8250423623123329	-0.8506303206656223	-1.302909562700947	-1.129424665480369	0.606601760991213	0.1799200867429726	0.5000132193586556	-0.7844435873280624	-0.06120282645250206	0.7450886486368951	-1.095185868894103	1.760934736335386	0.1871571676156627	0	0
0.058333333	-0.1588745430703417	-0.1577803556706278	-0.3233143417792282	1.17233739	1.05744709	-0.09816169	0.2346615161580982	0.1644344997147445	0.2156802510589528	0.1395854635012671	0.13958546	-0.1821066247578955	-0.1754692458229747	0	0.1907827999356239	-0.1609246977413883	-0.2024247981014346	0.1305588752534903	0.13055888	-0.07304160647721786	-0.1455964949057942	0	0.2868232616723136	0.9518860216841473	-0.8250764391678463	-0.8506796701992881	-1.302903404306682	-1.129410294090243	0.6064280335354634	0.1799309400729261	0.5001153331626692	-0.7844427516644166	-0.06126490327613944	0.7450733269149905	-1.09515554624181	1.760937016957119	0.1871201017092722	0	0
0.061111111	-0.1588760892575261	-0.1578043186921919	-0.3233386327481587	1.17238002	1.05744682	-0.09819912	0.2346235634499148	0.1644160973121773	0.2157450132461773	0.1395789275922842	0.13957893	-0.1821058133543263	-0.1754422923542703	0	0.1907569723788199	-0.1609056856953134	-0.2024375143958317	0.1305792781524461	0.13057928	-0.07304252050614712	-0.145625776120122	0	0.2867925559202504	0.9519977196146823	-0.8251158897175938	-0.850746699569211	-1.302873098933149	-1.129375928033672	0.6062665251298069	0.1799103785235412	0.5002357352247168	-0.7844421739604341	-0.06132632839383412	0.745071407925478	-1.09512413956552	1.760929443449896	0.187085853986025	0	0
0.063888889	-0.1588844088930045	-0.1578219035825374	-0.3233749087185298	1.17242123	1.05744259	-0.09822206999999999	0.2345956298043025	0.1644268017655457	0.2157976333523286	0.1395672028194352	0.1395672	-0.1821012667716248	-0.175421433226248	0	0.1907320543130892	-0.1609006610669298	-0.2024543543796525	0.1305987808105737	0.13059878	-0.07304080380029486	-0.1456671615418782	0	0.28674307426516	0.9520533982358148	-0.8251698605340532	-0.8508339520691768	-1.302781246443407	-1.129324405565087	0.6061277918746255	0.1797873335094073	0.5003837572967101	-0.7844406883361748	-0.06138795387532694	0.745037101384635	-1.095104541786948	1.760932319752503	0.1870490802477513	0	0
0.066666667	-0.1588621732238011	-0.1578415561644478	-0.3233716711327673	1.17243984	1.05741667	-0.09824636	0.2345533305281499	0.1645028426194624	0.2158586193451835	0.1395488108888435	0.13954881	-0.1821034044508927	-0.1753654448091733	0	0.1907125743442418	-0.1608320509523035	-0.2024851814320987	0.1306267643726027	0.13062676	-0.07304321462359065	-0.1456997077436377	0	0.2866745919086349	0.9521511534290872	-0.8252285025497227	-0.8509368411484439	-1.302688531411948	-1.129306770234726	0.6058856188887981	0.1796568786999341	0.5006076945589141	-0.7844457635791067	-0.06144704461514709	0.7449828944251277	-1.095100853906238	1.760947180183886	0.1869941837086566	0	0
0.06944444399999999	-0.1588553964593815	-0.1578639276202669	-0.3233879562764188	1.17248144	1.05741383	-0.09828423999999999	0.2345162654944241	0.164499966665921	0.2159352941026846	0.1395389770057061	0.13953898	-0.1821094616160617	-0.175316490243517	0	0.1906612684710173	-0.1608054116428644	-0.202504283711696	0.1306644006525927	0.1306644	-0.07305434423916476	-0.1457201809793624	0	0.2866129976685358	0.9522696363270894	-0.8252927379965788	-0.8510276307326717	-1.302622967594998	-1.129314921620465	0.6056225900910738	0.1795349440642703	0.5007958743880677	-0.7844447966667011	-0.06151415863353865	0.7449326434289031	-1.095094542970196	1.760952536948426	0.1869422819800254	0	0
0.072222222	-0.158839694430233	-0.1578838880782574	-0.32346736788472	1.17252773	1.05742267	-0.09832156	0.2344701467397365	0.1644102684360745	0.21603537581985	0.1395450563365566	0.13954506	-0.1821206336431366	-0.1752711675335012	0	0.1906380198127161	-0.1608368244278077	-0.2025252081150323	0.1306846024896187	0.1306846	-0.07305760486327334	-0.1457465768153708	0	0.2865541704734326	0.9523937280151757	-0.8254079573034127	-0.8510744877616329	-1.302592189237238	-1.129346784002223	0.6053954859289421	0.1794604869221168	0.5009550677890043	-0.7844422867087039	-0.06156293220855148	0.7449383853876091	-1.095075680149772	1.760947024500517	0.186889540922557	0	0
0.075	-0.158842510693514	-0.1578881159638374	-0.323517939846994	1.17258609	1.05745322	-0.09836514	0.2344200708000358	0.1643470119443957	0.2161231810655898	0.139556003390691	0.139556	-0.1821390110874955	-0.1752161496940235	0	0.1905824713931458	-0.160766364787773	-0.2025241497473739	0.130719017939007	0.13071902	-0.07307261923269653	-0.1457408524844901	0	0.2865355579332236	0.9526199846454226	-0.825472918283639	-0.8511297276069915	-1.302626689684161	-1.129366663476937	0.6051378865014549	0.1794868869469154	0.5009888863357885	-0.7844385194155133	-0.06160394936583553	0.7449474384104393	-1.095063165091838	1.760936654975832	0.1868490916954115	0	0
0.07777777800000001	-0.1588458179179136	-0.1578957704543378	-0.3235838940940977	1.17264202	1.05745376	-0.09839924999999999	0.2343749273353342	0.1643135763228493	0.2162018674895867	0.139555634777153	0.13955563	-0.182144082490703	-0.1751824782784953	0	0.1905568527522533	-0.1607547374042961	-0.202541742491701	0.1307400898226651	0.13074009	-0.07307166418852985	-0.1457768856795621	0	0.2864893597660549	0.9527489266035003	-0.8255569930626356	-0.8512260746686234	-1.302573729238806	-1.129331241670702	0.6049541843144972	0.1794270788767727	0.5011123184639505	-0.7844372222868133	-0.06165191642420102	0.7449553751206798	-1.095051201034348	1.76091896047881	0.1868064075741589	0	0
0.080555556	-0.1588237801690475	-0.1579447150716174	-0.3235210847557732	1.17264798	1.05739042	-0.09843883	0.2343344426780049	0.1644989290676807	0.2162551071876224	0.13951267140322	0.13951267	-0.182120758783244	-0.1751588812524754	0	0.190544815914534	-0.1606715745598337	-0.202594648133718	0.1307732526492494	0.13077325	-0.07307067668123908	-0.1458422091646741	0	0.2864056815258644	0.952765029185712	-0.8255796723945348	-0.8514956341393429	-1.302347427753597	-1.129172959855233	0.6047026328019341	0.1791057456100563	0.5014288360181948	-0.7844421497003575	-0.06173571142691852	0.7448524176245058	-1.09507478566853	1.760926472026844	0.1867520260817265	0	0
0.083333333	-0.1588087886634375	-0.157981871560596	-0.3236001417131703	1.17272283	1.05743307	-0.09851308	0.2342989142321526	0.1643264509186096	0.2163691342600442	0.1395276461536692	0.13952765	-0.1821450562098927	-0.1751030696372539	0	0.1904806584838953	-0.1606740361722107	-0.2025931796136854	0.1308092059082417	0.13080921	-0.07308677891438506	-0.1458391419230466	0	0.2863951933187904	0.9530062914587358	-0.825649267572991	-0.8515627268647176	-1.302389047747605	-1.129190214354751	0.6044307216745807	0.1792247589136181	0.5014817620805639	-0.7844329128943572	-0.06179904890187461	0.7448842398636916	-1.095043269734628	1.760898627218491	0.1867198647250671	0	0
0.086111111	-0.1586065838920135	-0.1582756605646562	-0.3230999153397172	1.1727224	1.05731445	-0.09859223	0.2343051769971075	0.1647306098321769	0.2165874142120107	0.1393527138971369	0.13935271	-0.1820821625721654	-0.1749702258211006	0	0.1901986960053796	-0.1606823804168316	-0.2026780570696049	0.1309840622429515	0.13098406	-0.0731721326706575	-0.1459269239559074	0	0.2861400008748746	0.9529526665665342	-0.8254552717831708	-0.8522855623048139	-1.301697025571853	-1.129215808386502	0.6030662902860147	0.1784113044079619	0.5025898262440945	-0.7844466477629057	-0.06220111359487247	0.744617637329791	-1.095050604306277	1.760894785399741	0.186572756682003	0	0
0.088888889	-0.1586084604700252	-0.1582394648794308	-0.3233193878751616	1.17282585	1.057374	-0.09864703	0.2341826990404476	0.1645693482160767	0.2167150906318477	0.1394044986887082	0.1394045	-0.1821317623860461	-0.1748787934321092	0	0.190172645919096	-0.1606723301128669	-0.2026740208211768	0.1309966396091402	0.13099664	-0.07318209099577061	-0.1459287464287123	0	0.2861416327577253	0.9532349822996906	-0.8255754638821093	-0.8522910106991398	-1.301811059800125	-1.129289080101027	0.6028357750523929	0.1786027980937664	0.5025697383770688	-0.7844387749317159	-0.06227612610079392	0.7447757458340645	-1.094956409410146	1.760839854826726	0.1865504587045453	0	0
0.09166666699999999	-0.1585871068902259	-0.1582433468407531	-0.3234556958208143	1.17291524	1.05745199	-0.09871023	0.2341042084423927	0.1644448994336254	0.2168071796137036	0.1394392103204707	0.13943921	-0.1821649267834267	-0.1748175393566812	0	0.1901472745913586	-0.1605061063511704	-0.2026691660133294	0.1310226715439995	0.13102267	-0.07320240837359308	-0.1458921055099947	0	0.2861714593874443	0.9536215395677515	-0.8256299940765941	-0.8523249795187726	-1.30196098410647	-1.129317098046042	0.6025816606983563	0.178908212910507	0.5024371078401501	-0.7844296503503865	-0.06232643120222538	0.7448673799831174	-1.094897751337447	1.760805230461427	0.1865340554021034	0	0
0.094444444	-0.1586628547033612	-0.1582152740923994	-0.3236347358842741	1.1729539	1.05732195	-0.09867815000000001	0.234005158738414	0.1644994395764869	0.2169094028498613	0.1394193585964926	0.13941936	-0.1821295891020616	-0.1748405593768504	0	0.1901976306564042	-0.1606472635196169	-0.2027234843248429	0.1309947558752785	0.13099476	-0.07315832990880104	-0.1460748627756954	0	0.2860675330590026	0.9535469981261951	-0.8257521636335752	-0.8525004493367144	-1.30163426702261	-1.129162929448022	0.6025310529568325	0.1785198862276504	0.5026609902990155	-0.7844393102241974	-0.06241459755658743	0.7449521345678577	-1.094840173972621	1.760775288465444	0.1864909215095026	0	0
0.097222222	-0.1586796494831544	-0.1582563776434814	-0.3237165541270808	1.17299648	1.05731219	-0.09872828	0.2339499988291353	0.1645177068905699	0.2170083815189394	0.1393932181021538	0.13939322	-0.182111999499327	-0.174826478758577	0	0.1901748698176289	-0.160587364692353	-0.2027617276303468	0.1310188756274093	0.13101888	-0.07316574895438541	-0.1461318917580702	0	0.2860275913736036	0.953743404913844	-0.8257638952132084	-0.8526761432549324	-1.301450039142482	-1.129094210599383	0.6022554125844661	0.1783928039178908	0.5027653513889738	-0.7844397793687005	-0.06252484791104081	0.7449357710589226	-1.094807957463557	1.760769278075099	0.1864683509116158	0	0
0.1	-0.1586884647921404	-0.1582544384081495	-0.3238262203198335	1.17306011	1.05736078	-0.09880940000000001	0.23388054153169	0.1643921515693729	0.2171213554596905	0.1394064750995532	0.13940648	-0.1821267864523487	-0.1747826765794056	0	0.1901443010739119	-0.1605422858048337	-0.202774259268909	0.1310434612079175	0.13104346	-0.07318117522151209	-0.1461368245821351	0	0.2860311717420311	0.9540455880789416	-0.825811033589245	-0.8527128909878001	-1.301434814111818	-1.129138063916702	0.6019241609606766	0.1784781728585278	0.5026269705157685	-0.7844350353892605	-0.06259225200315406	0.7449905689869146	-1.094761880596772	1.760745026027011	0.1864492203576846	0	0
0.102777778	-0.1587226666132283	-0.1583058905399654	-0.3239013481920185	1.17308443	1.05724358	-0.09880092	0.2338372941926877	0.1645626342835102	0.2172061224362685	0.139337579798127	0.13933758	-0.1820786321201545	-0.1747891192878064	0	0.190170231081543	-0.1604993864844843	-0.2028648347012376	0.1310609946110502	0.13106099	-0.07318198889400937	-0.1462456086854839	0	0.2858936675477091	0.9541124254626467	-0.8258609590815642	-0.8529637616474222	-1.301056318519572	-1.129040510658024	0.6016102395836948	0.1780830484673005	0.5028483826356107	-0.7844409871365428	-0.06269692637971316	0.7449466709891671	-1.094762093177875	1.760761355676558	0.1864107215359783	0	0
0.105555556	-0.1586906160849763	-0.1583237150640172	-0.3240921849358926	1.17314988	1.05730024	-0.09885869999999999	0.2337983159290358	0.1643324695120022	0.2173246779399674	0.139383520354698	0.13938352	-0.1821096467954954	-0.1747213893427218	0	0.1901320162249059	-0.1605408891923663	-0.2028851527771918	0.1310864146334738	0.13108641	-0.07320354720093	-0.1462598463833899	0	0.2858615297529946	0.95441555703966	-0.8259684750286784	-0.8530170083267749	-1.3010411395656	-1.129104886603885	0.6012522355531306	0.1781959744114971	0.5028039613881534	-0.7844361927170875	-0.06276280557765894	0.7450190923792811	-1.094712797225817	1.760741666617267	0.1863824574995386	0	0
0.108333333	-0.1586972933656286	-0.1583221632917793	-0.3242607041546213	1.17319809	1.05727738	-0.09889818	0.2337357374977714	0.1642881610128147	0.2174134424186641	0.1394105460800334	0.13941055	-0.1821183217800094	-0.1746764225053405	0	0.1901412242329736	-0.160530207951877	-0.2029374409217193	0.131101970229498	0.13110197	-0.07320882909084532	-0.1463226983077481	0	0.2857921660051972	0.9546139971358873	-0.8260718494840107	-0.8531380142727437	-1.30086348372277	-1.129083253771405	0.6009683003289613	0.1781161577122766	0.50285534911732	-0.7844358614535956	-0.06281633639661394	0.7450880953675221	-1.094678747073841	1.760729908683162	0.1863389008881929	0	0
0.111111111	-0.1586991062391227	-0.1583055006334105	-0.3244551467487299	1.1732512	1.05728792	-0.09892846	0.2336669835680147	0.1642310901425379	0.2175152577713756	0.1394376355098866	0.13943764	-0.1821260862262528	-0.1746355177472603	0	0.1901418260224997	-0.1604778374278087	-0.2029916876747335	0.1311271691187054	0.13112717	-0.07321879369914373	-0.1463739844587521	0	0.2857377640924126	0.9548858120955991	-0.8261904768952749	-0.853228296489758	-1.300696060919878	-1.129096298362235	0.6006687519129024	0.17807588860311	0.502961456234662	-0.784435813631574	-0.06286476230203977	0.7451328586995126	-1.094660129821243	1.760726417675592	0.1862999154686911	0	0
0.113888889	-0.158703319463937	-0.158308051955711	-0.324615186110755	1.17328139	1.05726085	-0.09898119	0.2336143255882186	0.1641921316011066	0.2176170979077623	0.1394494164823376	0.13944942	-0.1821193201083416	-0.174611888956248	0	0.1901649837491468	-0.1604579612692212	-0.2030736003398527	0.1311509907686	0.13115099	-0.07322552456140403	-0.1464414094948164	0	0.2856535400877649	0.9550989466423977	-0.8263111960836476	-0.8533687818809753	-1.300438248736755	-1.129070614446028	0.6003622075190699	0.1779175776406432	0.5031161988714731	-0.7844346835308834	-0.06290401353518664	0.7451521875228467	-1.094660315524275	1.760736207750965	0.1862590801747151	0	0
0.116666667	-0.1587206142805608	-0.1582857510111937	-0.3247634593356277	1.17330689	1.05725901	-0.09903081	0.2335345933629339	0.1641849413681871	0.2177509084617884	0.1394247479986899	0.13942475	-0.1820945819860568	-0.1746153078817197	0	0.1901849771938602	-0.1603981924689867	-0.2031608224710894	0.1311824620220732	0.13118246	-0.07323683481855575	-0.1465053702268484	0	0.2855888037314134	0.9553758762894825	-0.826424897128565	-0.8535003657439417	-1.300181096986221	-1.129059350091036	0.6000127306436321	0.1777564207442982	0.5032867852581679	-0.784434159233976	-0.06294263732246744	0.7451666341366644	-1.094659088557811	1.760757964152756	0.1862186461319341	0	0
0.119444444	-0.1587052660296517	-0.1582677186184279	-0.3249734114490683	1.17333812	1.05724842	-0.09906938	0.2334792974925064	0.1641022403378448	0.2178674364164954	0.1394492059956298	0.13944921	-0.182106287734817	-0.1745640365660144	0	0.1901783260931466	-0.1603485549559941	-0.2032319599970056	0.1312216914386044	0.13122169	-0.07325620081740294	-0.1465402213104181	0	0.2855061039228015	0.9556725946541592	-0.8265938069519804	-0.8536054532399346	-1.299979022765425	-1.129102457105566	0.5995703886384202	0.1776163790157766	0.5033774512730846	-0.7844332254828261	-0.06297361010990624	0.7451767224888067	-1.094665079924067	1.760776771122644	0.1861769905332097	0	0
0.122222222	-0.1586918831940133	-0.1582606692335791	-0.3251634079914404	1.17338757	1.05725715	-0.09911279000000001	0.2334184821928523	0.1640332958181338	0.2179855559369472	0.1394700864166689	0.13947009	-0.1821137130635866	-0.1745211985067217	0	0.1901934179551886	-0.1602959727234875	-0.2033170873840741	0.1312556077238267	0.13125561	-0.07327271285385729	-0.1465851764540934	0	0.2854277903011328	0.9559563188680219	-0.8267455210934733	-0.853733222162222	-1.299750245356139	-1.129105263071404	0.5991764945297825	0.1774573142456059	0.5035000751392701	-0.7844309675503729	-0.06300561822665735	0.7452231974651946	-1.094652591220605	1.760794512045424	0.1861322254558899	0	0
0.125	-0.1586835324916742	-0.1582148911671615	-0.3254003779762349	1.17342133	1.05726835	-0.09915619000000001	0.2333374196776118	0.1639412939282075	0.2181202936098719	0.139499908333999	0.13949991	-0.1821258157002188	-0.1744726270408363	0	0.190184629873339	-0.1602205854953757	-0.2033940408706567	0.1312994968203949	0.1312995	-0.0732928420851864	-0.1466147550725257	0	0.2853771754037591	0.9563029433518631	-0.8269228194928725	-0.8538314723308703	-1.299534581303656	-1.1291280865675	0.5987763346891304	0.1772998223661571	0.5036332980409369	-0.7844292703922082	-0.06301538282022348	0.745256558212116	-1.094653822899458	1.760820312375092	0.1860893659290475	0	0
0.127777778	-0.1586894074444694	-0.1581786961800678	-0.325625024016648	1.17344601	1.05725172	-0.09922420999999999	0.2332258531703695	0.1639156353192752	0.2182942118301088	0.1394890494189918	0.13948905	-0.1821127655243357	-0.1744613380767014	0	0.1902389094385431	-0.1601852528754654	-0.2035176452628159	0.1313267995294826	0.1313268	-0.07329904847600649	-0.1466913865458613	0	0.2852926782550835	0.9565758306418671	-0.8271306698808281	-0.8539361063903237	-1.299218870615124	-1.129170732116976	0.5983270415611064	0.1769647329378753	0.5038287513552154	-0.784431713853161	-0.06300248396438661	0.7452912352863593	-1.094669920594748	1.760869799964302	0.1860267918611062	0	0
0.130555556	-0.1585024580724383	-0.1591416662359582	-0.3252656191848262	1.17354611	1.05724685	-0.09949139999999999	0.2331207979629676	0.1649194474759257	0.2192320236629635	0.1390464939600123	0.13904649	-0.1820000580953614	-0.1740618500132783	0	0.1895513830564122	-0.160676632524006	-0.2043508900568604	0.1319250060691489	0.13192501	-0.07361238115343172	-0.1472441979443478	0	0.2847028871694716	0.9575734510684634	-0.8265698489918711	-0.855555535094995	-1.298469555737749	-1.130033940723619	0.5945171106751822	0.1752183563137968	0.5068770011824147	-0.7844427617873262	-0.06344867354793461	0.7456057931849195	-1.09444281905061	1.761405439417344	0.185781890576592	0	0
0.133333333	-0.1585292794197183	-0.1590364919971013	-0.3257599833463877	1.17360437	1.05726687	-0.09946501000000001	0.2330187445473462	0.1647642685068016	0.2193798038323225	0.1391109789889516	0.13911098	-0.1820096165655428	-0.1740291603454543	0	0.1896005810954991	-0.1607216262394578	-0.2044181431779934	0.1318905037023637	0.1318905	-0.07361457590496609	-0.1473224119077162	0	0.2846117567224409	0.9579422963862092	-0.8267438272514342	-0.8557171686407589	-1.298313721572023	-1.129997212363905	0.5943450203382709	0.1750555715488584	0.5067514671542345	-0.7844378066230469	-0.06357960273789855	0.7457661264603904	-1.094294690513532	1.761416422599793	0.1858174352540064	0	0
0.136111111	-0.158585664550132	-0.1589697724231207	-0.326149197529169	1.17365794	1.05729362	-0.09951401999999999	0.232893047156348	0.1646230821913567	0.2195640303161875	0.139131513660266	0.13913151	-0.1820057082497489	-0.1740237932834715	0	0.1896643308172245	-0.1606422223106054	-0.2045031965631015	0.1318770266189457	0.13187703	-0.07362245676467055	-0.147358186794059	0	0.2845523593282712	0.9583658462568321	-0.8269280347112105	-0.8558193068793819	-1.298097862391729	-1.130014506831464	0.5941142363239443	0.1749780092914327	0.5066837527425803	-0.784433386925782	-0.06362414528573869	0.7458596640655255	-1.094231673481027	1.761448824986423	0.1858137644775236	0	0
0.138888889	-0.1585860254842213	-0.1589937031560936	-0.3265179292259806	1.17364792	1.05725517	-0.09956247999999999	0.2328978878270284	0.1647483837416805	0.2196796114297752	0.1391350325931038	0.13913503	-0.1819694867336505	-0.1740097027168214	0	0.1897293373505443	-0.1605426734424606	-0.2046902894011971	0.1318778366262515	0.13187784	-0.07364687793516322	-0.1474541519776506	0	0.2843415596829458	0.9586853364558583	-0.8270299024237995	-0.8561493125126185	-1.2977110778818	-1.130039638001896	0.5937077304661319	0.1745118801938453	0.5067823704775691	-0.7844394781248715	-0.06363848421274138	0.745852856583311	-1.094225541092167	1.761608443375032	0.1857774794314405	0	0
0.141666667	-0.1586489048102488	-0.1589233943125063	-0.3268522241803868	1.17373687	1.05728396	-0.09960687	0.2327714457040385	0.1644250991968604	0.2199264580582738	0.1391795854383866	0.13917959	-0.1819884911002767	-0.173976299907465	0	0.1897493669235731	-0.1605911429811177	-0.2047694615503249	0.1318772332659291	0.13187723	-0.07365850252611321	-0.1474869444453675	0	0.284297410706852	0.9591844831686361	-0.8272346600883203	-0.8562326172523491	-1.297477272004406	-1.130085063686338	0.5933722766131022	0.1745053292750309	0.5067268437000815	-0.7844277095442582	-0.06366133947382917	0.7459893819969886	-1.094158566525583	1.761630696148462	0.1857403259095216	0	0
0.144444444	-0.1586473959731104	-0.1587998777104085	-0.3272569489296976	1.17373887	1.05728561	-0.09962107000000001	0.232689015723329	0.1644759340057198	0.2200660913797503	0.1392187703490219	0.13921877	-0.1819921051535588	-0.1739268482720378	0	0.1897826246960686	-0.1604847576582929	-0.2049151434848571	0.1318924961702378	0.1318925	-0.07367716864793036	-0.1475399507928823	0	0.2841746610024275	0.9595751814048804	-0.8274551019796313	-0.8563987335017638	-1.297122737164796	-1.130152681755817	0.5929855338165418	0.174152569784336	0.5068805628758192	-0.7844316358369435	-0.06364682025431474	0.746040641444455	-1.094151689404731	1.761725430351332	0.1856720650352785	0	0
0.147222222	-0.1586679960942717	-0.1587773395756458	-0.3275901115144852	1.17376284	1.05728232	-0.09971106	0.2325960411614106	0.1643941375795288	0.2203082800735411	0.1392066891799396	0.13920669	-0.181971865617421	-0.1739190569477239	0	0.1898206426795661	-0.1604437064670884	-0.2050733554871553	0.1319039190011263	0.13190392	-0.07368936396154575	-0.1476112871118003	0	0.2840781997962624	0.9600615940209029	-0.8276384161798962	-0.8565703667369439	-1.296809496466222	-1.130222751140231	0.5924777847249467	0.1739235281322017	0.5069130331557563	-0.7844325816308652	-0.0636448515229185	0.7461545555940742	-1.09411819322026	1.761790573718465	0.1855923956418469	0	0
0.15	-0.1586520148124429	-0.1587380146896045	-0.3280163357531209	1.17381272	1.05729768	-0.0997407	0.2325283496135695	0.1642618840337284	0.2205030429355675	0.139259148017668	0.13925915	-0.1819917948340178	-0.173850646498764	0	0.1898416744206513	-0.160418290807988	-0.2052206778566515	0.1319193655140723	0.13191937	-0.07370051678999892	-0.1476822357930914	0	0.2839568245386239	0.9605202403683881	-0.8279069610907214	-0.8567490219553037	-1.29647165762077	-1.130278907108914	0.591969838760212	0.1737069088610185	0.5069742062479069	-0.7844315969161012	-0.06363009179703316	0.7462647918113606	-1.09409502222911	1.761846483770257	0.185507644896831	0	0
0.152777778	-0.1586490896406166	-0.1586867571620002	-0.3284048059020421	1.17383247	1.05730913	-0.09978703	0.2324566478227061	0.1641544378997842	0.2207041141156423	0.1393062767943937	0.13930628	-0.1819996306642276	-0.1738040615666332	0	0.1898517317059331	-0.1603618685020612	-0.205371406236183	0.1319425855489737	0.13194259	-0.07371153697342894	-0.147750301714057	0	0.2838436648948404	0.9609827105577317	-0.82817009635353	-0.8569247081940728	-1.296089897041093	-1.130325044538625	0.5914820651364389	0.1733831136328592	0.5070981762865444	-0.7844305107977078	-0.06361556036021399	0.7463421187984032	-1.094085166180291	1.761910714155658	0.1854143460527376	0	0
0.155555556	-0.1586849058912626	-0.1586566062501061	-0.3286849560306626	1.17387923	1.05727709	-0.09988200999999999	0.23236785175355	0.1641832237896703	0.2209484755698189	0.1392848125607198	0.13928481	-0.1819759413102903	-0.1737863347810194	0	0.1898717357971548	-0.1602841395656919	-0.2055707830506199	0.1319691532999134	0.13196915	-0.0737216466185882	-0.1478426579058214	0	0.2837079009683156	0.9614638685109751	-0.8283741583298111	-0.8571708659411155	-1.295660165214259	-1.130374888873134	0.5908408941756421	0.1730151901980243	0.5071645478418721	-0.7844300069211526	-0.06358289006554467	0.7464239560652987	-1.094081706763181	1.76200313824073	0.1853001130314641	0	0
0.158333333	-0.158652336651157	-0.1586396498528242	-0.329133249259558	1.17392634	1.05728198	-0.09992751	0.232281717486036	0.1640091732734761	0.2212009196437615	0.1393501753157399	0.13935018	-0.1820018524683654	-0.1737058510169588	0	0.1898435153939464	-0.1602488216065474	-0.2057292690696107	0.1320024168319955	0.13200242	-0.07373837088707959	-0.1479181894726624	0	0.283618891096326	0.9620487396879585	-0.8286633967369126	-0.8573595796664873	-1.295321089977564	-1.130446579668423	0.5901869770753182	0.1727833471179076	0.5072351771279102	-0.7844298774177221	-0.06355574670501767	0.7465725516524843	-1.094047909858479	1.762061357712188	0.1851814636290514	0	0
0.161111111	-0.158683217983343	-0.1586364483953773	-0.3294743373844789	1.17402003	1.05728935	-0.10003194	0.232197144415538	0.1639620202366737	0.2214428936620544	0.1393946518901343	0.13939465	-0.1820030543020883	-0.1736517280077886	0	0.1898094392365646	-0.1601596733299482	-0.2059038533074901	0.1320296965027371	0.1320297	-0.07374113583768059	-0.1480333288434165	0	0.2835574183311427	0.9626541750323205	-0.8288199604502651	-0.8576280017061333	-1.294884953315975	-1.130409219324988	0.5895787596761284	0.1725629619497973	0.5073156181314041	-0.7844287932191908	-0.0635697355189724	0.7467551497441571	-1.093965379172272	1.762116403127868	0.1850806043677042	0	0
0.163888889	-0.1586765133010214	-0.1585914180280112	-0.329913622445506	1.17404511	1.05733417	-0.10012998	0.2320703204145077	0.1637744449895729	0.2217262876596225	0.1394231382815208	0.13942314	-0.1820113641637229	-0.1736080565537782	0	0.1898122066306265	-0.1600778344922563	-0.2060427391044481	0.1320441019267843	0.1320441	-0.0737470085215477	-0.1480994710624805	0	0.2835152112083746	0.963305723022718	-0.8290929358793965	-0.857744119508466	-1.294574232000177	-1.130482032716052	0.5888965797610951	0.1724815341371443	0.507191910939352	-0.7844259045247458	-0.06358554174427723	0.7469044488735642	-1.093892821821009	1.762149976979491	0.1850073768100087	0	0
0.166666667	-0.1586672679429078	-0.1585158358466219	-0.3304746737179241	1.17408566	1.05732873	-0.10015063	0.2319541926637982	0.1636346757069476	0.2219784669671176	0.1394846476986183	0.13948465	-0.1820270991795942	-0.1735516866077289	0	0.1898306788463638	-0.1600417950139989	-0.2062113523964235	0.1320539961983138	0.132054	-0.07374620549555885	-0.1481932509193158	0	0.283395950417125	0.96383362508212	-0.8295068216874182	-0.857850208125318	-1.29413785029436	-1.130560311082069	0.5883203631482735	0.1721235281867179	0.5073014162127477	-0.784425976432311	-0.06355806799292281	0.747033784752454	-1.093862622214429	1.762203544973959	0.1849122170958669	0	0
0.169444444	-0.1586630561143569	-0.1584662042677488	-0.3309179925839184	1.17413813	1.05733397	-0.100232	0.231856644466575	0.1635089404423047	0.2222353926975135	0.1395336959884554	0.1395337	-0.1820318227386818	-0.1735070613312823	0	0.1898322941485865	-0.1599523454935708	-0.206387779876526	0.1320697607102495	0.13206976	-0.07374538693613966	-0.1482880708178523	0	0.2833044710787768	0.9644520027410174	-0.8298310527242916	-0.8580488149004889	-1.293662610054479	-1.130549036953233	0.5876841316437927	0.1718193797808825	0.5073429239820845	-0.784423059638065	-0.06352125603193852	0.7471806206986876	-1.09382822997792	1.762265723375759	0.1848042042535145	0	0
0.172222222	-0.1586517936792267	-0.1584193025583587	-0.3313858275663167	1.17419053	1.05733246	-0.10030946	0.2317475409679731	0.1633993812382351	0.2225009366892228	0.1395861550007167	0.13958616	-0.1820383291516003	-0.1734562567166189	0	0.1898365777101697	-0.1598622032519626	-0.2065724362349858	0.132086837186184	0.13208684	-0.07374734571915918	-0.1483856876065151	0	0.283203391556878	0.9650780848068319	-0.8301896693654232	-0.858210538854308	-1.29320605897476	-1.130588896433624	0.5870079912661031	0.1714901721121799	0.5074074098836885	-0.7844237790627827	-0.06347728385769794	0.7473410766708051	-1.093799795248279	1.76232123845954	0.1847003339501418	0	0
0.175	-0.1587216667140998	-0.158618722831494	-0.3316349272403467	1.17423559	1.05722211	-0.10046067	0.231727563580289	0.1637774206014147	0.2228995060113277	0.1395693319465897	0.13956933	-0.1819621837524614	-0.1734248880885057	0	0.1896335229634	-0.1597202167030556	-0.2069868470380463	0.1321790813278104	0.13217908	-0.07378138993701565	-0.1486221467334374	0	0.2829548296187906	0.9658855756969669	-0.8304006545392481	-0.8587694566362485	-1.292516198738354	-1.130634452145095	0.5857188940476398	0.1705189215161863	0.5080330955852298	-0.7844310708738647	-0.06338135811854737	0.7474813370890819	-1.093807962341981	1.762558847060308	0.1845061727031087	0	0
0.177777778	-0.1586139561627739	-0.1602699292694551	-0.3319243249960088	1.17444923	1.05735835	-0.10074914	0.2318625129616519	0.1654419882329314	0.2247606083631275	0.1396159020434219	0.1396159	-0.1817136043610815	-0.1730016864110686	0	0.1881760363787043	-0.1610831591512366	-0.2088306025624106	0.1324395469349952	0.13243955	-0.07411291313403688	-0.1494958864822538	0	0.282080560686145	0.9684654072527318	-0.8299415987375202	-0.861212771679515	-1.292156463690237	-1.131912345920557	0.5805419558417068	0.1677596301452765	0.5118787997867005	-0.7844325542291959	-0.06379795651729242	0.7484349945916825	-1.093127785890396	1.763473913587818	0.1841451023035816	0	0
0.180555556	-0.1586696023207823	-0.1600797986857965	-0.3327139620405606	1.17447906	1.05740038	-0.10080423	0.2316574957666713	0.1650592850009247	0.2250454307381556	0.1397285967314927	0.1397286	-0.1817420541005536	-0.1729733501179979	0	0.1882168133786833	-0.1610174403490491	-0.2089158838875191	0.1323990402865173	0.13239904	-0.0741299971148871	-0.1494865395459777	0	0.2820698279584428	0.9691715650246278	-0.8303641199110818	-0.8612002164790079	-1.291736081417674	-1.131976407881686	0.5802582473358072	0.1677517899517436	0.5116704882827566	-0.7844183400932347	-0.06389079791058887	0.7485903425086782	-1.093006842078149	1.763454860526505	0.1841687091034453	0	0
0.183333333	-0.158648397966634	-0.1598338266417861	-0.3335682288018467	1.17449863	1.05739517	-0.10074646	0.2314821371262027	0.1649021652256725	0.2252946894116804	0.1398066417469895	0.13980664	-0.1817343612128096	-0.172983201105362	0	0.1884136627818304	-0.160977841795381	-0.2091281794545463	0.1323090655965173	0.13230907	-0.07412409022256665	-0.1495296298053473	0	0.2818659604118404	0.9696754944631548	-0.8309877305906755	-0.8612114204456082	-1.291150813178286	-1.132098187357579	0.579987572425163	0.1672805695541952	0.5116978272946929	-0.7844255373074712	-0.06391052449445953	0.7486970899873228	-1.092972280719235	1.763488258798006	0.1841581240305978	0	0
0.186111111	-0.1586162186330833	-0.15962991650915	-0.3342955500871864	1.1744814	1.05743352	-0.10078802	0.2313238556598003	0.1646571984913112	0.2255544898738872	0.1398901761720497	0.13989018	-0.1817448043903889	-0.1729686127708092	0	0.1885098316453458	-0.1607986703086286	-0.20929086787731	0.1322804041486069	0.1322804	-0.07414619464301023	-0.1495036079933976	0	0.2817334468119815	0.9703614654078564	-0.8315621381697275	-0.8612613450652626	-1.290631627642234	-1.132209768525587	0.5795152917400939	0.1668893855928201	0.5116082192983686	-0.7844184886207541	-0.0638486904461211	0.7487574893750161	-1.093016576128453	1.763544469919093	0.1841073932433618	0	0
0.188888889	-0.1585737113136839	-0.1594303340949272	-0.3350361074259745	1.17451734	1.05738636	-0.10079873	0.2311575470751021	0.1644224791085873	0.2258556607480187	0.1399789848075764	0.13997898	-0.1817537216266032	-0.1729514689251657	0	0.1886174585954005	-0.1606681329450817	-0.2095043486974324	0.1322467772389746	0.13224678	-0.07415978848895524	-0.149513311151374	0	0.2815319050911404	0.9710546054669935	-0.8322413761577736	-0.8613563290247488	-1.290057198595632	-1.132343565466045	0.5789940289131665	0.1664036622073194	0.5117514478235714	-0.7844194080602039	-0.06370177334207719	0.7488639448600769	-1.093119904507093	1.763617115060417	0.1839913520609832	0	0
0.191666667	-0.158514974526636	-0.159234422806253	-0.3357826844053528	1.17450421	1.05738724	-0.10080887	0.23098714342438	0.164168636502315	0.2261735677588805	0.1400730219259434	0.14007302	-0.1817686537910187	-0.172925883270996	0	0.1887167552634683	-0.1605271482151654	-0.2097306482627789	0.1322271773660076	0.13222718	-0.07417675745260777	-0.1495230151820151	0	0.2813200008269315	0.9717446449487144	-0.8329880395309498	-0.8614652471693842	-1.289417478701576	-1.132483322356832	0.5784511585610336	0.1657291320703976	0.5120222134913368	-0.7844156573476415	-0.06352104990855387	0.7489136567240955	-1.093282104935798	1.763704180461087	0.1838667404393127	0	0
0.194444444	-0.1580706686769497	-0.1601841168406553	-0.3355749970311496	1.1745871	1.05738653	-0.10129489	0.2311463207682875	0.1651242444103547	0.2275364751259435	0.1401732465855746	0.14017325	-0.1816646353091924	-0.1726408399372847	0	0.1874655751484717	-0.1607106383446189	-0.2110842064246378	0.1324480463393865	0.13244805	-0.074458774734462	-0.1498448804250875	0	0.2804589189039822	0.9736245188402182	-0.8336944624183591	-0.8638582197611733	-1.288737657249961	-1.133994383393714	0.5745249395286415	0.1621912358811378	0.5156238524210049	-0.7844306053945532	-0.06238842006126847	0.7494600477543956	-1.094450541608951	1.764324771721075	0.183033211505666	0	0
0.197222222	-0.1580377400735511	-0.1599543946846456	-0.3366539168141658	1.17462979	1.05741807	-0.1012273	0.230828466640902	0.1649020634729771	0.227937663314591	0.1403348441775558	0.14033484	-0.1817045600648977	-0.1725674088741985	0	0.1875312429870451	-0.1607519391179064	-0.2113113962824357	0.1323509123087948	0.13235091	-0.07443495395723201	-0.1500000075579328	0	0.2803223217572725	0.974397187444716	-0.8344414148180596	-0.8638933349130589	-1.288109901936992	-1.134309930719428	0.5739951675234789	0.1618061069905367	0.5156735602707664	-0.7844278325899705	-0.06262890548824226	0.7496413417360515	-1.094271083539136	1.764252605323565	0.1831309485475142	0	0
0.2	-0.1580061780629569	-0.1597544824031941	-0.3375199673404295	1.17462388	1.05738509	-0.10121302	0.2305892710122454	0.1648514595711777	0.228366539755558	0.1404479874152443	0.14044799	-0.1816837283385447	-0.1725663054770453	0	0.1875132933228859	-0.1606620064903414	-0.2116338444654783	0.1323019689132457	0.13230197	-0.07445248107717932	-0.1500947764928551	0	0.2800597697834998	0.9751910809982476	-0.835262192725257	-0.8641609375206208	-1.287370546257394	-1.134656917533621	0.5733237075952443	0.1609278046019898	0.5161421096164276	-0.7844278137404146	-0.06259786114230412	0.7496965136881021	-1.094378578367766	1.76430560154817	0.1830945579090114	0	0
0.202777778	-0.1578829817287768	-0.1596630507123345	-0.3383104294021188	1.17465726	1.05744514	-0.10128381	0.2304178163242478	0.1644385345669093	0.2287402210315953	0.1405698012741239	0.1405698	-0.1817206340237097	-0.1725113454079659	0	0.1875301427314846	-0.1605246141716244	-0.2118309825460837	0.1322861927076041	0.13228619	-0.07447166050032948	-0.1501051877309091	0	0.2799495031974844	0.9761007132685984	-0.8359604478208329	-0.8643336078304426	-1.286738122188677	-1.134837731200667	0.5726063071104388	0.1606638221563622	0.5161890368076247	-0.7844235769536554	-0.0625254912394031	0.7498520644123569	-1.094429683528126	1.764309617725311	0.1830201649949744	0	0
0.205555556	-0.1604624225053222	-0.1615635830189966	-0.3439533605699577	1.17512752	1.05769754	-0.10162635	0.2352006370193991	0.1695731548216669	0.2386467224322857	0.143027114905189	0.14302711	-0.1790309999649775	-0.1721855817974762	0	0.1803344778238126	-0.1624031815096501	-0.2266266040945511	0.1264358246203095	0.12643582	-0.08115521264421058	-0.1534327581317354	0	0.2767445381623534	0.9830797351686094	-0.8277368445466613	-0.8876902339444906	-1.283833489222439	-1.156817298818077	0.5703094977971114	0.1538104808921886	0.5209141309122993	-0.7844390637837071	-0.06552800977500867	0.7541092130552914	-1.093842351785963	1.766907021430518	0.1830121075079496	0	0
0.208333333	-0.1600648302185326	-0.161399281912004	-0.3442721528118161	1.17528805	1.05776704	-0.10174803	0.233291035283812	0.1685617084203352	0.2381135564598597	0.141428071820714	0.14142807	-0.1798583488622759	-0.172176260692073	0	0.1777680353868714	-0.1616939451514866	-0.2294100698463974	0.1249217949529028	0.12492179	-0.08018843445442519	-0.1532547464162709	0	0.2772764483703827	0.9838887748639226	-0.8295004932980833	-0.8899218962254934	-1.282949139442566	-1.158776753614819	0.5689138737096209	0.1522416897741713	0.5222514603046414	-0.7844397839065564	-0.06613697103352568	0.7546116395907997	-1.094615115510906	1.767141648310792	0.1829321990044105	0	0
0.211111111	-0.1610109131667125	-0.1618885162018281	-0.3450647117120687	1.17531953	1.05775502	-0.10188922	0.2345704275989696	0.16956710673221	0.2387225831682237	0.1421093057672927	0.14210931	-0.1811853368297341	-0.1732142545985251	0	0.1786590570368752	-0.1624503348955183	-0.2297072639878282	0.1249578422851418	0.12495784	-0.08154225685913284	-0.1539223463743318	0	0.2784944789232974	0.9860110812717137	-0.8310686224127153	-0.8916374581889632	-1.282320082637575	-1.160394922889902	0.5672904757771647	0.1506769317629895	0.5234735962210227	-0.7844397585992823	-0.06793008443337989	0.7561223128155219	-1.096147685810956	1.769094034524064	0.1822350485277182	0	0
0.213888889	-0.1609196994674764	-0.1615712046973071	-0.3461103110652692	1.17529671	1.0578315	-0.10187486	0.2343129636090324	0.1690588542876586	0.2389961959915979	0.1422613300537938	0.14226133	-0.1812674016875641	-0.1731172886431404	0	0.1787721447730936	-0.162255088751822	-0.2297727590388056	0.1249616088802005	0.12496161	-0.08153857159641725	-0.153882194376758	0	0.2783901770000007	0.9868633255454625	-0.8319384117833027	-0.8914810526024409	-1.281628301840859	-1.16051397476524	0.5667221782467583	0.1504583420150808	0.5232584995750789	-0.7844289007314728	-0.06790083760203837	0.7561718209996169	-1.09616908616558	1.769060544448245	0.1821904021327876	0	0
0.216666667	-0.1608030276976391	-0.1612476480556566	-0.3470840419486628	1.17529895	1.05782171	-0.1019152	0.234032642961744	0.1687084886905658	0.239263884643892	0.1423963352856928	0.14239634	-0.1813170755034051	-0.1730638731904489	0	0.1789975641688983	-0.162048308599764	-0.2299287284675479	0.1249413902880137	0.12494139	-0.08150193573915449	-0.1539048356604794	0	0.2781988787910725	0.9875895226642311	-0.8329057704695974	-0.8914183965040248	-1.280776047269668	-1.160541504716197	0.5662536184291217	0.1498933595630555	0.5233402483537813	-0.7844324006402218	-0.06778044671009797	0.7562503936281466	-1.096264565449508	1.769029763472491	0.1820933878317826	0	0
0.219444444	-0.1606556130002255	-0.160898231568611	-0.3481033875356561	1.17526514	1.05779871	-0.10190036	0.233736501602918	0.1682674382290003	0.2395903720424225	0.1425504886993484	0.14255049	-0.1813850483983216	-0.1729845326170484	0	0.1791536388409945	-0.1618455692339902	-0.2300958111057693	0.1249623122478891	0.12496231	-0.0814784875897198	-0.1539093579831043	0	0.27796927043053	0.9884308708474596	-0.8340475266435413	-0.8913241016005273	-1.279956373457755	-1.16066818088784	0.5656451636651535	0.1490658603929086	0.5236069063891522	-0.784431653464769	-0.06754963581770092	0.7562633668350095	-1.096483775138367	1.769035427938578	0.1819338129018715	0	0
0.222222222	-0.1599711283779149	-0.1612853407097815	-0.3479022814489962	1.1753516	1.05785412	-0.10234787	0.2334450110229497	0.1683221052572983	0.2403666124632347	0.1427743695874175	0.14277437	-0.1814016126201206	-0.1727627393172976	0	0.1784800056287753	-0.1614819494320248	-0.2306298743519638	0.1254431398103051	0.12544314	-0.08133435672929377	-0.1542405949461282	0	0.2775986920008369	0.9899607929594363	-0.8357538737921595	-0.8925716709783675	-1.279298465487564	-1.161198740385561	0.5624593551893595	0.1462895705622819	0.526091548560178	-0.7844393639803384	-0.06612359814626398	0.756520603757611	-1.097799201870327	1.768971236124953	0.180968696265534	0	0
0.225	-0.1598763718348303	-0.1609736345046862	-0.3490296191089237	1.17536274	1.0578765	-0.10231964	0.2331709787969563	0.1679005394769692	0.2406766567658162	0.142919180777186	0.14291918	-0.1814696658001826	-0.1726760952391091	0	0.1785044372712435	-0.1613451599500314	-0.2307046163318512	0.1254479474942626	0.12544795	-0.0813025378062336	-0.1542983410842926	0	0.2774837774284905	0.990869958703278	-0.836731772521807	-0.8924772826997549	-1.278480102941518	-1.16129935215922	0.5618080780740621	0.1459321679721779	0.5259437195215999	-0.7844325299691194	-0.06622154288229325	0.7566348510905844	-1.097711038133959	1.768861728408097	0.1809983867595714	0	0
0.227777778	-0.1597188906018899	-0.1606790569608699	-0.3501039055663747	1.17535159	1.05787819	-0.10233347	0.2328109903270326	0.1675994516805101	0.241046556960562	0.1430786611102516	0.14307866	-0.1815104119078338	-0.1726222490391583	0	0.1786383005342129	-0.1611137741461788	-0.2308980328468926	0.1254457321478431	0.12544573	-0.08125328094955089	-0.1543748399126051	0	0.2773010510551175	0.9918192125656429	-0.8378834863227324	-0.8924551463397861	-1.277528186230313	-1.161386236394713	0.5611559712292382	0.1452078404501041	0.5262013864933291	-0.784434047183838	-0.06620240255451833	0.7567385362145236	-1.097739494156616	1.768770300382428	0.1809568983633893	0	0
0.230555556	-0.1591210340007387	-0.1614661397160614	-0.3499982265782982	1.175514	1.05790648	-0.10273289	0.2324780008789067	0.1681687063494784	0.2420480480038403	0.1432181253093236	0.14321813	-0.1814292364697907	-0.1725164023249406	0	0.1774581799289149	-0.1610627745782379	-0.231638750755972	0.1259039823055882	0.12590398	-0.08108342760114191	-0.1548805354498023	0	0.2770855301196326	0.9936974975093956	-0.8397531132116648	-0.8942471790317674	-1.27676124876348	-1.16216682669962	0.5574857480158166	0.1419310915936349	0.5290043568231652	-0.7844408030043067	-0.06534128904110964	0.7571736762931101	-1.098619410800188	1.768440767035287	0.1803690993965856	0	0
0.233333333	-0.1589662400512476	-0.1611862396931228	-0.3511484338110133	1.17554001	1.05796251	-0.10268802	0.2320828712516917	0.1676885364271245	0.2424790008630184	0.1434073895115416	0.14340739	-0.1814908535737031	-0.172443434123172	0	0.1775920131722213	-0.1610548940675993	-0.2318049753903331	0.1258390907894661	0.12583909	-0.08102529190548845	-0.1549861423557807	0	0.277047015589963	0.9947408495766513	-0.8407391144578316	-0.8942620857143758	-1.275777994491023	-1.162173051939996	0.556826176397782	0.1417026119375198	0.5288437755364075	-0.7844313750847532	-0.06548128451840597	0.7573979322524355	-1.09844450681799	1.768301670577089	0.1804296333491643	0	0
0.236111111	-0.1588370642190503	-0.160909650908841	-0.3522504280684714	1.17557033	1.0579646	-0.10271746	0.2317232641362096	0.1673576804694763	0.2428833093513026	0.1435696449181178	0.14356964	-0.181535825996138	-0.17237966014137	0	0.1776608400567407	-0.16084436267938	-0.2319882766751616	0.1258255981726177	0.1258256	-0.08099595693501969	-0.15501975059039	0	0.2769346485001928	0.9958333323132847	-0.8418147282381787	-0.8942765255214092	-1.274858453288377	-1.162276836896768	0.5559807282616075	0.1412330862546751	0.5287291529576449	-0.7844332914562719	-0.06547948543301303	0.7575604337504361	-1.098409599883884	1.768213767418378	0.1804049512519484	0	0
0.238888889	-0.1586934679529741	-0.1606459768628923	-0.353362458841793	1.1755733	1.05796723	-0.10276746	0.2313572050620816	0.1670172245028105	0.2433383816135457	0.1437311395356732	0.14373114	-0.1815625663601407	-0.1723470648958585	0	0.1777389138701702	-0.1606712160692054	-0.232234297762924	0.1258224181827206	0.12582242	-0.08096060686181689	-0.1550799269250049	0	0.2767630667522256	0.9969239424861638	-0.8430600979775625	-0.894336363785748	-1.273834884179127	-1.162361685903821	0.5552407645092979	0.1404227663603555	0.5290520256047615	-0.7844290443720702	-0.06535610077780669	0.7576985486354635	-1.098491545361193	1.76815445484721	0.1803250259932484	0	0
0.241666667	-0.1584994554079932	-0.1604503303406656	-0.3543733036281316	1.17560784	1.05798516	-0.10284802	0.231026707071463	0.1666891570577082	0.2438266652225262	0.1438836910861413	0.14388369	-0.1815926619450975	-0.1722928127323237	0	0.177741716519883	-0.1604259341283812	-0.2325044815379168	0.1258529396280149	0.12585294	-0.08093166808108834	-0.1551334624563489	0	0.2766128820427561	0.9981942058566687	-0.8443000755222222	-0.8944865411648346	-1.272849619636437	-1.162458920639911	0.5541722673089758	0.1396233621042437	0.5292254039946608	-0.7844317758123496	-0.06514593800312535	0.7579443885580495	-1.098607355636512	1.768072870653056	0.1801651440599219	0	0
0.244444444	-0.1579291886225916	-0.1625813396582388	-0.3540885070839764	1.17597637	1.05822683	-0.10335082	0.230636846069661	0.1687366520215077	0.2459663001317957	0.1439591135699041	0.14395911	-0.1812615672264076	-0.1722445608362242	0	0.1752189163899538	-0.1616649669263169	-0.2344810546984956	0.1262600183028878	0.12626002	-0.08067766455545908	-0.1562990385348583	0	0.2770979053766939	1.001732416030661	-0.8469875329808444	-0.8980781187949639	-1.272396637056907	-1.164360485483359	0.5479636738833681	0.1350588731973376	0.533889079090293	-0.7844310031550896	-0.06434130578777214	0.7587381215412898	-1.099046284301306	1.767840514969738	0.1803380197949966	0	0
0.247222222	-0.1579114991870239	-0.1622267983609106	-0.355420548303218	1.17599398	1.0582003	-0.10333807	0.2302795235901696	0.1683981380827005	0.2463701300507991	0.1441170594094913	0.14411706	-0.1812811555802016	-0.1722396140495253	0	0.1753796605159308	-0.1614696555073067	-0.2347030827450308	0.1261493340595824	0.12614933	-0.08065290897988171	-0.1562949012318665	0	0.2769972916831724	1.002837818392549	-0.8480716452929182	-0.8980932216525801	-1.271170807151164	-1.164372486018229	0.5475167659222999	0.1346702341005449	0.5337434840731575	-0.7844301962893765	-0.06439156463797842	0.7589122336676066	-1.098907196569753	1.767797435007811	0.1803770441353407	0	0
0.25	-0.1577952763158702	-0.1618923147364122	-0.3567033234155317	1.17599036	1.05819003	-0.10336912	0.2299393597916206	0.1679968851423378	0.2468205141841384	0.1442814788498072	0.14428148	-0.1813128833970748	-0.1722107932530542	0	0.1755367534131126	-0.1612773123697552	-0.2349854131389529	0.1260682713698089	0.12606827	-0.08063592971878662	-0.1562770718208927	0	0.276826109441071	1.004046531679785	-0.8493140366279335	-0.8981242558756085	-1.270079074207977	-1.164506282435088	0.546842637385639	0.1341015747633845	0.5338043265999479	-0.7844293857584718	-0.06428523080236651	0.7590516395726816	-1.098914212967879	1.767806497629952	0.1803076840527348	0	0
0.252777778	-0.1576697646279044	-0.1616288417523933	-0.3578859709085208	1.1760165	1.05821082	-0.1034377	0.2296571719910984	0.1675330036797611	0.2472445647897236	0.144433912066952	0.14443391	-0.1813673395895992	-0.1721501053624356	0	0.175627235819392	-0.161024349409426	-0.235220510210927	0.1260432368906171	0.12604324	-0.08063987014863884	-0.1562600114019874	0	0.2766769836228587	1.005286024895578	-0.8504684272403327	-0.8982007814074586	-1.268932599885466	-1.164565208066761	0.5459508059028623	0.1336042152677606	0.5335946062662319	-0.7844242845101341	-0.06414033217160255	0.7592325452185789	-1.098952540921852	1.767794844415602	0.1801969813089393	0	0
0.255555556	-0.1575514512013727	-0.1614635536617087	-0.3590300731540453	1.17603639	1.05817738	-0.10356259	0.2292884053877018	0.1673700560756035	0.2478482415403314	0.1445907204754657	0.14459072	-0.1813800176612856	-0.1721201124028388	0	0.1755744404821838	-0.1606643481985988	-0.2357017013254261	0.1260600618646063	0.12606006	-0.08065057407840839	-0.1562811862600714	0	0.2764819397628228	1.006860728665502	-0.851998802614316	-0.8985233864956009	-1.267856019192714	-1.164787134011535	0.5448660008696083	0.132350785772424	0.5343121547549581	-0.7844298912058232	-0.06371484498551	0.7594457408519014	-1.09923237828747	1.767800530349239	0.1798744599966011	0	0
0.258333333	-0.1573411892919899	-0.16123310125994	-0.3602141708411099	1.17609817	1.05821001	-0.10366919	0.2289582051502536	0.1668452055498656	0.2483953286079372	0.1447639925748135	0.14476399	-0.181426482514764	-0.1720408035944307	0	0.1756146783499569	-0.160607923623744	-0.2360547110963357	0.1260334740423802	0.12603347	-0.08062541637897137	-0.1563747729089584	0	0.2763392034204691	1.008218567945483	-0.8533222051518919	-0.8987204353898816	-1.266697420242422	-1.164855848845917	0.543781238771454	0.1315316992638046	0.5343647225012319	-0.7844261541068288	-0.06351127833367072	0.7597496864504778	-1.09931230354617	1.767721506029499	0.179671492516294	0	0
0.261111111	-0.1569213581944043	-0.162575419675949	-0.3601984031875816	1.17623385	1.05831477	-0.10419797	0.2288477418656315	0.1681548290620628	0.2499782530531713	0.1448026573773317	0.14480266	-0.1812120136637521	-0.1720820350781468	0	0.173895154314552	-0.1610602529265346	-0.2378915771080106	0.1263336394323296	0.12633364	-0.08062070364092513	-0.157029255670493	0	0.2764246276880433	1.011418831238142	-0.8559968564316605	-0.9014878814626555	-1.265814108409856	-1.16617670110839	0.539263273535622	0.1269238483497644	0.5380533667922436	-0.7844311654707101	-0.0620353467603741	0.7602788217595292	-1.100610693246637	1.767592403326597	0.1784579783518846	0	0
0.263888889	-0.1567664867522944	-0.1622169524350014	-0.3619088260290689	1.17631525	1.05837879	-0.10415082	0.2283367342443229	0.1676391287739945	0.2505302561896812	0.1450729113145604	0.14507291	-0.1813587427958356	-0.1718776561500737	0	0.173988451936915	-0.160995012693628	-0.2381572275648043	0.126241785546324	0.12624179	-0.08058739944267151	-0.1571233250774511	0	0.2763789972764804	1.0127707360496	-0.8573303056080096	-0.9014359078264591	-1.264716524424885	-1.16637312587293	0.5384077349529101	0.1267722893680419	0.5379091835719401	-0.7844262099573649	-0.06225227146417645	0.760616743857187	-1.100342016039855	1.767394126593188	0.1785421588978339	0	0
0.266666667	-0.1568478700590515	-0.1654564337995514	-0.362423024461316	1.17681542	1.05865467	-0.10431659	0.2278559791130709	0.171511983666375	0.253538063771052	0.1450799476094398	0.14507995	-0.180646412492507	-0.1724849342130601	0	0.1701580717262768	-0.1636294580451488	-0.2417392240354718	0.1255149075746142	0.12551491	-0.08058920027339371	-0.1579405282012748	0	0.2779163784020812	1.017678684111216	-0.8606235659773344	-0.9071395577772444	-1.263437089174628	-1.170094960043129	0.5326727041567068	0.122422298982745	0.5426218614043159	-0.7844258415183598	-0.06294350108591425	0.7617534724356878	-1.099678753748584	1.766643087330511	0.1792334160957739	0	0
0.269444444	-0.1567276961115371	-0.1648671860349357	-0.3641267246435905	1.17676168	1.05866078	-0.10426894	0.2274334054050987	0.1708718249965445	0.2540063902381677	0.1453105113632149	0.14531051	-0.1807429325162679	-0.1724125780982601	0	0.1704901160786126	-0.1633643931463192	-0.2420455389185076	0.1253427896615007	0.12534279	-0.08058492700925314	-0.1578630165583974	0	0.2777234017100114	1.018864841461331	-0.8620012842084297	-0.9068744171311253	-1.261910364854907	-1.170371618989647	0.5322557235308555	0.1219792586712993	0.5424696784673859	-0.7844213617817687	-0.06293427841708085	0.761891202650148	-1.099617116922451	1.766622555451723	0.1792137301780748	0	0
0.272222222	-0.1566545244043777	-0.164365742992461	-0.3656232570361801	1.17670797	1.05863205	-0.10432563	0.2271393881119723	0.1703625606100928	0.2545027746183384	0.1454974205926731	0.14549742	-0.1808018701907126	-0.1723843856203198	0	0.1707283397334088	-0.162940034315588	-0.2424892887062943	0.1251992850252103	0.12519929	-0.08060135561896924	-0.1577588362845495	0	0.277416660792105	1.020194774148303	-0.8635563291132583	-0.9068633969476952	-1.260395974427944	-1.170751442602921	0.5316578559341301	0.1209699075377347	0.5425155513051819	-0.7844197009264525	-0.06266461283034297	0.7619030546574995	-1.099810042476373	1.766710987968797	0.1790633985118823	0	0
0.275	-0.1564625331252035	-0.1638472763575282	-0.3672168967558239	1.17669497	1.05863351	-0.10434497	0.2267720298147492	0.1695862111062023	0.2550939340420839	0.1457344893631032	0.14573449	-0.1808916366629329	-0.1723307750398179	0	0.1709474780383014	-0.1626460451222627	-0.2428499557602312	0.125115734543121	0.12511573	-0.08060468256558938	-0.1577082507087073	0	0.2771555256766192	1.021577709692132	-0.8651357967593759	-0.9068560112378996	-1.258957077170578	-1.170960511405227	0.530946791343575	0.1201096972322139	0.5425778169734443	-0.7844093558363772	-0.06238935259068781	0.7620379658161518	-1.09998339922419	1.766739903711179	0.1788728822104589	0	0
0.277777778	-0.1562304090470772	-0.1633332463495539	-0.3688514614793672	1.1766218	1.05866074	-0.10436213	0.2263785507454077	0.1690140604124062	0.2556876313490946	0.1459688113343565	0.14596881	-0.1809838898802714	-0.1722583632490149	0	0.1711606466190206	-0.1622317702803508	-0.2432973461303045	0.1250596679352958	0.12505967	-0.08060660574389215	-0.1576761830762287	0	0.2767964468723016	1.022977090426304	-0.86696593784291	-0.9068988470282643	-1.25752814329978	-1.171302632241466	0.5301565265040913	0.1188607410157501	0.5430921134931953	-0.7844176365510133	-0.06195692161216621	0.7621242393609401	-1.100325604883431	1.766806670234516	0.1786099834397639	0	0
0.280555556	-0.1627695043030281	-0.1672007622797527	-0.3712844953116091	1.17726682	1.05884839	-0.10499649	0.2322825309840004	0.1753194946532914	0.2585495690239727	0.146668534775432	0.14666853	-0.1793869530591377	-0.1736252461270481	0	0.1641123503320699	-0.1660686975700791	-0.2595472306403392	0.1174986579676928	0.11749866	-0.08227712564628996	-0.1590518924333551	0	0.286497514467919	1.033439293141657	-0.8715404836860318	-0.9318084226048409	-1.253958302174688	-1.194199434608916	0.5274057774726725	0.1094818481100815	0.5488739082923106	-0.7844260113388961	-0.0609087487709836	0.764910496941458	-1.098559110896262	1.765811414205458	0.1787677612041443	0	0
0.283333333	-0.1623418429602863	-0.1665825455402123	-0.3729199812199316	1.17730844	1.05886719	-0.10526207	0.2319546192222674	0.1743635371558026	0.2594068004015262	0.147045940758626	0.14704594	-0.1797117335256597	-0.1733466345061633	0	0.1643404739410177	-0.1652971789630252	-0.2599967693361889	0.1177799547776318	0.11777995	-0.08250512498779498	-0.1592533667844871	0	0.2861210158814032	1.035510236080358	-0.8739789894745446	-0.9338470478053817	-1.254630531094991	-1.192974558351076	0.5257320091634708	0.1045481173466235	0.5494306492996081	-0.7844282149916095	-0.05978303915418236	0.7654637148271272	-1.099440633940878	1.765803211681573	0.1779909945665625	0	0
0.286111111	-0.1621744650123554	-0.1659404816689703	-0.3748272632384099	1.17730256	1.05890642	-0.10523523	0.2314419580760255	0.1735445071958509	0.2599934854992013	0.147307059118951	0.14730706	-0.1798324116987949	-0.1732312356049495	0	0.1647088440056082	-0.1649461012715975	-0.2602494560108975	0.1177487735978803	0.11774877	-0.08249470188150207	-0.1593444254984855	0	0.2858999690589734	1.036769257436085	-0.8755805030725757	-0.9336153415590784	-1.25303864630391	-1.193131210552622	0.5248698730616534	0.1038690261407675	0.549481468924103	-0.7844235198813888	-0.05975987619154744	0.7655352094474083	-1.099488995094589	1.765728759775407	0.1779391815006574	0	0
0.288888889	-0.1616847786822551	-0.1660543249582218	-0.3754394411387383	1.17733751	1.05897792	-0.1056292	0.2312627579658733	0.1733581306408803	0.2611748372597536	0.1474172106877687	0.14741721	-0.1797932180615134	-0.1732425971747812	0	0.1642398333694258	-0.1645158296144265	-0.2611544039920688	0.1182915483059703	0.11829155	-0.0826823209363671	-0.160011065001859	0	0.2858832395544943	1.039016418066312	-0.8783669620640892	-0.9347235580898527	-1.251217074437938	-1.19413490978647	0.5215623919241164	0.1004373615108255	0.5524916194354617	-0.7844260338536434	-0.05857977862459556	0.7659002785707846	-1.100865199776157	1.765352994052644	0.1770069917223892	0	0
0.291666667	-0.1615285237176472	-0.1654135149315144	-0.377433906367611	1.17737547	1.05902461	-0.10558523	0.2306907729038232	0.1726624528730109	0.2617741822776909	0.1477150193596292	0.14771502	-0.179956867986162	-0.1730691487971789	0	0.1645394383341524	-0.1641632181276522	-0.261400808005069	0.118256367355172	0.11825637	-0.08266683358271661	-0.1601109864977991	0	0.2857486422060415	1.040368385360558	-0.8799279922265217	-0.9345796740189829	-1.249641256973418	-1.194194836888067	0.5207013312941841	0.09988442776475848	0.5522794249229981	-0.7844214602183385	-0.05873873954767577	0.7660813828351507	-1.100750330233305	1.7651600206767	0.1770564142108179	0	0
0.294444444	-0.1612911877373086	-0.164717141824471	-0.3795197390592269	1.1772994	1.05902115	-0.10547255	0.2301534593309627	0.1720716419915171	0.2624443295437951	0.1479943390605916	0.14799434	-0.1800827322306366	-0.1729566448735954	0	0.1648996634707227	-0.163824162962244	-0.2618290217445191	0.118262613539499	0.11826261	-0.0826718943394157	-0.1601937578649103	0	0.2853107109969151	1.041614616594461	-0.8821194356638402	-0.9341428236922624	-1.24774907449643	-1.194887986721048	0.51984505094654	0.09896105504080557	0.5532373432979015	-0.7844190413665282	-0.05864945688072416	0.7659547012529873	-1.101017344490376	1.765069138066423	0.1770005004938352	0	0
0.297222222	-0.168361762977628	-0.1670506465107886	-0.3794721083258083	1.17782338	1.05908791	-0.10593245	0.239289145143222	0.1780242101020902	0.2655498780067385	0.1498732509266116	0.14987325	-0.1794736955738959	-0.1748084205349383	0	0.16408189119503	-0.1668124718997445	-0.271010541473732	0.1142723175361468	0.11427232	-0.08865657633369255	-0.1637098217305569	0	0.3011023533777192	1.049269828963111	-0.8926865485497336	-0.951158466001089	-1.244690445370702	-1.210105660298574	0.5161906795115168	0.09261261100022929	0.5578246532574421	-0.7844203926004351	-0.05463835742535283	0.7658769728402168	-1.097560439606924	1.758821820322569	0.1788479283654785	0	0
0.3	-0.1695167712620495	-0.1673278051450712	-0.3794121185668904	1.17785139	1.05904428	-0.10608866	0.2396606793152135	0.1779583343948029	0.26307668484654	0.1498061259126457	0.14980613	-0.182905502273639	-0.1767154297584546	0	0.1672653555191056	-0.1676430159713045	-0.2679543350395387	0.1157410330456511	0.11574103	-0.08911084469728216	-0.1641954461558891	0	0.3063342652663	1.051617367143812	-0.8997584020691972	-0.9522271050966792	-1.242971352780688	-1.21124032956309	0.5144047390658223	0.09067658951762302	0.5590087926578757	-0.7844191094343691	-0.05810857393501043	0.7679153217551371	-1.100866470550385	1.760946880685387	0.1778431487728236	0	0
0.302777778	-0.1692937492505054	-0.1664651250241259	-0.3814929599659114	1.17779448	1.05906961	-0.10605623	0.2391388731672899	0.1769947768610862	0.2637025960446207	0.1500608760901291	0.15006088	-0.1830184015142982	-0.1766191661235608	0	0.1676672217681675	-0.1672202572584316	-0.2682201996482316	0.1157059325545313	0.11570593	-0.08908430103188614	-0.164112322057736	0	0.305988753429857	1.052918972787959	-0.9015071436144122	-0.9520444024597842	-1.241175150148059	-1.211216825214054	0.5138011172930859	0.08976916473971021	0.5590565452152761	-0.7844123304010213	-0.05794832478440932	0.7680048800095775	-1.101004256266316	1.760942236189714	0.1777051220269235	0	0
0.305555556	-0.1683481331779004	-0.1667800487436973	-0.3821957838098702	1.17792739	1.05921486	-0.10641045	0.238434805950772	0.1768504728639984	0.2651891519606729	0.1502662475869478	0.15026625	-0.1830718127781994	-0.176369391879775	0	0.166737438275339	-0.1669174785869932	-0.2691000894137333	0.1162521150179858	0.11625211	-0.08880922509899998	-0.1645209556464396	0	0.3059195488560874	1.055099765004451	-0.9047060736500556	-0.9531546505538078	-1.239085986670098	-1.211916032386737	0.510627073209115	0.08664869615512316	0.5617362329916671	-0.7844101257011101	-0.05689317516407479	0.7683860965701274	-1.102313559859661	1.760648375801688	0.1768015736252794	0	0
0.308333333	-0.1681194856211112	-0.1660415779460299	-0.3842380675695891	1.17792181	1.05922789	-0.10640777	0.2379125390359259	0.1761280512414677	0.2659066597832276	0.150488289596117	0.15048829	-0.1831094787287867	-0.1763771133909187	0	0.1669645110215442	-0.1662887837632885	-0.2694700396994286	0.1162601215413964	0.11626012	-0.08875510627862	-0.1645116568812508	0	0.3056114375056525	1.056732164123458	-0.9066944639114008	-0.9530307993720925	-1.237346980920517	-1.211999317753313	0.5097889512670087	0.0854817936263822	0.5618099668693786	-0.7844092799145548	-0.05695467794892119	0.7684980360542308	-1.10236160825037	1.760506135307374	0.1768420745141707	0	0
0.311111111	-0.167865201970137	-0.1652696257991898	-0.3863283812195264	1.17794787	1.05929807	-0.10638142	0.2373603252381753	0.1750531834148429	0.2666240850517085	0.1507959438448209	0.15079594	-0.1832532203807895	-0.1762365000670672	0	0.1672921498137822	-0.165864638037259	-0.269770258670986	0.1162360967351768	0.1162361	-0.0887179728279875	-0.1645094008686597	0	0.3053798541305285	1.05835589471567	-0.9084518448364131	-0.9529029295697743	-1.235661973214531	-1.211984764499878	0.5088766392181244	0.08487799854245108	0.5615967459287819	-0.7844004148636849	-0.05687949474979888	0.7687006146751806	-1.102398250041752	1.760427919249611	0.176771694112084	0	0
0.313888889	-0.1675345348571139	-0.1645031005791258	-0.3884904284253196	1.1779041	1.05934248	-0.10643175	0.2368097825931835	0.1742172153835665	0.2673714812886377	0.151075056549734	0.15107506	-0.1833622694251188	-0.1761269152066576	0	0.1676688602832692	-0.1653194212644797	-0.2702281613336771	0.1162482384671842	0.11624824	-0.0886701511555487	-0.1645350650626457	0	0.3049376562895127	1.059926834683062	-0.9106561188871949	-0.9527166202099799	-1.233931770731164	-1.212203253891355	0.5079298316092392	0.08359236842054689	0.56191653754617	-0.7844006237795965	-0.0566395095341887	0.7688208854884684	-1.102646715288599	1.760390388038442	0.176618969599487	0	0
0.316666667	-0.1669032654982296	-0.1678526202406252	-0.3880528584993485	1.17844775	1.05959328	-0.10689405	0.2361024472476412	0.1779603650853876	0.2708848311672974	0.1510392811397924	0.15103928	-0.1826273632879157	-0.1765690505648862	0	0.1633782124888035	-0.1673361127377777	-0.2738669063123085	0.1165779018413545	0.1165779	-0.0880942869247031	-0.1658834731069478	0	0.3075417166804867	1.065007557076123	-0.917218478858476	-0.9565940047553683	-1.231716601637059	-1.213954305205302	0.5020262807216426	0.07786846793804944	0.5670303649954169	-0.7844031431623718	-0.05624531837051245	0.7702149625161099	-1.103540743966371	1.759465304717289	0.1769087949608159	0	0
0.319444444	-0.1667609309306697	-0.1669114428893739	-0.390432112628684	1.17838815	1.05961788	-0.10684005	0.2355943812042539	0.1769276202566609	0.2715247488071582	0.1513557800190137	0.15135578	-0.1827877686454848	-0.176405936281785	0	0.1639298607998765	-0.166827338614313	-0.2742580354703451	0.1164163861053152	0.11641639	-0.08806045197182394	-0.1658036309259202	0	0.3072043214977301	1.066462664427983	-0.9191682400965528	-0.9563913592883081	-1.229783975343447	-1.213989310226911	0.5014823411808098	0.07696982984572286	0.566868059672424	-0.7843959059800955	-0.05611146261245877	0.770341845509269	-1.103637191908033	1.75945210322136	0.1768173774071233	0	0
0.322222222	-0.166520662273589	-0.1660883313024335	-0.3925516670013105	1.17831646	1.05962807	-0.10691676	0.235218580400373	0.1759941193870587	0.2722421744247051	0.1516316626430801	0.15163166	-0.1829066831634109	-0.1762829972091366	0	0.1643278969238949	-0.1661128821508896	-0.2748071331572491	0.1163586959922198	0.1163587	-0.08805531616596703	-0.1656805717746194	0	0.3067743873872364	1.068214549136647	-0.9214808865275128	-0.9562983574992535	-1.227801006947423	-1.214235093775363	0.5007485424550171	0.07542696297575008	0.5672357581343184	-0.7843950481507681	-0.05564972668313157	0.7704085137705696	-1.104089188551069	1.759499262715881	0.1765593927854702	0	0
0.325	-0.1718426457179433	-0.1683756587655336	-0.3923249468116143	1.17870893	1.05970474	-0.10733878	0.2411969998042279	0.1804193531853371	0.2728937346324072	0.1528447308758656	0.15284473	-0.1824114697246354	-0.1778142131336878	0	0.1599435247740641	-0.1682763343467306	-0.2856413463449459	0.1108175250246879	0.11081752	-0.08829663359139524	-0.1664008895772697	0	0.3211299110748441	1.075083419816907	-0.9338989294627266	-0.9676934037932118	-1.225192765096627	-1.224070537586216	0.4985459931386022	0.0700638744095174	0.5699238652044881	-0.7843909923546523	-0.05555936505363636	0.7723872982633107	-1.1044953727447	1.758496078703228	0.1764169636210649	0	0
0.327777778	-0.171570727085674	-0.167383175017459	-0.3946686340978539	1.17866683	1.05978148	-0.10735388	0.2406500052390725	0.1792286167893967	0.27356784239965	0.153163751755856	0.15316375	-0.1825848144296801	-0.1776578719498148	0	0.1605016911917616	-0.1676186750859574	-0.2859010639040132	0.1107940068875502	0.11079401	-0.08830781696311032	-0.1663892539907454	0	0.3208416151455387	1.076757934603429	-0.9357101944613344	-0.9674455946156307	-1.223300960832488	-1.224005825315408	0.4977293691150244	0.06949006443120141	0.5696496484971927	-0.7843879708406513	-0.05548670350621733	0.7726457874596505	-1.10449958631858	1.758421415088624	0.176338893123761	0	0
0.330555556	-0.170904856399836	-0.1673240252855101	-0.395851318766356	1.17874626	1.05986538	-0.10773272	0.2402210441496367	0.1787467221326761	0.2748742353074018	0.1534352516836377	0.15343525	-0.1827397148442555	-0.1775341820365223	0	0.1601785206169417	-0.1670602622277696	-0.2866842830238396	0.1115227282760159	0.11152273	-0.08847016103241261	-0.1673319925390126	0	0.3208476396730508	1.079302571769361	-0.9392290929162191	-0.968028727793745	-1.221063683478216	-1.224370165240223	0.495113983457067	0.06621884983925742	0.571859026763372	-0.7843870330752442	-0.05425336484496629	0.7732804616068395	-1.105629907095265	1.758339223694423	0.175628659135397	0	0
0.333333333	-0.170722582939404	-0.1663555824006842	-0.398350564805365	1.17871189	1.05993611	-0.1076796	0.2396116608705066	0.177604823539865	0.275625628348318	0.1537685353942754	0.15376854	-0.1828911272183208	-0.1774155109920268	0	0.1607036917596631	-0.1665446120306507	-0.2870072293238506	0.1114682912821133	0.11146829	-0.08845698327296127	-0.1673748391504186	0	0.3205555509687478	1.080918714542649	-0.9411857201050403	-0.9678574479877384	-1.219079402245529	-1.224226879119155	0.49437772626049	0.06550574618053731	0.5716277558021841	-0.7843734043227142	-0.05434496548369748	0.7734158310889535	-1.105560674596227	1.758236741276872	0.1756922950616552	0	0
0.336111111	-0.1700379141848574	-0.1667370555246341	-0.3993953520568645	1.17885369	1.06002501	-0.10807522	0.2390747195763755	0.177756677831297	0.277319585928175	0.1539789674732603	0.15397897	-0.1828528549403514	-0.1775007307070127	0	0.1598397293453163	-0.1662727249888409	-0.2882475840341617	0.1121531775046847	0.11215318	-0.08863274368822363	-0.1681976097000231	0	0.320921931707057	1.08388755171435	-0.9452231794426375	-0.9688971678502878	-1.216964327260427	-1.224344821837754	0.4915915802065114	0.06181607039993762	0.5736579475717792	-0.7843772058243579	-0.0533850316025738	0.7741902951136531	-1.106429887135497	1.758057988843672	0.1752909105234669	0	0
0.338888889	-0.1698165395895941	-0.1657595295973149	-0.4020541937952026	1.1788246	1.06010823	-0.108005	0.2384352058057036	0.1765945323719653	0.2781084051114392	0.1543368474109147	0.15433685	-0.1830278346698394	-0.1773426859072569	0	0.1603461580953323	-0.1657844743665832	-0.2885921034763921	0.1120667693950111	0.11206677	-0.088603791119394	-0.1682512743857317	0	0.320677636575392	1.085575964906772	-0.9472296855234866	-0.9686665053108771	-1.214941301812741	-1.224274094987811	0.4907762126454621	0.06121045964998565	0.5733834558005937	-0.7843668881359518	-0.0534884516109995	0.7743627577292937	-1.106326347222952	1.757948986574167	0.1753498406929959	0	0
0.341666667	-0.169585140695772	-0.1647793622887058	-0.4046320892572283	1.17878185	1.06011795	-0.10793391	0.2378451646144099	0.1755423068762595	0.2789428946743063	0.1546596237158566	0.15465962	-0.1831481307904014	-0.1772659521576271	0	0.1608981099191622	-0.1652433900098738	-0.2890861599364065	0.112016524158373	0.11201652	-0.08857956228418488	-0.1683168088811502	0	0.3202142869146384	1.087220531414127	-0.9496359166834716	-0.9684817194489869	-1.212710649902842	-1.224246664520622	0.4900959169878893	0.05998453270393612	0.5736163141387363	-0.7843597294934918	-0.05335605145754199	0.7746269880116752	-1.106396796041945	1.757882814684506	0.175328980517776	0	0
0.344444444	-0.1684205585822716	-0.1663614659055927	-0.4048434655593385	1.17903091	1.06034482	-0.1084775	0.2371212673159967	0.1770382582487411	0.2814616847357461	0.1549875995311732	0.1549876	-0.1831052969198989	-0.1772281064381268	0	0.158466558395054	-0.1654993832108504	-0.2911960666525268	0.1129835175472552	0.11298352	-0.08872044177074737	-0.1697007314086707	0	0.3212682629755839	1.091078382583593	-0.9554973032088668	-0.9706895082438163	-1.209968333604237	-1.225209013762897	0.4857223768749952	0.05449594379437785	0.5777562379169936	-0.7843635741047681	-0.05127692013212211	0.7757395086989177	-1.108021915392642	1.758067378016916	0.1750002557816774	0	0
0.347222222	-0.1682228454156777	-0.1654275196279653	-0.4074320413891889	1.17905708	1.06040199	-0.10852611	0.236545699616591	0.1757162620974765	0.2823081041476494	0.1553358887100549	0.15533589	-0.1832502119567578	-0.1771342944672334	0	0.15893792662199	-0.1650257095785053	-0.2915588593429597	0.1128663839632978	0.11286638	-0.08869792475446861	-0.1697196013849445	0	0.321086178010711	1.092966121975903	-0.9574489228735311	-0.9705292636310712	-1.20795010938279	-1.225072866213003	0.4847812178497011	0.05404323069368468	0.577127412542661	-0.7843528521981072	-0.05153045730577524	0.775964290002348	-1.107777118304285	1.757883272658902	0.1751485380822622	0	0
0.35	-0.1678387516798559	-0.167662481628452	-0.4080409752460367	1.17941294	1.0606141	-0.10878249	0.23614650284862	0.178495611490282	0.2855072232024508	0.1554238445777092	0.15542384	-0.1828719940463959	-0.1776431614422143	0	0.1557385686316141	-0.1665136573946361	-0.2947987932713848	0.1128783398177398	0.11287834	-0.08883002418769601	-0.1710906613594765	0	0.3238301155456581	1.097517799817034	-0.9648002872075102	-0.9729425970593811	-1.205411975662717	-1.226030626635609	0.4812414049398568	0.04916350408247482	0.580489227001543	-0.7843462077296449	-0.05106776860120936	0.7772007706053184	-1.10812039280316	1.75748702095951	0.1757737089116742	0	0
0.352777778	-0.16772911393597	-0.1665806998545283	-0.410905441728468	1.1793108	1.06065013	-0.10870458	0.2355673645546306	0.177352760820364	0.2862910704662749	0.1557791560888363	0.15577916	-0.1830224148989131	-0.1775531410245879	0	0.1564802960391328	-0.1658733292533352	-0.2953180072563033	0.1126402065709989	0.11264021	-0.08881861566850742	-0.1709884531331505	0	0.3234819248033462	1.099173296797895	-0.967133688570336	-0.9726326120979941	-1.20304186095001	-1.226066478141906	0.4806792158872993	0.04824378084198783	0.5802316781886041	-0.7843387310881952	-0.05115683746532761	0.7772601744572064	-1.108081387661437	1.757398036045729	0.1758373523428482	0	0
0.355555556	-0.1675154725455565	-0.1655644014378761	-0.4136053643286078	1.17929153	1.06069743	-0.10872165	0.2350550903478839	0.176183630029767	0.2871486692356359	0.1561190540737403	0.15611905	-0.183158743613984	-0.1774775026435967	0	0.1570041393353593	-0.1651789418073818	-0.2958483946645601	0.1125067344363148	0.11250673	-0.08883156618609014	-0.1708849669767461	0	0.3231843297597862	1.101102624244688	-0.9695157135843921	-0.972527842426458	-1.200802356730145	-1.22607578022322	0.4798397537068604	0.04715737726167198	0.5800007276698669	-0.784338922725347	-0.05103974611833812	0.7774069414629347	-1.108185571076878	1.757342777525348	0.1757912152622034	0	0
0.358333333	-0.1669674435237534	-0.1665615987966616	-0.4143589688762193	1.17943534	1.06088866	-0.10921378	0.2349365215796826	0.1771486143701472	0.2894134753191341	0.1565475198387343	0.15654752	-0.1831779366507023	-0.1775578830841656	0	0.1549666754769027	-0.1653208105465643	-0.2983971666900225	0.1124901274539492	0.11249013	-0.0889192408812019	-0.171562420540165	0	0.324826271291946	1.104941594791372	-0.9755528884503178	-0.9745310730479	-1.197877526813803	-1.227250534290134	0.4771155352508682	0.04250232025282021	0.5826934671929372	-0.7843319640976194	-0.04941181818380844	0.7782520719491853	-1.109716967992072	1.756951149377678	0.1747313452243739	0	0
0.361111111	-0.1773937175892559	-0.1672556799373313	-0.4130335941165887	1.17986031	1.06074143	-0.10922822	0.2469589516060115	0.1823808927778709	0.2871309129539578	0.1588600566630173	0.15886006	-0.1848819588462238	-0.1815883797797777	0	0.151528199175956	-0.1668690945694694	-0.3137295645990066	0.1026247706195782	0.10262477	-0.09248433820138689	-0.1730784693789834	0	0.3554587574002684	1.111438616616776	-1.000400420539046	-0.9875534440905984	-1.19545815925867	-1.239187401295213	0.4774343163226194	0.0390243721091092	0.5831900460027867	-0.7843162479313039	-0.05025906924510024	0.7795666391064888	-1.108498252921025	1.754757631965609	0.1755674979114852	0	0
0.363888889	-0.1771701077508196	-0.1659987634486821	-0.4160448902620684	1.17981381	1.06081	-0.10917004	0.2463076470890448	0.1809641189650377	0.2879823981840149	0.1592069197333672	0.15920692	-0.1850658545901956	-0.1814600451962798	0	0.152324525369399	-0.1661162476692862	-0.3140136377041868	0.1025983665805223	0.10259837	-0.09249385094394197	-0.1730957045053468	0	0.3549397680392247	1.113185031114499	-1.002827322331494	-0.9872048054968006	-1.193035415189566	-1.239089239614758	0.4767848316604637	0.03784950651565602	0.58303118194548	-0.7843090196502067	-0.05017999029655455	0.7797592555626011	-1.108594379023973	1.754655569299743	0.1755448690196015	0	0
0.366666667	-0.1762876780076576	-0.1656252903904246	-0.417642203027123	1.17979324	1.06093986	-0.10956963	0.2456947832743203	0.1800968908651276	0.2894497006749568	0.1594798092922993	0.15947981	-0.1852684522352342	-0.1812884896282513	0	0.1523428110094392	-0.1653967817618439	-0.3144227987313903	0.1032997569855664	0.10329976	-0.09268643022454116	-0.1736934834393463	0	0.3547137484246902	1.115701267759243	-1.006871072184781	-0.9877230572817024	-1.189961129762316	-1.239409308215898	0.4750745669458066	0.0342063231647368	0.5845160930632451	-0.7843062997291005	-0.04872453702043743	0.7801545202783002	-1.110085835300967	1.7546494582039	0.1748156997796496	0	0
0.369444444	-0.1759919653016959	-0.1643726269200967	-0.4208499396451061	1.17974789	1.06101541	-0.10943306	0.24497305140591	0.1788216288716449	0.2904078567637044	0.159872492142436	0.15987249	-0.1854437248309706	-0.1811609564999459	0	0.1529897888551903	-0.1646913277067023	-0.3148324461818564	0.1033065018104608	0.1033065	-0.09267063743827159	-0.1737931906088542	0	0.3542012096260289	1.117517854092207	-1.009643026792079	-0.9874239455470224	-1.187501984757267	-1.239484383728206	0.4743090644886843	0.0329196859878542	0.584567148307189	-0.7842985525616167	-0.04879718669961754	0.7801060573718942	-1.110201067872303	1.754513835125446	0.1749287306181344	0	0
0.372222222	-0.1747177958843249	-0.1646388549063398	-0.4220730758096817	1.17984287	1.06123236	-0.10983201	0.2440729278638571	0.1787792459942211	0.2925291288893808	0.1602920239160549	0.16029202	-0.1855094483455471	-0.181187164014928	0	0.151949466679516	-0.1642627003242196	-0.3158418645105972	0.1042494995401219	0.1042495	-0.09279442177387662	-0.1748034100437217	0	0.3545681240860232	1.12032299124831	-1.014913063129241	-0.9885321165247033	-1.184090553031211	-1.240360649142983	0.471893277127446	0.02887119302779182	0.5870229218597223	-0.7842910242584212	-0.04748949963022542	0.7806139415519735	-1.111967168462258	1.753859428634799	0.1742726144029528	0	0
0.375	-0.1735806459833427	-0.1655334216691203	-0.4231801395504851	1.18000121	1.06150609	-0.11004438	0.2433867078606713	0.1795587822947928	0.2953114774559728	0.1608108349044491	0.16081083	-0.1854782296412167	-0.1814436918102545	0	0.149977707660613	-0.1645983157947379	-0.3175724384000294	0.1048403603380323	0.10484036	-0.09291383283797494	-0.1762672009322085	0	0.3566960565626581	1.123369655792949	-1.021737877859455	-0.9898546540771019	-1.180756368181586	-1.241458713093498	0.4700051768010459	0.02592228070936493	0.5881501952915332	-0.7842826197999412	-0.04747061918197612	0.7810143898955509	-1.113086392261026	1.752584438563614	0.1751089173629127	0	0
0.377777778	-0.1732746768500316	-0.1647753220260204	-0.4256471111354991	1.17998418	1.06159105	-0.11007634	0.2430012187341125	0.1789851869919748	0.2967973764300947	0.161243650379005	0.16124365	-0.1855594295138694	-0.1816265445454652	0	0.1499179891258609	-0.1639285439489558	-0.3186793534387805	0.1045141375314165	0.10451414	-0.0930974301306446	-0.1761110114174476	0	0.3575166527810805	1.125609890782172	-1.02649816670303	-0.9902057862228022	-1.177752574682962	-1.242258036366333	0.4692149798548701	0.02387748821337926	0.5889956444749053	-0.7842748729815233	-0.0465100201558745	0.7813016077349774	-1.114173519803916	1.752374135638994	0.1748816439038436	0	0
0.380555556	-0.1728612500636033	-0.1657320493882423	-0.4266133952225731	1.18020985	1.06182064	-0.11011552	0.2431140689310197	0.1806257011938724	0.2994580547784046	0.1620246679405128	0.16202467	-0.1857320390862331	-0.1819204478685914	0	0.147113669656513	-0.1642595784537865	-0.3216581044296983	0.1038212636349904	0.10382126	-0.09316755239853491	-0.1775072163505131	0	0.3625168610413518	1.128687435786333	-1.035998373256214	-0.9922346784202363	-1.174580649952302	-1.244122407719821	0.4679431055454655	0.02126658682986909	0.5897978253753241	-0.7842614411021328	-0.0462183115842827	0.7817597727206551	-1.115629498075072	1.750506698789207	0.1758993331733767	0	0
0.383333333	-0.1726778552291268	-0.1642261885598666	-0.4300701892776184	1.18004651	1.06190388	-0.10996432	0.2425393986799154	0.1790210206959134	0.3003158799169696	0.1624205613238085	0.16242056	-0.1858869581758316	-0.1818892309095902	0	0.1481072196262277	-0.1635424724060257	-0.32218300888611	0.1035749947104743	0.10357499	-0.09314747290908949	-0.1773751413518952	0	0.3619412160238603	1.130282414522579	-1.038727268671003	-0.9918327968122769	-1.1718463146953	-1.244064123496649	0.4675087880405554	0.02022774102820914	0.5895694687649211	-0.7842448548891854	-0.04624243674693424	0.7816351581319249	-1.115684787836847	1.750491370260518	0.1759210358190265	0	0
0.386111111	-0.182968653521964	-0.1635003665123543	-0.4251443376285355	1.18032133	1.06160174	-0.11031535	0.2537960092973298	0.1809596435917698	0.2926570089891415	0.1633439073442239	0.16334391	-0.1890557545783405	-0.1862454453135327	0	0.1514990996504034	-0.1641501991931628	-0.3279359909172688	0.09803537080279133	0.09803537	-0.09799633424514244	-0.1793262574890703	0	0.4008717946625661	1.133980232787738	-1.073761186824463	-1.000776184341947	-1.169556789513606	-1.253193304292253	0.4686100944637553	0.01776007200962607	0.5891936539984062	-0.7842409888103592	-0.04453701252842458	0.7816779010707733	-1.11601905154986	1.746476276793687	0.1756439279738252	0	0
0.388888889	-0.1826023139734252	-0.1620291454081759	-0.4285461388023113	1.18024472	1.06168405	-0.11023638	0.2531363929988663	0.1794484300131111	0.2935753497543279	0.1637386224557416	0.16373862	-0.1892518299279644	-0.1860902394663381	0	0.1523809010750347	-0.1633507696297769	-0.3282837699364102	0.09794572283842726	0.09794572	-0.097930666581102	-0.1793221571870586	0	0.4002901355895381	1.135671028180056	-1.076281672647804	-1.000452145291291	-1.166856153422868	-1.252999845540244	0.4678414064316823	0.016740205616384	0.5887088058955253	-0.7842234337651439	-0.04449872349529433	0.7816565722746492	-1.11613469008478	1.746477635881575	0.1757012232934438	0	0
0.391666667	-0.1817160277507479	-0.1611632060593854	-0.4308279946582063	1.18014153	1.06183233	-0.11053893	0.2525747381915929	0.1781866667451292	0.2952134019947826	0.1640682664567572	0.16406827	-0.18932694471018	-0.1860525770064093	0	0.1524967949516244	-0.1622842992803151	-0.3288905306838063	0.09846692091363946	0.09846692	-0.09784843504432844	-0.1796271410820069	0	0.399711726843176	1.138046370852005	-1.080262526768968	-0.9999408849463066	-1.163293014885703	-1.253458784055846	0.4669805161458849	0.01457141358569652	0.5894541543376431	-0.7842150722417633	-0.04351764372855226	0.781645557152674	-1.117498998776699	1.746380652821964	0.1751772340876918	0	0
0.394444444	-0.1813745184778785	-0.159730246586668	-0.4343819389754052	1.18011181	1.06194574	-0.11037516	0.2517203033550999	0.176695448705579	0.2962913862813197	0.1645460817554172	0.16454608	-0.189553989880183	-0.1858478060773862	0	0.1532784034816171	-0.1616148813873054	-0.3293617929692567	0.09839779906847639	0.09839779999999999	-0.09775118407667684	-0.1797533056976458	0	0.3992270513533581	1.139699724219479	-1.082989616117047	-0.9996181629211044	-1.160548447286895	-1.253262764731291	0.4661750981833024	0.01384582017631621	0.5890574465837185	-0.7841983847997193	-0.0434847694048934	0.7818570071076788	-1.117572205215911	1.746251953290119	0.1752197827713945	0	0
0.397222222	-0.1845430932235724	-0.1621082468714689	-0.4293113770165848	1.18034039	1.06204191	-0.11078413	0.2562620293288356	0.1805393995492831	0.2944703275421472	0.1649501102928894	0.16495011	-0.1914259846573115	-0.1883452657719057	0	0.1526545784755913	-0.1633927816247346	-0.3304780186414356	0.09717297167985561	0.09717297	-0.09861223039490934	-0.1813310576851087	0	0.4252543223438768	1.142943917798477	-1.113080081324984	-1.002578197699255	-1.157794554917494	-1.25681025866064	0.4668193669289885	0.01260427410425766	0.588231220282195	-0.7841834582203574	-0.0437224429319093	0.7830441460309648	-1.121760774985612	1.744334481864935	0.1763294807376379	0	0
0.4	-0.1842155795714418	-0.1605289567253363	-0.4329086182401367	1.18027866	1.06214697	-0.11068371	0.2555573584029294	0.1788639405396351	0.2954817523013962	0.1654016550701813	0.16540166	-0.1915989326490172	-0.1882564304328413	0	0.1535566030302655	-0.1624587662320689	-0.3309491463620007	0.09711074859762692	0.09711075	-0.09855567387316309	-0.1812817580678593	0	0.4245682536607371	1.144732624416502	-1.115823908555122	-1.002092763514812	-1.154946343908117	-1.256733853731042	0.4659872717833223	0.01170267610805263	0.5880900685242691	-0.7841688904806897	-0.04369429112014048	0.7831133790536013	-1.121870479401076	1.744244580653296	0.1762826750213567	0	0
0.402777778	-0.1821463501970002	-0.1606838265966498	-0.4341960111445854	1.18034447	1.06244454	-0.11088307	0.254497233896095	0.1789459354097621	0.2986577499323988	0.1663674389458918	0.16636744	-0.1916070803695643	-0.1884544181397266	0	0.1513169164234937	-0.1617704853441023	-0.3331078606870542	0.09843689165119426	0.09843689	-0.0981191087332423	-0.1827693683373127	0	0.4252405719418978	1.146806774921303	-1.122647612383267	-1.00102018224404	-1.151502780670532	-1.256554140843155	0.4652035049791767	0.01066216089896315	0.5879852958856733	-0.7841525151035159	-0.0429878408310619	0.7833085152415548	-1.123968097602999	1.743497020879016	0.176375605426445	0	0
0.405555556	-0.1818695369633766	-0.1590632639515635	-0.4378687933597563	1.18025694	1.06254116	-0.1107512	0.2537442405627877	0.1772102171623597	0.2996939976369343	0.1668320951601234	0.1668321	-0.1917997364446506	-0.1883512026838893	0	0.1522435396486455	-0.1609236257601617	-0.3335827658237194	0.09824627237534504	0.09824627	-0.09806312467949069	-0.1826790271281698	0	0.4246762712154784	1.14856970320081	-1.125328682285893	-1.000587620191292	-1.148642800556943	-1.256315584703136	0.464405367308503	0.01007181619491253	0.5875732018326617	-0.7841362201860205	-0.04301719971254139	0.7835135528568875	-1.123958033510933	1.743384585197806	0.1764302820540539	0	0
0.408333333	-0.1797155954156955	-0.1599633841774909	-0.4385367813045099	1.18043626	1.0627968	-0.11101402	0.2529870532032877	0.1784473519147339	0.3038933971746448	0.1678485716003593	0.16784857	-0.1918275301148569	-0.1885684663306324	0	0.1482227906169058	-0.1603369052323029	-0.3369399769766994	0.09819603534175442	0.09819604	-0.09751083077112742	-0.183742246103768	0	0.4272005346294525	1.150830236543766	-1.135373422664521	-0.9991101661672884	-1.145890866970561	-1.255594321979229	0.4645430634890428	0.00932045265006067	0.5864793163749084	-0.7841222746562312	-0.04213273543907027	0.7843145650848392	-1.12662215260133	1.742714894509835	0.1772688902448899	0	0
0.411111111	-0.1794932973667251	-0.1582719435369482	-0.4423034280249847	1.18035342	1.06289994	-0.11083732	0.2522944346485312	0.1766855085318901	0.3048740489866542	0.1682990642931781	0.16829906	-0.1920073081035244	-0.188501088243925	0	0.1491517504888602	-0.1594115819283779	-0.3374208424127602	0.09797804947776685	0.09797805	-0.09748009953725709	-0.1835777765725026	0	0.4266245609664628	1.152521089881015	-1.138104607253156	-0.9985072955842621	-1.142861615226803	-1.255511546423328	0.4637601410751893	0.008944001536500462	0.5860632632170217	-0.7840962196830258	-0.04218674517637201	0.7842905483071342	-1.126709040851081	1.742632688454868	0.1772940135613406	0	0
0.413888889	-0.1791029349318289	-0.1568138881494493	-0.4454956493640493	1.18030928	1.06298944	-0.1109519	0.2518167984206525	0.174948053507349	0.3060292581584727	0.1686926143974201	0.16869261	-0.1920936559993388	-0.1886223250969538	0	0.149852234020825	-0.1581719318074858	-0.3381095800533919	0.09786312984396561	0.09786313000000001	-0.09746849623932398	-0.1834026287678077	0	0.426055524463651	1.154600848303236	-1.141293937105249	-0.9977749362315035	-1.139573200589613	-1.255541795248193	0.4630852187627846	0.008256154188320108	0.58588515620658	-0.7840797331283784	-0.04204427429859757	0.7842937235846423	-1.127068201860406	1.742577150856339	0.1772275793486927	0	0
0.416666667	-0.1763261585034068	-0.1583147081178793	-0.4447458822718642	1.18039277	1.06332509	-0.11128115	0.2512799182130452	0.1769217231381842	0.3107323129434848	0.1703582775721084	0.17035828	-0.1926148614049338	-0.189201594639703	0	0.1438189062096365	-0.1572085158199715	-0.3429331587244334	0.09770562155842184	0.09770562000000001	-0.09696367615927957	-0.1852753082376019	0	0.430588812468585	1.156769200685484	-1.154499726369836	-0.9961023636473725	-1.135970477461413	-1.2554135009818	0.4634975829927643	0.00777150575110564	0.5849903138563106	-0.7840611642214006	-0.04087310443983548	0.7848263690998855	-1.130800336440252	1.741702421156771	0.1776580147177476	0	0
0.419444444	-0.1760424620402792	-0.1566077974024458	-0.4485061262519781	1.18033522	1.06342825	-0.11115083	0.2507074299725718	0.1751375412862442	0.3116889977196729	0.1707641926359691	0.17076419	-0.1927602890449941	-0.1892152289772866	0	0.1447674333169009	-0.1564061575941007	-0.3434877039329988	0.09736790383881944	0.09736789999999999	-0.09692819832797551	-0.1850979321710509	0	0.4300564079833116	1.158314275571494	-1.157346284203346	-0.9955389382035729	-1.132996941339768	-1.255093548794121	0.4627816525987877	0.007616479847356973	0.5841450578808868	-0.784044377644655	-0.0411307860723304	0.7849427110024941	-1.130697819290648	1.741519018642846	0.1777892589396415	0	0
0.422222222	-0.1756866597425664	-0.1550135625255271	-0.452022560127426	1.18026884	1.06352968	-0.11114106	0.2501457856372739	0.1733623389787727	0.3128238256346184	0.1711760042947076	0.171176	-0.1928829778374277	-0.1892796745617848	0	0.1455260103075512	-0.1552733800919606	-0.3441888805352096	0.09714201529851177	0.09714202	-0.09690937425386106	-0.1849428923046682	0	0.4296043823678108	1.160265395722926	-1.160558299321457	-0.9949776865673567	-1.129892958786229	-1.254853291132615	0.4621163189507605	0.007115516246827788	0.583618562382329	-0.7840241133248417	-0.04115367641453616	0.7844538250803887	-1.130813605829489	1.741794499143053	0.1779758194523152	0	0
0.425	-0.1793845310657347	-0.1563794671465146	-0.4468945997000282	1.18045624	1.06350955	-0.11150906	0.2560637597512762	0.176618519479073	0.3103692252924083	0.1728304278980789	0.17283043	-0.1947423317183828	-0.1920885378213073	0	0.1370292778407411	-0.1538784637354818	-0.3561354234711288	0.08810415641255728	0.08810416	-0.09863350124610216	-0.1856076955471357	0	0.4579892802402389	1.162154085970614	-1.192949344452037	-0.9956741699792089	-1.127806336333127	-1.255940924297389	0.4619144485844212	0.006766989354101938	0.582495628886236	-0.7839975014170719	-0.04082195494811192	0.7850195925815115	-1.132128447701617	1.742498048171316	0.17775763444626	0	0
0.427777778	-0.1790716348951554	-0.1545662878707831	-0.4509051584523972	1.18039459	1.06363647	-0.11132085	0.2552332334820745	0.174673542013943	0.311477067624591	0.1733104004236943	0.1733104	-0.1949765634561138	-0.1919600438892487	0	0.1381365712668741	-0.1530214498259531	-0.3565928620507718	0.08801734338649722	0.08801734	-0.09859531169673928	-0.1856406868078545	0	0.4572896620425173	1.163816313290136	-1.195803273509109	-0.9951199031506591	-1.12475762661167	-1.255740565735248	0.4612330640159281	0.006836996255728683	0.5819871230198772	-0.783982015285152	-0.04097515611012762	0.7851696591321907	-1.132046698399316	1.742348472930821	0.1778425588515365	0	0
0.430555556	-0.1783923058009223	-0.1531490482295725	-0.4539816152437697	1.18024601	1.06376457	-0.1114962	0.2547012634092519	0.1728036861378128	0.3129162807865513	0.1736305089928746	0.17363051	-0.1950620505555411	-0.1920329820713542	0	0.1388707143461282	-0.1517105448930191	-0.3573857993384061	0.08846827171349732	0.08846827	-0.09868131872975075	-0.1858522941915577	0	0.4566987132800125	1.166084622773042	-1.19963038541619	-0.9943917690654867	-1.121122110492154	-1.255970933837613	0.4607861981172949	0.006030278197386422	0.5816697020832121	-0.7839401772995207	-0.04062171140316842	0.7852927364349157	-1.132546361205953	1.742299951730418	0.1776769365303001	0	0
0.433333333	-0.1779895169708178	-0.1514922035054629	-0.457852599317725	1.18022105	1.06386627	-0.11134007	0.253843615421606	0.1709253804246419	0.3141672315652842	0.1740992730140337	0.17409927	-0.1952328390513633	-0.1919170323442284	0	0.1397856922109119	-0.1508779353988223	-0.3580200839281062	0.08848878474272893	0.08848878	-0.09861736271010775	-0.1860472650968309	0	0.4560542314296248	1.167698642353296	-1.202789885147906	-0.9937957935802033	-1.117846033238381	-1.255704866421661	0.4601472060255364	0.006027128576218273	0.5809005010988719	-0.7839306373298294	-0.04069612595928816	0.7854436812352744	-1.132573669325562	1.742179449137405	0.1778047005656656	0	0
0.436111111	-0.1761074060908117	-0.151736454305765	-0.4590872260319641	1.18023256	1.06419147	-0.1118365	0.252945188339586	0.171111569007652	0.3174563916325972	0.1744907236617185	0.17449072	-0.1953093827346375	-0.1918994837567313	0	0.1380800232972412	-0.1498837447187392	-0.3603757078701661	0.09025533946735555	0.09025534	-0.09857805492829311	-0.1881936313919595	0	0.4571192007959298	1.170324596154407	-1.210398184637058	-0.9928489280263868	-1.113250545015032	-1.256776621977164	0.4602590025671741	0.005588851791900044	0.5803674990128627	-0.7839142940667136	-0.03915602107285665	0.7860888615664289	-1.134194694831966	1.742558367273863	0.1779404802001538	0	0
0.438888889	-0.1755045875185971	-0.1502193132399007	-0.4628557694017371	1.18018311	1.06435015	-0.11170795	0.2521507863716433	0.169491029226379	0.3190220718757557	0.1750013148474675	0.17500131	-0.1954912434247015	-0.1918726543809368	0	0.1385785830557916	-0.149062391900086	-0.3612109346601092	0.09025803024146334	0.09025803	-0.09860158528273556	-0.1882549763990415	0	0.4567766455472397	1.172215671743583	-1.214373484422411	-0.992445248729298	-1.110521898658728	-1.256341416623264	0.459738390049926	0.005237793299094177	0.5791050381367787	-0.7838655686627881	-0.03962630911551863	0.7860961628022887	-1.134147948107813	1.742214448573961	0.1783115665206592	0	0
0.441666667	-0.1750388464077025	-0.1485357859221866	-0.4668484987431323	1.18011836	1.06448771	-0.11150834	0.2513886921934844	0.1677513585063525	0.320370453740119	0.1754777682657122	0.17547777	-0.1956509944583341	-0.1918549677378958	0	0.1394085900895407	-0.1481491495907105	-0.3619315968162209	0.09017327181699875	0.09017327	-0.09855601840115744	-0.1882927214130439	0	0.4560613497549791	1.173821222986306	-1.217911796000033	-0.9917996580712364	-1.107348152153394	-1.256236450951252	0.4590769701282135	0.005229052690200189	0.5783076638731198	-0.7838507647800728	-0.03976657686417829	0.7861069808765914	-1.13424819755112	1.742051804831627	0.178476825987944	0	0
0.444444444	-0.1868086491005173	-0.1516336263130215	-0.4556746495444524	1.18052324	1.06418469	-0.11204145	0.2650272606297787	0.1750306510396668	0.3111407898016215	0.1764266789963461	0.17642668	-0.2005862352806609	-0.1976923875765356	0	0.1438533946137876	-0.1524855585219001	-0.3625174951194691	0.0861336686914814	0.08613367	-0.1037496183927948	-0.1910694097023389	0	0.5195312950267711	1.176773980265075	-1.280867408623759	-0.9991512021741283	-1.105492479171831	-1.264039332660854	0.4623905691683776	0.004897686223745798	0.5750493676847004	-0.7837890462725308	-0.04261937983481732	0.7889647943384471	-1.139225626995725	1.741981268920703	0.1781918756802818	0	0
0.447222222	-0.1863911857165949	-0.1496377810523093	-0.4598888103788445	1.18036691	1.06429867	-0.11180274	0.2641616316005292	0.17297492719751	0.3123500444899914	0.1769543751068964	0.17695438	-0.2007816901657357	-0.1976306854750887	0	0.1450099684585482	-0.1515542068507388	-0.3630567222713215	0.08598303839945387	0.08598304	-0.1036617578201177	-0.19097769404641	0	0.5185854274522209	1.178186706833905	-1.283868554457908	-0.9984565743963371	-1.102177388224223	-1.263843347719285	0.4615069704036824	0.00492636721934382	0.5741498202758335	-0.7837620332880989	-0.04282977299295993	0.7888342964193412	-1.139251139869664	1.741859777424137	0.17837839290879	0	0
0.45	-0.185815674565857	-0.1477572289258582	-0.4638010521164548	1.1802648	1.06438884	-0.11176482	0.2634663306492453	0.1708808479997114	0.3136904151185551	0.1774052201816912	0.17740522	-0.2009131373694216	-0.1976469999402717	0	0.1460212143215488	-0.1502781536995061	-0.3636834652933237	0.08597068967139725	0.08597069	-0.1035995989660055	-0.1908602194251167	0	0.5175566947863788	1.179990472501783	-1.287181771270965	-0.9977418528174002	-1.098680278285187	-1.263673239727338	0.460813129071252	0.004554133519388132	0.5735347365768334	-0.7837243413321057	-0.04296158287606442	0.7887091557883744	-1.139387537525241	1.741752994340775	0.1785553829085104	0	0
0.452777778	-0.185204202476678	-0.1458689591279877	-0.4678355895983513	1.18009579	1.06451802	-0.1116699	0.2626523492286879	0.1687608414122757	0.3151129263522384	0.1779267100759543	0.17792671	-0.2010933066609074	-0.1975940288484078	0	0.1469778901965578	-0.1491387090396234	-0.3643624146039116	0.08596127571447783	0.08596128	-0.103513720214694	-0.1908373789993276	0	0.5165751786873237	1.181664978387127	-1.290593361472917	-0.9969355379301152	-1.095095365892938	-1.263643338746593	0.4600020525767016	0.004427378982462043	0.5728410603525501	-0.7836902594151374	-0.04294473870345342	0.7887377229885052	-1.13959080467858	1.741622258184227	0.178629051161842	0	0
0.455555556	-0.1862084937262083	-0.1483840686391009	-0.461565873520608	1.18041184	1.0647587	-0.11226764	0.2669295939416959	0.1728571830973803	0.315403088562113	0.1796404012209989	0.1796404	-0.2021010047931375	-0.1995508246360347	0	0.1408210881947724	-0.1485915312148965	-0.3700727030890397	0.08308014779540819	0.08308015000000001	-0.1035740466476246	-0.1928345309880508	0	0.5458808951688773	1.182611918117436	-1.32786929031358	-0.9991288993097489	-1.09134644613261	-1.267583211140658	0.4629211122600037	0.004152780397126319	0.5702148765170438	-0.7836342463889202	-0.04202397559579809	0.7895409414871644	-1.144231918601104	1.739087903974649	0.179283761688844	0	0
0.458333333	-0.1857454453092835	-0.1462808425197585	-0.4659438642230947	1.1802044	1.06488457	-0.11202206	0.2661175306379864	0.170740316008203	0.3166142718393062	0.1801659038017453	0.1801659	-0.2023077898321175	-0.1994808193052043	0	0.1420812309245439	-0.147596172735011	-0.3706403321583427	0.08291866399889421	0.08291866000000001	-0.1034904144841263	-0.1927503884902793	0	0.5447250508717441	1.183984230191174	-1.33109305638448	-0.9984065858976318	-1.087922697967089	-1.267552571187507	0.4620280374046679	0.004044693378280786	0.569441057042437	-0.7835937069282524	-0.04220167856251793	0.7891821578180234	-1.144361845623011	1.739073053142577	0.179501370736246	0	0
0.461111111	-0.1851701083424049	-0.1442669161715943	-0.4701011749713604	1.18006106	1.06501562	-0.11193097	0.2653808374581622	0.1685474880011888	0.3179470991548429	0.1806731938717471	0.18067319	-0.202487194494858	-0.1994492614834002	0	0.1431592019465787	-0.1463787879539195	-0.3712426201504647	0.08286991084423365	0.08286991	-0.103429767783278	-0.1926668413243155	0	0.5436544051711129	1.185669295842091	-1.334407274667462	-0.9976817208141484	-1.084262122061108	-1.267510432481646	0.4611416565851451	0.003869861827246337	0.5686470866944183	-0.7835487598130917	-0.04230509926907532	0.7889988760808824	-1.144525579148931	1.738992625229053	0.179642913971523	0	0
0.463888889	-0.1819472018461623	-0.1460585250976333	-0.4682651276936377	1.18023775	1.06540328	-0.11239691	0.2657386208791089	0.1712644327975233	0.324008467076728	0.1826937289091239	0.18269373	-0.2029736701172664	-0.1999091004143634	0	0.1345790341894099	-0.1443242833987781	-0.377191120771216	0.08038975120232573	0.08038975	-0.1016570324987042	-0.1934214199401825	0	0.5528779686602758	1.18680752610188	-1.354206960781183	-0.9976720125947172	-1.079455658437777	-1.269710234824351	0.4635904666230287	0.003659426606668755	0.5664318538957963	-0.7835057662449627	-0.04118593725496295	0.7892326282021349	-1.148679541483027	1.73705061238019	0.1804768696381719	0	0
0.466666667	-0.1815136707866132	-0.1439303877193442	-0.4728844070236198	1.1800062	1.0654908	-0.11213287	0.2648940639080505	0.1689889850925098	0.3252372504286313	0.1832382698904169	0.18323827	-0.203191837844562	-0.1998452304394525	0	0.1359359861439993	-0.1433192797058473	-0.3778311405128382	0.08024377308541941	0.08024377000000001	-0.1016101149068179	-0.1933495139457967	0	0.5517073847085436	1.188208977145611	-1.357555328350843	-0.9971446830033097	-1.076139044341331	-1.269608535885101	0.4626264408174737	0.003574657186629867	0.5658016938681845	-0.7834548802979562	-0.04137040075454038	0.7889496340594984	-1.148739440135758	1.737035962260982	0.1806742970943673	0	0
0.469444444	-0.1809720186742981	-0.1418031687333076	-0.4772597544249544	1.17982218	1.06565954	-0.11196558	0.2641657029300754	0.1667649135974898	0.3265183348404987	0.1837400023084816	0.18374	-0.2033758119538172	-0.1998247144431612	0	0.1371325606662876	-0.1421781713981216	-0.3785127687292948	0.08019611634659493	0.08019612	-0.1015790250077863	-0.1932812410287818	0	0.5505440157734062	1.189736887067493	-1.361006971066601	-0.9964660523898433	-1.072564610033246	-1.269705706393074	0.461629279063405	0.003421816086038846	0.5649944965424296	-0.7833975811386132	-0.04148404612345474	0.7887381369806038	-1.148903884185216	1.736953198747852	0.1808204945991606	0	0
0.472222222	-0.1774298239136236	-0.1417933917479038	-0.477993495031283	1.17980413	1.06610223	-0.11253271	0.2627883814123188	0.1661006133589127	0.3307635712622227	0.1849256718390705	0.18492567	-0.2036818102341267	-0.1999238727066194	0	0.1337492074481725	-0.1398853070525025	-0.3821779269972272	0.08272455493720564	0.08272454999999999	-0.101397921267019	-0.1961660269834307	0	0.5519164009764393	1.191213107143715	-1.371227059613722	-0.9964526112602079	-1.066825444726578	-1.272427322912217	0.4636813254968278	0.003279140655676065	0.5633317482421252	-0.7833579351119895	-0.04004217866476806	0.7887782141035528	-1.152145282968482	1.735805807254819	0.1806467982102717	0	0
0.475	-0.1769974112610592	-0.1396595174723634	-0.4827314281270011	1.17974187	1.06618971	-0.11228894	0.2619906816447545	0.1639219780203099	0.3321116749211032	0.1854414206472921	0.18544142	-0.2038550278792019	-0.1999202956543174	0	0.1349342966567851	-0.1388225280744087	-0.3828537783483927	0.082467199332215	0.0824672	-0.1013517953564814	-0.1960205948055143	0	0.5508052289051096	1.192710684988527	-1.374881774005943	-0.9960421171505217	-1.063753332932378	-1.272272561600383	0.4626082670530385	0.00316040485946534	0.5625464076745931	-0.7832961813487967	-0.04041998851715095	0.7887340396456519	-1.152058644126281	1.735574774182008	0.1809834343493366	0	0
0.477777778	-0.1764911753699256	-0.1375747068455575	-0.4873382145647305	1.17953532	1.06632646	-0.11204788	0.2611927637110337	0.1616723285505689	0.3335396652669073	0.1859697065045966	0.18596971	-0.2040325678321696	-0.199912176731703	0	0.1361476638644714	-0.137746220351151	-0.3835999736242636	0.0822574456627103	0.08225745	-0.1012956310102181	-0.1959185625083769	0	0.5496373795352495	1.194172307654484	-1.378608066619717	-0.9954772350549285	-1.060277104985178	-1.272292315236857	0.4615857955813549	0.003059438434902093	0.5617499736198023	-0.7832025234904761	-0.04065351374560072	0.7885614262335637	-1.152150171635717	1.735428410172805	0.1812626683546327	0	0
0.480555556	-0.1869242288178416	-0.1397508629439579	-0.4768174890396965	1.17996935	1.06613846	-0.11263448	0.2730355176759234	0.1676201947441371	0.3250922242142991	0.1865848998102737	0.1865849	-0.2069431209552303	-0.2053280597624792	0	0.1374318549624073	-0.1400660301369599	-0.3874969182491119	0.07664864720092093	0.07664865	-0.1064505243114352	-0.1987722720030294	0	0.6127836611767079	1.194880383194161	-1.442423752366084	-1.003498164762239	-1.056764430548939	-1.282205505437373	0.4667096593719325	0.002938636343389932	0.5578754992364088	-0.783111504046386	-0.04181686644917604	0.7909305269099758	-1.15639427376796	1.732924785102703	0.1821565383819758	0	0
0.483333333	-0.1864279681815148	-0.1375438763024527	-0.4815705930608717	1.17981805	1.06624592	-0.11237491	0.2722592233244373	0.1653957019266356	0.3263314882683606	0.1871378682883929	0.18713787	-0.2072205091003095	-0.2051322697741881	0	0.1387841273402063	-0.138959991951625	-0.388072865208564	0.07646445806710192	0.07646446	-0.1063544242138924	-0.1986505202778713	0	0.6114242095615638	1.19616089845416	-1.44582514844894	-1.003159268770859	-1.053420336592485	-1.28211520716333	0.4654428864853986	0.002859891974461853	0.5570726565071376	-0.7830166281227804	-0.04200332049676537	0.7907129759820378	-1.156486380028576	1.73285883748785	0.1823716228106148	0	0
0.486111111	-0.185770942649793	-0.1353535695980759	-0.4861373873731868	1.17967066	1.0663934	-0.11226084	0.2714957995544541	0.1630159105849563	0.3277465712062145	0.1877037942654118	0.18770379	-0.2074658580617769	-0.2050054394899724	0	0.1399984961923503	-0.1376557649974749	-0.3886981983535964	0.07637808748200725	0.07637809	-0.1062776607936653	-0.1985141994167821	0	0.6101756849650241	1.197815537605694	-1.449342270158646	-1.002699114982498	-1.049878827571674	-1.28210501094984	0.4642152838487342	0.002761159396808235	0.5562311528150726	-0.7829205475729252	-0.04217769651686504	0.7906091751427694	-1.156594681897452	1.732716397153337	0.182574848948717	0	0
0.488888889	-0.1835927884984649	-0.1367175854237469	-0.4847188364661092	1.17989992	1.06676758	-0.1127152	0.273675573545861	0.1664917540361223	0.3344968026069705	0.1905921769945832	0.19059218	-0.2099535510683351	-0.2073634760006573	0	0.1308734184912847	-0.1350807243705067	-0.3977155532860314	0.07327775702992848	0.07327776	-0.103296209080263	-0.1993022126069978	0	0.6222746188811202	1.198965221763232	-1.471098264764067	-1.004270679952296	-1.04446229370762	-1.28609231284086	0.467749815392262	0.002694915948647565	0.5534102555103576	-0.7828406298191409	-0.04217422261352188	0.7917922649021909	-1.160647734355652	1.730751619276909	0.1839723775394873	0	0
0.491666667	-0.1831258736536482	-0.1345306142181036	-0.4896054054661186	1.17971213	1.06689022	-0.11245859	0.2728645691334088	0.1639941192850788	0.335793734608446	0.1911630668625277	0.19116307	-0.2102301269371805	-0.2071649453218418	0	0.132258673752222	-0.1340158199304499	-0.3982653255426914	0.07310493766898865	0.07310493999999999	-0.1032534877834973	-0.199208422278187	0	0.6210410864883222	1.2003779326241	-1.474469064701537	-1.004193959990767	-1.041195741239173	-1.285820736467657	0.466277463838327	0.002615214266624768	0.5525959646429238	-0.7827280716158177	-0.04236191130702407	0.7915865987937943	-1.160689907619033	1.730715678409755	0.1841601339517644	0	0
0.494444444	-0.1825635854663893	-0.1322664745013138	-0.4942432989071063	1.1795578	1.06700498	-0.11228996	0.2721387870539364	0.1616144127664012	0.3371498374603543	0.1916846900999457	0.19168469	-0.2104449715575803	-0.2070618131182097	0	0.1336121652425035	-0.1327665577577683	-0.3989197650200606	0.07300789928243995	0.0730079	-0.103217800512683	-0.1991197400044981	0	0.6196604181271921	1.201868672094369	-1.478129172859279	-1.003767746922239	-1.03758106574719	-1.285910315316983	0.4649973156210704	0.002527994229783155	0.5518609555312949	-0.7825619141766328	-0.04257309125959348	0.7914567248298963	-1.160765998389366	1.730583745830004	0.1843563159410056	0	0
0.497222222	-0.1782556819506749	-0.1326751201327892	-0.4945739417600528	1.17975482	1.06747784	-0.11274744	0.2702139841986961	0.1615755531851385	0.3428694754997525	0.1928121108375456	0.19281211	-0.2102593465413856	-0.2069175646225921	0	0.1287453434212499	-0.1305219487989071	-0.4025637315002152	0.07518049682902847	0.0751805	-0.1032898161137459	-0.2020577911389898	0	0.6224051494378831	1.202684342470044	-1.491053723433391	-1.00516943899594	-1.0312420360126	-1.289699067854164	0.4683585499325091	0.002478697405060575	0.5493907084868737	-0.7825388653585309	-0.04233401117173338	0.7923404400080525	-1.163183999177162	1.729211985105777	0.1855661359415202	0	0
0.5	-0.1778001321663485	-0.1304115900595071	-0.4994965394172781	1.17961567	1.06757368	-0.11253075	0.2693740378639226	0.1592567284631594	0.3442017415174017	0.1933808131098056	0.19338081	-0.2105106561513145	-0.2067678253211477	0	0.130203965342624	-0.1292901086773518	-0.4031748868121348	0.07485381098656209	0.07485381000000001	-0.1032282880216253	-0.2018720840923204	0	0.6212542240021807	1.204216124404871	-1.494545031199861	-1.005121245917436	-1.027999052644905	-1.289434551163253	0.4667133277049544	0.002440723229327383	0.5484942890570923	-0.7823806414879938	-0.04261327502215969	0.7921207770571866	-1.16318107068921	1.729154870776802	0.1858220437958963	0	0
0.502777778	-0.187841216429259	-0.1312318506511144	-0.4922269652263048	1.17976468	1.06735398	-0.11293632	0.2795195141091192	0.1630163277186475	0.3356020658661175	0.1932688811306179	0.19326888	-0.2106488946056528	-0.2099418550934188	0	0.1347512458267042	-0.1317848496724955	-0.403899568112448	0.07056500905231328	0.07056501	-0.106441114543306	-0.2035483703880338	0	0.6754045069089973	1.204285290232331	-1.548955928415915	-1.010680580002894	-1.024276010532331	-1.297088442492192	0.4698608050851831	0.002379123927773346	0.5457508513844429	-0.782233728747273	-0.04715735265252954	0.7957633015463133	-1.168088071386108	1.730813736068587	0.1851979077721978	0	0
0.505555556	-0.1872840635242582	-0.1288613706409945	-0.4971823068310939	1.17955871	1.06747318	-0.11267936	0.2787355165724466	0.1605828369592075	0.3369394706566833	0.1938504267572446	0.19385043	-0.2109699842244056	-0.2096929072630337	0	0.1361916772284824	-0.1305908606809611	-0.4044870829396495	0.07037484809992564	0.07037485	-0.1063924935100698	-0.2033313973386112	0	0.6740189111343231	1.205627664498876	-1.552428561857521	-1.010655813955342	-1.020923233388315	-1.296874062129373	0.4682541682476656	0.002298991847557007	0.544947721373977	-0.7820038294403443	-0.04740715674144558	0.7956877956358123	-1.168048719098397	1.730700796859888	0.1854513836847942	0	0
0.5083333330000001	-0.1838233536485032	-0.1288283324309189	-0.4990114110145193	1.17969318	1.06785289	-0.11288866	0.2772474893438348	0.1606223311421862	0.3427521377122726	0.1951157534639603	0.19511575	-0.2112081471417438	-0.2097576600254803	0	0.1321836223254582	-0.1287328534960568	-0.4075487140316909	0.07104357257362361	0.07104357	-0.105580769323834	-0.2041746406003416	0	0.6754720652882166	1.206833885979539	-1.563149625698877	-1.011593539045333	-1.015458751489984	-1.299536907129417	0.4698632886887087	0.002274511684935609	0.5433208296414241	-0.7819195129332464	-0.04782219778289908	0.7962784471687452	-1.169653734874106	1.729277807580522	0.1868018836807377	0	0
0.511111111	-0.1823171510846601	-0.128136855670559	-0.5016715778068256	1.17964261	1.06805801	-0.11291962	0.277233937036726	0.1604288083365934	0.3459018552225963	0.1967968043339988	0.1967968	-0.2118661355716139	-0.2098628501468333	0	0.1296125797242075	-0.127102531842458	-0.4106446720849276	0.0696992447600468	0.06969924	-0.1048003397637512	-0.2046802366537715	0	0.678215483936777	1.208090950646642	-1.572999151175202	-1.012472803110297	-1.01037417750433	-1.301539364046401	0.470513992288814	0.002235467971436795	0.5419986851371731	-0.7817295991194807	-0.04835123256098565	0.7965598761001087	-1.170716883163869	1.728679952550167	0.1872945122868911	0	0
0.513888889	-0.1818314177507826	-0.1257411479732991	-0.5067737680987519	1.17942212	1.06816976	-0.11266373	0.2765927432121161	0.1580145463931214	0.3471651255823873	0.1973297894903143	0.19732979	-0.2121052254333178	-0.2097800234527848	0	0.1311086476846832	-0.1258682147496283	-0.4112636365235195	0.06943856308110063	0.06943856	-0.1047500006283993	-0.204465913886818	0	0.6768090021560098	1.209382476839825	-1.576553563764239	-1.012542982974053	-1.007113345177975	-1.301370203070107	0.4687014355720267	0.002149110825377367	0.5411034624796598	-0.7813872527867021	-0.0485561572535159	0.7964079300043582	-1.170719329766414	1.728642803391572	0.1874985648383941	0	0
0.516666667	-0.1804857807657338	-0.1241015280781102	-0.5098263925937213	1.17930359	1.06840298	-0.11301424	0.2762284158536719	0.1560956385619626	0.3499496104319839	0.1980093620579781	0.19800936	-0.2121620858168869	-0.2102579834392398	0	0.1307630229254376	-0.1237586103245345	-0.4133366239409064	0.0696139232923655	0.06961392	-0.1045028270997319	-0.2050399305121174	0	0.6770109672937276	1.211199603003127	-1.583015728746486	-1.012090410023299	-1.001523247744587	-1.30280021241279	0.468371875870414	0.002139721477600413	0.5408051417281968	-0.7813242043382701	-0.04866535534896325	0.7967170841890211	-1.17108471147826	1.728552500928738	0.1879401308702207	0	0
0.519444444	-0.1798894134540333	-0.1217386308254585	-0.5149331193454394	1.17908357	1.06849676	-0.11268909	0.2755844645833768	0.1537504293486152	0.3513018529646526	0.198598140329025	0.19859814	-0.2124654130453092	-0.2100567099755048	0	0.1321405123438681	-0.1226583317257311	-0.4140691452602197	0.06935964383018151	0.06935964	-0.1044029347507903	-0.2049855874169285	0	0.6755489402349828	1.212423403963615	-1.586870899439287	-1.012269823412685	-0.9983910397263855	-1.302798124475405	0.4666034955313898	0.002058859675223815	0.539733603640719	-0.780972348404529	-0.04896029173247369	0.7966127353163674	-1.171046606053767	1.728463289296687	0.1882474639783422	0	0
0.522222222	-0.1892364012173767	-0.1233211229526369	-0.507768171185405	1.17942896	1.06845608	-0.11302066	0.2861907957156942	0.159458486081229	0.3456812574733831	0.1995360155173315	0.19953602	-0.2163970471362384	-0.214935840556775	0	0.1326714563376234	-0.1245774413169514	-0.4196195272028789	0.06394676241665283	0.06394676000000001	-0.1084958229529039	-0.207508979737073	0	0.7322644330272229	1.212143922994229	-1.645163202613858	-1.019965014467715	-0.9938567212790611	-1.313080566131784	0.4726529793318652	0.002036431147138137	0.5353628607670171	-0.7805990594785075	-0.05488877674283019	0.8017326836353011	-1.177139617144056	1.7302243760793	0.1882598593066898	0	0
0.525	-0.1882308803833885	-0.1210316841647407	-0.5121987139262021	1.17926531	1.06864775	-0.11303889	0.2855754711612573	0.1568759267503761	0.3474455518220955	0.2001546083753257	0.20015461	-0.2165846728233546	-0.2149643634255428	0	0.1338097105084234	-0.1229877685561645	-0.4203288288363565	0.06406724895263623	0.06406725000000001	-0.108279952078904	-0.2074433478522822	0	0.7308880007547203	1.213816697338422	-1.649322323792157	-1.019627769208741	-0.9899044177773993	-1.313400153196584	0.4710178934530072	0.002006986395459442	0.5345623735341044	-0.7802963691207292	-0.05537141281541712	0.8018591138900523	-1.176966455873116	1.72995033512666	0.1886506880935621	0	0
0.527777778	-0.1876077885901815	-0.1186543078351474	-0.5171352695050544	1.17903241	1.06870246	-0.11278863	0.2849111464880708	0.1545430701048097	0.3488240788387663	0.2007134729247239	0.20071347	-0.216844497720171	-0.2148162689223855	0	0.1352320493035765	-0.1217579606959902	-0.4209855002407731	0.06391072852344909	0.06391073	-0.1081411772848864	-0.2074122883219796	0	0.729332465237839	1.214904113035171	-1.653040558918906	-1.019936307292178	-0.9863801002497201	-1.313298645370886	0.4691528922101914	0.001938042224814236	0.5335247152544675	-0.7798176544539057	-0.05564911180363608	0.8016325038306318	-1.176963682894	1.729900581025674	0.1889155255759902	0	0
0.530555556	-0.1831994720938097	-0.1194688109346182	-0.5181998274972547	1.17939032	1.06922707	-0.11288766	0.2831301542253387	0.1561280032494799	0.357210698657601	0.2024296792637536	0.20242968	-0.2167869779512106	-0.2153230863572259	0	0.1285889113057229	-0.1196207767525893	-0.4253423419160487	0.06423468310016904	0.06423468	-0.1060884264365775	-0.2084876057454197	0	0.7334814882901517	1.21545396278445	-1.668567469409702	-1.022583234191311	-0.9804802656916997	-1.317855294258792	0.4729026933617917	0.001934651748209312	0.5308329995415364	-0.7795419531695486	-0.05649584712013392	0.8024740803029266	-1.178315816169058	1.729195408317608	0.1897621989332996	0	0
0.533333333	-0.1827041389254475	-0.1171556030312378	-0.5231298307610293	1.17916027	1.06927188	-0.11277967	0.2825927614145302	0.1536999898568314	0.3584548742427107	0.2029572971835534	0.2029573	-0.2170704995323471	-0.2151478477954099	0	0.1301566939724984	-0.118299248873163	-0.4259433097411245	0.06392391884927102	0.06392392	-0.1059642141462399	-0.2083845241563359	0	0.7320535414030459	1.21669172620442	-1.672027902301704	-1.022945797196415	-0.9770228035246169	-1.3175931355077	0.4707132108018877	0.001871730708812739	0.5295704159688061	-0.7789522774502002	-0.056739201868398	0.8025382958530293	-1.178218294675373	1.729080296872122	0.1899945546166176	0	0
0.536111111	-0.1815226939643131	-0.1147702653822615	-0.5274113782342421	1.17900281	1.06960371	-0.11299637	0.2822741032139583	0.1508276821336696	0.3606499015391153	0.2035917313479703	0.20359173	-0.2173440139191515	-0.2150899693612882	0	0.1309773153236621	-0.1162471825429867	-0.4270948922932903	0.06380906379265212	0.06380906	-0.1056939961627938	-0.2085485482795762	0	0.7310474379781534	1.219047107371181	-1.677298666266632	-1.022104305198056	-0.97227835982719	-1.319043276525173	0.4695597015807607	0.001888872460061202	0.5295331263112054	-0.7785310242583401	-0.05753349946565136	0.8029377168958092	-1.178081339561633	1.728373393321036	0.1905294065771011	0	0
0.538888889	-0.1915970836472076	-0.1156197925274308	-0.5214552156180745	1.17932615	1.06941125	-0.11310773	0.2933226026912272	0.1562702325736859	0.3546341544294822	0.2049777028920327	0.2049777	-0.2202994357920896	-0.2193283496061115	0	0.1334052758328342	-0.1185436387762064	-0.4314259048409655	0.05915431361268284	0.05915431	-0.107899622320147	-0.2107422395264384	0	0.7867767080419446	1.217603105025754	-1.733095991081282	-1.029921358108519	-0.9684228404176048	-1.32847691883868	0.4737641918948335	0.001820867102020644	0.5252236184888427	-0.7779084606017648	-0.06336958063675491	0.8083805617728703	-1.183664592511826	1.731098004301577	0.1907929919603238	0	0
0.541666667	-0.1910561823755368	-0.1132567724035998	-0.5262464505455497	1.17897294	1.06937537	-0.11297265	0.2929502174966924	0.1540478472412561	0.3557495200034057	0.2054001024161455	0.2054001	-0.2204892595468657	-0.2192809300575324	0	0.1350609173269575	-0.1173082055453201	-0.432040948048327	0.05892163155279471	0.05892163	-0.1077864328312333	-0.2106242701043023	0	0.7848854270275156	1.218378369982047	-1.736681233340759	-1.030307821826932	-0.964747746164774	-1.328429920088984	0.4716986380092636	0.00176598749261971	0.524041049361137	-0.7770349189478185	-0.06367430761923733	0.8080451251986003	-1.18366981348975	1.731079016341046	0.1911049889372725	0	0
0.544444444	-0.1877604914606958	-0.1124569649764308	-0.5294364711989605	1.17930792	1.07000803	-0.11311205	0.2911406313302921	0.1530735307998985	0.3616702386476566	0.2068994147691677	0.20689941	-0.2205469716511097	-0.2198622453006978	0	0.1320351188916572	-0.1150469943164822	-0.4350761513648347	0.06029238190591744	0.06029238	-0.1065455409085784	-0.2126305878641253	0	0.7858230641529121	1.219909678059983	-1.746902473281587	-1.031702632940057	-0.9597304528764549	-1.331567834984774	0.4737176832335909	0.00171730327846458	0.5216532942566139	-0.7770621370084374	-0.06363229335535163	0.8093586575501903	-1.184441652015656	1.730872435505588	0.1931961968939186	0	0
0.547222222	-0.1865032583693203	-0.110398261682708	-0.533763159867947	1.17910487	1.07020611	-0.11309756	0.290760418508595	0.1510930922586253	0.3642291967636994	0.2077204722781114	0.20772047	-0.2209213168503945	-0.2196595247844799	0	0.1321726468224571	-0.1134093480396116	-0.4366284002522016	0.05981273121901606	0.05981273	-0.1062349145386913	-0.212301874123601	0	0.7854620129520069	1.221292676959263	-1.75307899331513	-1.032170454134354	-0.9552627615006607	-1.33358227096908	0.4721240419431508	0.001694658678617505	0.5212607854158036	-0.7760530098006159	-0.06390153482708127	0.8097285240600814	-1.184972760768493	1.730304790030191	0.1936614686857774	0	0
0.55	-0.1843185424781364	-0.109704524197368	-0.5362777936023061	1.17927072	1.07057035	-0.11296892	0.290578569512237	0.1515928081232722	0.3705162968443912	0.2091340935027168	0.20913409	-0.2209565705814226	-0.2204650680617026	0	0.1277838776646418	-0.1109477312992757	-0.441779538477533	0.0585907075273057	0.05859071	-0.104980562636845	-0.2132322834914992	0	0.7908019584523581	1.221424293459886	-1.766120204838038	-1.03587578708914	-0.9498573441622111	-1.33804447886943	0.4737585900860663	0.001682034014006129	0.5191595222682709	-0.7754621762298418	-0.06556527185640705	0.8102639024118673	-1.186204398257322	1.728630957492872	0.1952885621783917	0	0
0.5527777780000001	-0.183890100973219	-0.1073611229705927	-0.5410209762993483	1.17885042	1.07042293	-0.11286382	0.2903967730502896	0.149442586395826	0.3715065373207783	0.2095189274326743	0.20951893	-0.2211589933444701	-0.2203960902062028	0	0.1295604149744581	-0.1097589360585294	-0.4424645721804262	0.05821568967812723	0.05821569	-0.1048728595904349	-0.2130834322135782	0	0.7888263363216887	1.222059695758439	-1.769813496068183	-1.036350479819236	-0.9459854272097706	-1.33790008882761	0.4717347467770923	0.001650293281696435	0.5180058029095019	-0.7747108725497833	-0.06590246894429358	0.8098913034144991	-1.186226107535223	1.728593744804292	0.1955065740477852	0	0
0.555555556	-0.1816477956744375	-0.1054785651117653	-0.5449464505997486	1.17942671	1.07114026	-0.11284653	0.2897000793262626	0.1479099852034476	0.3775538042040377	0.2110800448615693	0.21108004	-0.2214580246194716	-0.2209084453962269	0	0.1261479285459358	-0.1062971062049935	-0.4470440805182104	0.05740134365828913	0.05740134	-0.1039060930943555	-0.2154484924527719	0	0.7936259774529733	1.223977009580392	-1.782169607914752	-1.039193992751332	-0.9421757099521467	-1.344305658018203	0.4724164582457543	0.001640410703872868	0.5160577962509222	-0.7731343616659515	-0.06734395312867651	0.8115306494675283	-1.186267962625081	1.727777091982781	0.1951828620718312	0	0
0.558333333	-0.1946159676116104	-0.1052090932565743	-0.5398524092500998	1.17909442	1.07065123	-0.11301896	0.3028728967032854	0.1523099080623806	0.3667307153959274	0.2123025610851946	0.21230256	-0.2248910172704414	-0.2254422088288491	0	0.1343636048837107	-0.1105427012918787	-0.448558819661958	0.05314358816437358	0.05314359	-0.1078222927151106	-0.2152806422187455	0	0.8512687512849604	1.222704339749915	-1.837934992680491	-1.044459000620387	-0.938765676932954	-1.352034075778867	0.4740848383744892	0.001620070636770126	0.5137587653079899	-0.7715505205737943	-0.07495933865459248	0.8167709542954161	-1.192312538559699	1.731774655188073	0.1940159876428912	0	0
0.561111111	-0.1939372958083736	-0.1026576037534667	-0.5445863965054449	1.17882054	1.07062372	-0.11289966	0.3024908790366089	0.1498170443433804	0.3680350990806443	0.2127615674941046	0.21276157	-0.2251233090747088	-0.2253452618975532	0	0.1360510399936201	-0.1091303424639213	-0.4491294718160583	0.05293030788258232	0.05293031	-0.1077032261790066	-0.2151114117783465	0	0.8493649124520304	1.223617834608433	-1.841625849001797	-1.044859695404455	-0.9346990569832803	-1.352015504079362	0.4719412131189508	0.001584342874317176	0.5125124119010397	-0.7712137374780063	-0.07552135334875766	0.8164312397446164	-1.192214293801572	1.731571421719588	0.1944382885559013	0	0
0.563888889	-0.1904502839953241	-0.1016933660649405	-0.5478447529077237	1.17911766	1.07115357	-0.11296126	0.3006044135601191	0.1489581262796378	0.3754849773025217	0.2134943710331578	0.21349437	-0.2249950399410579	-0.2256242700572441	0	0.1326985770088702	-0.1065511959498878	-0.451888266640796	0.05362135599007791	0.05362136	-0.106380861414204	-0.2162124129434602	0	0.8512397374550739	1.224340460259953	-1.852818829976139	-1.0476564897122	-0.9299219101789944	-1.357051619172868	0.4728536707282947	0.001576801481152233	0.5109235477512952	-0.7695863210994803	-0.07687259842575887	0.8172525182122435	-1.192980012155922	1.72958870430191	0.1956539653577868	0	0
0.566666667	-0.189429029367195	-0.09917067676341881	-0.5527521948238564	1.17891675	1.07130296	-0.11295471	0.300371502862099	0.1462408540595356	0.3771997591038158	0.2142247536260056	0.21422475	-0.2255563594705819	-0.2249983464673257	0	0.1339293325828282	-0.1048377865009844	-0.4526994391284552	0.05325093429095164	0.05325093	-0.1061200572131444	-0.2161592259543678	0	0.8498216970568027	1.225961856823356	-1.857638617966578	-1.047884266000626	-0.9259457729846661	-1.358194445931775	0.4706625388322475	0.001572814800074828	0.510394043305107	-0.7686639220947171	-0.07747997841597359	0.8176734446784677	-1.192644932152419	1.729182396713501	0.1960895349619023	0	0
0.569444444	-0.1873754049815955	-0.09784534424075608	-0.5567530401208064	1.17917297	1.07168315	-0.11261836	0.299426873947719	0.1459228852640183	0.3831271918551664	0.2152822798611826	0.21528228	-0.2253789690923311	-0.2255549717592937	0	0.1310993728305052	-0.1026832969199182	-0.4565663277873208	0.05283755462841312	0.05283755	-0.1048862871065022	-0.217955706443415	0	0.8531691591496466	1.2264351318225	-1.868302062729738	-1.051564067057384	-0.922074589768643	-1.362715699716984	0.4701944334983481	0.001547724819412783	0.5086233535464165	-0.7670893846546706	-0.07843482344059723	0.818936765652807	-1.192451923869889	1.72901277235229	0.1979546791471838	0	0
0.5722222219999999	-0.1867049889347865	-0.09743706635015408	-0.5590688056296726	1.17903383	1.07186101	-0.11247908	0.3010743593437148	0.1477126895196107	0.3886158329500692	0.2169168515660429	0.21691685	-0.225789025298908	-0.2258111387950637	0	0.1271557528654708	-0.101008342484957	-0.4629237307774804	0.05030660293821245	0.0503066	-0.1039075483498858	-0.2172334876281434	0	0.8622733005791371	1.226428278787192	-1.886008442128388	-1.054804481300419	-0.9168792156498209	-1.367407992452762	0.4725655662616082	0.001522861382487648	0.5062852602149625	-0.7661530505920936	-0.08027160253487539	0.8195213116749509	-1.195620873337774	1.726278949174891	0.1978420054030641	0	0
0.575	-0.1859345630783772	-0.09473154682816892	-0.5639451007490401	1.17883152	1.07200047	-0.11261169	0.3010440619986965	0.1446749121915222	0.3900063592798805	0.2175565028686599	0.2175565	-0.2261776314089779	-0.225629086293315	0	0.1288694230665644	-0.09910905058379428	-0.4636309256240179	0.04996094309784885	0.04996094	-0.1038282735753981	-0.2170487227102041	0	0.8611128234800375	1.22819778346732	-1.890475225409372	-1.054944726359799	-0.9129246240215098	-1.368102688472927	0.4700634681800686	0.00150949914173438	0.5056065746236246	-0.7651493740475259	-0.08108076440323629	0.8197873190515765	-1.195026372655708	1.726080087232583	0.1985355645157545	0	0
0.577777778	-0.1968385779169807	-0.09263297009142088	-0.5620319278952706	1.17893641	1.07187907	-0.11267029	0.3132582005608608	0.147828269236935	0.3842098382652014	0.2201618774925607	0.22016188	-0.227895614842252	-0.2301161862539901	0	0.1352461754749434	-0.100695515603949	-0.468482339329569	0.04671306425613574	0.04671306	-0.1065452113904156	-0.2197141754066829	0	0.9090926335701036	1.227176318527016	-1.936540248565177	-1.060848807129356	-0.9104358932421782	-1.377353869354042	0.4706213122354532	0.001482717587961302	0.5030054490037877	-0.7628498088593096	-0.08664976220223027	0.8254617516670847	-1.198148521817832	1.730569807456064	0.1983968319587049	0	0
0.580555556	-0.195605075020247	-0.08988264779300412	-0.5668358457813542	1.17865196	1.07199608	-0.11267158	0.3128384260119429	0.1447187002335267	0.3859633011005759	0.22068703955957	0.22068704	-0.2282823597332075	-0.2297910647501323	0	0.1368636263725063	-0.09896095677876869	-0.4689663856281915	0.04670697846756696	0.04670698	-0.1064653000943497	-0.2194723052354806	0	0.9069355483353739	1.228377686596095	-1.941045984977072	-1.06133664463218	-0.9061638319825158	-1.378509843503672	0.4686614926648973	0.001471861640013897	0.5027243565719042	-0.7618462694976212	-0.0874810066744191	0.8251272629811315	-1.198054941103064	1.73016886466071	0.198994282770805	0	0
0.583333333	-0.1938798282247579	-0.08741934209755105	-0.5715632283617439	1.17860236	1.07223017	-0.11271834	0.311991765744603	0.1417189227375114	0.388466237987354	0.2213510121998465	0.22135101	-0.2286474297292484	-0.2294950789001426	0	0.1377093565538879	-0.09688285537214041	-0.4695781950895149	0.04699975099187077	0.04699975	-0.1062434870723783	-0.2197935739250147	0	0.9053033981003178	1.229700648612568	-1.94613633006843	-1.062539820338765	-0.9018486373538512	-1.380735820200103	0.4665595038094615	0.001463988808824001	0.5022582552250519	-0.760442084046551	-0.08859257074669877	0.8256129882864943	-1.197620221648827	1.729298143284302	0.1997377480026599	0	0
0.586111111	-0.1919470458987103	-0.08498741288419276	-0.576285285418987	1.17846359	1.0724748	-0.11262952	0.3109969024146261	0.1390475484879464	0.3914007485469251	0.2220588917390495	0.22205889	-0.2289222319945078	-0.2293371636038172	0	0.1382003834713867	-0.09492364544509213	-0.4705592434403304	0.04729099338601937	0.04729099	-0.1059453893739937	-0.2203126753361964	0	0.9036423778505057	1.230452471179013	-1.951991343698595	-1.064254806692648	-0.8975526488518745	-1.383927364002352	0.4649243461975713	0.001446132694312698	0.5017887216882255	-0.7588706162915928	-0.08953464362638924	0.8256736508698389	-1.197634609270516	1.728680490809709	0.2005492135311005	0	0
0.588888889	-0.1933046081949391	-0.08414423507230927	-0.5777305796571272	1.17892293	1.07271813	-0.1122602	0.3155268233303672	0.1434244214815801	0.4010568391822515	0.2233946742460756	0.22339467	-0.2294361108569688	-0.2303750585501007	0	0.1324548546942656	-0.09202878789346168	-0.4814015680457258	0.04347159565969934	0.0434716	-0.1032023775616819	-0.2214490525799188	0	0.9239183285378464	1.229301800212315	-1.977611892410474	-1.071358297097331	-0.8929245077871482	-1.391923992966889	0.4685286933546398	0.001423168001080807	0.4975299544269426	-0.7574370888887368	-0.09367948678967628	0.8295309999080789	-1.200273397699348	1.728537239071627	0.2009284843986002	0	0
0.591666667	-0.1921265936784495	-0.08144250902345335	-0.5826233744211113	1.17864396	1.07286153	-0.1123176	0.315190255433676	0.1402769318840466	0.4026358371602674	0.2240905499342823	0.22409055	-0.2298131293770689	-0.2302069020107905	0	0.1341366228946267	-0.09026002934158857	-0.4818356312561638	0.0434521254646958	0.04345213	-0.1032242746370103	-0.2213437648946605	0	0.9218344532329866	1.230561342199758	-1.982264555176658	-1.07208419890639	-0.8887223244492807	-1.393343073232328	0.4662510653843248	0.001410665858582921	0.4973900306826785	-0.7561311913054267	-0.09483524137688597	0.8295505723793767	-1.199928814901666	1.727849947261747	0.2016095774971083	0	0
0.594444444	-0.1898331245762446	-0.07934181310792753	-0.5873844463939207	1.17890134	1.07323333	-0.11191799	0.313596618855625	0.1383489572419566	0.4068372776860052	0.2250703126755708	0.22507031	-0.2297352836781726	-0.2310401949759224	0	0.1334619224135699	-0.08829833965073906	-0.4831015801727579	0.04393311970605537	0.04393312	-0.1029644010455078	-0.2230972169089936	0	0.9225599314506363	1.230736836975909	-1.98981975546678	-1.076436392769867	-0.8842801522306117	-1.398625858152479	0.465445832426643	0.001399755456362854	0.4957148755348533	-0.7545366897421983	-0.09691127631367989	0.8307680376201466	-1.199364011345889	1.726598803798665	0.2030093914220011	0	0
0.597222222	-0.1884558622251497	-0.07743400312735048	-0.591171452554653	1.17897922	1.07346591	-0.11179276	0.3137685501930413	0.1374506099214834	0.4118735032588524	0.225846459721268	0.22584646	-0.2300166811936095	-0.231166425565007	0	0.1323415639762553	-0.08600404413513332	-0.486162654330235	0.0431282619941628	0.04312826	-0.1028269120355503	-0.2234932436354442	0	0.9253293535851893	1.230877527617846	-1.999526521911471	-1.079985883704947	-0.8786256395814553	-1.403458988835984	0.4658526711187438	0.001384018346096397	0.4941399633726163	-0.7534001599566994	-0.1002984380147558	0.8325061295153318	-1.200534469284849	1.72259983944305	0.2036835735402701	0	0
0.6	-0.1873234353596563	-0.07486963134903385	-0.5960417653834763	1.17895332	1.0736505	-0.11168918	0.3140418876034596	0.1352085503650606	0.4148608789688018	0.2268992648408183	0.22689926	-0.2305735951630357	-0.2309538528396946	0	0.1326459436382166	-0.08385892295789309	-0.488124737243765	0.0425696789663729	0.04256968	-0.1024323492912763	-0.2242011209057192	0	0.9258417284974338	1.231881449032108	-2.006482029688601	-1.082337908079957	-0.8747796133667376	-1.406567549562683	0.4639435043192063	0.001373358747689841	0.4933193233464297	-0.7516593071251705	-0.1013857598127911	0.8334168142192213	-1.200123612321211	1.723066739801634	0.2052111139759493	0	0
0.602777778	-0.186217570834582	-0.07214981374075054	-0.6006946075695073	1.1786115	1.07377187	-0.11174849	0.3141624992795504	0.1322926221515025	0.4167226962074632	0.2275327765987256	0.22753278	-0.2308827369558611	-0.2309048247956768	0	0.1342783979096284	-0.08206703634997012	-0.4892517523668466	0.04234445452384562	0.04234445	-0.1024274974504887	-0.2238334217456932	0	0.923853666357988	1.232853851894473	-2.011423772036925	-1.083112107512742	-0.8701961190460079	-1.408156862785644	0.4619778714059777	0.001366482150436984	0.4927691905047462	-0.7506471407755224	-0.1022344977200726	0.8331112644885296	-1.20003171096225	1.723001967316967	0.205893850651014	0	0
0.605555556	-0.1846649295971993	-0.06965002228635037	-0.6055948974754313	1.17843626	1.07400745	-0.11173296	0.3138933771883415	0.1295227458822782	0.4192942847477039	0.228446525577183	0.22844653	-0.2312780538569049	-0.2307471128302093	0	0.1351071542404355	-0.08000365051239711	-0.4906540392487566	0.04234111309099268	0.04234111	-0.1022649498757956	-0.2241456595780786	0	0.9222795649011886	1.233743590203878	-2.017080730415962	-1.085086913178388	-0.865600010881708	-1.411352885800886	0.4601980991283929	0.001347384234162886	0.4925431218464598	-0.7490487417175414	-0.1032353855775615	0.8334041907763405	-1.199679169288645	1.722684331704804	0.2066497817225183	0	0
0.608333333	-0.1826979559220394	-0.0673746805228225	-0.609725839091226	1.17907485	1.07435616	-0.11112409	0.3139560296215662	0.1298967242133541	0.4281552534667712	0.2296196961068667	0.2296197	-0.2309124661962078	-0.2320992091042867	0	0.1313239033301219	-0.07641972335851112	-0.4971087591800137	0.04144194406950765	0.04144194	-0.1013790591447268	-0.2264108023355895	0	0.9271840214316358	1.232810716431076	-2.027629811607222	-1.092374716460733	-0.8597474754445483	-1.419203876115055	0.4623030279909535	0.001337297801882686	0.4892354277787541	-0.7479080650297397	-0.1069502660069551	0.8359636145462277	-1.198021680538042	1.722179034800807	0.2081549568110309	0	0
0.611111111	-0.1818478622429948	-0.06464027231105836	-0.6145651196168831	1.17880949	1.07446274	-0.1112474	0.3143564887861852	0.1269923579334259	0.4300143926722284	0.2302849665739749	0.23028497	-0.2314520895378004	-0.2315951719789448	0	0.1329708448815228	-0.07445820209193443	-0.498239487491079	0.0409300651798365	0.04093007	-0.1013163032134775	-0.2260581583856911	0	0.9255197117597825	1.234243177612292	-2.032123376791044	-1.093133292927785	-0.8553629586069226	-1.419910100209463	0.4600052877190032	0.001337068291086048	0.4883811734093056	-0.7469255417011733	-0.1083025883011706	0.8359825164620268	-1.197492271037765	1.721788036891531	0.2090105241916755	0	0
0.613888889	-0.1826510796944564	-0.06103990433015151	-0.6192107527204387	1.17894273	1.0746295	-0.11092928	0.3200744774894403	0.1290021036944327	0.4412568359285057	0.232320907807192	0.23232091	-0.2324382206364636	-0.2313778905298433	0	0.129562435891199	-0.06969782161857473	-0.5099819675780527	0.03709684863463088	0.03709685	-0.1003677726155546	-0.2273886090863853	0	0.9334670344748183	1.234312421106904	-2.043822690871359	-1.099203480521979	-0.8495228521829652	-1.427896397697492	0.461867421385858	0.001318036522790601	0.4859735632646788	-0.7451357449504966	-0.1132616369852909	0.8395277275007146	-1.198276422512478	1.7235077187047	0.209944642907833	0	0
0.6166666669999999	-0.1814779931151098	-0.05825027861324325	-0.6243724899812517	1.17873545	1.07478636	-0.1109395	0.3201519008186575	0.1259661971847694	0.4430763062435259	0.2331941408869266	0.23319414	-0.2327739003350985	-0.2314481229280094	0	0.1312062585392266	-0.06794578297186989	-0.5108958813155914	0.03698465974297731	0.03698466	-0.1003482750188818	-0.2274955649573426	0	0.9313041557941694	1.235776840488455	-2.047959030615997	-1.100490960518357	-0.8451692353525485	-1.429708742705841	0.4589551039094564	0.001312107639321577	0.4855642572006144	-0.74382937263763	-0.1150358640027764	0.8399703800000005	-1.197474226602227	1.722898158274651	0.2110003569676476	0	0
0.619444444	-0.1802802621376591	-0.0555842555431649	-0.6295154206212427	1.17850079	1.07494969	-0.11085731	0.3201510136677987	0.1230386705602001	0.4450454193432829	0.2339422902334279	0.23394229	-0.2330596517488873	-0.2314651627520296	0	0.1328063126929373	-0.06623897331099998	-0.5119035365127219	0.0368657764664448	0.03686578	-0.100257695572296	-0.2276440249324453	0	0.9289337981316301	1.236905017651752	-2.052038307693406	-1.10220140098767	-0.8407002691882687	-1.431675208664721	0.4564554941438314	0.001307730877156351	0.4850252818997732	-0.7426353869622213	-0.1165802765363348	0.8398888104666122	-1.196873397530827	1.722517171224898	0.2120741412938728	0	0
0.622222222	-0.1788960497109499	-0.0528102367349609	-0.6347890319163122	1.17836777	1.07513152	-0.11075323	0.3199588900926672	0.1200885260393213	0.4474281733813675	0.2347850174012986	0.23478502	-0.2333626182177533	-0.2314615631849802	0	0.1341285387040644	-0.06440703296754006	-0.5130799589398678	0.03683375194359872	0.03683375	-0.100122237601989	-0.2279221579840492	0	0.9265508042853063	1.238087017802122	-2.056115316366387	-1.104247324282478	-0.8358731260312958	-1.434326604479405	0.454178830467928	0.001302359451850413	0.4847197204753753	-0.7413935771709128	-0.118283545622284	0.8404305950494175	-1.195966309775993	1.721871400274324	0.2132223091093569	0	0
0.625	-0.1765835401138033	-0.04899603799541671	-0.6409116978959225	1.17884997	1.07546585	-0.11010688	0.3218277465932677	0.1203989295306629	0.4600194765476902	0.2367466381516426	0.23674664	-0.2336524592870454	-0.2318989060436157	0	0.1305463689222022	-0.05910368230921418	-0.5221940974407807	0.03553838637512691	0.03553839	-0.09940289439119297	-0.2300032060300536	0	0.9249759854981844	1.237636696326103	-2.058924489596385	-1.112286057918956	-0.8280563045514915	-1.443909071716361	0.4571490780401972	0.001285119962163839	0.4817830699676083	-0.7402728637336283	-0.124343588664734	0.8445688218440431	-1.195202985489777	1.722190870925663	0.2150313514311624	0	0
0.627777778	-0.1749194531459625	-0.04530785639118965	-0.6470945314835014	1.1787515	1.07560911	-0.10988373	0.3252832232737935	0.1206675501887777	0.4700951251365743	0.2400067456427598	0.24000675	-0.2345320322752879	-0.2322724965625319	0	0.1280141806662265	-0.05404928000487209	-0.5311890844080551	0.03280649981506605	0.0328065	-0.100446971293687	-0.2316626095813797	0	0.9197901471602635	1.238438582789477	-2.059330432934579	-1.115516199677613	-0.8236254563780753	-1.447422248632892	0.4547699572540165	0.001280477037287683	0.4811017307776757	-0.7385557962491456	-0.145833758105903	0.8559102477836558	-1.207122946886656	1.738431740461045	0.2121923390050751	0	0
0.630555556	-0.1731207494565141	-0.04297190894205092	-0.6536796412979834	1.17863704	1.07590301	-0.10972956	0.3255911386237534	0.1197243953794839	0.4766464277489122	0.2415949959602064	0.241595	-0.2357693661697297	-0.2334366721888495	0	0.1272232890790084	-0.05181751317864706	-0.5362778607974823	0.03239507701568485	0.03239508	-0.09938731575682261	-0.2320904896138767	0	0.9153323610515732	1.240746364813278	-2.061240780100289	-1.118350925225991	-0.8181025019355451	-1.451008666022555	0.4534322386532511	0.001269831401515144	0.4799842828514218	-0.7370907283032452	-0.1475250386997533	0.8564379877019703	-1.205940318592288	1.737166494214008	0.2136309802226394	0	0
0.6333333330000001	-0.1710219206942221	-0.04010816624766039	-0.6596148206932189	1.17857466	1.0761167	-0.10953727	0.3262914132398068	0.11828700835552	0.4835270724203053	0.2428742521396823	0.24287425	-0.2350101301427537	-0.2323838724798199	0	0.125947265772906	-0.04830779637735833	-0.5409584011842095	0.03111247521456579	0.03111248	-0.0990094046753431	-0.2328971383826476	0	0.9104668881952986	1.241794401344246	-2.062932600000879	-1.121625334294065	-0.8126892068789837	-1.454810416724808	0.4523097242107115	0.001261070546801833	0.4786954387057	-0.7358422288394467	-0.1530430840546962	0.8586905623435376	-1.206253177238289	1.738414430460057	0.214224150789282	0	0
0.636111111	-0.1660996007188807	-0.0369958507941411	-0.6669676526745659	1.17839948	1.07630238	-0.10924302	0.324037157322571	0.1136955710413644	0.4895138261204042	0.2457682260311125	0.24576823	-0.2240179365579506	-0.2257876808717852	0	0.1303853860351836	-0.04789601927613898	-0.5359809350876904	0.03719911148976251	0.03719911	-0.09117329608557366	-0.2298721590303652	0	0.8942095551436151	1.242543437841607	-2.054977621399079	-1.124146376353839	-0.807876756427253	-1.457269173743164	0.4495640242422857	0.001702677593865793	0.4783706538758549	-0.7342639255024731	-0.147874566887871	0.8549714198201106	-1.199486715671753	1.732285741174665	0.2181583405658349	0	0
0.638888889	-0.166489167283638	-0.03421912201320752	-0.6716230840565423	1.17847295	1.07658806	-0.10896366	0.3266347891423113	0.1147202880536636	0.4965815480964625	0.2450610795301953	0.24506108	-0.2368586973653328	-0.2332314310681259	0	0.1248649221774961	-0.04209304979347257	-0.5487909428445867	0.02991470374547651	0.0299147	-0.09783674727245954	-0.2340012921359892	0	0.9005403334851014	1.243387130874685	-2.066098193375145	-1.128934182581998	-0.8014262094037046	-1.463568185696001	0.4502144082726049	0.001248813448530928	0.4765028082699571	-0.7331651391601802	-0.1626261262031084	0.8629484693320322	-1.206736948473021	1.741513630811445	0.216033215102236	0	0
0.641666667	-0.1645669656671148	-0.03085676440786222	-0.6776764201477427	1.17846515	1.07679177	-0.10872839	0.3275355403047632	0.1127637500511672	0.5030376505030201	0.2464361514930789	0.24643615	-0.2363589539244837	-0.2325441492066232	0	0.1249465227777451	-0.03881163462471531	-0.5527696884334821	0.02946225192057236	0.02946225	-0.09666262780726158	-0.2345821905945292	0	0.8959217613625322	1.244266505593525	-2.067032403022956	-1.132500670929597	-0.7957901530877893	-1.467639967806003	0.4487185902432782	0.001242774085720252	0.4754380757448315	-0.73193366747763	-0.1664966964594982	0.8647197270208613	-1.205190318149582	1.74203713987712	0.2171659838777299	0	0
0.644444444	-0.1626250791800902	-0.02804046691839083	-0.6837721192196132	1.17835336	1.07696198	-0.10848413	0.3279496598123716	0.1110426684839379	0.5089306004352731	0.2476844600178572	0.24768446	-0.23592734918483	-0.2322089297513121	0	0.1247822188782257	-0.03612519835823856	-0.5568532970690286	0.0289132860060268	0.02891329	-0.09667751738564329	-0.2350783744363689	0	0.8909448745407919	1.24535361201793	-2.068279904507488	-1.136049786793421	-0.7897444882422502	-1.471694622476457	0.4475016288790633	0.00123551770482216	0.4745680107867553	-0.730707562158931	-0.1720264114348858	0.8668138877255359	-1.205740627618586	1.743556834708746	0.2180879455029825	0	0
0.647222222	-0.1603689421469866	-0.02515840158297994	-0.6901883752357489	1.17832154	1.07726397	-0.10825935	0.3280066301516836	0.1088577044069343	0.5148662435644907	0.2489209191532779	0.24892092	-0.2342741562131143	-0.2312931914465733	0	0.1239499193545041	-0.03282465909326842	-0.5613405246132721	0.02822856332080629	0.02822856	-0.09438684168290616	-0.2357789743817948	0	0.8854273951961253	1.246673226143832	-2.069156354752633	-1.139836214726571	-0.7833806060663083	-1.476421821099144	0.4474236334309172	0.001227030692268487	0.4731283455845187	-0.7294230781947464	-0.1748460243518043	0.8678094875844571	-1.204886157002843	1.742329823913231	0.2199734063679549	0	0
0.65	-0.158194198019951	-0.02254164950675124	-0.6962606053887668	1.17820998	1.0774554	-0.10799011	0.3283356765519633	0.1075712707354425	0.521645831926864	0.2499651794898763	0.24996518	-0.2358657155002896	-0.2321510059386298	0	0.1236573156035389	-0.030211200976937	-0.565434809951452	0.02762395997489858	0.02762396	-0.09568941319226069	-0.2365492271015422	0	0.8795550855276063	1.247666057037895	-2.070056609019847	-1.142935654188067	-0.7783036881419508	-1.479888344666637	0.4448372582867207	0.001226971176540994	0.4725953637443288	-0.727905359075834	-0.1792235195553163	0.8693881583132381	-1.204192884822282	1.743902400824928	0.2208948756358255	0	0
0.652777778	-0.1544380555635794	-0.01980590960876783	-0.7018755950570118	1.17799208	1.07778003	-0.1077248	0.3275149167961899	0.1049068383584445	0.5275781208823253	0.2512264828636003	0.25122648	-0.2371039239792196	-0.2324370004767835	0	0.1224005909265745	-0.02651733937319225	-0.5683875607725027	0.0272045833610502	0.02720458	-0.09494507302685179	-0.23717544600117	0	0.8713490475960927	1.246469434519052	-2.071676144887734	-1.147893730898327	-0.7722969671770773	-1.487527930578895	0.4464500144231286	0.001189623748542193	0.4698458650667861	-0.7258382954804612	-0.1815282907116254	0.8703790963977273	-1.206347474410714	1.743608019281587	0.221292512603044	0	0
0.655555556	-0.1534918349089215	-0.01706945988537763	-0.7085029837272941	1.17812937	1.07786236	-0.10749418	0.3287124526458302	0.1039644403239143	0.5339058925451092	0.2522928984097236	0.2522929	-0.2369330557218506	-0.232047551198152	0	0.1230439904982931	-0.02444943487818583	-0.5723500278499978	0.02661549564312686	0.0266155	-0.09418194404297932	-0.2373044977404576	0	0.868247400991225	1.249466631022169	-2.071838635739227	-1.150396848077617	-0.7661777515388654	-1.488382434181361	0.4426793832905044	0.001213905990826415	0.4703748176398648	-0.725362991012463	-0.1874429773234486	0.8727405621313263	-1.202151162011385	1.745883637679801	0.2234771972528343	0	0
0.658333333	-0.1512361860444098	-0.014084375967269	-0.7144339839316358	1.17802843	1.07809009	-0.10721257	0.3293841445283224	0.1021831928940456	0.5402043934655409	0.2537768553559868	0.25377686	-0.236642240235237	-0.2317770700190547	0	0.1228632438518908	-0.02138077674151007	-0.5763265959661185	0.02617481676215912	0.02617482	-0.09328401961578389	-0.2377779219652525	0	0.8630680812835274	1.249978282844505	-2.072990768070107	-1.154239443324091	-0.7601331824110307	-1.492911030915798	0.4412469585866698	0.001206218339070155	0.4694780168556418	-0.7240319304937283	-0.1940830819390622	0.8748909772412538	-1.202524154231433	1.747778895426931	0.2238388612388399	0	0
0.661111111	-0.1478341297034974	-0.01180531508163807	-0.7202903105729966	1.17768633	1.0783856	-0.1069864	0.3280199552169237	0.09946287629612918	0.5451234296038946	0.2543855146725432	0.25438551	-0.2358281305329797	-0.2314272350020544	0	0.1217753672136862	-0.01832547683133031	-0.5794984620537158	0.02547284289354604	0.02547284	-0.09343949843247344	-0.238382768435525	0	0.8541475664682381	1.249441102963865	-2.073555941810218	-1.1588521401448	-0.7534308644870321	-1.499971450434266	0.4422961863048523	0.001181869250675583	0.4671916810886227	-0.7221793635001024	-0.1953964357434697	0.8753923427911097	-1.204648921029871	1.74554703278213	0.2259325480866226	0	0
0.663888889	-0.1469841871699661	-0.008579874541854436	-0.7269215674165002	1.1777946	1.07851164	-0.10675098	0.3300985179140733	0.09862933392344718	0.5523139026806407	0.2558314927306841	0.25583149	-0.2365193324039823	-0.2316925714741157	0	0.1226244684985181	-0.01584779154270297	-0.583909479447105	0.02508225339131421	0.02508225	-0.09077757391907755	-0.2383627147769525	0	0.851402509130043	1.252071463721337	-2.074162944460248	-1.16152123848502	-0.7475403143825006	-1.5015307265408	0.4387246792629894	0.001194032799298581	0.4676688186759341	-0.7214741185354052	-0.2030787717504264	0.877594100251643	-1.200872383703058	1.74831989862583	0.2255550878236889	0	0
0.666666667	-0.143867316581632	-0.005724923070906203	-0.7324515094592235	1.17758103	1.07877633	-0.10650131	0.3304019327580241	0.0965321166236535	0.5582532431153459	0.2575768565401976	0.25757686	-0.2378679317363705	-0.2324101562656903	0	0.1223097990734187	-0.01258133576549747	-0.5868806820635407	0.02484024917882532	0.02484025	-0.09088113913889703	-0.2394727679176987	0	0.8437338074606699	1.251185122171723	-2.074968412164715	-1.166314000226525	-0.7407262229552105	-1.508785572247282	0.4395561227027129	0.001173875817234374	0.4653615349436339	-0.7197365458756726	-0.206610242335512	0.8790844440557709	-1.20285667593132	1.748926738611174	0.2271543185310586	0	0
0.669444444	-0.141736644985269	-0.003952002257832946	-0.7388769513177454	1.17733969	1.07891485	-0.10614193	0.3298673942586743	0.09520622385030091	0.5632176668899637	0.2583515975486494	0.2583516	-0.2376167689086318	-0.2317242497236382	0	0.1216518919758917	-0.0107923422153426	-0.590828124299637	0.02407304467661651	0.02407304	-0.09017153695972227	-0.2390942435275201	0	0.8371545712027196	1.252494492611179	-2.075467341758534	-1.170133647883994	-0.7342505616909235	-1.512554183684896	0.4380036446536153	0.001168955559540077	0.4646761622978	-0.718674828232297	-0.2099050406889735	0.8794635444046027	-1.200743307529161	1.748490652040534	0.2282822960286898	0	0
0.672222222	-0.1401046910997538	-0.001038071224537919	-0.7452978163993698	1.1772929	1.07919536	-0.1059893	0.3308888326699736	0.09341194457050638	0.5689125573822991	0.2597305584541724	0.25973056	-0.2368341486112718	-0.2316748115272462	0	0.1223745682419602	-0.008332128370659419	-0.5946344153014064	0.02385959823948047	0.0238596	-0.08899724837211979	-0.239758138151579	0	0.8321413904337169	1.254090830784379	-2.075914788328209	-1.173601274499574	-0.7278749618979825	-1.516735482063868	0.4363831190095092	0.001165440640959485	0.4635216655693821	-0.7174656969387052	-0.214762916650613	0.8814199968859657	-1.200153467923396	1.749455070370638	0.2300783780590687	0	0
0.675	-0.1381262603852521	0.001128372465641004	-0.7513582563296917	1.17717338	1.07938455	-0.10573808	0.3308116870226404	0.09187356441844167	0.5742676135942483	0.2600507731393711	0.26005077	-0.2365814790407898	-0.2312355964539221	0	0.1223999638297743	-0.00623106488879313	-0.5982846384378634	0.02341851374399456	0.02341851	-0.08865246416344191	-0.2400118697549108	0	0.8263193387427398	1.255380806077989	-2.076309217380262	-1.177173078596476	-0.720706681904406	-1.520367753965369	0.4349842775820756	0.001165480608999356	0.4627560421609427	-0.7166198403954859	-0.2208155453598676	0.882760044279552	-1.19855788181257	1.7514791468556	0.2304300875596856	0	0
0.6777777780000001	-0.1365683871743706	0.004247749521313862	-0.757982467104472	1.17706886	1.07958049	-0.10544216	0.3325894776533926	0.09074954899274536	0.5812075249346499	0.2618157750445623	0.26181578	-0.236696177192309	-0.2309706303407281	0	0.1232485570492609	-0.003702547758366078	-0.6014222098528565	0.02270506887340568	0.02270507	-0.08617434027357355	-0.2399307405680928	0	0.8213314748472019	1.256625249222073	-2.076765375760898	-1.181344307647394	-0.7142018345462353	-1.525428442422079	0.4337204277729729	0.001159702696510629	0.4616339982591695	-0.7151826244137887	-0.2259003753853231	0.8846960088644247	-1.19819265491143	1.75189176346019	0.2320794853129428	0	0
0.680555556	-0.1341925263141668	0.006192874641298541	-0.7642422026914205	1.17689777	1.0798218	-0.10521092	0.3322429182703325	0.08909744126675856	0.585859023042624	0.2634158087779207	0.26341581	-0.2364059863590347	-0.2315063350690841	0	0.1231683836047413	-0.001976711041589722	-0.6045476349979864	0.02275282422333289	0.02275282	-0.08573551947012746	-0.240370058092244	0	0.8147211776626856	1.257832026764635	-2.077197703066862	-1.185002591063403	-0.7082536278389301	-1.528865745163636	0.4319715745266858	0.001158355825926864	0.4606550125384639	-0.713856405089333	-0.230160033986255	0.8857778929146425	-1.196750920970431	1.752363142857233	0.233629164552052	0	0
0.683333333	-0.1287368338939489	0.004655791792466868	-0.7715992067078116	1.17622262	1.08003207	-0.10547062	0.3266779460732582	0.08276725651175079	0.5807703677790468	0.2689512051490894	0.26895121	-0.21402729632468	-0.2205022898259953	0	0.1322958848700062	-0.00996070888379642	-0.587743926973032	0.0345833207408858	0.03458332	-0.07417332212104107	-0.2341097652216652	0	0.7913828286365644	1.260876366705244	-2.066165950198299	-1.185151077043912	-0.7022605150317014	-1.527338813324267	0.4270308805976441	0.001991322763554493	0.4614015055675051	-0.7129712144098272	-0.2128209079905407	0.874528343026717	-1.18354848762493	1.736487682958964	0.2418651867165162	0	0
0.686111111	-0.130542080822763	0.01143390360629299	-0.7755947969929168	1.17681206	1.08015445	-0.10474621	0.3344326771158571	0.08619426303245213	0.5963525135773452	0.267073103813974	0.2670731	-0.2361044013182717	-0.2318885932421315	0	0.1245111928073359	0.002337865565986676	-0.6095598204057167	0.02182305137701292	0.02182305	-0.0840645855756311	-0.2403986961527424	0	0.8050230127241472	1.259489233819098	-2.077949402238529	-1.192639476776776	-0.6938996656974041	-1.535604731058956	0.4283280585160112	0.001160454409819463	0.4594842252558738	-0.7122079300916513	-0.2404750656521573	0.888137880877964	-1.191236550231695	1.754227066184703	0.2370259444135698	0	0
0.688888889	-0.1280036779729197	0.01275581004763404	-0.7821021658282576	1.17640381	1.08044902	-0.10455071	0.3332180251713084	0.08420449465912948	0.5996944426273946	0.2674606733730011	0.26746067	-0.2377421599943462	-0.2324903667111901	0	0.1238939113897417	0.004105653889328594	-0.6135022565139194	0.02164972499792539	0.02164973	-0.08403490869516189	-0.2413788920847513	0	0.7962792940024983	1.260873425650922	-2.078204445631327	-1.196300960777567	-0.6875003753287954	-1.540929434948015	0.4273223800787915	0.001143436751480817	0.4578213392490914	-0.7103821081744172	-0.2468113166480462	0.8906471545316574	-1.193325213847358	1.757317733446845	0.2379442062898741	0	0
0.691666667	-0.1267846805075994	0.01438232478906838	-0.7887358902182577	1.17620437	1.08066652	-0.10439991	0.3338097331520377	0.08369296727876967	0.6049270807474773	0.2686182050544552	0.2686182	-0.2380189297692714	-0.2331037604078754	0	0.1243691895032681	0.004983461651565535	-0.6170739274421991	0.02127593306801353	0.02127593	-0.0827029618982329	-0.2412255526926588	0	0.7907825379992383	1.263612710661682	-2.078456766834091	-1.199444319529827	-0.6803902825180852	-1.543972763993921	0.4249181975862826	0.001141034654831297	0.4573521608867678	-0.7096169757270963	-0.2495573438657067	0.8907034173144905	-1.189818993987758	1.756753273371865	0.2401045401059405	0	0
0.694444444	-0.124780654888683	0.01643813991194501	-0.79451901059494	1.17611807	1.08085581	-0.10418476	0.3341458682070744	0.08234897526654095	0.610147111481708	0.2700365981837684	0.2700366	-0.2354301500849644	-0.2318661572091301	0	0.1247530614077419	0.006810615429551863	-0.6189156194637888	0.02101464994860711	0.02101465	-0.08012638154179856	-0.2409042244873973	0	0.7851134415533851	1.264609992494403	-2.078839824717001	-1.203207867069149	-0.6741131829994743	-1.546669908728024	0.4224100739300334	0.00114580167261727	0.457113028788096	-0.7082275791489099	-0.2579784421403158	0.8933981709475177	-1.189163435056207	1.760363887482679	0.2413095237990978	0	0
0.6972222219999999	-0.1227870298613122	0.01862725019311959	-0.7995165772993885	1.17587868	1.08089145	-0.10402497	0.3346281323499977	0.07992832070561763	0.6133446229137354	0.2718264438036641	0.27182644	-0.2298736783394791	-0.2290463107671577	0	0.1255633020641135	0.008498554066950414	-0.6209930839997729	0.02092146210745416	0.02092146	-0.07998992192703384	-0.2408556971783419	0	0.7795328041536096	1.264748809350855	-2.079035326027834	-1.207128287594167	-0.6667307072989139	-1.549535136523075	0.4199101674584356	0.001146945037810251	0.4573179723301822	-0.7075879580404889	-0.2652865678619389	0.8950605207891539	-1.187597693377458	1.762483645884295	0.242529212240269	0	0
0.7	-0.1199875065567488	0.02009853657261203	-0.8049347498530774	1.17566289	1.08111041	-0.10386858	0.3344953309453452	0.07913472281086138	0.6186934699423376	0.273162394734963	0.27316239	-0.2350986699975757	-0.2316383126783297	0	0.1247287011492401	0.01079091994653515	-0.6236325283233374	0.02059622541186569	0.02059623	-0.07797973826291767	-0.2408779393052634	0	0.7718507425124114	1.265478754564193	-2.079323748668043	-1.210180382032642	-0.6598463379203643	-1.552370444138759	0.4181867045639748	0.0011421089049859	0.4558171994856419	-0.7071596894977004	-0.2688861174579594	0.8947192384090873	-1.185210354359429	1.761875815250067	0.2432501311343137	0	0
0.702777778	-0.118129295168322	0.02051514404706919	-0.8114520181959357	1.17527611	1.08136225	-0.1037953	0.3332978387289362	0.07849391871827344	0.6228452452043477	0.2727339441543335	0.27273394	-0.2394869740251453	-0.2336906991018908	0	0.1243056888400269	0.01111973613788653	-0.6270771483577839	0.02028262657172953	0.02028263	-0.07818095971584105	-0.2411432993392696	0	0.7641169370948793	1.268250145081076	-2.079398923489585	-1.213094960408557	-0.6532526566193927	-1.554582419105799	0.4155789931187385	0.0011377330154853	0.4554544907455461	-0.7061453245567936	-0.271387793344353	0.8938689382575923	-1.182601953509138	1.76104138415573	0.2455234448252508	0	0
0.705555556	-0.1167490849561206	0.02168772448093274	-0.8172864950603909	1.17506918	1.08151853	-0.10367726	0.3330227460408893	0.07696037993502085	0.6255741078069466	0.2738229481007019	0.27382295	-0.2373126409231486	-0.2331669826911009	0	0.1246198236707764	0.01181604135162205	-0.6292447837587761	0.02003941284606902	0.02003941	-0.07553787480998995	-0.2405247630299432	0	0.7582314318645508	1.270491252385859	-2.079641247969992	-1.216182228641981	-0.6460671388814588	-1.556468413517924	0.4128988409102337	0.00113713855634207	0.4551101791720296	-0.7055744626141172	-0.2774166511927941	0.894956921709947	-1.179811974363056	1.762687307831111	0.2474395161473092	0	0
0.708333333	-0.114082040519364	0.02273581790963439	-0.8229211661084789	1.17479754	1.08171706	-0.10365047	0.3323096968364418	0.07547087790319121	0.6300049053658145	0.2744006211907843	0.27440062	-0.2389217032447276	-0.2335659497737423	0	0.124426362824372	0.01316425706064058	-0.6309437495609217	0.01981348730478121	0.01981349	-0.07591604908712067	-0.2410882314088424	0	0.7504603996212711	1.271632269587398	-2.079740481108075	-1.219290309926735	-0.640187017119208	-1.557963875849149	0.4100394877189119	0.001138399905792487	0.4540484231314104	-0.7046993770419144	-0.2837482620563337	0.8963878456051578	-1.178675547551983	1.764963966445559	0.2484285214541846	0	0
0.711111111	-0.1117771077455661	0.02346235344774492	-0.8281467396593482	1.17447986	1.08194819	-0.10365868	0.3317901440831155	0.07435463425412109	0.633892378612411	0.2759281993255754	0.2759282	-0.237068501125787	-0.2326570788160113	0	0.1239753762033749	0.01424429804316828	-0.6331124817268158	0.01947590310286659	0.0194759	-0.07527505004125526	-0.2410739645639378	0	0.7426364217679348	1.273006455795686	-2.079927080192525	-1.222215133559891	-0.6336709143072242	-1.559661900046163	0.407538955895843	0.001133063910670364	0.4534287918025113	-0.704157695433535	-0.2884797561088424	0.8966519748329754	-1.176958074103917	1.766135597245777	0.2498451703014433	0	0
0.713888889	-0.1102529483617137	0.02389719961288543	-0.8337353947526416	1.17407449	1.08210269	-0.10366835	0.3311740397155688	0.07324577840924174	0.6359331116470894	0.2765193959248339	0.2765194	-0.2387733291398242	-0.2336404035997702	0	0.1241349933702539	0.01437745444779069	-0.6352955968020098	0.01936286336320267	0.01936286	-0.07509048356725197	-0.2411299327351932	0	0.7356383914870404	1.275266627680954	-2.080053115828332	-1.225083246907795	-0.6265107075086358	-1.560922502844725	0.4043890760698988	0.001129385280205936	0.4526782166228827	-0.703610952021259	-0.2940808538289062	0.8968102936494238	-1.174576284534776	1.767481519766692	0.2513514541976297	0	0
0.716666667	-0.1086379325475232	0.02456231474569026	-0.8393041583284498	1.17381433	1.08232421	-0.10359594	0.3306982023985501	0.07257740055793323	0.639856058012601	0.2773125161229739	0.27731252	-0.2384537211310734	-0.2337280765495527	0	0.1240188895305551	0.01490668993874123	-0.6373432022451508	0.01912597610701479	0.01912598	-0.07339068925731047	-0.2407857930766081	0	0.7292428043580385	1.277427137426209	-2.080123127442348	-1.228079226043759	-0.6195523286648856	-1.561827439830322	0.4007474511234688	0.001133350319200617	0.4535951632190626	-0.7027602605669457	-0.2997802237087669	0.8974051454917348	-1.171656843497033	1.768785460486844	0.2536346108474162	0	0
0.719444444	-0.1063446170342925	0.02488994498581491	-0.8443976591496293	1.17341255	1.08244652	-0.10367529	0.329991613530329	0.07137411821173077	0.6424295278432425	0.2788037008267354	0.2788037	-0.2380908937085884	-0.2336283360442561	0	0.1236369750128374	0.01566480982766048	-0.6393080652936464	0.01903235594780611	0.01903236	-0.07244675184238009	-0.2407012329215465	0	0.7209371083007687	1.278717794270892	-2.0802877596383	-1.231157982480954	-0.6134193263218464	-1.562740551240004	0.3981859326094133	0.001128788901200529	0.4522648132238663	-0.7023388698431405	-0.3054122518047686	0.8978427965755161	-1.170327740015988	1.770193423877613	0.2548264899104179	0	0
0.722222222	-0.104105456993356	0.02465667701889689	-0.8497498305068578	1.17304559	1.08265771	-0.10372429	0.3285379422353781	0.07039015009960958	0.6450002479076474	0.279674796576268	0.2796748	-0.2392580285406528	-0.2342329866885865	0	0.1225513865012822	0.01600678405624265	-0.6414549808438905	0.01876621470442678	0.01876621	-0.07123067239303617	-0.2404458146320256	0	0.7125380943753169	1.280690025401358	-2.080392772957799	-1.234033416961471	-0.6067214378689564	-1.563471853446835	0.3948835532438127	0.001126714053785758	0.4514576909472692	-0.701735423301461	-0.3089894960929487	0.8973333244948836	-1.167495512208302	1.770370410386675	0.2570994711161324	0	0
0.725	-0.1021548239633179	0.02476607181295094	-0.8544173875638124	1.17265405	1.08276619	-0.10383996	0.3279066456493575	0.06936681486447917	0.6473687817011183	0.2812323987375165	0.2812324	-0.2365427866620694	-0.2332020119727872	0	0.122445160876084	0.0162585919576729	-0.641593450379822	0.01843933373415001	0.01843933	-0.06962872228815901	-0.2396360371860375	0	0.7047552898862326	1.282140069553057	-2.080332030787441	-1.237099639316642	-0.5995331558785532	-1.564211219598408	0.3916554337981603	0.001122628936138541	0.4512497463115343	-0.7014382658119445	-0.3161277787636054	0.8975598794018996	-1.165577114013285	1.772446841862275	0.2583026899323501	0	0
0.727777778	-0.1006052670717893	0.02551862235622708	-0.8597560518179598	1.17240499	1.082917	-0.1038273	0.3276966684031756	0.06806822706914231	0.6501178693536223	0.2824399695322241	0.28243997	-0.2332133213572743	-0.2313693075241808	0	0.1229268565652699	0.01657815650772531	-0.6430203074833426	0.018347956672096	0.01834796	-0.06837013150515842	-0.2395897643187769	0	0.6987981418571694	1.284033225400169	-2.080642249797481	-1.240231773507417	-0.5927787568060764	-1.564604139987856	0.3879466707477949	0.001129959668062767	0.4517199217804594	-0.7008384176155839	-0.3258569044468107	0.8997391153082981	-1.163665291346225	1.777506962912444	0.2590709779349585	0	0
0.730555556	-0.09876317589339975	0.02524096281244921	-0.8645069096003876	1.17193562	1.08318586	-0.10405484	0.3267142227417609	0.06721022669952041	0.6519570531625438	0.2838528135617135	0.28385281	-0.2343039950601381	-0.2336030533792446	0	0.1222276801103819	0.01684443859917528	-0.6450786262810312	0.0182487858422672	0.01824879	-0.06793284222813097	-0.2402952351290793	0	0.6904594243449849	1.286018509673577	-2.080809522152992	-1.242675947601741	-0.5863672161459808	-1.565277620483766	0.3832906766716677	0.001117791756116638	0.4512106924751257	-0.7002576891521129	-0.3284822952047051	0.8982144422740469	-1.160943279510006	1.776953230678244	0.2607134678495693	0	0
0.733333333	-0.09714649538416871	0.02555257511883075	-0.8697388981089226	1.17160941	1.08325781	-0.10404183	0.3259155487314082	0.06601543747452401	0.6542355941145905	0.283503478407011	0.28350348	-0.236544623970173	-0.2330351670484099	0	0.1223313043223301	0.01695504133560463	-0.6465180443446457	0.01804667531862286	0.01804668	-0.06628358183228586	-0.2392725097119895	0	0.6835676711765017	1.287923688570307	-2.080680238983045	-1.24615643380325	-0.5797684604747421	-1.565546235382294	0.3794127049975191	0.001125726721027905	0.4512751413757496	-0.6993659833330423	-0.3337201274246416	0.8979719924789999	-1.157038181230491	1.776907106513036	0.2637792716747864	0	0
0.736111111	-0.09552295293845052	0.02523819629105187	-0.874293227105187	1.17106973	1.08341035	-0.10427248	0.3255451369806587	0.06564806207307418	0.6557692845669552	0.2852007838774392	0.28520078	-0.2372453736648487	-0.234024161185178	0	0.1220182561335729	0.01691307489374043	-0.6478818992509596	0.01783643941464585	0.01783644	-0.06491621497445105	-0.2391351130299494	0	0.6754899992444126	1.289768630918562	-2.080765735507251	-1.248949856309413	-0.5724281756653875	-1.566024227133741	0.375700340983841	0.001117226443971917	0.4510495905566522	-0.6993929879398938	-0.3353349173932269	0.8957562079818012	-1.152890186351641	1.775544280478316	0.2671333625281296	0	0
0.738888889	-0.09321177328219392	0.02577986917278505	-0.8780076518291129	1.17078349	1.08355537	-0.10448253	0.3246460948446103	0.0632097400677317	0.6577553001333202	0.2860249372514101	0.28602494	-0.2292989955220042	-0.2290152332599638	0	0.1214457485199448	0.0182784667369937	-0.6494593554051142	0.01746686140768	0.01746686	-0.06578184976328703	-0.2394427274851463	0	0.6685689657342662	1.29031402536586	-2.080999023894521	-1.251832381364549	-0.5654639588698225	-1.566323095394991	0.3712086305614138	0.001115072533142031	0.4509858397877292	-0.69958536179524	-0.3260192476434484	0.8880975876832538	-1.141924254037961	1.763818996596864	0.2721934832292329	0	0
0.7416666669999999	-0.09208307374185108	0.02475916327617277	-0.8840035318558704	1.17042648	1.08389366	-0.1045568	0.3229031493633083	0.06301557777350093	0.6590913175616636	0.2861415245473116	0.28614152	-0.2360627582859179	-0.2337944549116646	0	0.1211629327499577	0.01683785940602696	-0.650662894140184	0.01753720585598408	0.01753721	-0.06353042843528946	-0.238840570916317	0	0.660357216561841	1.29406250792121	-2.080740455634766	-1.254969426562773	-0.5581790985616615	-1.566665357079301	0.3689317448796297	0.001111385001498418	0.4498952624270401	-0.6989835567357221	-0.3504189744973398	0.8969960085500749	-1.1479930397837	1.781488311310853	0.2691859491409559	0	0
0.744444444	-0.09021641810143728	0.02409125753642693	-0.8885486458627502	1.16997239	1.08409979	-0.10474169	0.3216155550478639	0.0621459477514742	0.6605311452540535	0.2870319765218476	0.28703198	-0.2369663098291547	-0.234554912320051	0	0.1203959272152837	0.01665791037509274	-0.6520822676209379	0.01754959786820616	0.0175496	-0.06304399330451972	-0.2388050567821645	0	0.6520584358481336	1.29593940724807	-2.080784260257398	-1.258002830095756	-0.5514509705341515	-1.566939742036336	0.3645177157460832	0.001106681513697218	0.4493868930454289	-0.6986493455571198	-0.3545018382263617	0.8957352120199658	-1.144720036229272	1.781692726541775	0.2710476548530781	0	0
0.747222222	-0.08921903661041573	0.02627148269544545	-0.8943031674488421	1.16956882	1.08425083	-0.10488742	0.3227643543234715	0.05935661856600585	0.6619125091288905	0.2874971233481319	0.28749712	-0.2371654630669145	-0.2344335306046943	0	0.122945422505188	0.01723194445368469	-0.6531274660720093	0.01742406698161865	0.01742407	-0.06276472002931545	-0.2390428552747548	0	0.6465552102584023	1.29786437538599	-2.080769681696689	-1.261062714811348	-0.5457613223127573	-1.567136468568304	0.3611324768742442	0.001113874539143462	0.4504644945812611	-0.697440081793038	-0.3578200175340818	0.8954377063372634	-1.142343043348516	1.780294452346348	0.2732749147155757	0	0
0.75	-0.08978881348189623	0.02342319436798255	-0.8992597056513665	1.16895688	1.0844388	-0.10504034	0.3211610737541055	0.06165125407174989	0.6625415399284762	0.2885373383605901	0.28853734	-0.2323620747137259	-0.2334472462661228	0	0.1220167918023305	0.01321934209529448	-0.6545378245781109	0.01759967572776901	0.01759968	-0.05856916562648003	-0.237113590136216	0	0.6395903539741993	1.302833109251196	-2.081105590906121	-1.263947950188279	-0.5370101677903633	-1.567363073566269	0.3552182684826361	0.001102610707749866	0.4508418403505959	-0.6977037649146988	-0.3665168582828184	0.895261075875369	-1.138639585226412	1.783633667758477	0.2749718541904597	0	0
0.752777778	-0.0883440068887492	0.0254869814567506	-0.9040070923229779	1.16865382	1.08451009	-0.10523902	0.3222386157742102	0.05894624366230755	0.6640163635667636	0.2893348845391802	0.28933488	-0.2330132322739696	-0.233049304389884	0	0.1241784559083529	0.01433555415390514	-0.6554197516664484	0.01757039381530953	0.01757039	-0.0586314695174531	-0.2373696185928434	0	0.6336054881967522	1.30384899070869	-2.080896230982896	-1.266971856686671	-0.5314206327020612	-1.567545310898386	0.3510476010786707	0.001104732679054441	0.4496883635925929	-0.6974350980053589	-0.3703102788776175	0.8944572250439219	-1.135697411100628	1.782359869223572	0.2774970438506678	0	0
0.755555556	-0.08661257953331286	0.02531008081788791	-0.9071945092942106	1.16838959	1.08452245	-0.10531389	0.3215067534912227	0.05826657457793619	0.6654827391133398	0.2904558671062353	0.29045587	-0.2333208776214943	-0.2334271097044108	0	0.1235464468789316	0.01487388071586346	-0.6561788531285391	0.01757216567356615	0.01757217	-0.05874753461084242	-0.2378090623042995	0	0.6279541019558849	1.304058119201256	-2.081147566074631	-1.271140153933511	-0.5229858210264533	-1.567701102478078	0.3457251722262913	0.001106656206423064	0.4506200997597885	-0.6975881539559807	-0.3758282472635405	0.8926427395637782	-1.129853084819605	1.782276236361942	0.2807759885058689	0	0
0.7583333330000001	-0.08558847164092259	0.02693224532616165	-0.9122242584738024	1.16798233	1.0847296	-0.10562661	0.3226154965878323	0.05584043915956283	0.6665880721856569	0.2910505102071678	0.29105051	-0.2336475908656299	-0.2333583407648225	0	0.1255841231439581	0.01538929860965889	-0.6570977578096068	0.01726801761679661	0.01726802	-0.0584969882333955	-0.238023016283182	0	0.6216077722071646	1.306204143237319	-2.081072248834222	-1.273877111547714	-0.5169617570738686	-1.567873258613901	0.3420339874340204	0.001104240321672453	0.4500564510883776	-0.6969500924737794	-0.3788675484385989	0.8917891206687105	-1.127553229557667	1.781625466788391	0.2826986737531277	0	0
0.761111111	-0.0845420657710747	0.02584229872746426	-0.9155451767267175	1.16755104	1.08480382	-0.10580432	0.321524035217877	0.05600377073615589	0.6673281497334336	0.2920990191987643	0.29209902	-0.2336860629837987	-0.233750795325893	0	0.1248384671748261	0.01463070294398554	-0.658007925721505	0.01736456870741816	0.01736457	-0.05819265586985696	-0.2384535071537071	0	0.6148795502809409	1.307574185161298	-2.081185414063059	-1.278037523047929	-0.5086590671717026	-1.568041047586871	0.3374369294615416	0.001097949980515341	0.4503070568070191	-0.6968239746329645	-0.3845239411564256	0.8899138760885147	-1.122037120470996	1.781660321711685	0.2863202453900512	0	0
0.763888889	-0.08332572364967836	0.02641120904297113	-0.9206364920466077	1.16728259	1.0850068	-0.10593444	0.3214481079848946	0.0543251605345434	0.6685367253141915	0.2928533635914456	0.29285336	-0.23371972026216	-0.2341720082006474	0	0.1256142751030497	0.01452289395608985	-0.6588757463606961	0.01707501910811108	0.01707502	-0.05780135968381098	-0.2383588104754158	0	0.6088171831580589	1.309931877667587	-2.081171573078493	-1.281226643285979	-0.5016682007692559	-1.568136867908135	0.3332980434560575	0.001103220525790513	0.4503537668792573	-0.6964967074213242	-0.3888411556546335	0.8891245861899512	-1.117887663704365	1.781399355893136	0.2888252920308292	0	0
0.766666667	-0.0820979604427228	0.02384728214908084	-0.9236817891257784	1.16691671	1.08517032	-0.10614526	0.3191480651000621	0.05537853777302253	0.6692815997248844	0.2940680115217371	0.29406801	-0.2335326270749986	-0.2348235143031428	0	0.1233781906813211	0.01308020811251692	-0.6594629081077898	0.01690477253702162	0.01690477	-0.05697884971186375	-0.2376808169071263	0	0.6016212885650574	1.312145256752011	-2.081323206585774	-1.285141449610392	-0.4919916983337945	-1.568258082595482	0.3277935099165847	0.001100091848573388	0.450608394534627	-0.6970330249347806	-0.3946877433587681	0.8869782949439804	-1.11175137228835	1.783442044220176	0.2912600717159218	0	0
0.769444444	-0.08121041060166709	0.02510833908231451	-0.9290487018829351	1.16652746	1.08533054	-0.10631823	0.3197845131999029	0.0533088961518116	0.6703199419990553	0.2946171174116887	0.29461712	-0.2336799061603294	-0.2349220828198467	0	0.1251221168631297	0.0130506136115884	-0.6604449642117156	0.01664882768166536	0.01664883	-0.05627278182442428	-0.2378382604409549	0	0.5952038996557041	1.314278713021195	-2.081056314501751	-1.288649456512612	-0.4863206027878161	-1.568362488016804	0.3242945131020946	0.001105529770923827	0.4499872391842251	-0.696015747213885	-0.3988849340077772	0.8862890736726128	-1.108572989490392	1.782786194342238	0.293604278063081	0	0
0.772222222	-0.07986113827031939	0.02317354439163946	-0.9328298870215461	1.16618679	1.0855219	-0.10641529	0.3176289553028016	0.05366041942579727	0.6711955070132034	0.2956378086475352	0.29563781	-0.2333616170968943	-0.2355074355331707	0	0.123348326701556	0.01183201006708024	-0.6612234458098203	0.0165528195629741	0.01655282	-0.05477693098290757	-0.2367483712635899	0	0.5885201436573664	1.316442974700743	-2.081247629814905	-1.292874220571276	-0.4780537671844738	-1.568437560212986	0.3194545726674474	0.001107065486132657	0.450587058931719	-0.6958867846609222	-0.4055917625606947	0.8846396427580998	-1.102833067234427	1.784393558109389	0.2957220708748934	0	0
0.775	-0.07918903361745909	0.02209210854197357	-0.9362794861312829	1.16579641	1.0856512	-0.10671463	0.316878918906313	0.05372824501492487	0.6716463121199583	0.2964326364758154	0.29643264	-0.2333106889129199	-0.23574714743022	0	0.1229079539513391	0.01074281081836855	-0.6617625347315959	0.01640178592535645	0.01640179	-0.05330490214035133	-0.2362509672620701	0	0.5817555968915527	1.318952621505831	-2.080971578242967	-1.29635728636942	-0.4684399995617778	-1.56855633859523	0.3146332624008347	0.001102296199418657	0.449965619092649	-0.6966883796543111	-0.4120716164549109	0.8832417034913567	-1.09806887670731	1.785907976112554	0.2980854730512978	0	0
0.777777778	-0.07860702478044893	0.02348481112282911	-0.9414313877636291	1.16549689	1.08577679	-0.1068603	0.3177604194361813	0.05172227824081445	0.6724985314354989	0.2967876249264979	0.29678762	-0.2333303474289498	-0.2359690969369389	0	0.1248043798473371	0.0106899084924772	-0.6626422475207113	0.0162337128127845	0.01623371	-0.05257542048646343	-0.2365787425390556	0	0.5762717154840529	1.32112061469932	-2.080638960724505	-1.300196513479503	-0.4624695844124055	-1.568639293745512	0.3108483949665679	0.001105199380096425	0.4492231047161706	-0.6956445942218022	-0.4167497425276838	0.8824948551132796	-1.094937865810442	1.785098071257531	0.3005041845371649	0	0
0.780555556	-0.07803769960017885	0.02336137672573909	-0.945208025621407	1.16512379	1.08590113	-0.10711808	0.3177064493178536	0.05099704018046985	0.6729503896739243	0.2973995389330434	0.29739954	-0.2333267167950397	-0.2360849180332988	0	0.1254179026983871	0.009991515166824597	-0.663385251287512	0.01638240456761183	0.0163824	-0.05182087642811566	-0.2367116589609058	0	0.5707970652974999	1.323107737502562	-2.080811028721202	-1.304059841143096	-0.4541968251615819	-1.568738225639766	0.3059367789209961	0.001100593456200411	0.4489016775507404	-0.6957341694059365	-0.4224141641091355	0.8810624675849581	-1.090154708092212	1.785436529171269	0.3037942725960411	0	0
0.783333333	-0.07737377198939707	0.02099591296642233	-0.948105446363577	1.164788	1.08604494	-0.10736422	0.3158107512241536	0.05223636689185155	0.6734505605459074	0.2986269401587121	0.29862694	-0.2330670676528791	-0.2366082544859105	0	0.123820976000163	0.008144592393466779	-0.6633742857328876	0.0159892850360963	0.01598929	-0.05029055882453057	-0.235383230573216	0	0.5644089869240058	1.32572958018062	-2.080831771959362	-1.308160047510764	-0.4442131966140483	-1.568803161487251	0.3003244754890028	0.001102441061746572	0.4497064928511322	-0.6963796834440438	-0.4295207634688148	0.8790040704219861	-1.084823547183052	1.788263017638243	0.3057407178830721	0	0
0.786111111	-0.07688364060033748	0.02231693173330581	-0.9530286793206499	1.16441643	1.08618068	-0.10761824	0.3169221746228956	0.05031387240907993	0.6741665303843249	0.2990378313308032	0.29903783	-0.233140189094556	-0.236715751234403	0	0.1257960792444458	0.007986780071567301	-0.6642575401441212	0.01587039547637847	0.0158704	-0.04959277025546378	-0.2357392768679582	0	0.5585377216605113	1.327846569966444	-2.080475931089873	-1.312050387809722	-0.438140629263419	-1.568882385821723	0.2966349086169484	0.001103174274565335	0.448236846208472	-0.6954651621573924	-0.4342100095578511	0.8783637649699654	-1.081820650085532	1.787392171819859	0.308188887559653	0	0
0.788888889	-0.07623811434492533	0.01857639461484205	-0.9565826705872058	1.16410763	1.08638192	-0.10770265	0.3139324912386092	0.05266397953990717	0.6747656771328593	0.3007919764153822	0.30079198	-0.2325728207774432	-0.2377959552306828	0	0.1228155766410908	0.004983724323617961	-0.6640663803398027	0.01563313053094046	0.01563313	-0.04549729163567431	-0.2330966038598106	0	0.5511078637614177	1.331344374721054	-2.080403839217922	-1.316586560669377	-0.4281407483844237	-1.568933178568148	0.2914720297362717	0.001106286371154567	0.448737894282937	-0.6959481703341759	-0.4465319595513719	0.8781271028612511	-1.076342690405651	1.794425439076621	0.3084194441575781	0	0
0.791666667	-0.07587505357191934	0.01998615691647121	-0.9605409228690901	1.16373186	1.08646152	-0.10802783	0.3152846273061936	0.05083923867961172	0.6751731642147772	0.3010089290444526	0.30100893	-0.232754233790554	-0.2376176623426759	0	0.1249428305337125	0.005088996649978802	-0.6650609588320455	0.01573685667011696	0.01573686	-0.04501997497758162	-0.2337065711261084	0	0.5460235765333595	1.333013060456941	-2.079950595886201	-1.320532331927247	-0.4208118963543345	-1.569010675899325	0.2874274279877767	0.001103990215990643	0.4477993195666662	-0.6958331934535751	-0.4516870954533551	0.8770331331040948	-1.073505085936671	1.79330533563191	0.3115490793859296	0	0
0.794444444	-0.07564683658785659	0.02030952000110766	-0.9638987412221168	1.16347427	1.08649948	-0.10824702	0.3156000789878636	0.0500268200268666	0.6755163020543717	0.3013871874464533	0.30138719	-0.2327293768113472	-0.2376887401783316	0	0.1259518481348571	0.004525171525780538	-0.6657146451998424	0.01579742395848429	0.01579742	-0.04453632521776515	-0.2340106662994016	0	0.5418248370791722	1.334544176025061	-2.079916197715573	-1.325024452152983	-0.4120058414531215	-1.569072112710726	0.2823114225421562	0.001105449834844086	0.4478982650744886	-0.6959147603689696	-0.4582369056346497	0.8756488114197746	-1.068681914450944	1.792906609928304	0.3152131647999706	0	0
0.797222222	-0.07591602151091847	0.01898790607694924	-0.9660762478562924	1.16300783	1.08635337	-0.10853852	0.3153990079823218	0.05132564396525125	0.6754194261579763	0.3021204973055225	0.3021205	-0.2328588866995633	-0.2373584713494438	0	0.1257704089418075	0.002790063969083438	-0.6659105613754386	0.01562771407613982	0.01562771	-0.04406547692441328	-0.2333441425113575	0	0.5376118286856851	1.336216779326987	-2.080205745395018	-1.330194927230163	-0.4015792642239279	-1.56913005991082	0.2767827270135846	0.001105601853021934	0.4486804813281267	-0.6966119028171472	-0.4655826911982077	0.8732169275849768	-1.063266401604502	1.793842722508599	0.3187517229926157	0	0
0.8	-0.07568366931825898	0.01784257564323001	-0.9693457010619553	1.16281764	1.08658732	-0.10872926	0.3146196353936339	0.05184385613117912	0.6760081948297124	0.3032250343331678	0.30322503	-0.232466361801724	-0.238171797398867	0	0.1254221794531862	0.001213093714592537	-0.6657805954326887	0.01530820816915028	0.01530821	-0.04275117086836588	-0.2324543914610492	0	0.5331385882100672	1.339284096876264	-2.08022183069847	-1.334244201574131	-0.3917689425077941	-1.5691763816473	0.271461323018542	0.001106918005810863	0.4491400088923514	-0.6971499827640822	-0.4732834039513915	0.8716257306281541	-1.057630742700058	1.796913750802399	0.3208632739834242	0	0
0.8027777780000001	-0.07539955537237431	0.0191073215043707	-0.9741404596346575	1.16251765	1.08671544	-0.10894373	0.3157821599384792	0.05007023072868683	0.676636257669695	0.3036497657916942	0.30364977	-0.2324716689989134	-0.2384036547906836	0	0.1274440323886812	0.0008949055311882536	-0.6664901548512969	0.01518649414310395	0.01518649	-0.04199917376899556	-0.2328560884131736	0	0.527794414649603	1.341428769852952	-2.079671618444305	-1.338613090035503	-0.3854643252555318	-1.5692257594553	0.2673856097289325	0.001110120510455348	0.4470879642042578	-0.6961351430936188	-0.4787009977539005	0.870776828310857	-1.054573785599753	1.795972111986093	0.3232603351835191	0	0
0.805555556	-0.0750797365278499	0.01907264163760065	-0.9773255019109098	1.1622625	1.08686028	-0.10927969	0.3159827581343267	0.04938306859677081	0.6768669205581715	0.3042281548158358	0.30422815	-0.2324305481690718	-0.2385388945948341	0	0.1281425468401839	0.0002637691663929502	-0.6668065099153878	0.01528300858181121	0.01528301	-0.04132746321148036	-0.2330604151559022	0	0.5230546283632852	1.343698575955692	-2.079498044752063	-1.342571435692502	-0.3762595278955521	-1.569282782154489	0.2627185376989771	0.001105229225226633	0.4475849831861446	-0.6966276420218088	-0.4851166228335116	0.8691413048779556	-1.050087269451713	1.79578101571176	0.3264891592185907	0	0
0.808333333	-0.07526563590980292	0.01636910830030428	-0.9791447167097276	1.16208256	1.08688539	-0.10943042	0.3142886597063991	0.05166376764843766	0.6771086437726508	0.3054244029615539	0.3054244	-0.2319524258669964	-0.2390038635720677	0	0.1263014560845216	-0.00216656778308874	-0.6662577523931549	0.01477246993047266	0.01477247	-0.03961605862228875	-0.2314198264284456	0	0.5192738196921938	1.346136467039242	-2.079673794520817	-1.347542505506379	-0.3642307277665193	-1.569315123280061	0.2561179572860054	0.001111554298435861	0.4493921110562936	-0.6979549403088081	-0.4951342894902493	0.8668743162602277	-1.043185421996968	1.800075750020136	0.3287302436595604	0	0
0.811111111	-0.07508700023913083	0.01765424589029357	-0.983716514706475	1.16181479	1.08696271	-0.10963165	0.3154003667211445	0.04998827320860583	0.6775935831562515	0.305773190781003	0.30577319	-0.2319197337557115	-0.2391760596759317	0	0.1282926338112153	-0.002526634094697076	-0.667004719279088	0.01475601199922513	0.01475601	-0.0388103546002419	-0.2317786205695622	0	0.5142355756460666	1.348201759823555	-2.07903889732055	-1.352032224508129	-0.3573601391586775	-1.569360132703477	0.251851953016979	0.001114740047919526	0.4478123374539581	-0.697314547241259	-0.5009912793567259	0.8660141597108478	-1.039869483342941	1.799266595307625	0.3316002986862566	0	0
0.813888889	-0.07558915520140744	0.01609699558742218	-0.9849768417430156	1.16155741	1.08690685	-0.10993751	0.3148849291051285	0.05146065932005996	0.6774323800086812	0.3064807750104966	0.30648077	-0.2317242067885386	-0.2391929471327081	0	0.1278010913234554	-0.004254878842242408	-0.6670724925083382	0.01473039021674	0.01473039	-0.03775636230773436	-0.2312379105859773	0	0.5113738341461964	1.350160040188244	-2.078991795421894	-1.357332226403219	-0.3450938564416489	-1.569405153820598	0.2457331826122592	0.001113587956080285	0.4488114607835731	-0.6986688510077742	-0.5102053475566264	0.8632912848093138	-1.03429884371272	1.800486340122931	0.3350948223964068	0	0
0.816666667	-0.07580469725537635	0.0156150703874396	-0.9878901224666313	1.16121741	1.0869059	-0.11014828	0.3152226332111627	0.05197061956928439	0.6776939032853928	0.3072240990452149	0.3072241	-0.2314635952718284	-0.239480401813314	0	0.1283491959180151	-0.005774840011112017	-0.6669929159664226	0.0145901013495964	0.0145901	-0.03643496393173857	-0.23061748879746	0	0.5075167943802998	1.352314987045574	-2.079021065291582	-1.362184471758159	-0.3356140465042349	-1.56944015186089	0.2404490194055981	0.001116794824047899	0.4487997546857471	-0.6989866899507953	-0.5181742783204665	0.8614386193791183	-1.029637180109051	1.802272138324291	0.3376943095011418	0	0
0.819444444	-0.07641745373235181	0.01460503124508381	-0.9905038701330856	1.1610148	1.08696025	-0.11044014	0.315324161806278	0.05325856766296817	0.6781244313314309	0.308431845943644	0.30843185	-0.2313034977903392	-0.2394489405082176	0	0.1285852848606031	-0.007603595303219975	-0.6668433491035084	0.01431994166014727	0.01431994	-0.03459420950102315	-0.2291653512978558	0	0.5040491606088694	1.355140950866575	-2.078805035069021	-1.366985642845066	-0.3249072360687485	-1.569473467229251	0.2346102776545828	0.001121169666350948	0.4489485806563939	-0.6996289733844572	-0.5276150979514568	0.8601131639852762	-1.02515652128598	1.80541988239083	0.3398263318078129	0	0
0.8222222219999999	-0.07620270074173774	0.016336477624609	-0.9952356708399439	1.16071055	1.08706697	-0.11061974	0.3168274896383103	0.0512144074997705	0.6786940492034166	0.3086876611210368	0.30868766	-0.2312065745955212	-0.2397737358100382	0	0.1308570642325947	-0.007794878327783722	-0.6675400169966625	0.01415353795500485	0.01415354	-0.03387928005337253	-0.2296409365893305	0	0.4992724407121183	1.357180231263717	-2.078404423711691	-1.371212153629245	-0.3185954085122802	-1.569503346044315	0.230757148997007	0.001128453274385371	0.447593064758713	-0.6988940456051714	-0.532870992932888	0.8589454076414651	-1.022446024434034	1.804432712297663	0.3422904543173559	0	0
0.825	-0.07675121182348021	0.01561052537553448	-0.9967289277731263	1.16056732	1.08701297	-0.11085323	0.3168414253942557	0.05196065059766285	0.6785332045464747	0.3091550355110456	0.30915504	-0.2309725514246358	-0.2397923975685322	0	0.1310089869409334	-0.009039565119831235	-0.6676110634163918	0.01425300985412961	0.01425301	-0.03295417892986137	-0.2297272970515155	0	0.4969720066990005	1.358856877446322	-2.077774150063145	-1.376982958090061	-0.3069706402368452	-1.569548619012447	0.224724548115452	0.001123375937058394	0.4474199436303455	-0.6996284412335683	-0.5420181026232332	0.8565973235217739	-1.016211607291347	1.804587298552973	0.3466294728648431	0	0
0.827777778	-0.07695078027506905	0.01577999195898122	-0.9996835530777938	1.16038533	1.08706624	-0.11108149	0.3173719183949323	0.05169005544856536	0.678781379196001	0.309621717354407	0.30962172	-0.2308042838823852	-0.2398892876020945	0	0.131969562579623	-0.009972210079968288	-0.6676602696585261	0.01401582885902862	0.01401583	-0.03214340175927775	-0.2292344487084093	0	0.4938699619845304	1.361037114299047	-2.077765001745338	-1.381572210251993	-0.2974636813538506	-1.569575711060294	0.2195704723264566	0.001129587738399167	0.4475067088343841	-0.6999903600376447	-0.5489545585607819	0.8545394571134274	-1.011805709646785	1.805057322352786	0.3493069180676782	0	0
0.830555556	-0.07750573877760132	0.01563275092182815	-1.002474796889451	1.16022498	1.08699903	-0.11120178	0.3178013894695755	0.05203723337631233	0.6788842977713327	0.31009355018799	0.31009355	-0.2305474441967214	-0.2399942220327122	0	0.1326779409339263	-0.01131001280560357	-0.6676471114467624	0.01384894257034803	0.01384894	-0.03105567155419746	-0.2288260556260767	0	0.4910755610467886	1.362912906214496	-2.077440725504437	-1.387140082662685	-0.2875889274922539	-1.569597716869635	0.213742282487033	0.001139561422409689	0.4471399488360285	-0.7001903796568452	-0.5568748080775267	0.8523828134469984	-1.006508503245558	1.805861931878859	0.3523664640148622	0	0
0.833333333	-0.07905046424869455	0.01318405171235208	-1.003048684534919	1.15999359	1.08692248	-0.11153779	0.3176688477699156	0.05571432463487345	0.6791730796003018	0.3115196187517547	0.31151962	-0.2299710415318016	-0.2398847813364988	0	0.1318048539382501	-0.01457213894453365	-0.6663243675964462	0.01334088612627166	0.01334089	-0.02812723683481836	-0.2262309601188055	0	0.4900095689175419	1.36625295606854	-2.077806119084521	-1.392460275922826	-0.2736806451236015	-1.569623861901829	0.2065479649735435	0.001144816434254519	0.4483132425859573	-0.7020335691709328	-0.5693606563560487	0.8496605246270271	-1.000455313238416	1.812872944616862	0.3541229832708228	0	0
0.836111111	-0.07986329130848464	0.01323441894750491	-1.005578829708473	1.15979607	1.08684879	-0.11173371	0.3185468092956597	0.05636255161277014	0.6794087866648495	0.3122846131435317	0.31228461	-0.2295146237952381	-0.2399608916545198	0	0.1328832991662427	-0.01595689748476582	-0.6664205181340045	0.01332603285073841	0.01332603	-0.02570224059284777	-0.2254380355720747	0	0.4879178361403897	1.368391863524577	-2.077335032553727	-1.397781469605694	-0.2632078760104247	-1.569650494404484	0.2007133298077253	0.001151459680986385	0.4483602169010443	-0.7025067987915162	-0.5811925445991472	0.8485472698543011	-0.9970244315631767	1.816733035567357	0.3564521398183749	0	0
0.838888889	-0.08068375488188392	0.01334022621728148	-1.007759088726879	1.15970994	1.0868004	-0.11187999	0.3192745299123323	0.05672879237567324	0.6794623461072041	0.3126564279644669	0.31265643	-0.2291330503148562	-0.239952857380374	0	0.1339020169583041	-0.01720993654994874	-0.6663648758157205	0.01325825595629694	0.01325826	-0.02406020690730347	-0.2247539357948642	0	0.4868061101015555	1.370611473085364	-2.076909252675918	-1.403016129689715	-0.2518953338736691	-1.569672582069767	0.1945449580183284	0.001163515193728685	0.4480780311949172	-0.7033886169713084	-0.5919314490215839	0.8466701205962927	-0.9925182856970391	1.819348712346233	0.3590006343364862	0	0
0.841666667	-0.08061728785704607	0.01496975025541211	-1.012050725075833	1.15966796	1.08686246	-0.11197898	0.320546086746346	0.05472948665065306	0.6799653875222079	0.3129605550772854	0.31296056	-0.2290065626387728	-0.2402836012878843	0	0.1360409755524884	-0.01733586956039592	-0.6669266116062711	0.01306052882706898	0.01306053	-0.02337402599949292	-0.225155970119133	0	0.4835009350675591	1.372724518601611	-2.076404787072245	-1.407891747097734	-0.244861642850965	-1.569689648422792	0.1900458962690919	0.001176626630668442	0.4459995130036636	-0.7023970757010298	-0.5981082188117426	0.8452629090933652	-0.9894367622148481	1.818125532722959	0.3616619343710756	0	0
0.844444444	-0.08147182636609665	0.01503902865660907	-1.013727865535682	1.15961867	1.08670673	-0.11207078	0.3209911048649	0.05527627229989703	0.6798261826790627	0.3130978344731998	0.31309783	-0.2286616044207685	-0.240391027525075	0	0.1368211005526168	-0.01833896840098115	-0.6669664824313024	0.01306542534828545	0.01306543	-0.02248906727424471	-0.2251382824288946	0	0.4824464062608396	1.37429358722698	-2.0755082665879	-1.413735189544023	-0.2331963085858575	-1.569717592191314	0.1837507512677459	0.001182375919757437	0.4456916718301968	-0.7033437035410022	-0.607657558303233	0.8425550928926173	-0.9832846649225944	1.818216592309622	0.3656509568076726	0	0
0.847222222	-0.08240818468875023	0.01475850904178596	-1.015110876477734	1.15954016	1.08654468	-0.11219252	0.3215988157695409	0.0562162451994315	0.6797181138116414	0.3135378935877501	0.31353789	-0.2284149534436791	-0.2400875835341257	0	0.1374064347654508	-0.01975024861546077	-0.6665763908715062	0.01281809369278778	0.01281809	-0.02130081238743485	-0.2242312316750405	0	0.4824333426459212	1.375992530165312	-2.075154124098306	-1.419464646805793	-0.2207771547485748	-1.56973408223662	0.1768738077415646	0.001198390013776185	0.4458074206699257	-0.7046444906257294	-0.6172065724653507	0.8392747629695889	-0.9766445395375626	1.820230978028445	0.3691029374191737	0	0
0.85	-0.08501800065199859	0.01495394612450237	-1.01713892271408	1.15941403	1.08632292	-0.11235567	0.3244279897746348	0.0593211754667539	0.6802999390400142	0.3156721155328775	0.31567212	-0.2267920325097075	-0.2396450284242121	0	0.1395906073356386	-0.02289071064476113	-0.6652697204564034	0.01265410028734237	0.0126541	-0.01590555164350139	-0.221190670721328	0	0.4845409116680414	1.379427538322502	-2.075640945295906	-1.425189545616623	-0.2089053192350238	-1.569747571188277	0.1696777290163269	0.001217797376926661	0.4453672121551913	-0.7052330371170518	-0.6624522965314328	0.8489207336623136	-0.988147300571637	1.85686970112184	0.3602205252358506	0	0
0.852777778	-0.08620323472293909	0.01503381116934316	-1.018976059775388	1.15941061	1.08618811	-0.1124269	0.3253704633819215	0.06017871960730934	0.6804238799316532	0.3163223983341001	0.3163224	-0.225437775867082	-0.2392413426694049	0	0.140637329284614	-0.02448446276360873	-0.6646757060230676	0.012462405714141	0.01246241	-0.01335725923451754	-0.2198632326334556	0	0.484804975795078	1.38166673484082	-2.07541868930937	-1.430852619280293	-0.197386258745598	-1.569765121172037	0.1628258353282349	0.001233435701557456	0.4451009785838946	-0.705969093426232	-0.6737555791729077	0.8464482834887775	-0.9831661753923411	1.860359747015261	0.3626919144237342	0	0
0.855555556	-0.08706145744750771	0.01599471527899803	-1.021502049494525	1.15947511	1.08605466	-0.11244274	0.3268920267630445	0.06029938032715209	0.6807735210425735	0.3173676018466263	0.3173676	-0.2246936456647821	-0.2392988277063133	0	0.1421747395572134	-0.02519515996235619	-0.6647286694354827	0.01222565092844334	0.01222565	-0.01098804162104559	-0.2189251326467415	0	0.485565413306711	1.383589143104327	-2.075476152878729	-1.436257554558803	-0.1863737530189601	-1.569776752046173	0.1565247942556099	0.001256467240899698	0.4444279616474343	-0.7066526594817572	-0.6773486677345703	0.8418307547240351	-0.9750742678567409	1.856418499825345	0.367663629660368	0	0
0.858333333	-0.08774524620704548	0.01641882697110707	-1.023195182231777	1.15950562	1.08593814	-0.11254258	0.3273751014368724	0.06005505866648241	0.680749118023505	0.3169663410522819	0.31696634	-0.2247031180902314	-0.2389664369061209	0	0.1432981207302595	-0.02610541165005846	-0.6645959902038778	0.01214925943787988	0.01214926	-0.01100862463798021	-0.2188908774185784	0	0.485130453869702	1.385193708236022	-2.074322679262319	-1.442163355350339	-0.17460485632656	-1.569792650599395	0.1501830381421944	0.001274919908949334	0.4438149398804125	-0.7071199429401118	-0.6849258623148601	0.8380507366870948	-0.9693216303535764	1.856096552900863	0.3714348161567602	0	0
0.861111111	-0.08851034078072155	0.01684986430422095	-1.025178781913392	1.15956697	1.0858232	-0.11253598	0.3279598727810226	0.06013862520560083	0.6808768635583805	0.3168692246495157	0.31686922	-0.224679673955054	-0.2386134229464211	0	0.1443308433933047	-0.02713615563333066	-0.6643167514861927	0.0119322603830514	0.01193226	-0.01039534281689989	-0.2183789009650021	0	0.4856404673514687	1.387117638601169	-2.073816066729133	-1.447695731080171	-0.16305195878986	-1.569803716510451	0.1434267317739109	0.001300660024757746	0.4433908705998043	-0.707679563740675	-0.6928852552034038	0.8343407629018275	-0.9624245125665714	1.856772940068109	0.3750584703205472	0	0
0.863888889	-0.08855271737495997	0.01827018061183693	-1.02891759080683	1.15959154	1.08577187	-0.11253799	0.3287103980442347	0.05851252794692356	0.6813085756357831	0.3168819501941578	0.31688195	-0.2243982696328331	-0.2391670708812181	0	0.1461631949363364	-0.02725036945598239	-0.6646607525656353	0.01175519201804759	0.01175519	-0.009747786743567671	-0.2188067316046813	0	0.4843038128779482	1.388843910777594	-2.074026842288914	-1.453217641815808	-0.1550062132931128	-1.569815672015827	0.13842381354091	0.001321586173423307	0.4413771896449329	-0.7066995943524029	-0.6997128006757658	0.8322015521075662	-0.9582162177837952	1.854698678560368	0.3778926267170566	0	0
0.8666666669999999	-0.09064127155847844	0.01789844310898758	-1.029007719783936	1.15971962	1.08544581	-0.11260556	0.3297060397910579	0.06069136434745628	0.6811504781270838	0.3166970353524358	0.31669704	-0.2243612229250644	-0.2381648570970965	0	0.1469769367231874	-0.02932523833830305	-0.6635745601701588	0.01140316766003367	0.01140317	-0.008073592399495649	-0.2171080459278807	0	0.4878069864398712	1.390971751275377	-2.073127410420844	-1.459526804254509	-0.1395180515551722	-1.569824035808136	0.1296296694646443	0.001357926895509558	0.4424042179967606	-0.7086514526035761	-0.7094216931060188	0.8268134957337191	-0.9494831028100168	1.857574075516306	0.3816054740124046	0	0
0.869444444	-0.09140338161913358	0.01895610670157669	-1.031669726851406	1.15956351	1.08535755	-0.11267415	0.3309068603503504	0.06053253676753091	0.6813729110900055	0.3168637909159555	0.31686379	-0.2241131816186929	-0.2383959840686211	0	0.1488571272174175	-0.03034589239863654	-0.663532635092598	0.01136618587851316	0.01136619	-0.006780740105146701	-0.2169174097223377	0	0.4866778039669243	1.392203754061619	-2.07324604271903	-1.465259607661521	-0.1304507910271716	-1.569838913169213	0.1250502396666765	0.001371741002006168	0.4414240423105711	-0.7082447994399746	-0.7164843529291145	0.8242748712270609	-0.9459142936981116	1.857286688205409	0.3843569679503482	0	0
0.872222222	-0.09270337213559027	0.01934005156081326	-1.033363175144187	1.15966557	1.08516451	-0.11267977	0.3320010217446585	0.06127387810821904	0.6815023368533518	0.3171184824503759	0.31711848	-0.2239105851953848	-0.2380054453554705	0	0.1501608656539099	-0.03185916424408203	-0.6628136564810827	0.01113105250369061	0.01113105	-0.00477810307018323	-0.2156403687147484	0	0.4883582677082025	1.394421576056186	-2.072606137994606	-1.471293440570995	-0.117785904430519	-1.569848443539593	0.1184124884530263	0.001406592260108766	0.4406912249834167	-0.7089242943404866	-0.7258573150314519	0.8204229847203137	-0.9395581730013534	1.859284512669493	0.3876332885030189	0	0
0.875	-0.09339122053096818	0.02059081035332846	-1.036215980558287	1.16000984	1.08488074	-0.11232161	0.3323422385003452	0.06042437749205434	0.681755974208904	0.3169536636787272	0.31695366	-0.2233355442363473	-0.2385617034301638	0	0.1516217325923009	-0.03233038533976213	-0.6627756906829299	0.01097045550896957	0.01097046	-0.003314957778986717	-0.2153060741094079	0	0.4904647455504743	1.396221149617734	-2.071284559675164	-1.47773080320284	-0.1063278845627536	-1.569848181740205	0.1106571596351586	0.001467136161064123	0.4391068384758683	-0.7088047773349028	-0.7354558256839586	0.8167376246153554	-0.9325874108720276	1.85890251489957	0.3913608613157988	0	0
0.877777778	-0.09520413992717403	0.02168008377853336	-1.037936065542513	1.16024085	1.08465161	-0.11224477	0.3340336494702906	0.06105228866292489	0.6818470580556437	0.3165961914499861	0.31659619	-0.2232158533959699	-0.2374645721836006	0	0.1535013626613082	-0.03382850458570765	-0.6621285856026764	0.01072739380148691	0.01072739	-0.0008237407781357362	-0.213406698781507	0	0.4947626155173848	1.399011608554827	-2.071163596489762	-1.48305292836793	-0.09305790610253564	-1.569854185149234	0.1024600073493997	0.001515495045846681	0.4393818002642213	-0.710187048780951	-0.7450994907967413	0.8122401195252786	-0.9244163735988005	1.862145420600113	0.3941454587391321	0	0
0.880555556	-0.09726099753521288	0.02322992830032269	-1.040035028171559	1.16027525	1.08434906	-0.11214836	0.3364387255713765	0.06182154183260969	0.6821900599340893	0.3166547371234809	0.31665474	-0.2227404346089058	-0.2369479051576595	0	0.1563376617985403	-0.03575733932605299	-0.6611889287822694	0.01055620387993675	0.0105562	0.002698238008345812	-0.2118067240402773	0	0.4987735875637207	1.401188753556782	-2.071646851107036	-1.488947843017322	-0.08162714147090237	-1.569859333695994	0.09480027998850757	0.001565292430998733	0.4391048460079942	-0.7104301501074076	-0.7560362918198764	0.8092391789418499	-0.9190479069750106	1.865584543894613	0.39675130215847	0	0
0.8833333330000001	-0.09844005453686472	0.02483412865820443	-1.042600646114962	1.16052953	1.08412536	-0.11200251	0.3379515722546163	0.06140312357905358	0.6823971181170972	0.3166096166971253	0.31660962	-0.2222572162944804	-0.2367513964427823	0	0.1585949322484601	-0.03657376089143757	-0.6610300584417774	0.01047668545748541	0.01047669	0.004904370834780936	-0.2107443409028578	0	0.5016002107701127	1.403252096110189	-2.071165061693669	-1.494878430625829	-0.06991110783448544	-1.569866037854717	0.08818511019378546	0.001623340685656662	0.43789626885644	-0.7106208175543441	-0.76590781402983	0.8058818918670475	-0.913905236912677	1.867347837820598	0.3990526751587255	0	0
0.886111111	-0.09813866619470843	0.02670238057675209	-1.046854322599882	1.16068852	1.08406221	-0.11170874	0.3384721601627219	0.05917637858868532	0.6829024026292556	0.3167005001800668	0.3167005	-0.2218864127173139	-0.2373480880366578	0	0.1604143486328065	-0.03654176080320103	-0.6614031944769564	0.010385136655033	0.01038514	0.005701613675147044	-0.2109220864556114	0	0.5012848521144918	1.404827517035903	-2.071148397115438	-1.500468171837515	-0.06204382906053879	-1.5698737139873	0.08289147333994447	0.001675476986539312	0.4351512095983825	-0.7092599159196574	-0.7729789659269343	0.8037922924058399	-0.909967570440254	1.865687731250649	0.4015875278343373	0	0
0.888888889	-0.1002163682700039	0.0275072143776339	-1.0470835279639	1.16099552	1.08364575	-0.11152974	0.3398737199404654	0.06032850638170937	0.6827541883965116	0.316061196197971	0.3160612	-0.2216047553223514	-0.2360630652893334	0	0.1619548607045525	-0.0379727072131592	-0.6605092593488323	0.01015911616783388	0.01015912	0.007994942452880105	-0.2090795332885689	0	0.506632306195818	1.406481202714067	-2.069468924197576	-1.506978222720318	-0.04624411104128568	-1.569867489619589	0.07424476420691171	0.001772703868647235	0.4355114300225639	-0.7109567716187374	-0.7834340182028742	0.7977285005706896	-0.9017848741930906	1.869631747056358	0.4050232290617733	0	0
0.891666667	-0.104598420179127	0.03167120485001285	-1.049654468986989	1.16105714	1.08308045	-0.11135529	0.3462292482724756	0.06245483699515678	0.6832341752338269	0.3173590823709486	0.31735908	-0.2191409246318593	-0.2356050638410066	0	0.168452748038732	-0.04108345920073455	-0.6587436015489082	0.01035271210272237	0.01035271	0.01725181014029674	-0.2049036691667557	0	0.5168547352294656	1.409787679589152	-2.07130991896013	-1.512978155750665	-0.034351771923281	-1.569874251374177	0.06643723957243389	0.001845530000614726	0.4344530447363291	-0.7108959947163269	-0.8073167973818808	0.7983258833149489	-0.9023267771092193	1.885862781661406	0.402811487445254	0	0
0.894444444	-0.1042804850684642	0.03285778998032732	-1.052865875683323	1.16138736	1.08295558	-0.1109496	0.3458858255951472	0.06055407989008706	0.6834131933061381	0.3169287269379735	0.31692873	-0.2188415889714362	-0.2355653712140919	0	0.1691545435346955	-0.04083850276381592	-0.6590457363683855	0.01009229868088223	0.0100923	0.01744371991259488	-0.2051054555827579	0	0.5175733864172132	1.410824791231667	-2.070089884071102	-1.519066943842296	-0.02389118485921721	-1.569872740966242	0.0600142155185248	0.001952791129658214	0.432584238501211	-0.7103616600714338	-0.8151302121535183	0.794463526927085	-0.8970066602944999	1.885617795728423	0.4056017817977987	0	0
0.897222222	-0.1047439179814232	0.03456732793988393	-1.056040980578413	1.16173055	1.08271228	-0.11051209	0.3462091965337653	0.05890674721040078	0.6837271982843912	0.3158593691157972	0.31585937	-0.2184387917637513	-0.2347852435959696	0	0.1709082924295344	-0.04130504690069944	-0.6588789746962136	0.009763140230464542	0.00976314	0.01863155871291106	-0.2043537016077524	0	0.5206558344003088	1.412341361923932	-2.069708321760827	-1.524847440640047	-0.01303384012481211	-1.569867239862973	0.05306939264707498	0.00209134060166928	0.4309490559311125	-0.7103366444417978	-0.8237233012812712	0.7905586080674172	-0.8896441443537982	1.887258974900765	0.4079835469323291	0	0
0.9	-0.1041332365263954	0.03658810034203903	-1.060704680981319	1.16197579	1.08267237	-0.11010776	0.3465753666108337	0.05614403097989976	0.6842384111564199	0.3158048434591686	0.31580484	-0.2181256259398026	-0.2352076251431912	0	0.1726627408523375	-0.04120402584733061	-0.6592566351484125	0.009716594044643104	0.009716590000000001	0.01927410988008026	-0.2043456732677262	0	0.5206433436024511	1.413937997501237	-2.069799161436004	-1.530242108146567	-0.005364375921088944	-1.569866875263692	0.04803411618427501	0.002220565652151566	0.4278645931399281	-0.708737976603112	-0.8303273318611084	0.7881277049331262	-0.8861486633305533	1.885515069139309	0.4103799724835103	0	0
0.902777778	-0.1043987314743527	0.03844875344608936	-1.064010367396787	1.16229269	1.08236911	-0.10960843	0.3469723804955092	0.0542469645480663	0.6843758807932226	0.3151041895830688	0.31510419	-0.2175149687448514	-0.2354087331497132	0	0.1743019478026253	-0.0414718947921365	-0.6595144026511066	0.009559021705515775	0.00955902	0.02034835235523406	-0.2038331681539194	0	0.5229631968469585	1.414882769707148	-2.06858248229153	-1.536651137976001	0.005401065534492667	-1.569861179730744	0.04188989608653432	0.002414743479812672	0.42531049384599	-0.7080375538086051	-0.8386512004610827	0.7839362438509855	-0.8796460990375772	1.885314716511287	0.4137115566180174	0	0
0.905555556	-0.1051559003333625	0.04066334762873815	-1.066437950391242	1.162699	1.08205375	-0.10915382	0.3477969738669845	0.05298605160449592	0.6846894592130067	0.3138923360994427	0.31389234	-0.2169639447380519	-0.2344445521843877	0	0.1765300150544348	-0.04161713288943998	-0.6593233170232813	0.009242084748652247	0.00924208	0.0223333055396834	-0.202699598097766	0	0.527878542137543	1.415868750707496	-2.067604739943383	-1.543047687828618	0.0183764914091027	-1.569855549298577	0.03568255092040749	0.002628180317637834	0.4230728265851628	-0.7081756217442756	-0.8471357496570493	0.7792624528270086	-0.8716241723981979	1.887349287137442	0.4166023191036239	0	0
0.908333333	-0.1081057697903512	0.04506170946518824	-1.069753646444502	1.16300369	1.08156233	-0.10878597	0.3518178037074686	0.05160656291140723	0.6847995350345348	0.3114961943387978	0.31149619	-0.2157308556588839	-0.2315690613297361	0	0.1821952726485982	-0.04333454629818036	-0.6583358249168674	0.00920042531020347	0.009200430000000001	0.02820783212541817	-0.2000431540927542	0	0.5377572489953625	1.418704127961817	-2.069130653383134	-1.548814684504605	0.03048491590207245	-1.569849462462811	0.03002575258806268	0.002886979135386955	0.4203042203920351	-0.7080227214770228	-0.8577183776473284	0.7754344373629739	-0.8639667574240317	1.89370796264716	0.4180101948788646	0	0
0.911111111	-0.1072131661739134	0.04736985050321713	-1.075041957251597	1.16325601	1.08152418	-0.1082207	0.3521871148535919	0.0485353471692456	0.6853752559738489	0.311613284114991	0.31161328	-0.215013495491184	-0.232446617240962	0	0.1839813399797292	-0.04325755720688101	-0.6585971364851406	0.009203692042964428	0.00920369	0.02908784214410528	-0.1997971169479628	0	0.5380616672291002	1.420037134348135	-2.069374563669699	-1.554175725974158	0.03780531896778572	-1.569845522905623	0.02598260452430161	0.003183071974059765	0.4163900388954941	-0.7061579431127526	-0.864549823057904	0.7732589856794597	-0.8610423366128663	1.891872899560602	0.4200491185307075	0	0
0.913888889	-0.1107895695624599	0.05285062173398987	-1.078300508432621	1.16357338	1.08093135	-0.10779009	0.3572096134118721	0.04728414890282474	0.6853357649324627	0.3097204544699167	0.30972045	-0.2106556478081276	-0.2287264811015919	0	0.1908802610409174	-0.04498132885008642	-0.6577620864970508	0.009224447323896219	0.00922445	0.0377849242718774	-0.1961750810534583	0	0.5501128623758971	1.422488778800724	-2.070993905107907	-1.560597573676151	0.05111250924391961	-1.569841678294347	0.02222182594983784	0.003578706699560344	0.4122152963222582	-0.705988524874926	-0.8810769496289594	0.7708129180774297	-0.8568081346862723	1.90289507702929	0.4193901773255987	0	0
0.916666667	-0.1095585232166485	0.05492674323911468	-1.083468120471696	1.16380982	1.08078714	-0.10714892	0.3569711583264172	0.0441102166944589	0.6858043952614011	0.3099350536970237	0.30993505	-0.2098458618100261	-0.2296280536159898	0	0.1923103047665864	-0.04470855762447753	-0.6582531364528956	0.009147967868738453	0.00914797	0.03821809457187014	-0.196000706429622	0	0.5499117559401714	1.423176364873115	-2.070477806012105	-1.566504307171639	0.05918748132618896	-1.569835268572669	0.01922482090933931	0.004132887657910863	0.407381977841326	-0.704235758949522	-0.8875945530750342	0.7681386567042161	-0.8529769413267355	1.902072126536239	0.4215724394583872	0	0
0.919444444	-0.108942180437126	0.05711583501979918	-1.08780739837511	1.16422387	1.0806487	-0.10653676	0.3570354817378677	0.04109538887523778	0.6861544812567478	0.3094433066566755	0.30944331	-0.2088675000445282	-0.2297838500826033	0	0.1938079028572173	-0.04435784208886968	-0.6587053619085957	0.008926477907211664	0.008926480000000001	0.03924114444566785	-0.1954615990073564	0	0.5515611533443628	1.424018322699851	-2.069585092439924	-1.572693977388431	0.06956498408560667	-1.569823963900571	0.01702069713140616	0.004882948838074883	0.4022106431894892	-0.7029809700172309	-0.8954438490235658	0.7647662344832062	-0.8465118913152349	1.902656968566224	0.4240059796106451	0	0
0.922222222	-0.1087570296268891	0.05958512213313178	-1.092132717309699	1.164615	1.08044001	-0.106041	0.3575839776352457	0.03798198276546892	0.6862988819450762	0.3084480930391179	0.30844809	-0.2077733477259323	-0.2293033658264511	0	0.1959808979898094	-0.04435996580550351	-0.6590849319255294	0.008684448911047405	0.00868445	0.04099811923256318	-0.1947084194474178	0	0.5541920284503657	1.425239707950122	-2.069156063108115	-1.578881146199339	0.08003335496906849	-1.569815142657465	0.01525236932679245	0.005898033901831112	0.3967297700314882	-0.7017025271611864	-0.9029089164968574	0.7613406926428131	-0.8402227940542799	1.904091972866693	0.4259077577333273	0	0
0.925	-0.1098241811783579	0.06357084764277177	-1.096319304559904	1.16489803	1.08012749	-0.10547339	0.3596238889689124	0.03510949440072958	0.6865414172612565	0.3058441127587565	0.30584411	-0.2055251241901902	-0.2264282769211263	0	0.199986368932876	-0.04484519770628691	-0.6591363821374829	0.008623196231882815	0.008623199999999999	0.04539639903853843	-0.1928170010755767	0	0.5610272109599357	1.42715997015678	-2.070008797819384	-1.584537752545466	0.09107460679208548	-1.569804778194235	0.01346760802554074	0.007418720604070774	0.3909292124193151	-0.7010407428147262	-0.9117971411501885	0.7576947712193635	-0.833735680637573	1.909348779084527	0.4270899559785669	0	0
0.9277777780000001	-0.1113707127161611	0.06848297210275468	-1.100743709152255	1.16506922	1.07968097	-0.10495816	0.363479717476308	0.03244965799925077	0.6867446580601243	0.3054801000831764	0.3054801	-0.1952853060921392	-0.2206515449731051	0	0.2054005308944769	-0.04578332160401183	-0.6587864670098702	0.008785779760358468	0.00878578	0.0538658363011766	-0.189558971398934	0	0.5683746341659308	1.428529513265659	-2.071752458536613	-1.590686017967347	0.1002298729296241	-1.569802636326177	0.01200879987753543	0.00928453115606075	0.3843861566622256	-0.6994286129024537	-0.9324636085595311	0.7582436339849502	-0.8372948799666168	1.923796108487053	0.4234453636233425	0	0
0.930555556	-0.1104373036508775	0.07002453486271037	-1.105224095180363	1.16528699	1.07951435	-0.10444099	0.3632288370428423	0.02971557913111647	0.6870172395684436	0.3055037501672056	0.30550375	-0.1946536244864856	-0.2212669999036371	0	0.2064207390231865	-0.04572415721129725	-0.6591350937354292	0.008621269388388612	0.00862127	0.05407009096180701	-0.1896811097145215	0	0.5678554692247644	1.429421128851207	-2.071090253740336	-1.596567085872585	0.108051842956189	-1.569796720009079	0.01095328356352505	0.01202085818280453	0.3776160787734794	-0.6978910743481544	-0.9386442924250703	0.7553988431227754	-0.8332824247394824	1.923040167118106	0.4255797122793735	0	0
0.933333333	-0.1097869580178019	0.07141193094450816	-1.108651948360285	1.16540277	1.07940707	-0.10417017	0.3632668232613473	0.02757431513152315	0.6870442063016503	0.3052099641302052	0.30520996	-0.1941344715880909	-0.2213574737578032	0	0.2076360278383793	-0.04556939956465461	-0.6593313774773657	0.008450009130069594	0.008450010000000001	0.05462105161315468	-0.1895646533183139	0	0.5678383070531635	1.430410320559247	-2.070550551160795	-1.602409041472885	0.1161309605444977	-1.5697986920566	0.0102101059619309	0.01609147406380057	0.3705543664896345	-0.6964760456900403	-0.9441635146555279	0.7518305232266596	-0.8292675218626051	1.923144766794573	0.4278469098130128	0	0
0.936111111	-0.1096536288255835	0.07261636660428032	-1.111323763654552	1.16556342	1.07919714	-0.10386068	0.3632915763934637	0.0260750390813494	0.6872718803137828	0.3045418578521283	0.30454186	-0.1934746420103928	-0.2209411190070218	0	0.2086620096907874	-0.04576574002979186	-0.6592318980733252	0.008254020523309544	0.008254020000000001	0.05565940174130707	-0.1891484338305494	0	0.5690611788003576	1.43129826467018	-2.069710186296067	-1.608526432892963	0.1251676772869896	-1.569798146641209	0.009294215988080065	0.02092504299948047	0.3630080797705355	-0.6956992441458736	-0.9498070638444551	0.7475788053502255	-0.8253740588205487	1.923782390548198	0.4305288049073088	0	0
0.938888889	-0.1101887314153475	0.07348925812308024	-1.112919226719665	1.16570309	1.07897951	-0.10370069	0.3636001795776819	0.02539362693665408	0.6873463343143437	0.3034419525792519	0.30344195	-0.1926275370331594	-0.2193002361915862	0	0.2098606456214552	-0.04656288425905523	-0.6585862849005163	0.008162977691807287	0.00816298	0.05766206966859831	-0.1876968981204713	0	0.5719195977169307	1.432571855685437	-2.069437335308911	-1.614637937666539	0.135096380322963	-1.569801558585364	0.00853043145854054	0.02671653310259067	0.3552204230915977	-0.6955632241795474	-0.9559416938815547	0.7426458606830625	-0.8208884586212999	1.926365511176939	0.4332812573800776	0	0
0.941666667	-0.1107572900470101	0.07492968603419987	-1.115248528129545	1.16576904	1.07871225	-0.10346028	0.3643342976987277	0.02441226983709386	0.6874435779516124	0.302515313297071	0.30251531	-0.1913020704692101	-0.2180013408692352	0	0.2115699956090513	-0.04742718387101344	-0.6579390550292213	0.00803431551000877	0.008034319999999999	0.06050493211648259	-0.1863818370349895	0	0.5746436917309472	1.433853445544656	-2.069726478944634	-1.620395233802543	0.1429683676461657	-1.569805945819505	0.007897276096866529	0.03308442534702192	0.3466319571665004	-0.694963291509251	-0.9626951040504774	0.738844073328895	-0.8174525146185648	1.929099849051934	0.4357082874542256	0	0
0.944444444	-0.1106646334840815	0.07621396230420331	-1.11783611976823	1.16578279	1.07848901	-0.10334932	0.3648566293652891	0.02318610413000266	0.687591515375137	0.3022419245739728	0.30224192	-0.190517371484711	-0.2180179188791352	0	0.2130341263131435	-0.04763088805479777	-0.6578804070794324	0.008011986989289231	0.00801199	0.06193114711337153	-0.1863115943393808	0	0.5747826092928975	1.434696385293629	-2.069640945419449	-1.626397210438911	0.1491080127123381	-1.569812627812546	0.007380909791155569	0.03927657148789068	0.3383003913154589	-0.6930951575749608	-0.9680619871370368	0.7357232909341085	-0.8151873469028458	1.929151180756031	0.4375569072112151	0	0
0.9472222219999999	-0.1109405131410882	0.07713014113004533	-1.119651057114117	1.16586657	1.07823249	-0.10317553	0.3652826877976458	0.02247334412661227	0.687576367313493	0.3019234262455604	0.30192343	-0.189777980549462	-0.2172821732385619	0	0.2140365753676482	-0.04811050400964705	-0.6575085889423716	0.007846633623290663	0.00784663	0.06362731637445664	-0.1854716837838571	0	0.5759984157727465	1.43574193630121	-2.068906128468571	-1.632188323550903	0.1566625408761651	-1.569818463844499	0.006935169804422887	0.04648725652457244	0.329124431681644	-0.6926345147453441	-0.9738674316711154	0.7314366043389132	-0.8125106291532429	1.930461905570987	0.4399562181407157	0	0
0.95	-0.1097753267946007	0.07850923625138771	-1.123724013830706	1.16590715	1.0783276	-0.10301246	0.3657531475807062	0.01997050428014055	0.6880046712864654	0.3022562240565344	0.30225622	-0.1898121469403661	-0.2170384266638808	0	0.2153727441160378	-0.04814818828619148	-0.6576912720315791	0.00817320113243377	0.0081732	0.06419911381361215	-0.1853407662875991	0	0.5749932565709792	1.437319043913113	-2.069848295945107	-1.636697228608055	0.1609266436089714	-1.569821443994197	0.006508997576598939	0.0519736297386453	0.3209118580156803	-0.6902078143638918	-0.9765863993040531	0.7286802925941024	-0.8116403821573255	1.930444173200319	0.4411668120202207	0	0
0.952777778	-0.115102049331473	0.0808513593735517	-1.123633562316754	1.16584861	1.0775677	-0.1028552	0.3699751192870998	0.02388047796238793	0.6877713968618291	0.3015902315467145	0.30159023	-0.1828148591225355	-0.2128208484748132	0	0.2200681236411313	-0.05265182209993656	-0.6542248282256325	0.007897007490694647	0.007897009999999999	0.07940196553153166	-0.178357976570799	0	0.5865191116271831	1.440646062266297	-2.070352647753313	-1.644083956279739	0.1734009678275084	-1.569829663622309	0.006207254409005723	0.06072131611728267	0.311001205349364	-0.6908690307802136	-0.998152352686673	0.7257015258952213	-0.8135952160203404	1.948779634187636	0.4397686617431709	0	0
0.955555556	-0.1141879631554041	0.08098955070400027	-1.12460126832357	1.16595504	1.07734548	-0.10277646	0.369702044374201	0.02274879897047902	0.6878354822103697	0.3020618341713691	0.30206183	-0.1824327992188911	-0.2119942586212065	0	0.2196754837260942	-0.05188650831290643	-0.6542387952229717	0.007765127445354227	0.00776513	0.07922574016055657	-0.1783228526922672	0	0.5861057872915818	1.440576201274195	-2.06930195640202	-1.650117066622903	0.1804099092087545	-1.569836157119791	0.005929408987662512	0.06856667076329748	0.3017491357465941	-0.6897577981459588	-1.004066049522278	0.7211900185521546	-0.8118537196859164	1.950514657793996	0.4411667165507106	0	0
0.958333333	-0.1137471851397348	0.08190764485416344	-1.126893980651011	1.16598442	1.07714315	-0.10260044	0.369758818538505	0.02140789706369096	0.6879094131357537	0.3020546629625385	0.30205466	-0.1818950732247283	-0.2122024222957626	0	0.220487049261901	-0.05184768643075555	-0.6542336126422907	0.007672384488627603	0.00767238	0.07970417766909488	-0.178433377412479	0	0.585537642477485	1.44118427695265	-2.069057035046219	-1.655694779199918	0.1852349700133968	-1.569841074410425	0.005607567481067955	0.07582599166851409	0.2925938739723786	-0.6877133814193611	-1.008673690473209	0.7179724496218305	-0.8101704854089836	1.950980376041077	0.4428124370697668	0	0
0.961111111	-0.1130449648306314	0.08290715075995052	-1.129599145522092	1.16601132	1.07706966	-0.10246352	0.3700037753244895	0.01979905081387334	0.6879601954102026	0.3021041578821312	0.30210416	-0.1816297610127437	-0.2121196545938429	0	0.2213657520289783	-0.05176009586051374	-0.654164926605842	0.007588895442127977	0.0075889	0.08022579654318972	-0.1782912796860986	0	0.5850196243921699	1.442283842758987	-2.06908946378732	-1.66031072442743	0.1896188918682805	-1.56984659907564	0.005414616968936851	0.08346326711390857	0.2831054862652898	-0.6860735807080618	-1.012837225938251	0.714854977942102	-0.8084247142396227	1.951323670436706	0.4445092292388619	0	0
0.963888889	-0.1142270902956411	0.08255256984364827	-1.129135272262563	1.16612205	1.07661808	-0.10227251	0.3697828457881855	0.02127635997554856	0.688065774739979	0.3017427241050539	0.30174272	-0.1809154762897188	-0.2102189091824791	0	0.2215368808640047	-0.05298958799062631	-0.6526323713156229	0.007310738304980362	0.00731074	0.08245662665120519	-0.1765625010423351	0	0.5883071117359278	1.44283244040906	-2.067669132818938	-1.667397542050834	0.1991764647759842	-1.569848439525336	0.005218891383295078	0.09274793841990826	0.2729930281588824	-0.6857176649639477	-1.020235202780563	0.7090151392516518	-0.8058104660127388	1.956217301562468	0.4472923377218103	0	0
0.966666667	-0.1134517890364994	0.08384736259505958	-1.132317238396009	1.16616617	1.07661102	-0.1020854	0.3702774071719526	0.01923510054956771	0.6881529233928542	0.3018103276883007	0.30181033	-0.1805167584400946	-0.2105390034399595	0	0.2226667942808423	-0.05299426529848873	-0.652492815661298	0.007330743443399646	0.00733074	0.08328845161990324	-0.1765004905412093	0	0.5876804709902197	1.444137779312477	-2.06820252166991	-1.671879493115683	0.2024949175767981	-1.569854448693951	0.005025393710443474	0.09982376779940787	0.2636841596081331	-0.6831075988950175	-1.024086636723436	0.7067168738101295	-0.8047571791823149	1.956085583483682	0.4484447391824611	0	0
0.969444444	-0.1156342295419375	0.08488352826912017	-1.132275947571098	1.16620367	1.07603838	-0.10181226	0.3722589192652487	0.02090341592658731	0.6882014107338696	0.3028762723445917	0.30287627	-0.1701351761480833	-0.2044744426127408	0	0.2246919069677813	-0.05520739689522435	-0.649463115193389	0.007332593666939685	0.00733259	0.09465241621787739	-0.171141484300097	0	0.5944656112449436	1.444999966028842	-2.068415277829327	-1.678824186658235	0.2113248258928981	-1.569853421044087	0.004847862658654966	0.1092509595505328	0.2526897414266653	-0.6823279346618116	-1.068671767455739	0.7111710020577734	-0.8272451205446592	2.003516814249632	0.4321474466430203	0	0
0.972222222	-0.1154098585654144	0.0858211257755427	-1.134155163124408	1.16622625	1.0758095	-0.10156737	0.3724298672841645	0.01992582699288215	0.6882392780954526	0.3026367992085841	0.3026368	-0.17006881262127	-0.2043971964344426	0	0.225465738310627	-0.05530258086944281	-0.6493455814054341	0.007159456656075997	0.00715946	0.0951495561510813	-0.1708524172843282	0	0.5946553824653094	1.445566018542232	-2.067575551231506	-1.683916725279398	0.2160770045405039	-1.569856643620018	0.004705085301063869	0.1175411544660508	0.2425266972208169	-0.6807061223609809	-1.072267816095813	0.7071771386014302	-0.8256363325888385	2.003699384066971	0.4341184584864706	0	0
0.975	-0.1147276709709324	0.08704456876900078	-1.137068480150872	1.16627292	1.07569802	-0.10131885	0.3727075500408214	0.01823385839024074	0.6883223950377557	0.302650078197132	0.30265008	-0.1699423165676062	-0.2045955965626302	0	0.226507523944879	-0.0552554606448304	-0.6492648353183869	0.007179983124342852	0.00717998	0.09569566845229985	-0.1708336794294787	0	0.5940480461083258	1.446556671265388	-2.067844619392041	-1.688465040394659	0.2190063995400374	-1.569862875492645	0.004529448455112549	0.1250112891537598	0.2329342309925756	-0.6778997378180621	-1.075595721948921	0.7046458565204021	-0.824333264358779	2.003356572429413	0.4356667006214737	0	0
0.977777778	-0.1152747960867159	0.08739020469835362	-1.137382514450657	1.1663307	1.07532856	-0.10104888	0.3727540351401191	0.01850881965499503	0.6883907719763941	0.3021750573451374	0.30217506	-0.1699303270283096	-0.203612379640219	0	0.227094437680686	-0.05598392180470466	-0.6481212072788201	0.006975578888995537	0.00697558	0.0973543375690766	-0.1696525917372422	0	0.5963638636280038	1.446938980576583	-2.066343912346413	-1.694412258896542	0.2261294264622354	-1.56986064967425	0.004431972339987442	0.1343629678385337	0.2222358951778052	-0.6769108775480476	-1.079834926163685	0.6994022067690028	-0.8222837990927869	2.005569594594005	0.4387312666591852	0	0
0.980555556	-0.1155795206257374	0.08830070910973158	-1.138859892029239	1.16640643	1.07506708	-0.10079429	0.3731915773153551	0.01812809126303697	0.6885025891129168	0.3018182757431814	0.30181828	-0.1696778168063883	-0.2030815136626812	0	0.2283383748538198	-0.05669067438480969	-0.6467984449280139	0.006894010402804806	0.00689401	0.09963169675868684	-0.1684611217794172	0	0.598167099064855	1.447797187593188	-2.066167131960736	-1.699648637606277	0.2310513589744828	-1.569862163747376	0.004323157867909678	0.1430373228123852	0.2121304168176094	-0.6748676469472095	-1.08424810200576	0.6958241529971156	-0.8212596657185895	2.007201020517421	0.4408763916761498	0	0
0.983333333	-0.1143122916846699	0.08980111142087163	-1.143050479399556	1.16645942	1.07507844	-0.10034785	0.3733875486433555	0.0156358118802703	0.688814006640554	0.3022136240601516	0.30221362	-0.1697987536373188	-0.203020075978616	0	0.2295454185590932	-0.05684380573365532	-0.646971076840592	0.007272436880012422	0.00727244	0.1001246192782862	-0.1684201245188867	0	0.5972148816334202	1.44886236919153	-2.06719090771697	-1.70342419580338	0.2328922882871893	-1.569860522439747	0.004236412037025831	0.1492770654782192	0.2030262495572461	-0.671460931275326	-1.086370954352541	0.6939988644525009	-0.820816342489272	2.006920389026993	0.4417142800932022	0	0
0.986111111	-0.115104426993513	0.0905888902133688	-1.142683896726652	1.16648002	1.0745948	-0.10016816	0.373720529713901	0.01598642688491323	0.688617476283594	0.3013981091933135	0.30139811	-0.169017735901278	-0.2032160630145797	0	0.2303334317493089	-0.0568793647227696	-0.6460163646355244	0.00673483358249612	0.00673483	0.1021649369246027	-0.1674940615444248	0	0.5991280979458882	1.448641832703374	-2.065423242962939	-1.709467925951443	0.2384464593396546	-1.569862734120976	0.004101010091787812	0.1593925222348145	0.1922612079565961	-0.6697297049818194	-1.091384777926307	0.6894713737332103	-0.8191281924925011	2.00850005651331	0.4441817386250775	0	0
0.988888889	-0.1141593540673712	0.09175235863227353	-1.145854195508581	1.16652731	1.07454974	-0.0998942	0.3740702015426161	0.01396591558401424	0.6887265602345083	0.3016185339803978	0.30161853	-0.1691123938332598	-0.2028661538210862	0	0.231480617642556	-0.0569215257688454	-0.6457525198963748	0.006688684633612437	0.00668868	0.1030961713096383	-0.1669990549271655	0	0.5987849054774882	1.449876340735224	-2.066203531849484	-1.713008849065224	0.2407856208126109	-1.569866160202297	0.004022784260180502	0.1666520703818997	0.1829255939803892	-0.6670879028929686	-1.094429390661878	0.6875188375961558	-0.818383320699802	2.008562765844268	0.4453562933753908	0	0
0.9916666669999999	-0.1153263991895121	0.09248508345697749	-1.145149316190363	1.16656862	1.07404929	-0.09953917	0.3748037457994039	0.01501299340562415	0.6887794449325743	0.3009543608017902	0.30095436	-0.1688723108792116	-0.2010300150881106	0	0.2325642676169109	-0.05798325336059778	-0.6434199353476389	0.006532866175850438	0.00653287	0.1073586976610642	-0.1644255660724352	0	0.6029676812776721	1.449789647264218	-2.064949826417593	-1.718918440711895	0.24771800402435	-1.569865456485543	0.003967667460534221	0.1766526293213093	0.1723498527102727	-0.6659576039328993	-1.10013957198379	0.6825511327770774	-0.8177480863019231	2.013078510497693	0.4480728803792288	0	0
0.994444444	-0.1143948002051958	0.09390974842695773	-1.148732965662364	1.16661134	1.0739986	-0.09912683999999999	0.3750192091390235	0.01287576547992606	0.6889222858201501	0.301180841706846	0.30118084	-0.1687244926616749	-0.2012450305762442	0	0.2337829486540379	-0.05803332790403505	-0.6432959331949432	0.006597484897010426	0.00659748	0.1082215856507234	-0.1642291051795796	0	0.6023082295637571	1.450773583960412	-2.066041488674945	-1.72242816920689	0.2489574200965894	-1.569866300701302	0.003926804415823128	0.1832832939745977	0.1634145752020384	-0.6624206575518184	-1.102590088953682	0.6812286440938978	-0.817652189709771	2.01288041074067	0.4487229945816456	0	0
0.997222222	-0.1158007058527768	0.09515031327491082	-1.147844065634599	1.16662303	1.07340845	-0.09881531	0.3763942055291505	0.01398497667384112	0.688953454258998	0.3004273694551919	0.30042737	-0.1679952244615545	-0.1995157004084371	0	0.2356199994960806	-0.05915827271755806	-0.6402209782593921	0.006382348108493821	0.00638235	0.1146690279080654	-0.160984918756432	0	0.6075400339400561	1.450581328787455	-2.065285346244068	-1.728154350311121	0.2554657973831723	-1.5698647337447	0.003804430131720771	0.1933994280934757	0.1527648712415455	-0.6611651996348252	-1.109812484451513	0.6771156092071625	-0.8189807680212436	2.019804640821341	0.4505704215806243	0	0
1	-0.1175734825016538	0.09873291589842746	-1.149593988418652	1.166541	1.07288553	-0.09841745	0.3808146225677593	0.01442549760251156	0.6889685686357874	0.3024761145983346	0.30247611	-0.1612360821077695	-0.1966806509269494	0	0.2396710898551358	-0.06078680924839791	-0.6369122247768303	0.006618536360316281	0.00661854	0.138623605569176	-0.1514061360840593	0	0.6148628635370283	1.451160873045028	-2.067715572016076	-1.732912628186331	0.2592333350942302	-1.56986614187634	0.003731745371422691	0.2013971159492692	0.1429465299120318	-0.6583015770190872	-1.150296060898368	0.6847487717841747	-0.844035667914389	2.065643748035169	0.4296270927665707	0	0
1.002777778	-0.1165159248505503	0.09979806084485525	-1.15264027160885	1.16659272	1.07285014	-0.09801638999999999	0.3806163489759425	0.01238040770242135	0.6890991782559653	0.3025902064224716	0.30259021	-0.161115731183869	-0.1969897510064056	0	0.2403611886780512	-0.06065267388859806	-0.6370687586450529	0.006647994201964366	0.00664799	0.1383099704261914	-0.1516145449773753	0	0.6138352271124893	1.451969956024507	-2.068289665784929	-1.736129630233714	0.2604494302515374	-1.569867428882131	0.003673145767254056	0.2085490085228999	0.1339932713237117	-0.6547232858824218	-1.152601797396286	0.6834033311486668	-0.8436140370332788	2.065556491870012	0.4306022846650812	0	0
1.005555556	-0.1155795848538539	0.1008030996189041	-1.155385168376754	1.16667481	1.07274777	-0.09757805	0.3804077983618913	0.01058260565006459	0.6891297037155167	0.3026225063582736	0.30262251	-0.1610111540221492	-0.1971388824096715	0	0.2409378850818842	-0.06048145115485796	-0.6370822392191292	0.006525981375550096	0.00652598	0.1381559564643431	-0.151636630548263	0	0.6132146697118891	1.452655815966268	-2.068322615506812	-1.739455765799362	0.2623570395192505	-1.569867933107752	0.003615489339013199	0.2156932387520486	0.1250210959842938	-0.6520667497240255	-1.154770534449102	0.6814011318422798	-0.8431611588244383	2.065911247668305	0.4317075299473369	0	0
1.008333333	-0.1160604125908028	0.1007492396308522	-1.154049137509376	1.16672403	1.07225882	-0.09725273	0.3797141879365208	0.01121404866920947	0.6891417951820417	0.3013531057040179	0.30135311	-0.1608702490537797	-0.195836464838357	0	0.2408148170294041	-0.06052521284239076	-0.6356421139481019	0.00624190390704679	0.0062419	0.1377388903173585	-0.1511677829258327	0	0.6151616665229637	1.451929500339644	-2.06589493966084	-1.744951660482636	0.2683666090359961	-1.569862974627347	0.003568060714721954	0.2259094175871118	0.1148369137468086	-0.6507080332415623	-1.159461830427345	0.6767761334174046	-0.8427710627267859	2.070737368236869	0.4346468443511413	0	0
1.011111111	-0.1151217736464156	0.1019127611077661	-1.156993762775561	1.16675298	1.07215094	-0.0968204	0.3796782153043738	0.009304558111095684	0.6892752633024685	0.3014440432921662	0.30144404	-0.1607911044808541	-0.19593708638586	0	0.2417007817624332	-0.06057350819718856	-0.6354462754396576	0.006286888197720618	0.00628689	0.1380149743524205	-0.1510651922978675	0	0.614521771572383	1.45264498026414	-2.066776924694109	-1.74801337465235	0.2693977233781356	-1.569864041372586	0.003482374473226994	0.2325409709620553	0.1066484483138028	-0.6471644924829687	-1.161577461648879	0.6757877815618012	-0.8424820304430692	2.071122971158895	0.4352659873369156	0	0
1.013888889	-0.1145631318010299	0.1029815728164194	-1.158943879537206	1.16679143	1.07197135	-0.09642576999999999	0.3796652890468677	0.00792474321596979	0.6892474917979436	0.3012394706325461	0.30123947	-0.1605306189769159	-0.1961253133389035	0	0.2424946332535297	-0.06045765097251314	-0.6350173347705741	0.006054420464264634	0.00605442	0.1384781829905706	-0.1507705515731324	0	0.6143663880506707	1.453066684449079	-2.066846470479747	-1.751357802490289	0.2711772987825808	-1.569866086200337	0.00348050766905906	0.2398814943579185	0.09812005068743959	-0.6441672752104332	-1.1641113268172	0.6741223929274043	-0.8421175547316386	2.071996974801494	0.4362141948743939	0	0
1.016666667	-0.1161047795585202	0.1039186908808964	-1.157096531252577	1.16680767	1.07133217	-0.0960148	0.3809151870429958	0.009658534619877961	0.6892914875341293	0.3006972420379792	0.30069724	-0.1588707214974115	-0.193380466836482	0	0.244591452443721	-0.06197098879140436	-0.6300151595242358	0.006114646889829053	0.00611465	0.1486061293232931	-0.1457236892656918	0	0.6214761180074293	1.451477544013714	-2.066909172480322	-1.757372578324194	0.2782377121923964	-1.569858000089912	0.003426400193319208	0.2496141419410215	0.08822534963235482	-0.6426611888855182	-1.226193141398112	0.6880152315756375	-0.8835374385375327	2.148670617211699	0.4010360153098801	0	0
1.019444444	-0.1159579322676464	0.1062335966405731	-1.158555553727014	1.1669178	1.07102724	-0.09557841	0.3819163452519858	0.007421446633829465	0.6893312468326214	0.3002029881812263	0.30020299	-0.1503289071760224	-0.1883495706265057	0	0.2468022528041748	-0.06183807341675165	-0.6288410526254085	0.006109915825825672	0.00610992	0.1505342051944797	-0.1449928034944207	0	0.6241453634789057	1.451618423151211	-2.067352176837986	-1.760654478869016	0.2807123148804989	-1.569857891006834	0.003391997659367298	0.2568128887510867	0.07974389246169108	-0.6398714101032346	-1.223528331157331	0.6842010143356032	-0.87925416196663	2.144186986441978	0.4058537076834863	0	0
1.022222222	-0.1162630713223652	0.1075104887715772	-1.160003459675847	1.16694507	1.0707586	-0.09513233	0.3825320583167141	0.006963482361015814	0.6893771938469105	0.2999042797921365	0.29990428	-0.1490242356865119	-0.1874554670741088	0	0.2484752423474641	-0.06259660363257805	-0.6275257166505694	0.006056888708892805	0.00605689	0.1510072861130107	-0.1444623635517533	0	0.6258280610670934	1.452232246373425	-2.067148663593222	-1.764240170027177	0.2837783578158234	-1.569856185994688	0.003353861866145371	0.2638284908323572	0.07177299575898155	-0.6370158393894677	-1.235613563889733	0.6850730543082612	-0.8855479192566875	2.158039591236695	0.3997304062294955	0	0
1.025	-0.1155600328029084	0.1087648589993806	-1.160607411664878	1.16703986	1.07039281	-0.09471909000000001	0.38333765726994	0.005336855569443496	0.6893759398278431	0.3021405808092252	0.30214058	-0.1323088969977115	-0.1788471035228741	0	0.2487536754211665	-0.06150042463765471	-0.6273203203700753	0.005935533522540687	0.00593553	0.1562531922260669	-0.1422691803702363	0	0.6268905122723536	1.451328501447707	-2.066809774234092	-1.767981917007878	0.2865135016838673	-1.569854591461883	0.003315392889569239	0.2711260070465232	0.06378292905789983	-0.6342130903673807	-1.243255596404537	0.6849261759505266	-0.8890913221342702	2.166808467832314	0.3977935023084194	0	0
1.027777778	-0.1157720252062446	0.1099461240170692	-1.16159248544308	1.16701725	1.07016091	-0.09429232	0.3831578630497104	0.004878342041514243	0.6894223678548741	0.2993857388061775	0.29938574	-0.1427371822061111	-0.1831906641152066	0	0.250475057534093	-0.06243090120072909	-0.6249107404468546	0.00595620834379396	0.00595621	0.1589068049579661	-0.1408832489687468	0	0.6286685985618811	1.4513697142564	-2.067415537351288	-1.771298826414035	0.2894668237511823	-1.569853322956583	0.003300157386929805	0.2767987636223507	0.05725002448480584	-0.6312523605991215	-1.254089061544116	0.686419586996282	-0.8959784990494548	2.179671990176603	0.3920992642201583	0	0
1.030555556	-0.115809866038823	0.110881322219369	-1.162564988487345	1.16708584	1.06988457	-0.0937993	0.382935684032195	0.004211985979611246	0.6894602294568706	0.2979576613684437	0.29795766	-0.1460005114004946	-0.184119896956656	0	0.2516605347293983	-0.063090059175731	-0.622700731069618	0.005926533732252777	0.00592653	0.1621094115296788	-0.1391861189039085	0	0.6305097006621835	1.451687627201381	-2.067527070522742	-1.774537079939456	0.2921793413453362	-1.569852147477332	0.003261251903507749	0.2837889608655622	0.04956687463081901	-0.6285862528805743	-1.261415278999699	0.6860902027002591	-0.8995315789050752	2.188534318856224	0.3894666341855925	0	0
1.033333333	-0.1115413943978331	0.1099171244988827	-1.164451722744539	1.1673841	1.06985636	-0.09306474000000001	0.3769420434374005	-0.0026863264852668	0.6893160334956634	0.2951225300310141	0.29512253	-0.1243801222457026	-0.1711974662594535	0	0.2455824367794352	-0.05811911834168636	-0.6281952708537938	0.005757756030261796	0.00575776	0.1740151863667982	-0.1352510976524999	0	0.6237014934379336	1.449105811031724	-2.065142366079218	-1.777301078637891	0.2931057245877158	-1.569853202354332	0.00323578144106877	0.2891736522446114	0.04273165005881403	-0.6251737331162633	-1.260636160705484	0.6847197768038442	-0.8969523222607658	2.186564912715685	0.3931691245226263	0	0
1.036111111	-0.1154577483056941	0.1132626794704532	-1.164988199432023	1.16723188	1.06926626	-0.09279392	0.3837385723145596	0.002051235727985253	0.6895195240511474	0.2990531204150507	0.29905312	-0.1297467433583413	-0.1750910071431946	0	0.253849476760833	-0.06350751400754001	-0.6202180585026531	0.005824845614043833	0.00582485	0.1663229471871329	-0.1369532788747264	0	0.6336600239762905	1.452038758823483	-2.067796424568208	-1.780448121954735	0.296592804992205	-1.569847884685167	0.003200823717881799	0.2970388261514802	0.03438706981113918	-0.6230343762379438	-1.268540800520997	0.6837156010951106	-0.9013060342116268	2.196485703301495	0.3888773092774239	0	0
1.038888889	-0.1109527075820389	0.1051632357776758	-1.165819837825025	1.16738183	1.06955763	-0.09198413	0.3692635223711229	-0.001798586054256759	0.6894387830255551	0.2921207782185489	0.29212078	-0.1209019993945334	-0.1681260402051171	0	0.2418868455544018	-0.06193791881633635	-0.6227753910190305	0.00560097327808807	0.00560097	0.1745381446065611	-0.1322153239623927	0	0.6190361169953464	1.451018869915494	-2.063803876915588	-1.783751276246524	0.2975730883652093	-1.569841335686215	0.003184052325500611	0.303423003539563	0.02799293846126637	-0.6204919118323982	-1.270731781969663	0.6822496494890098	-0.9028608038780322	2.197845518643255	0.388287910192762	0	0
1.041666667	-0.1151715462478923	0.1165772154033597	-1.167496160947185	1.16734334	1.06867449	-0.09171177	0.3840947568393785	-0.000778547222484595	0.6895689886020111	0.2962610009717072	0.296261	-0.1286662829731943	-0.1733711715665183	0	0.2564597358631784	-0.06338987288183615	-0.6185764972777372	0.005746959074443109	0.00574696	0.1755414876187086	-0.1325698059185263	0	0.6362208536088902	1.452071103265181	-2.067127821394893	-1.785629248601807	0.3006814506479729	-1.569844724592023	0.003149000354534033	0.3082769148112737	0.02128030215073004	-0.6172889886579591	-1.276900372448815	0.6828642575857887	-0.9044014178770066	2.20637526540913	0.3864521186057746	0	0
1.044444444	-0.1147482370581733	0.1165443026824573	-1.16762903111781	1.16738182	1.06841652	-0.09124746	0.3833720426996652	-0.0006630744938433981	0.6896413509999962	0.2960085783653144	0.29600858	-0.1343208120284457	-0.1758743524503259	0	0.2563132210575271	-0.0634535252141893	-0.6170845552756132	0.005700133985007203	0.00570013	0.1758108849483405	-0.1317375678303943	0	0.6374277667635356	1.451585427701702	-2.067875264406646	-1.788429848425453	0.3028138588469416	-1.569841959117823	0.003105380213203564	0.3146074526463891	0.01461207120515465	-0.6148209436954553	-1.290608226616689	0.6856303690052836	-0.9140365495514775	2.22368756325078	0.3776574163732141	0	0
1.047222222	-0.1136742354384563	0.1178411488137335	-1.167987626116859	1.16752051	1.06810184	-0.09071081	0.3830820120876163	-0.00276969650031144	0.689670937821476	0.2952711612229164	0.29527116	-0.1308431712372159	-0.1730127395812215	0	0.2564877367039669	-0.06200605664486713	-0.6168151689415556	0.005648024038596259	0.00564802	0.1792749188036558	-0.1302459949654072	0	0.6383384113248525	1.450222544420182	-2.067820676092697	-1.790730209309275	0.304560732540791	-1.56983979665488	0.003084218794154834	0.3199230127554973	0.008518388163103003	-0.6122212764727413	-1.295757087187347	0.6856098285743827	-0.9166908408673898	2.23002836501816	0.3748085815831624	0	0
1.05	-0.1138165921716977	0.118005389532334	-1.169538451862754	1.16751767	1.06794947	-0.09015952000000001	0.3812733966733459	-0.003794014879409494	0.6896178632315876	0.292273969083122	0.29227397	-0.1305659852012641	-0.1716462361377677	0	0.2574109085405229	-0.06367432088373966	-0.6140956958612668	0.00564923320270204	0.00564923	0.1792012802209215	-0.1294801731130318	0	0.6372523119554252	1.45135742975646	-2.066576933523775	-1.79267847165859	0.305919792504051	-1.569838276298569	0.0030598381153008	0.3252476403736685	0.00250703439626303	-0.6096020359060652	-1.308594977800774	0.6892471989316953	-0.9256141681062358	2.247150112000868	0.3663040111917474	0	0
1.052777778	-0.1133362173476896	0.119756433690431	-1.169586363768715	1.1676521	1.06764278	-0.08962311000000001	0.3820044128207121	-0.004659300427862153	0.6897129201458365	0.2915537751988486	0.29155378	-0.1379611850502034	-0.1751108258804498	0	0.2584768537204127	-0.06262385153832727	-0.6131671276411965	0.005608721318236449	0.00560872	0.1811270967633914	-0.1285718142349033	0	0.6413705058608965	1.450189737117167	-2.068630788118303	-1.794626847803373	0.3075911721556384	-1.569833879814183	0.00304049742372775	0.330306864499135	-0.003267311337604823	-0.6070937080462934	-1.309957583924008	0.6882813234261991	-0.9263433673658508	2.249216610109564	0.3666724456589874	0	0
1.055555556	-0.112428157444462	0.1205580450899149	-1.16960108230483	1.1676976	1.06726853	-0.08908715	0.3814361559564772	-0.006046365595233755	0.6897215181613305	0.29100756742812	0.29100757	-0.1368495923545239	-0.1736653056221716	0	0.2588767327375883	-0.06191319902000865	-0.6117740019925302	0.005570611006821602	0.00557061	0.1834268598719448	-0.1268138887671644	0	0.6419843556121155	1.448834188407296	-2.06887825102256	-1.796571086645163	0.3086253711926978	-1.569833853285178	0.003014856268087926	0.3353915041091692	-0.009194491714345464	-0.6046219275555914	-1.314762370460461	0.6889537853479573	-0.9298829474487728	2.255029918748186	0.3641256472518432	0	0
1.058333333	-0.109051129648622	0.117711978042991	-1.171517056761115	1.16790725	1.06742538	-0.08840628	0.3742028704767784	-0.01054339770108316	0.6895381278647102	0.287278361336226	0.28727836	-0.1263393218753082	-0.1667499198229518	0	0.2524717536428156	-0.05930715261887876	-0.6151688696713196	0.005516933231143591	0.00551693	0.1895106317127732	-0.1253953357656917	0	0.6334217989252311	1.448237339559255	-2.067007349345142	-1.797327965430452	0.3077188325184462	-1.569833695332881	0.002991466761716099	0.3387998094269354	-0.01351522636712167	-0.601887232935297	-1.310317943101865	0.6876872239953286	-0.9258907643954334	2.249668030095814	0.368931198067975	0	0
1.061111111	-0.1114659548098437	0.1212935697718049	-1.170824214280616	1.1677797	1.0667655	-0.08789123	0.3795466478475024	-0.007244390311597498	0.6897769815833663	0.2889375219377202	0.28893752	-0.1428141810712543	-0.1752315984758976	0	0.2583208827208741	-0.06160330394307814	-0.6106923078341352	0.005526328338507076	0.00552633	0.1894938379801776	-0.1230807047208393	0	0.64286718765367	1.448299959354822	-2.069361911952484	-1.799504372158133	0.3106118412428001	-1.569829012963564	0.002971667397615625	0.3442270746224285	-0.01949549442372022	-0.5999263946160567	-1.316047665304615	0.6870930242080262	-0.9302510234253843	2.257298188961183	0.36476568636662	0	0
1.063888889	-0.1105758742413725	0.1226133612231584	-1.170780023940218	1.16793255	1.0665058	-0.08736364000000001	0.3792482689765754	-0.00933740834921087	0.6898090055826136	0.2882632956626212	0.2882633	-0.135742081983965	-0.1710523485898684	0	0.2588692264255413	-0.06035230918204807	-0.6096980005660581	0.005464697446493577	0.0054647	0.1908772557584784	-0.1222338601467303	0	0.6437933070022668	1.447135547061858	-2.069171953981888	-1.800674304927521	0.3114195080621237	-1.569826766724816	0.002950162323237177	0.3484087266051072	-0.02451414854525713	-0.5974949038294065	-1.320009236330072	0.6880394248061298	-0.9334729263573071	2.263206916320808	0.3623751179658755	0	0
1.066666667	-0.1102221663387621	0.1234885230662493	-1.171169677771438	1.16805305	1.0662715	-0.08680001	0.3787184149409379	-0.01095212414130295	0.689777917777977	0.2878955111559947	0.28789551	-0.1231234708725668	-0.1636038870517449	0	0.2595624273966692	-0.06027848908507157	-0.608027308574196	0.00546794183904011	0.00546794	0.1927588536862173	-0.1208416021012352	0	0.6453493996282454	1.446788138576117	-2.069948862340205	-1.801503155331575	0.3120999719694364	-1.569824907949163	0.0029283038196852	0.3523733008186081	-0.02928504759441982	-0.5953737735989983	-1.322841594339321	0.6883624494714243	-0.934969989853588	2.267222978619908	0.3608223856223058	0	0
1.069444444	-0.1077649471300095	0.123596089278846	-1.171061248842592	1.16823835	1.06607052	-0.08611037000000001	0.3749476895605341	-0.01529584896911813	0.689710620325481	0.2838917911272337	0.28389179	-0.1164597439236591	-0.1576645698299188	0	0.2570250080398594	-0.0570943034164161	-0.6098287676149344	0.005390940355903072	0.00539094	0.1962433098136431	-0.1191693742196314	0	0.6429554280099924	1.444331325680014	-2.068972741577467	-1.80222522701559	0.3122237055159602	-1.569823234527476	0.002919392692123293	0.3555471529163612	-0.03353388847011496	-0.5930351468949249	-1.322764251120716	0.6881543268121056	-0.935400866267345	2.267242375685615	0.361529207841048	0	0
1.072222222	-0.1080728663196939	0.1242477416399327	-1.169875042274193	1.16830971	1.06577186	-0.08557732	0.3756294893428563	-0.01311929685551043	0.6898748802427034	0.2830456399724364	0.28304564	-0.1462769712049447	-0.1731684655365332	0	0.2587925898907509	-0.05795333859175152	-0.6051627090976757	0.005408390157764512	0.00540839	0.1961657669293721	-0.1183294228234032	0	0.6470268460443127	1.44361217410637	-2.070547987272124	-1.803332932164894	0.3136774036889815	-1.56981801581848	0.002896479137038485	0.3600506422168443	-0.03834409407936182	-0.5912359121017851	-1.329100429336375	0.6895735962712364	-0.9412227895020893	2.27735075548116	0.3560117791109298	0	0
1.075	-0.1059063355375853	0.1243102984291144	-1.168546441622505	1.16853184	1.06552297	-0.08500879	0.3729865674507574	-0.01611406909629689	0.6898040947496972	0.2807304800928207	0.28073048	-0.1445764688149256	-0.1705876166283473	0	0.2573954178707468	-0.05525498067928609	-0.6044023719424746	0.005325093621081381	0.00532509	0.1959524796662638	-0.1180288436158881	0	0.6470930524914932	1.440530567022908	-2.071167952482509	-1.804026523740708	0.3140766638124043	-1.569816229124925	0.002887357173702937	0.3634240734126947	-0.04234895171372923	-0.5892715820768433	-1.332878688430495	0.6906802233306608	-0.9445200316655695	2.282950819791774	0.3534699449437771	0	0
1.077777778	-0.1059686875996457	0.1257322228831031	-1.168965658538727	1.16867244	1.0652556	-0.08437347000000001	0.3725799371509692	-0.01803739994084606	0.6897804942330188	0.279464901360561	0.2794649	-0.1287359828714056	-0.1612408103792461	0	0.2588607052045343	-0.05544190858376735	-0.6022652511799926	0.005348032308907419	0.00534803	0.1977639712086086	-0.1165736208977652	0	0.6493047778764505	1.44068561579047	-2.07173754975961	-1.803897630826383	0.3141163454437448	-1.569814529523299	0.002865045757210067	0.3664935310847008	-0.04617193836059014	-0.5872235081873308	-1.327901513978494	0.6887216040230315	-0.9416019118420696	2.276743933647241	0.3578930408882547	0	0
1.080555556	-0.1041194524395619	0.1260634429164333	-1.167730529169664	1.1689851	1.06514672	-0.08377247	0.3701255214645941	-0.02085688475059744	0.6897823765706171	0.2763984568249755	0.27639846	-0.132152853392476	-0.161320698462433	0	0.2579256454068442	-0.05309889848527749	-0.6009595867726706	0.005325182981939084	0.00532518	0.1977255029301642	-0.1164553875818461	0	0.649793299373808	1.438172003597322	-2.071906730981723	-1.803892532719638	0.3144859356680154	-1.569811518481273	0.002847589846696246	0.3694340892101302	-0.04989442510939685	-0.5854042455664916	-1.334625722520103	0.6910964187328816	-0.947432022590868	2.286820839047718	0.3512925660677028	0	0
1.083333333	-0.1019904129005825	0.1259308698008469	-1.16707277740644	1.16927956	1.06500522	-0.08306179	0.3664042871640585	-0.02475565603704089	0.6897337276121128	0.2731326300644324	0.27313263	-0.1226496628498694	-0.1544487273792907	0	0.2557763736621098	-0.05053195758230193	-0.6010087399567958	0.005245272733070674	0.00524527	0.1992226268148373	-0.1154633012452422	0	0.6494652043525037	1.436092862323525	-2.072529327101423	-1.80339453460804	0.3140361288895926	-1.569807449944254	0.002829091276487283	0.3719340998778843	-0.05322446829270733	-0.5836485392848967	-1.328608003362948	0.6891003722357065	-0.9432892659687017	2.280338159639976	0.3563791710930075	0	0
1.086111111	-0.1013860148053948	0.1268402387010135	-1.165027189389381	1.1694753	1.06466175	-0.08260193	0.3657668065274323	-0.02695305890109046	0.6896483792663611	0.2726607649422583	0.27266076	-0.1000838597315998	-0.1408943913252245	0	0.2567645319606992	-0.04940934470319251	-0.5973560885437503	0.005268223289135623	0.00526822	0.2001197574662889	-0.114663568867231	0	0.6519576095735093	1.433731704815072	-2.073101287030732	-1.803566483224217	0.3143349734143641	-1.569805150996563	0.002817160729319426	0.375265099501625	-0.05663116389330444	-0.5818568064404808	-1.336990318850781	0.6921316923691615	-0.9507466737155051	2.292779178787595	0.3485499837809198	0	0
1.088888889	-0.09996172176507814	0.1275828886895748	-1.163380299499726	1.16973767	1.06450943	-0.08184139999999999	0.3632933465063911	-0.02950049540060913	0.6896074305259838	0.2683257957331687	0.2683258	-0.1066288254024897	-0.1425624700355975	0	0.2568852445168207	-0.04778113629425203	-0.5940955141770583	0.005299898222532517	0.0052999	0.2004506778265865	-0.113947963802627	0	0.6544165189591097	1.43118530451753	-2.073691648664476	-1.802811850154077	0.3148567793877547	-1.569803433418047	0.0027925681674942	0.3777854621047208	-0.05997182862684378	-0.5805321603558128	-1.339234896393716	0.6930728782725262	-0.9536401020170111	2.297448121985042	0.3460227931007243	0	0
1.091666667	-0.09803432831762911	0.1279076297116557	-1.160907355398012	1.17004989	1.06429197	-0.08119926	0.3606868039081549	-0.03262892809710596	0.6895549884434162	0.2656944593366445	0.26569446	-0.1001908817505358	-0.1373717784606257	0	0.2556568824873988	-0.0446979252532073	-0.5924887422510566	0.00524416689245661	0.00524417	0.200081351147033	-0.1139434851132334	0	0.6558018620101083	1.427804602280016	-2.074205773967428	-1.802126444172454	0.3147623453815159	-1.569799125072788	0.002783706956348899	0.3803438955747904	-0.06305266270398023	-0.5791729703655236	-1.338133677935111	0.6926493275292387	-0.9541729370750109	2.297433850602281	0.3460825800523831	0	0
1.094444444	-0.09608476866508096	0.1278567938555987	-1.158748062845377	1.17038807	1.06414341	-0.08050562	0.3571583639127824	-0.03565532448220807	0.6895566679737554	0.2616382296810739	0.26163823	-0.1021863762000684	-0.1363925244828141	0	0.2539359721369692	-0.04197790797925755	-0.5908402351393166	0.005194435829816134	0.00519444	0.2007094567475821	-0.1133492764247518	0	0.6569019641561242	1.424736782774046	-2.075033956783042	-1.801067221651777	0.3143627459660864	-1.56979518010508	0.002774780295356649	0.3825732320300321	-0.06570151679567378	-0.5777559577916487	-1.336902154416281	0.6928318889689973	-0.9542449538978043	2.297471151779055	0.3469944035836097	0	0
1.097222222	-0.09344980512530525	0.1274299049955838	-1.155078119408235	1.17081898	1.06390717	-0.07997081	0.3530393741371723	-0.03987248780651244	0.689502920908506	0.2580562539798246	0.25805625	-0.08748092464394426	-0.1259684741413116	0	0.2516231675791789	-0.03803016362666778	-0.5885571839074168	0.005149494474241905	0.00514949	0.1998578294477239	-0.1135512885118263	0	0.6579626714283958	1.420196430723497	-2.075780867992973	-1.800194556502181	0.3142963733635612	-1.569791742679118	0.002755394574288898	0.3851074359667609	-0.06826612140091262	-0.5767785676509454	-1.337672895653687	0.6931712527086172	-0.9563874012306305	2.300539168681763	0.3447725778037382	0	0
1.1	-0.09206029213365774	0.1281272013818016	-1.152285174075089	1.17114559	1.06363643	-0.07928549	0.3503142835401528	-0.04285518498686896	0.6894595849067778	0.2535770135858371	0.25357701	-0.08803614826198992	-0.1236828543083516	0	0.2510261468162065	-0.03553832109981288	-0.5861114840462603	0.005141913811168793	0.00514191	0.201341634899408	-0.1123285883304979	0	0.6605816330914577	1.41704491290605	-2.076390026648228	-1.7987914163288	0.3141270001552294	-1.56978728702807	0.00274573958739979	0.3870211174094745	-0.07060548882272064	-0.575689458461223	-1.335160065018978	0.692587666443029	-0.9557044027561781	2.299278075271148	0.3464749180254595	0	0
1.102777778	-0.0899502107100793	0.1272682728460835	-1.148724751095707	1.17161472	1.06339688	-0.07858252	0.344811103328982	-0.04713372630497821	0.6891933729775638	0.2483628197562237	0.24836282	-0.06691704664083625	-0.1093448532028352	0	0.2488767097887919	-0.03288506493867994	-0.5818547834293447	0.005153985730006062	0.00515399	0.2040073911086437	-0.1106631941110474	0	0.6620823361228279	1.413035493330084	-2.077309579195514	-1.79772423126701	0.3139797371269277	-1.569782739223639	0.00273043776224878	0.3891248308247441	-0.07268335618069621	-0.5746696531545048	-1.335850028927942	0.6935205625560456	-0.9579875484103904	2.301684496322955	0.3454999425477763	0	0
1.105555556	-0.08664042695966014	0.1266906341389873	-1.144324679011123	1.17215211	1.06316204	-0.07775168	0.338965305037268	-0.0522549817009887	0.6892101070198989	0.2422558804149044	0.24225588	-0.06069433053452004	-0.1027833810805446	0	0.2450297599458341	-0.0277623165880273	-0.580327897317602	0.005094572104274298	0.00509457	0.2065174018148802	-0.1093474111573869	0	0.6629177723522812	1.407350032328098	-2.077511615019067	-1.796129796898958	0.3137871581953944	-1.569778369268257	0.00272184411007781	0.3908329681575761	-0.07465877236251389	-0.5738320956518785	-1.333867726025962	0.6929211379510943	-0.9569994662081563	2.302056720074535	0.3455612666109072	0	0
1.108333333	-0.08357180460223403	0.1261398029910702	-1.139452409144609	1.1727113	1.06295593	-0.07702315	0.333711607599898	-0.05692671061845431	0.6891726096681174	0.2375823094769462	0.23758231	-0.04422674482369877	-0.09097592605071066	0	0.2424589979935271	-0.02359988260027527	-0.5760872404653024	0.005072024195667783	0.00507202	0.2052120616897332	-0.1093306898559553	0	0.6647782624425793	1.40143752318905	-2.078262003972064	-1.794674639630681	0.3138765262089465	-1.569772137919229	0.002716135138094537	0.3925933206801728	-0.07629244627000699	-0.5729670464210067	-1.338416044457348	0.6952549941467234	-0.9622093974201376	2.310222440027663	0.3400838933616552	0	0
1.111111111	-0.08041901862855244	0.1257410045072345	-1.134228059418612	1.17343383	1.06266552	-0.07618233000000001	0.324641662231909	-0.06528027861364522	0.6886512768534869	0.2241071771624672	0.22410718	-0.0235340747862959	-0.07237773105178072	0	0.2395030985985057	-0.01895682473003096	-0.5707556140768308	0.005162672931824939	0.00516267	0.2158362550452143	-0.105225835501957	0	0.6673721688570311	1.395447940310234	-2.079144424639514	-1.792767815586599	0.3138204604737859	-1.569772051176365	0.00270285248435516	0.3940691445666545	-0.0778614696913477	-0.5722671217434684	-1.332508930131018	0.6934282121238676	-0.9588074423083217	2.305500310015657	0.3442999986673671	0	0
1.113888889	-0.07853581133271029	0.1252072665904126	-1.128316371456976	1.17396118	1.06235173	-0.07552167999999999	0.3216015093361755	-0.06714808058631172	0.6886625382414197	0.2234830854701318	0.22348309	0.001860409107020902	-0.05766054512349668	0	0.2375185337498149	-0.01541555761185392	-0.5672888081150645	0.00507571923222718	0.00507572	0.2051136013834429	-0.1083332720620853	0	0.6706962089803794	1.39008105041689	-2.079636024897672	-1.790980416743782	0.3140535849746394	-1.569763230631392	0.002685203540426067	0.3965080193177711	-0.07955613796927609	-0.5717850438271762	-1.338389777077573	0.6959958152047615	-0.9648858865316084	2.315686889462869	0.3381785809472379	0	0
1.116666667	-0.07513109004856301	0.1242712527957534	-1.121820050381268	1.17468875	1.06203734	-0.0747231	0.3145175500384872	-0.0723189314328798	0.6885611066866106	0.2160921630741233	0.21609216	0.01292517819451097	-0.04762473733998083	0	0.233328508200984	-0.009880048492415503	-0.5637123038464873	0.005057378788848448	0.00505738	0.2074984266037508	-0.1072777060061912	0	0.6729840445088248	1.383140950929995	-2.080375690373212	-1.788865325701651	0.3139800757208026	-1.56975626345155	0.00268150379147769	0.3979873478253909	-0.08064171182006553	-0.5712092588342786	-1.331001314199546	0.6935441220574865	-0.9609224471311871	2.309007637461199	0.3430794916667766	0	0
1.119444444	-0.07338695547444168	0.1241652860028832	-1.115365625061588	1.1752834	1.06169811	-0.07396069	0.3095389550630079	-0.07568461249418675	0.688493757397836	0.209117573088682	0.20911757	0.01614193676846348	-0.04255393312946019	0	0.2308756327676738	-0.005843233530378218	-0.5606694106092952	0.005037896900138912	0.0050379	0.205509416925054	-0.1070876064893933	0	0.677286817105604	1.37763475618614	-2.080997485561318	-1.786218595675657	0.3138961297471048	-1.56975168231133	0.002672721992813355	0.3998580227845391	-0.08191234572397076	-0.5707337986829114	-1.323156068985676	0.6911381671831223	-0.957045741169812	2.302233090656903	0.3486223453062404	0	0
1.122222222	-0.07089035570364462	0.1230450085488458	-1.107574627473396	1.17603773	1.06126063	-0.07319043	0.3026610467188162	-0.08006999676045072	0.6881597792206889	0.2022525239813531	0.20225252	0.05500027273877073	-0.01648575633366377	0	0.2273618729111728	-0.001497395283371799	-0.5549839375645377	0.005031484211401234	0.00503148	0.2075351050470473	-0.1057613246821504	0	0.681259835396559	1.370301535073334	-2.08162881146887	-1.784225833539069	0.3144545008919235	-1.569742897371073	0.002661177337943113	0.4019824921788722	-0.08293218192301677	-0.5703486717121724	-1.332437096916862	0.6951574696859779	-0.96537392020944	2.31796218898943	0.3392116514544029	0	0
1.125	-0.06866670692736941	0.1227962315861946	-1.101498638928367	1.17676394	1.061048	-0.0722748	0.2927740074846147	-0.08502415555560575	0.6862727908435552	0.1840606491372032	0.18406065	0.4134067477795931	0.2115865580855211	0	0.2251451946308642	0.002320885083161098	-0.5496340075591346	0.005062697505210975	0.0050627	0.2068464724752365	-0.1059556393436249	0	0.6849935435652584	1.364289416677749	-2.081867150315397	-1.780921202349667	0.3143413592250313	-1.569740649212463	0.002663035240931861	0.4028398406680185	-0.08304573810560634	-0.5695298794660648	-1.335597629534428	0.6976959495048413	-0.9687676572639399	2.326832216839979	0.333412696578082	0	0
1.127777778	-0.06509505310331637	0.1214943540197506	-1.091797875718171	1.17761163	1.0606476	-0.07147763	0.285813439299851	-0.08847853494763075	0.6860554682046833	0.178018701493905	0.1780187	0.4063241974862099	0.2104755444900875	0	0.220392820855448	0.008314111336791084	-0.5437663792127355	0.005046231196383036	0.00504623	0.2063734940075325	-0.1056414832198585	0	0.6889663306000875	1.354993335456297	-2.082467259787547	-1.778265181412466	0.3149273105862888	-1.569731269114931	0.002651934946889178	0.4047809892298354	-0.08373446736865774	-0.5692695737310396	-1.337396247179144	0.6993033628393429	-0.9725919939229771	2.332502651604303	0.3305494364672296	0	0
1.130555556	-0.06115461417537666	0.122218680320094	-1.080253715997838	1.1786147	1.06006961	-0.07064988	0.2795252431523889	-0.09418095863008363	0.6857116821498047	0.1697145903701291	0.16971459	0.3943992222819893	0.207417672488189	0	0.2171564439080385	0.01597996969027963	-0.536551829493491	0.005040247160509648	0.00504025	0.2065726908785236	-0.1054725313340082	0	0.6957123100297199	1.343019787389928	-2.083364785930607	-1.775437660932306	0.3156404474062647	-1.569723702589025	0.002650236217928211	0.4067815299498343	-0.08468328594590717	-0.56887343251099	-1.331477539328725	0.6976896753952462	-0.9704813553903016	2.329290566498488	0.3349331698265541	0	0
1.133333333	-0.05918156919788076	0.1205522670028932	-1.071427385257639	1.17937878	1.05975732	-0.06987520999999999	0.2712975311986252	-0.09828544227614877	0.6854636930287779	0.1599819199232129	0.15998192	0.3612543680512096	0.1900491645726491	0	0.2113383822142642	0.02052031283964898	-0.5345953017884372	0.004991965419280027	0.00499197	0.210018093169541	-0.1030903068288187	0	0.6993311043242046	1.336244633734651	-2.083598408373896	-1.771478688876638	0.3150006077826215	-1.569712307334339	0.002641010058436319	0.408706369282456	-0.08487331669673261	-0.5684026817815433	-1.324991984840105	0.6965386611222849	-0.9677252886897176	2.326260206296122	0.3376758578802897	0	0
1.136111111	-0.05987609679377312	0.120508030236738	-1.059065119554661	1.18010165	1.05906699	-0.06933950999999999	0.2693649541232977	-0.09693015431846823	0.6854181856629272	0.1569948007766636	0.1569948	0.3414061710345282	0.1796412897681212	0	0.2114026916630807	0.02258544540273739	-0.5241197733097129	0.005048744645038832	0.00504874	0.2080889817945092	-0.1029005600430625	0	0.7096979761086155	1.328312895239039	-2.084216516379424	-1.768473117585638	0.3166621631503821	-1.5696981267087	0.002624737306622425	0.4126064415373239	-0.08639510365453273	-0.5682729765909839	-1.335735696597434	0.7012776447316798	-0.9798460203719079	2.346107241970719	0.3256207544176988	0	0
1.138888889	-0.058282149896181	0.1202328806509575	-1.046407623903791	1.180919	1.05841845	-0.06868921	0.2645751206952118	-0.09871059750061759	0.6852030567283922	0.1511690495112709	0.15116905	0.3156228300527951	0.1667142098628572	0	0.2081024902938538	0.02772869473984981	-0.5177480223168385	0.00505154746928461	0.00505155	0.2067816856788695	-0.1023650762733899	0	0.7174074596648894	1.318106687469992	-2.084677601650006	-1.764593900619068	0.3171107181786654	-1.569682893824054	0.002615272037023009	0.415572836644335	-0.0873672237735597	-0.568241968722427	-1.335460095844042	0.7021900651655106	-0.982575957922793	2.35204748491518	0.3234842178169175	0	0
1.141666667	-0.05579077895728999	0.1184710796796145	-1.033537153054684	1.18188253	1.05786831	-0.06789025999999999	0.2562872638227597	-0.1020184900122593	0.6851328681379903	0.1423975339778231	0.14239753	0.2569127029092777	0.1341419663946646	0	0.2027568000422696	0.03279045186165981	-0.510378274778914	0.005048830515238031	0.00504883	0.2074885037088215	-0.1011604273343831	0	0.7228667006885425	1.307440005121069	-2.085034443465821	-1.760377933543433	0.3168382406919696	-1.569667003997478	0.00261782388292235	0.4180731084133454	-0.08804581459351918	-0.5677825392457063	-1.32975565613177	0.7013978314200976	-0.9814155176501405	2.350036763689655	0.3258498934592055	0	0
1.144444444	-0.05674927398897833	0.1222734958759114	-1.018347057599202	1.18274782	1.05689612	-0.06727805000000001	0.2575456449917171	-0.1022252600414077	0.6845863809400485	0.137677544088546	0.13767754	0.2594889151757728	0.1399774049355376	0	0.2049165955987948	0.03787190729300659	-0.5012991482809278	0.005100124869289518	0.00510012	0.2045169598805169	-0.1013357318696448	0	0.7380267637399871	1.295300397703019	-2.08563686672096	-1.755943052263181	0.3184597184131828	-1.569651172115833	0.002613753251507924	0.4206286001309608	-0.08952631735865969	-0.5674576587718182	-1.336086545127131	0.7050873352857659	-0.9880363592413328	2.365727845958546	0.3176392194095997	0	0
1.147222222	-0.05713725265318211	0.1239459368622169	-1.003047957605286	1.18372493	1.05604072	-0.06651952	0.2553508540128931	-0.1028567227827731	0.6842904846254495	0.1315687061780663	0.13156871	0.215764777180094	0.1164428116119209	0	0.2036293527926617	0.04282127428670027	-0.4939685786723216	0.005105891786203957	0.00510589	0.2045955743969486	-0.1001350231859574	0	0.7503916179407794	1.283396253701552	-2.086048178517401	-1.751103693546773	0.3192336921748954	-1.569634169816392	0.002603935076333755	0.4231151756031991	-0.09085452426406751	-0.5668365472291805	-1.332302430802436	0.705112838560395	-0.9888515646612945	2.367708367228425	0.3178973897342851	0	0
1.15	-0.05567108514985284	0.121043779296457	-0.9881569742335492	1.18467953	1.05553026	-0.06575818999999999	0.2478089517354081	-0.1024403669847941	0.6839567295013808	0.1249472926424781	0.12494729	0.1737554775343771	0.09437234131294767	0	0.1963328965169504	0.04722227855163787	-0.4881495528586686	0.005053527719853922	0.00505353	0.2038721874328087	-0.09943130939861299	0	0.7566142802909546	1.27263507887786	-2.086198173335048	-1.745803766700841	0.3188806639034957	-1.569607427881593	0.002600632738856056	0.4259881542309252	-0.09188815903617978	-0.5664323722585841	-1.331077976739742	0.7069070906130532	-0.9921910479814633	2.373563904282832	0.3148025371725967	0	0
1.152777778	-0.05970842458333035	0.1267210896108359	-0.9701989216728878	1.18569355	1.05435054	-0.06507657	0.2510181523355677	-0.1020293810413247	0.683383861651795	0.1169931184629307	0.11699312	0.1449110838627168	0.08188098407717459	0	0.2021475460920371	0.05083555324236322	-0.4759564339948178	0.005176200629791297	0.0051762	0.20125387450863	-0.09888902617524038	0	0.7770125033351692	1.259262930937625	-2.086716199623411	-1.740512108875839	0.3207822379971883	-1.569588554240128	0.002595534283045131	0.4281406183573945	-0.09365993351700033	-0.5654294533614448	-1.334698477442637	0.7102596218401769	-0.9990430556395554	2.386423221605355	0.3075675704172294	0	0
1.155555556	-0.06215249989201911	0.1287058351011043	-0.9517951345360143	1.18659653	1.0533415	-0.06441419	0.2514504854011183	-0.09957493411355593	0.6827067794944409	0.1117718091004899	0.11177181	0.1110229567353659	0.06600296884234777	0	0.2026819728903147	0.05444949744138962	-0.4655174855228202	0.005214417929889292	0.00521442	0.1989862752001968	-0.09843975521289799	0	0.7920210110700829	1.245730993217449	-2.087023073535406	-1.73493665021702	0.3219398035380299	-1.569563235970399	0.002597019383705652	0.429945654101369	-0.09452808908487498	-0.5647800975045879	-1.336457776309964	0.7137486461923868	-1.005146961075036	2.397253889331209	0.3017648492949156	0	0
1.158333333	-0.06513438881039904	0.1305841120163424	-0.9335048217257885	1.18767064	1.05241211	-0.06366777999999999	0.2508461232597132	-0.09777279701240307	0.6819562425375228	0.1046262901202216	0.10462629	0.07724527858093723	0.04906093788911919	0	0.2025379017201491	0.05794212293144528	-0.4570200571932374	0.005259480236780682	0.00525948	0.1961264059150153	-0.097585276045042	0	0.8078057688251196	1.23292583607961	-2.087218207628964	-1.728565097493548	0.3219120562935817	-1.569533859286561	0.002580955896869072	0.4331616035406803	-0.09732287102799241	-0.5636423405780917	-1.333457365957562	0.7151759197314671	-1.007435594393482	2.402093476336683	0.2992819583872613	0	0
1.161111111	-0.07078243798173653	0.1347680893011835	-0.9137279669621445	1.18870102	1.05131407	-0.06288096	0.2554827550021846	-0.093119019329893	0.6816299467761442	0.09817483133667193	0.09817483	-0.0289684195608339	-0.008090577769243133	0	0.2066149805553653	0.06038767147255565	-0.446216192663239	0.005364358467796424	0.00536436	0.1939094511745532	-0.09659607857741596	0	0.8284894739788196	1.219422363108737	-2.087524518846808	-1.721979831123033	0.3231071076670317	-1.569505875899065	0.002570502770913028	0.4345829534322793	-0.09908518181000986	-0.5623369365738943	-1.330397702724252	0.716220272395983	-1.008233090481123	2.407057801849263	0.2966433254672661	0	0
1.163888889	-0.07568629760957955	0.139228735655452	-0.8932676440559463	1.18968945	1.05016673	-0.06215305	0.2588474700237506	-0.09112989585572893	0.680480456350153	0.09149145861263794	0.09149146	-0.0361064414793003	-0.008692397489526837	0	0.2087018861008723	0.06512557175608383	-0.4385194690345935	0.005371173105860835	0.00537117	0.190607407086702	-0.09710191251922284	0	0.8476406929573389	1.204083840315809	-2.087752336499539	-1.714709461585519	0.3229191550797467	-1.569478741265185	0.002569933269978102	0.4352459753917122	-0.10026603702439	-0.5606931612242894	-1.319701503192486	0.7156913648523989	-1.004666480484075	2.403607179103921	0.3007540807794654	0	0
1.166666667	-0.08398607577895449	0.1414967541919714	-0.8709074602712492	1.19065405	1.04895196	-0.0616289	0.2647088581199422	-0.08262794799604803	0.6792432446287588	0.08629065878877026	0.08629066000000001	-0.1024369627200881	-0.0431534258022522	0	0.21355117731152	0.06504594704308103	-0.4249639410951811	0.005483238253670438	0.00548324	0.1857600612200385	-0.09614607475132067	0	0.8695189236167853	1.19047061859811	-2.087968057973355	-1.708353978108471	0.3244398320081425	-1.569436815489492	0.002566871438871329	0.4374219093096989	-0.1021142742052075	-0.5590186562116104	-1.326047940278956	0.7215705746801155	-1.01484984468574	2.421832165811041	0.2879569469201977	0	0
1.169444444	-0.08934147686796383	0.138713944334858	-0.8522971924808174	1.19161685	1.0481844	-0.06062288	0.2658837217935332	-0.07292969736184338	0.6789938571499352	0.08729921597205818	0.08729922	-0.09733166801102124	-0.0418698429515606	0	0.213692170069951	0.06232493458239179	-0.411549615004644	0.005575789747778119	0.00557579	0.1778049834835373	-0.09493983319937147	0	0.8838612601201636	1.180997111044624	-2.088220365388016	-1.69977409902876	0.3223895186866669	-1.569382482168147	0.002574888259724514	0.4392999849884744	-0.1037884160148691	-0.5571237812151858	-1.305396290365897	0.7167724404661071	-1.005104315351027	2.403352744481966	0.3009678480081179	0	0
1.172222222	-0.1030845200151508	0.1503395875438471	-0.8248872346558886	1.19266687	1.04640757	-0.06052799	0.2806435057983377	-0.07203715081767212	0.6739471653611626	0.07771556697266506	0.07771557	-0.1050933883991426	-0.04052659794025174	0	0.2259995111340339	0.0680383985195611	-0.4032078169863298	0.005692100059927348	0.0056921	0.1781747658685586	-0.09560435177863795	0	0.9177128405765766	1.160583411293268	-2.088304102096737	-1.692714325456649	0.3252537160393276	-1.569368075347837	0.002553237450353524	0.4382419805330823	-0.1041503212053773	-0.5546714977975579	-1.315193840460696	0.7257363464355291	-1.01765913677266	2.427078122713178	0.2837627708038726	0	0
1.175	-0.1146443018285524	0.1558889751724315	-0.8012232784007789	1.19375415	1.04513365	-0.05992634	0.2900026281378386	-0.06812861633392595	0.6692299838811848	0.07160125920030967	0.07160126	-0.1091569458195778	-0.04120632060623113	0	0.2335030419988481	0.06981433211998916	-0.3942421333990647	0.00570095428975564	0.00570095	0.1742209144343832	-0.09570624183144136	0	0.944480179864627	1.145206602085203	-2.088419041976358	-1.683703209901757	0.3246669396609327	-1.5693334523788	0.002550858915648906	0.4374109545761158	-0.1050324388836691	-0.552112660981898	-1.307342634772897	0.7272328575351018	-1.015755882625029	2.427209411790034	0.2832495556901262	0	0
1.177777778	-0.1291045243273287	0.1581299648420228	-0.7761822713284795	1.19445249	1.0437983	-0.05963433	0.3026256936785536	-0.0569828456431862	0.6657384399716666	0.07031198360919684	0.07031198	-0.1220523602162228	-0.04819700287644173	0	0.243867816072031	0.06657397878894479	-0.3795573139036272	0.005962625744920618	0.00596263	0.1656866249255311	-0.09602363850802986	0	0.9714189279385157	1.131507779996208	-2.088566263640356	-1.675673419506899	0.3253985321160179	-1.569286978624142	0.002544732460908556	0.4374830536039169	-0.1053937860924155	-0.5492354947856976	-1.302651322388559	0.7308095274354252	-1.018556689095659	2.43278888278627	0.2794137253398328	0	0
1.180555556	-0.1429168888108122	0.1610763609192671	-0.7501653642775922	1.19537289	1.04251677	-0.05935319	0.3135654827053681	-0.05004198728713229	0.6592690114526712	0.06619238000128874	0.06619238	-0.13122535104498	-0.05257799414897842	0	0.2522601973972594	0.06615588708649173	-0.36796494853842	0.006104011376966176	0.00610401	0.1585856771165026	-0.09686793525049682	0	0.998065954699909	1.115618096711733	-2.088631040662879	-1.666422271088909	0.3245775042776715	-1.569246614045466	0.002538721197898837	0.436437865973887	-0.1055897795860974	-0.5464754312811266	-1.294791944894669	0.733361753467477	-1.018015916280221	2.434130735722968	0.277760418049051	0	0
1.183333333	-0.1598158799446866	0.1652172252554584	-0.7217246066188552	1.19624304	1.04103051	-0.05915002	0.3274142140908767	-0.04381975708047983	0.6496354329467018	0.06181901250145769	0.06181901	-0.1359174006563936	-0.05519263263148295	0	0.2645167177896499	0.06509937157148458	-0.3540436971516948	0.006344315987829463	0.00634432	0.1507293410333672	-0.09766082803223525	0	1.029149360932184	1.097639377707399	-2.088785545062247	-1.657411880892854	0.3246004159128941	-1.569211144591742	0.002538534796734724	0.4344969800841225	-0.1052510583021751	-0.5434565303870301	-1.287484545404548	0.7361344512359702	-1.01784604792198	2.435211577462556	0.2753744021651274	0	0
1.186111111	-0.1766993952440836	0.1676236018013699	-0.6928137371957107	1.19712493	1.03962583	-0.05898559	0.3402605711219724	-0.03726551707901069	0.6379637982175276	0.05667445538913676	0.05667446	-0.1659834813457517	-0.07135358912547005	0	0.2751277150597226	0.06384059124572722	-0.3407011800152372	0.006523456407721236	0.00652346	0.1448062208160655	-0.09795521062277403	0	1.058587829949171	1.079112808752043	-2.088871970101615	-1.647826970893076	0.3234303150682989	-1.569170296905928	0.002540462163827702	0.4320134428810461	-0.1048688704658966	-0.5402377912134425	-1.278884770094963	0.7393224801196386	-1.016678489847572	2.434605204178254	0.2743980169850074	0	0
1.188888889	-0.1951279782736401	0.1699510636342184	-0.6633195399902403	1.19785958	1.03821725	-0.05878842	0.3528225977863563	-0.03378256280740619	0.6203451233591201	0.05238305867388902	0.05238306	-0.1517715150033778	-0.06509382875484609	0	0.2857644562853279	0.06275770171132733	-0.3304654040997338	0.006666983209693139	0.00666698	0.138925377360169	-0.09861598424906452	0	1.089119330957907	1.05990352214571	-2.088959348963418	-1.637735323918136	0.3213436732420418	-1.569137522938701	0.002539181964821364	0.4284876248938089	-0.1040694862810712	-0.5366499347998115	-1.262728417255944	0.7398737032685058	-1.010543182622723	2.423526863585034	0.280420480470668	0	0
1.191666667	-0.2167982845431708	0.1712749346181655	-0.6305438293539758	1.19853353	1.03668432	-0.05900714	0.3678714207071288	-0.02909160996089449	0.5992193486461044	0.04737118602916075	0.04737119	-0.161002875925507	-0.07126310357759794	0	0.3029557120526938	0.05931026366827043	-0.310942681317952	0.007043815677694909	0.00704382	0.1212110598550156	-0.1025692811921366	0	1.123062779612026	1.038951148162808	-2.089080103058376	-1.627756996110074	0.3200964049334977	-1.569100198723582	0.002538294464896724	0.4251810151991674	-0.1036593536290731	-0.5334095003109568	-1.260192287697452	0.7461592887524727	-1.01417457121309	2.430887881858704	0.2729583359002747	0	0
1.194444444	-0.2288152621609165	0.161712419287086	-0.6060985300334526	1.19925169	1.03603298	-0.05890792	0.3706324708463259	-0.01726397421251852	0.5901291845113956	0.04304760107918311	0.0430476	-0.158765054028508	-0.07234268676026286	0	0.29971846313879	0.05325510091547493	-0.3061890196640807	0.007032836334969388	0.00703284	0.1194116971292417	-0.1008880221043184	0	1.139192340774362	1.026735874438499	-2.088884663357665	-1.615964361019985	0.3153515723767135	-1.569015314286345	0.002567447397524487	0.4232972912858667	-0.1024005975633923	-0.5303480332798651	-1.250165021729828	0.7511750241599014	-1.016552634329744	2.43079997014788	0.2691213782418174	0	0
1.197222222	-0.2630000563402641	0.1702564828142822	-0.5632495367766379	1.19960226	1.03369561	-0.05936635	0.3973248372474288	-0.02199608541345074	0.5469986806418087	0.03869154619833429	0.03869155	-0.153050369233527	-0.07254341620487008	0	0.3350808714560968	0.05182845534585952	-0.2760044787660009	0.0079342472318786	0.00793425	0.1103754764093232	-0.1014657280065906	0	1.190773855767542	0.9944164122418603	-2.08927004183035	-1.60647867578071	0.3145659881612178	-1.56903254051153	0.002546098704647017	0.415904995141204	-0.1018962220187084	-0.5264637595708533	-1.240512834174308	0.7541092716983543	-1.010870895242388	2.424856816343292	0.271318274611318	0	0
1.2	-0.2757487536475975	0.1587600931046422	-0.5389772753322769	1.2001927	1.03308024	-0.05932867	0.4012760603902837	-0.00921307266409512	0.5380151838751319	0.0343790051682645	0.03437901	-0.150087734961988	-0.07392980418449192	0	0.3324044443038144	0.04442361272733598	-0.2719099169676675	0.008073125523920742	0.00807313	0.106041168854553	-0.1012937404695723	0	1.206315452331329	0.9816820748054805	-2.089075469383745	-1.594061320854287	0.3079323094988441	-1.568945008235285	0.002587999173065495	0.4118872801898359	-0.09879569172643027	-0.5228892844220645	-1.229617390647661	0.7606716468539999	-1.01364668957404	2.423014190745085	0.2679073284358606	0	0
1.202777778	-0.3173844945393905	0.1662571140658793	-0.4912782550340019	1.20005387	1.03063004	-0.0603277	0.435805445395828	-0.01450445664693763	0.4903958867264295	0.03145302385821492	0.03145302	-0.1375131647908029	-0.07147060036184687	0	0.3766053654104335	0.04349539112965518	-0.2393819685596271	0.009122362841414143	0.009122359999999999	0.0768741346645665	-0.109389800317996	0	1.264337475563266	0.9449349964361347	-2.089425683486259	-1.58379632306565	0.3056148262369281	-1.568978789432023	0.00257303384739427	0.4021434523766105	-0.09714069862212407	-0.5190436629492003	-1.215457903214302	0.7622389762587687	-1.004070885131503	2.410963599133144	0.2738369493064943	0	0
1.205555556	-0.3435475048472916	0.1600993507367419	-0.4561466975771321	1.20021101	1.02925133	-0.06059953	0.4522932580764165	-0.009720818963163406	0.459586654964482	0.02848151388929783	0.02848151	-0.129790064175705	-0.07242889258627613	0	0.3956981568742485	0.03768643499312151	-0.2193331152276341	0.009812386789704662	0.009812390000000001	0.06471815448733595	-0.1121156747423825	0	1.297453465538876	0.9195435775155173	-2.089466859119439	-1.572229449979498	0.2989067391270871	-1.568947409633803	0.002593633095890933	0.3941365285874814	-0.09397041659535584	-0.5153102912799806	-1.203381514239753	0.7680494089438495	-1.001249327219666	2.402181542334612	0.2752309039865553	0	0
1.208333333	-0.3559626622296531	0.1447455100616337	-0.4336003150865152	1.20073038	1.02880853	-0.06064259	0.4570812906737802	0.00417165421312446	0.4490549670264163	0.0255809557432645	0.02558096	-0.1265049695038187	-0.07479828665253545	0	0.3935888074417583	0.02806409466220555	-0.2143112139210238	0.01004443965839745	0.01004444	0.06148587539847716	-0.1116282128344138	0	1.311085241328255	0.9072151451946215	-2.089224880912356	-1.558285397087826	0.2889615854902491	-1.56883512893783	0.002632424958378684	0.3875468231465459	-0.08904523899243016	-0.5119077652709665	-1.191490376257339	0.7769741062661583	-1.004779871558518	2.398018304273674	0.2721254145157405	0	0
1.211111111	-0.3996910696497482	0.1438249024628147	-0.3839165299248172	1.20007035	1.02655934	-0.06170752	0.4908376084416253	-0.0003714397496789568	0.3955567981202734	0.02384992073784401	0.02384992	-0.1127083655180136	-0.07458768580021186	0	0.4398650627354768	0.02573637015730467	-0.1771437970868788	0.01196149726601618	0.0119615	0.03404097032233701	-0.1195425394018089	0	1.365827473071237	0.8662463235824811	-2.089481757249934	-1.548026666776533	0.2821503771723503	-1.568874576869584	0.002656246259207454	0.3753206034152993	-0.08511553837724629	-0.5076193823902712	-1.17329351762551	0.7791380235922449	-0.9934397184875283	2.376956530609796	0.2810783451566942	0	0
1.213888889	-0.4129035454452323	0.1255271219123184	-0.3610031715386164	1.20027872	1.02607963	-0.06199978	0.4977144292711602	0.01457357517597511	0.3837056299230598	0.02124290864603899	0.02124291	-0.1085759503207313	-0.07758742716791167	0	0.4391295078593907	0.01446987190061182	-0.1713740564042423	0.01204381100779751	0.01204381	0.03055615378442062	-0.1185325582043843	0	1.379115318816074	0.8528783059639213	-2.089164330728215	-1.533948239065888	0.2703455073242044	-1.568747169055919	0.002721128699617418	0.3680178976391354	-0.07921266293207015	-0.5044909914071435	-1.160495685983608	0.789059727508852	-0.9977629966086236	2.371783771071158	0.2783954623805745	0	0
1.216666667	-0.4555570003902339	0.1185941435433043	-0.3121998561153305	1.19941108	1.02408342	-0.0630546	0.5304128970452522	0.01101492073872386	0.3298574331410344	0.02013963488770629	0.02013963	-0.09460393271658624	-0.0780363237571295	0	0.4855412104769077	0.01194832718601356	-0.1321150043568502	0.01536099792130488	0.015361	0.003724207119850402	-0.1266088748883094	0	1.429643962192659	0.8106579885067225	-2.089302778447531	-1.523579345666604	0.2603101987048547	-1.568767217478503	0.002763753130609624	0.3538909721154991	-0.07310594175690732	-0.5003729886152253	-1.137130352421921	0.7912374055343602	-0.9843487003632166	2.345646589890857	0.2898972353837593	0	0
1.219444444	-0.4807471221106384	0.1020432002092761	-0.279811610143805	1.19905406	1.02309788	-0.06367747	0.5461537060134602	0.01747483267543971	0.2940447591982445	0.01848148238838812	0.01848148	-0.08782436198203837	-0.08206753446693864	0	0.5059165527782276	0.00309742988939488	-0.1106632150549984	0.01743129665897919	0.0174313	-0.006290546407832797	-0.1279731111490649	0	1.457359855466045	0.7853444177284624	-2.089170069021729	-1.511013660966641	0.2474189022380468	-1.568691723436241	0.002832089926675135	0.3421862337264023	-0.06541638043591329	-0.4966728049053311	-1.119798019073123	0.7990960070548646	-0.9813423967320622	2.331483562231643	0.2930737047772588	0	0
1.222222222	-0.5044856482561714	0.08397931873675539	-0.2471173393629653	1.19868251	1.02220719	-0.06442891000000001	0.5637865623701718	0.02483443827961373	0.2644554607471622	0.01692653103320746	0.01692653	-0.07723355834594424	-0.08309007418099598	0	0.528812071630545	-0.00509181797471465	-0.08542551722998089	0.02132012183761429	0.02132012	-0.02669645099515137	-0.1332932007366479	0	1.482704121873458	0.7587858898066536	-2.088927320775381	-1.498339316256239	0.2328051342237934	-1.568608113089359	0.002934457327028957	0.3294960513747688	-0.05616157433140911	-0.4930743169930945	-1.095552118732718	0.8057489658458863	-0.9756603660001886	2.309444623923602	0.3014840026053907	0	0
1.225	-0.5257692085875491	0.06336309586591912	-0.2182622695122705	1.19823864	1.02150284	-0.06507504	0.5780302886434772	0.03363497794039047	0.2326089548525461	0.01568432697202091	0.01568433	-0.07120054120336267	-0.08780825416383879	0	0.547183232978645	-0.01542357757429976	-0.06409369906838436	0.0244418852819734	0.02444189	-0.03444714037880139	-0.1337880480053464	0	1.5047761451664	0.7355096464021025	-2.088584391153566	-1.485567356851569	0.2171663891431821	-1.568483064611776	0.003050776714890296	0.3162547444853709	-0.04548741446837143	-0.4894299527524034	-1.076798311748477	0.8149179452098907	-0.9742330062418433	2.294416172834924	0.3038156102933443	0	0
1.227777778	-0.5441578647670052	0.0415500492397774	-0.1891219046513862	1.19771267	1.02082931	-0.06582333	0.5914273422576048	0.04210558457362747	0.2032564600563805	0.01433919595792235	0.0143392	-0.0621051019855227	-0.09004070777712446	0	0.5704253759657377	-0.02481279532422438	-0.0340020658861125	0.03160427618558785	0.03160428	-0.05114844051176334	-0.1373412102405075	0	1.522654281893139	0.7110659871674773	-2.088117264600311	-1.472650256564435	0.1995150288057409	-1.568348880033692	0.003183680570369936	0.3027062772754475	-0.03363467582389695	-0.4861630829830992	-1.046476699672262	0.8205021263261795	-0.9712946048197705	2.265812289722978	0.3123352694052086	0	0
1.230555556	-0.5589698768770111	0.0188152596781383	-0.1629845007670728	1.19744125	1.02038054	-0.06664353000000001	0.6021423089657517	0.05118940932342711	0.1758869329581071	0.01336920217352309	0.0133692	-0.05417945311820405	-0.09254078546552198	0	0.5916722245180303	-0.03458410666264798	-0.003662395062660547	0.03971114503260203	0.03971115	-0.06176267501853257	-0.1382142640749278	0	1.536300483003318	0.6890786392213278	-2.087364233742425	-1.459388436820339	0.180444284864636	-1.568160406640158	0.003360840041560695	0.2886181156890309	-0.02026245964128859	-0.4831949716938346	-1.018222484025709	0.8284265897658702	-0.9686657583099573	2.241843349049322	0.3198236508121154	0	0
1.233333333	-0.5681097020866572	0.02012410686788422	-0.1153330157327064	1.2000249	1.02270839	-0.06283938	0.6031939822392821	0.03036324655645497	0.1435123745567075	0.0084087298243319	0.00840873	-0.04970482615302835	-0.102308490779178	0	0.5917017561871056	-0.01567157193131441	0.01389774145263501	0.0362307110164374	0.03623071	-0.07818286631351594	-0.1501367083772002	0	1.56051278802455	0.6205215031917339	-2.088536345729917	-1.425115337882019	-0.045634519020777	-1.563525649904902	0.002514913161572382	0.4058398331885976	0.09249844133440763	-0.4983214856773315	-0.9889476708674898	0.8402119777253066	-0.9543767550542626	2.18887173131774	0.3300339286889777	0	0
1.236111111	-0.5768074334769112	-0.02897208387959846	-0.1225938130119373	1.19764546	1.02010142	-0.0682639	0.6146884007740648	0.0742338991832522	0.1323463686931531	0.01193983354120872	0.01193983	-0.04312236941354222	-0.1001195630594432	0	0.60902297842082	-0.05737811629300481	0.03313382619336792	0.04680075448467784	0.04680075	-0.08034504354633835	-0.1407478245087614	0	1.54986326261124	0.6579607564531407	-2.084605048836599	-1.431129087985922	0.1373113125758879	-1.567559833259493	0.003916038352332201	0.2599271579261706	0.01027296661293535	-0.4772397405598888	-0.9545147908758748	0.8449580402156146	-0.9655212342013558	2.191920214146394	0.3351045192711979	0	0
1.238888889	-0.5362719472729107	-0.02743337944535876	-0.1989193762063691	1.20828341	1.02617492	-0.06871194	0.5703848646048709	0.1062384287591402	0.2321845670493494	0.01047406798720619	0.01047407	-0.02392019170778658	-0.09561227696970542	0	0.5621563946546131	-0.08431450834693628	-0.01144048838449492	0.05618978775330052	0.05618979	-0.08338234754113373	-0.1513020355717583	0	1.512614374331211	0.7543998491220579	-2.070633392515609	-1.403521074211735	0.1010722124598678	-1.567111122024242	0.004702555795378954	0.2354660267240026	0.03489884083946256	-0.4599655025896381	-0.9255639616159071	0.8708201473828915	-0.948690444425997	2.183598427026086	0.331005712133992	0	0
1.241666667	-0.5487990720646436	-0.04622154114153059	-0.1794886582815733	1.20804014	1.02598786	-0.06987444	0.5780490086959683	0.1128943998139179	0.2039569947264923	0.0098930653325098	0.00989307	-0.01504178034270777	-0.09780772035260378	0	0.5691781477997664	-0.09361126413814384	-0.006213536721648276	0.05771408658896011	0.05771409	-0.09429721186996634	-0.1554681747189793	0	1.519653300992605	0.7388295361324894	-2.06077119385452	-1.390829427528859	0.07806577234853256	-1.566632917517159	0.005330604323661629	0.2181210690596586	0.05210408227919052	-0.4578180882242937	-0.8998645151206588	0.8811720107319986	-0.9523925228653272	2.164289779174504	0.3333551857103007	0	0
1.244444444	-0.5548584822507069	-0.06174240040127678	-0.1693594924873024	1.20832817	1.02611569	-0.07089357	0.5855089300659603	0.1228840476529758	0.2001597960174614	0.009449881380466665	0.009449880000000001	-0.01108643700108773	-0.1000278599698849	0	0.5754500322745723	-0.1030797262938272	0.000243213551127587	0.06326640881414884	0.06326641	-0.09569557001573004	-0.1562814979758758	0	1.516752346307765	0.7331692382404614	-2.045314584527863	-1.377555114194378	0.05338456699592691	-1.565978643147937	0.006229608236999416	0.2002053403842922	0.07071081193816271	-0.4557292727649861	-0.8829826379872978	0.8960109599046138	-0.96148430596745	2.15593928557679	0.3298567617128711	0	0
1.247222222	-0.5750562097244341	-0.08384919763423512	-0.1400144842809632	1.20730974	1.02526764	-0.07224577	0.6054785222370338	0.1282237088391918	0.1658997346886545	0.009278302774092083	0.0092783	-0.0008792542911209946	-0.1018178186871162	0	0.621875576749321	-0.1076387762311853	0.05236389635496553	0.08400313148547084	0.08400313	-0.1111999343432486	-0.1614206623698739	0	1.532544413850775	0.7046538394818679	-2.037520849041673	-1.367644819495091	0.03006666851625011	-1.565401649689065	0.00749021557341777	0.1807058669589433	0.08912947730877768	-0.4559077422803135	-0.8398039171281965	0.8990128735091006	-0.9563284717592332	2.119199368467898	0.3438237150696586	0	0
1.25	-0.5809723124964123	-0.098604517261346	-0.1309715909927814	1.20741156	1.02540322	-0.07343437	0.6137687843477281	0.1368524328778816	0.1619709618905009	0.008683698943067824	0.008683700000000001	0.002352353020508706	-0.1035087955936766	0	0.6289032490040996	-0.1155883956249838	0.05714617774337803	0.09120781363672327	0.09120781	-0.1105287213791031	-0.1631705680496999	0	1.527835412379936	0.6989935405426423	-2.019357562865204	-1.355697239659063	0.004432488957446032	-1.564338001537004	0.009771671399848289	0.1606525487256578	0.1095032751682424	-0.4552925742819105	-0.8206316819420222	0.9132802624328058	-0.9668299606143175	2.110012744348755	0.3413946384224298	0	0
1.252777778	-0.6198328858042876	-0.1710925822688513	-0.0007202869103225478	1.19494369	1.01854019	-0.07364938	0.6657825414748048	0.1299170134913756	0.001788766482819189	0.008689574419461736	0.008689570000000001	-0.00119364236914491	-0.1134571709337809	0	0.7620944005139164	-0.09003889315830117	0.2505445511343867	0.1501514187102677	0.15015142	-0.1019967007982786	-0.1427405341109396	0	1.560803873688132	0.5506148476921704	-2.051850761244238	-1.356041205482855	-0.014564242202333	-1.560673981223744	0.01023178120591142	0.1558183619434226	0.127595254696391	-0.4742916529095335	-0.7612632026420185	0.896477563208159	-0.9925686695128199	2.054554941226022	0.3649912420726393	0	0
1.255555556	-0.6279222352108033	-0.1882785587642957	0.007136825669797088	1.19470429	1.01857392	-0.07443484	0.6784463492834467	0.1390222639030728	-0.003199471087711504	0.008151122542863116	0.00815112	0.002745227856863105	-0.1173945085861727	0	0.7691277995430366	-0.1000663322625866	0.2522404090287333	0.1534627107742264	0.15346271	-0.1006681635020434	-0.1439823786343002	0	1.560610115437623	0.5443406937657382	-2.038115815552116	-1.344938763288927	-0.041501823000018	-1.557980912182511	0.01531175764525006	0.1325419424351499	0.1498521996378387	-0.4753035462896866	-0.7457230695368096	0.9109675927889668	-1.000232935253366	2.050253174811557	0.3597124040400589	0	0
1.258333333	-0.6330107435176574	-0.2157686753729783	0.03020091767151718	1.1934301	1.01783321	-0.07566807	0.6893815850953087	0.1471652020734745	-0.03084161983687682	0.008318419682049631	0.00831842	0.009715228499036343	-0.1176317628851023	0	0.8099750471045366	-0.09467552664610181	0.3111651048560957	0.1848396745799028	0.18483967	-0.08940204328366654	-0.1399447334191377	0	1.5612374536169	0.5223480888878818	-2.038088010886336	-1.334151160340636	-0.06968817134407461	-1.552713293475428	0.0256950758417354	0.1096107377082816	0.1707437293486211	-0.4780590824101779	-0.6737627215838057	0.9067667606850063	-1.002364972569868	1.993184290893966	0.3800361751781079	0	0
1.261111111	-0.6370317365464265	-0.2366873575199999	0.04129554864437717	1.19305575	1.01772262	-0.07683010999999999	0.6992116957035673	0.156691894172591	-0.04191956266956094	0.008088649005886754	0.008088649999999999	0.01322683095404893	-0.1196353889981528	0	0.8257641625976497	-0.09939802562071161	0.3333953307265576	0.1948919048644824	0.1948919	-0.09884869597954994	-0.1438633911616113	0	1.561212849186836	0.5124736135808338	-2.034728233401223	-1.324446305206008	-0.09625535505177579	-1.547510967186597	0.05046179080851571	0.08407286070521358	0.1846413664305669	-0.4799321004738468	-0.6479118236191168	0.9217596988612615	-1.017158469878103	1.984021662783109	0.3783952413990582	0	0
1.263888889	-0.6418369086261106	-0.254512666446407	0.04863821914428618	1.19251384	1.01757864	-0.07826835	0.7105826276559154	0.1650835038877571	-0.04733062998786508	0.007882048622741654	0.00788205	0.01647273705010852	-0.1207971899294902	0	0.8348761759856654	-0.1071866837695741	0.339501497410617	0.2020002012077935	0.2020002	-0.1004567372835165	-0.1459302180903376	0	1.561764267288981	0.506041122511996	-2.031003231109366	-1.315925862266777	-0.1213077673271382	-1.542212221928568	0.08865191595552387	0.05777580980889104	0.1925883491554644	-0.4832307827084929	-0.625344256845638	0.9387542465971497	-1.037652784816814	1.978522024194057	0.3713385757347455	0	0
1.266666667	-0.6449626025519452	-0.2730489547913016	0.05467637767777828	1.19221213	1.01745287	-0.07945779	0.7198835102781392	0.1750624355797407	-0.05292591471432213	0.007718031131752562	0.00771803	0.01997699271616777	-0.1216575382905548	0	0.8445643436782484	-0.1152156725347058	0.3502774431303017	0.2094105620338131	0.20941056	-0.1035407473362928	-0.1472612327069131	0	1.562110323842683	0.5004914978676991	-2.030615774647674	-1.308926793514978	-0.1478578735117074	-1.537731852306554	0.1324675887910211	0.03234531314085444	0.1980967021734722	-0.4882661797735441	-0.600913999994339	0.9565399843715581	-1.059186502840814	1.973940176416943	0.364924323531124	0	0
1.269444444	-0.6463314295522323	-0.2997541251023301	0.07125914953417754	1.19091297	1.01694144	-0.0811267	0.726867479313915	0.1847719486490755	-0.0774888694722491	0.007578484727672756	0.00757848	0.03057064176254142	-0.1218855058670675	0	0.8841194552285245	-0.1051427169888576	0.411263308750686	0.2419275708926349	0.24192757	-0.1058940889112899	-0.1509797027549793	0	1.562242424497641	0.4852609043158521	-2.037315741089571	-1.301079174478791	-0.1755003283916235	-1.536023531016019	0.1737345934481465	0.01308732469254192	0.2055848125307463	-0.4967807400805316	-0.5483453819286352	0.9624878484707312	-1.077169796004052	1.944896332452484	0.3715577103744467	0	0
1.272222222	-0.6481896960930634	-0.3251535173851023	0.07828736319009011	1.18954497	1.01666401	-0.08205658	0.7358921360058086	0.199153288548847	-0.09220492041292057	0.007524235705730568	0.00752424	0.03499675049437387	-0.1241091312559307	0	0.9023764493542639	-0.1126505621330498	0.4375636687912702	0.2559020841430774	0.25590208	-0.1019490730319197	-0.148882729452215	0	1.561676786499949	0.4790075304540271	-2.044588495444975	-1.291184516882405	-0.2096907728998915	-1.541569317332225	0.2129451174883515	0.005569907115534272	0.2134846081849209	-0.5057378717289949	-0.4994894800840526	0.9701862957865459	-1.102426224877134	1.923186419077172	0.3731687402056915	0	0
1.275	-0.6516487999168407	-0.346943856230478	0.08662450868421731	1.187483	1.01658241	-0.08305213	0.7508016849683976	0.2091651155084404	-0.09969465671892574	0.007585306347054177	0.00758531	0.03799974847192497	-0.1257200670139288	0	0.9135511860528684	-0.1220038491387294	0.4476036241752205	0.2624790874267827	0.26247909	-0.1032790715178047	-0.1498407902459855	0	1.560306825908312	0.4696388475499497	-2.049003521336057	-1.280495774444401	-0.2485282141374597	-1.54968507932991	0.250303624488178	0.003216840778960276	0.2212591562194457	-0.5159437096627729	-0.4667125883834832	0.9850965222859503	-1.141101151701265	1.917015659502826	0.3688294137821243	0	0
1.277777778	-0.6545198897492505	-0.3724833684325222	0.09833895686354173	1.18464977	1.01602115	-0.08385426	0.7621885346725897	0.2191426413377115	-0.1229418643024419	0.007514030940127083	0.00751403	0.04088885446553841	-0.1281424728382236	0	0.9432745989197997	-0.118810050196554	0.4874000156263461	0.285429581707077	0.28542958	-0.09587598679490379	-0.1481378939623644	0	1.558890342343734	0.4574397519806084	-2.058495172634314	-1.267814280341784	-0.2915603917420429	-1.554700990491994	0.2828166037308228	0.002245204639734895	0.2328848383492771	-0.5276029118880864	-0.3002023703346711	0.9373360894363514	-1.133750383571759	1.786937855983314	0.4055048804195963	0	0
1.280555556	-0.6564882823770922	-0.3946010050328	0.1059673480594448	1.18196376	1.01591417	-0.08448968	0.7757847621193623	0.2292216481146093	-0.1336271003739786	0.007667919587335151	0.00766792	0.04330116408370917	-0.1300856568030142	0	0.9543588575754479	-0.1287603001948078	0.4971661201240121	0.2916058462244173	0.29160585	-0.09945928440852858	-0.1493845145792231	0	1.555780334913617	0.448552151107952	-2.064733981374466	-1.254890662995223	-0.3380811046575798	-1.558370413995553	0.3130533762247625	0.001719334318115126	0.2458024796884792	-0.5399122380896606	-0.2705156589493826	0.9475072977688419	-1.178811812737069	1.784271496762821	0.3985502857987304	0	0
1.283333333	-0.6574398133705321	-0.4115644195854911	0.1115303372134229	1.17936486	1.0159424	-0.08510729	0.7857652375550693	0.2365475147590131	-0.1416352563655597	0.007416949269412926	0.00741695	0.04510005923577646	-0.1309541965178572	0	0.9636615096124674	-0.1362108840533018	0.5043768255810461	0.2968514627873506	0.29685146	-0.1014707304692927	-0.148823934720236	0	1.550404675264381	0.44217777618708	-2.067625036551787	-1.240810889286659	-0.3893796658252291	-1.560781989179174	0.3382930536022176	0.001435809769918852	0.2622593396529153	-0.5522210106727961	-0.2418405465072024	0.9536738729163067	-1.21763985921634	1.782266943007274	0.383058390277921	0	0
1.286111111	-0.6570308668442936	-0.4362684337734264	0.1297905490281712	1.1762086	1.01539967	-0.08502495	0.7949291668088831	0.2424051561568994	-0.1733286892053272	0.007699478630869712	0.00769948	0.04618528297351795	-0.1342024607282692	0	0.9941029760664103	-0.1250636704988694	0.5488054585734425	0.322868339469509	0.32286834	-0.1046750591573784	-0.1529965336800846	0	1.544595990875612	0.4205338606921028	-2.074225524985908	-1.230333627521454	-0.4365573096756423	-1.561014936878174	0.3642646609814353	0.001247957364532824	0.2790990107107058	-0.5682146930659427	-0.1965012799490634	0.9514995087474493	-1.258798025141311	1.76021199758653	0.3880485046009964	0	0
1.288888889	-0.6533590649805636	-0.4526442479777827	0.1404590323823497	1.17376696	1.01547978	-0.08496797	0.8019837951503599	0.2479358881356422	-0.1848169208969775	0.007821609092475567	0.00782161	0.04730062568362819	-0.1351070819838045	0	1.003282180790904	-0.1274872186411596	0.5625782908257696	0.3325781864203297	0.33257819	-0.1019821217139709	-0.152145014416107	0	1.534486070128871	0.4083099008131718	-2.075413123628919	-1.218819079231744	-0.488225400853703	-1.560559378890801	0.3883540433361139	0.001121292188464438	0.2980176724203785	-0.5834487685496474	-0.1547355952802021	0.9470347526663913	-1.29674632444848	1.738812660315622	0.3854957579372285	0	0
1.291666667	-0.6464721013446137	-0.4693419349301273	0.1526188416374262	1.17150859	1.01576722	-0.08496397999999999	0.807535834108611	0.254160065955207	-0.1937111566387854	0.00798551819851811	0.007985519999999999	0.04922656893700176	-0.1370633077468977	0	1.007822035073549	-0.1326806395620157	0.5724665978671397	0.3403695287110489	0.34036953	-0.1026992839613336	-0.1514700125166884	0	1.522236302764423	0.3960465341922574	-2.076452982943275	-1.207833637104086	-0.5390686508235346	-1.559574208595891	0.4120026804873131	0.001031540027944031	0.3180950524608637	-0.5998886042234938	-0.1231802481784634	0.943588131961023	-1.337613820970895	1.721204726737031	0.3792904319425133	0	0
1.294444444	-0.6366695419803283	-0.4833429962092889	0.1675299830384247	1.16918767	1.01574439	-0.08468512	0.8070011205527372	0.2580708157853727	-0.2095442586178389	0.00788928301249117	0.00788928	0.05340847538868536	-0.1358188724567954	0	1.018300757853871	-0.1269884379239259	0.595636633448851	0.3586610407370037	0.35866104	-0.09426327481532594	-0.1491774459242397	0	1.506732924722465	0.3818222686891777	-2.077365612816616	-1.197242832944393	-0.5921388765162615	-1.557028728261397	0.4341580456954985	0.0009688102766334773	0.3406950575747542	-0.6162881004514044	0.004390002581997659	0.8718441128564148	-1.305775741002309	1.596463328142949	0.3891566626632408	0	0
1.297222222	-0.629891941722506	-0.4963000917634298	0.1783594895967275	1.16743288	1.01635262	-0.08435431	0.8125527666373737	0.2625682617087878	-0.2131946363904678	0.007944039750712764	0.007944039999999999	0.05515773931094538	-0.1372922575947134	0	1.018956599005162	-0.1342686982423104	0.5981822905851972	0.3628675448119674	0.36286754	-0.09553635200565101	-0.1497559190732512	0	1.496090105911338	0.3706829942884468	-2.075358692569135	-1.187007143248155	-0.6480760711445014	-1.552309525690146	0.4532278607723755	0.0009366105227305087	0.3644384043196812	-0.6331159076336045	0.01982252845937239	0.8659386640977894	-1.336394792264181	1.585828741526305	0.3735449239348103	0	0
1.3	-0.6190050749183363	-0.5122780206402151	0.2061322186445393	1.16513858	1.01645274	-0.08367418	0.8122977276078993	0.2607592775064464	-0.2434782648661711	0.008086280943157649	0.00808628	0.05385916163851819	-0.1404808287521803	0	1.026379568962362	-0.1259457955075441	0.6201661248344965	0.3743403743220346	0.37434037	-0.1010927207767105	-0.1518090130532911	0	1.481416185822546	0.3429811034425844	-2.073822122498038	-1.179082234924038	-0.7008700934216453	-1.542504305396883	0.4685261977083424	0.0009214739802596626	0.3923755864926634	-0.6531822676651926	0.0353929119602427	0.8545234133488113	-1.364725619836383	1.564432671337225	0.3685450088898534	0	0
1.302777778	-0.6100270829201203	-0.5237340265725566	0.2171054274104039	1.1630843	1.01678653	-0.08281632	0.8171319515656474	0.2652103495080372	-0.2461277678712806	0.008419785088879882	0.00841979	0.05544060656814536	-0.141039554547903	0	1.026936138927393	-0.1335045756424948	0.6212889927062096	0.3801046337981552	0.38010463	-0.1016512100803195	-0.1509479997217814	0	1.467258687366403	0.3336648226530349	-2.069785723098896	-1.169213184274838	-0.7568630471306961	-1.533083299616226	0.4851340358089259	0.0009052185072053631	0.419193555513386	-0.6711915128272101	0.04616046770768018	0.8444168570732695	-1.390447536398553	1.551291542507167	0.3532209747731777	0	0
1.305555556	-0.5889135731593571	-0.5347420230665391	0.2475816917153742	1.16101739	1.0170614	-0.08174410999999999	0.8069098523992285	0.264001928563451	-0.2736050362386746	0.008362596234345635	0.0083626	0.0546220469744271	-0.1425673370607496	0	1.025032080182978	-0.1254670412217465	0.6403121313957031	0.3926753541220762	0.39267535	-0.1031626894726232	-0.1503551722868698	0	1.44079212555527	0.3090979436968177	-2.06536487723289	-1.160720909728003	-0.8106837595148587	-1.517323537245006	0.4955860796608341	0.0009063032293354775	0.4513001746332109	-0.6921232111161945	0.05164611311945497	0.8309713436943286	-1.41813256492038	1.529661751787293	0.347101459636466	0	0
1.308333333	-0.5817171015605048	-0.5430807939857987	0.2585578993059596	1.15889552	1.01736692	-0.08024346	0.8115922365517776	0.2662247088638904	-0.2759571944804388	0.007991306059383575	0.00799131	0.05701314560619837	-0.1442322816833848	0	1.026771339354366	-0.1317357303477578	0.6380912302912692	0.3981787690800314	0.39817877	-0.103167953909246	-0.148762498606967	0	1.426828931637692	0.2994637431555027	-2.05488592005485	-1.152876209231392	-0.8659757251172581	-1.503679507324416	0.507935044733182	0.0009127379092217302	0.4815950871861272	-0.7113973056373772	0.05251217307049674	0.8191944500778288	-1.434930990182754	1.515532229562796	0.3305367580464773	0	0
1.311111111	-0.5570643825992856	-0.5504657958759184	0.3027655802473047	1.15660448	1.01757593	-0.07851895	0.8010357073424682	0.2563906328675712	-0.310392321059867	0.008540360985720986	0.00854036	0.05471891554043958	-0.1440754769400626	0	1.022676663760566	-0.1161748196214027	0.6568714907073845	0.4116347059143312	0.41163471	-0.1043959138148083	-0.1496931109566572	0	1.395108316691088	0.2625439394984637	-2.045729675834799	-1.146966569064568	-0.919324286843381	-1.479555386459905	0.5101638123856204	0.000948149592547144	0.5191732264190246	-0.7333883116191059	0.04008859604529071	0.8063595860398574	-1.454500827255029	1.503080536854136	0.3182000570537173	0	0
1.313888889	-0.5376511821951262	-0.5480031064562242	0.3309433609445961	1.15547226	1.01819807	-0.07643643999999999	0.789125493958528	0.2484823762062487	-0.3241059794947015	0.008763412318796609	0.008763409999999999	0.06066164575361794	-0.140856226385004	0	1.013444905776032	-0.1080003412570223	0.6599040922615762	0.4200231340688038	0.42002313	-0.1003871911488123	-0.1478948006644223	0	1.363913856903838	0.238381723157836	-2.023012813597104	-1.145823077335216	-0.9719659123807615	-1.458542710129616	0.514231281612508	0.0009983358370565401	0.55508116828637	-0.7540439543218947	0.007971396215941449	0.8079866357247075	-1.482538886317184	1.507049653461548	0.2996904207591652	0	0
1.316666667	-0.5253264918601467	-0.54983953159773	0.3599260588695077	1.1539049	1.01849192	-0.07432305	0.7855116248086595	0.2391601701984215	-0.3437369551016078	0.008917700820936309	0.008917700000000001	0.05886849552731652	-0.1424457809870006	0	1.012649299181839	-0.09876283642686025	0.663916091434177	0.4288041609485433	0.42880416	-0.1025823219432417	-0.149152348264129	0	1.34160039994654	0.2130078849387739	-2.001641842813464	-1.146784954465929	-1.027619136703714	-1.436739923770548	0.513211256219771	0.001083017816099903	0.5917972558913859	-0.7711037490974736	-0.01280234104909098	0.7998899870021942	-1.490802203860353	1.498470522604488	0.2828290578767663	0	0
1.319444444	-0.5204329164103881	-0.5511534316901934	0.3855981485504614	1.15297829	1.0185439	-0.07237936	0.7880354801646544	0.2274126588508132	-0.3587279097111682	0.00901405818001089	0.009014060000000001	0.05947911223062904	-0.1431948134701035	0	1.014994113252644	-0.08934049302586448	0.6646942070367374	0.4348562632664954	0.43485626	-0.1037401051266409	-0.1508011646482124	0	1.327111426115397	0.1884939590975294	-1.975187768134998	-1.155993642339344	-1.088727474521172	-1.422141473638474	0.505485113495787	0.001236625814364251	0.6282504693348491	-0.7802014794090226	-0.04229932781430483	0.7988769008640303	-1.495933683744188	1.498314147735761	0.2632947733358876	0	0
1.322222222	-0.524981198538926	-0.5553494061937798	0.4096122169808567	1.15270183	1.01830841	-0.07056163999999999	0.7973471908095577	0.2132498416783072	-0.3781490675949863	0.009092794869490259	0.00909279	0.06096253510614109	-0.1433670563487914	0	1.024579401116205	-0.07834411990110157	0.6658770315061127	0.4390175414972168	0.43901754	-0.1065526627245912	-0.1542625787643205	0	1.322918691990099	0.1627776312541571	-1.94376430230033	-1.180837732115188	-1.151666038070632	-1.419980390727093	0.4949651539957617	0.00149578172647833	0.6622522025612061	-0.7826441663082915	-0.08424288509588926	0.8091755517422379	-1.501271914109483	1.508894716935654	0.2444448744571508	0	0
1.325	-0.5266918236640736	-0.5622504080365023	0.430552282378275	1.15195727	1.01833932	-0.06923472999999999	0.8059501960254559	0.2034661877204793	-0.3955583097499386	0.009309456377641405	0.00930946	0.0611156809412195	-0.1445988695922762	0	1.032952133350181	-0.07221102662640819	0.6666498760397992	0.4432103145433562	0.44321031	-0.110860770269295	-0.1581501612685282	0	1.318034507109848	0.1411906316442191	-1.92471275715553	-1.197339069177618	-1.205510039255669	-1.428971211767976	0.4881066914119639	0.001620172389465517	0.6714263650294903	-0.7836219866726554	-0.1133183886348476	0.814343322606275	-1.514129499541789	1.512237175344066	0.2245935293900975	0	0
1.327777778	-0.5185789016661477	-0.5600882712953185	0.4613633593023077	1.15090708	1.01903436	-0.06707299	0.8038029108144761	0.1878520664430869	-0.4133231660561101	0.009399077813000837	0.009399080000000001	0.05869410990790595	-0.1460607418403163	0	1.031188450564839	-0.05923957556463664	0.6671136445795733	0.4482397253036061	0.44823973	-0.1154973212030221	-0.1618178757456829	0	1.292071056875956	0.110814645580488	-1.898246298493356	-1.204996377861232	-1.239266858107542	-1.423640468341573	0.4946097660392134	0.001660824249337118	0.6676587592505915	-0.7837484584662427	-0.1497465855760103	0.8151177995464109	-1.524408269723553	1.520501641313883	0.2047664517300298	0	0
1.330555556	-0.5209516849872815	-0.5638161657722796	0.4883820003463052	1.15032538	1.01914029	-0.06504840000000001	0.8118717375924492	0.172041299791537	-0.4325424741684741	0.009530328841678839	0.00953033	0.05845856254098483	-0.1473418444036079	0	1.038730382687454	-0.04740341999151706	0.6671925287493746	0.4522593374278711	0.45225934	-0.1186547096099412	-0.1660197969350967	0	1.276096149687704	0.08303380598764215	-1.865874504518959	-1.222165245417618	-1.268144175670212	-1.415337653648365	0.4981541454285126	0.001856914608792559	0.6736986027249434	-0.7837843939228767	-0.193082339816566	0.8229604360166487	-1.527394936306227	1.538618521279937	0.1878783467382988	0	0
1.333333333	-0.544865661054003	-0.5839646782772261	0.501238752558426	1.15028058	1.01802299	-0.06413168	0.8431335499845998	0.1604129928610435	-0.4518789307000942	0.009772956311243607	0.009772960000000001	0.05936669278098129	-0.1502259330992206	0	1.06702298178945	-0.04234055633096129	0.6675481156734576	0.4528004128834013	0.45280041	-0.1247065670581993	-0.1728074092741731	0	1.29116999521943	0.06639196416084084	-1.835132523609216	-1.259932568218522	-1.30347382485559	-1.424154906931125	0.4877217045911639	0.002401012450988457	0.6919692959399816	-0.7839936667541724	-0.2406130074005228	0.8437512720978301	-1.526571335154431	1.563282301788889	0.171197705544094	0	0
1.336111111	-0.5711262066436908	-0.6049173158048453	0.5028317112505956	1.15098163	1.01654304	-0.0639755	0.8755709376210773	0.1539463106176263	-0.4615969014604512	0.009872637824411534	0.00987264	0.05752187417656968	-0.1537915674572164	0	1.095743180798598	-0.0419570352376671	0.6665094288712925	0.4525780820222409	0.45257808	-0.1317690156964555	-0.1789145357147882	0	1.30923334803172	0.06189691928687775	-1.800717765371225	-1.314446262185926	-1.340968044643795	-1.447930116930475	0.4713268423869502	0.003558762822197805	0.7165154281673805	-0.7841812732426668	-0.2860113807555111	0.8644812522131858	-1.521172950620203	1.581258865835196	0.1542205175510779	0	0
1.338888889	-0.5981745659324609	-0.6284663625490635	0.503098589371985	1.15126888	1.01469427	-0.0636417	0.9093892812489457	0.1486129947504388	-0.4734830272063188	0.009998348828977854	0.00999835	0.0581342749554436	-0.1558602582230509	0	1.127796422862976	-0.04137692584248188	0.666997992605618	0.455686046195402	0.45568605	-0.1344980894838939	-0.1839797452723916	0	1.323450140384008	0.05919931064426021	-1.764479969365222	-1.373848617977645	-1.373012801790013	-1.472096885264325	0.4575073506769333	0.007098478517202745	0.7419606217294493	-0.7842593262866782	-0.3297876735525627	0.8808984401455923	-1.509445856308717	1.599496716317035	0.1407532544025973	0	0
1.341666667	-0.615855535955195	-0.6428159936560507	0.5105924649008443	1.15155563	1.01343528	-0.06280247999999999	0.9316473592581438	0.1392310639246742	-0.4842958531293616	0.009992477715907071	0.00999248	0.05701179699028535	-0.1577652035947266	0	1.149115465039914	-0.03576765875978834	0.6661385650802667	0.4591752838268466	0.45917528	-0.1377921485158843	-0.1885825741760421	0	1.317682092321681	0.04916038989149048	-1.721055507718236	-1.408458409080098	-1.402376150265198	-1.470167838990074	0.4524547612460851	0.02219843853786111	0.7552114315875583	-0.7842575188237048	-0.3696901304076611	0.8873211046616755	-1.492162985416387	1.621005789419332	0.1305348588248512	0	0
1.344444444	-0.6282634533627535	-0.6530416459637607	0.5287827600474883	1.15144197	1.01316179	-0.06127605	0.9491784273147473	0.1231120202909432	-0.4976525850999121	0.01018031388973106	0.01018031	0.05489698520083525	-0.1605332535514218	0	1.164397840067207	-0.02493326946837009	0.6644509036011533	0.4610694320681707	0.46106943	-0.1397403368632391	-0.1931957781894311	0	1.302947317488794	0.02525063804515764	-1.679543219724023	-1.413322513947305	-1.434926103435382	-1.445710340167145	0.4607897709808067	0.0566942676686737	0.7484518085700974	-0.7842162075784418	-0.4047752881118338	0.8850486779470642	-1.475893564563371	1.635242354432183	0.1232556792143395	0	0
1.347222222	-0.6329824906513248	-0.6590349053786465	0.5475807489945463	1.15133049	1.01292195	-0.0597664	0.9594533937259397	0.1092667898613813	-0.5072711658170863	0.01022407697352726	0.01022408	0.05127331829614476	-0.1629850257621118	0	1.173064357814585	-0.014439316770463	0.6636861205687488	0.4637656519523025	0.46376565	-0.1449329308470957	-0.1975571997831968	0	1.278525595123004	0.003112681274530507	-1.640815699148213	-1.343402135621965	-1.472626387267052	-1.355550153607147	0.4721822280788197	0.09889680859837505	0.7282801877313215	-0.7842604715717333	-0.4388900621250523	0.8874569708644945	-1.473450428590885	1.654363590050417	0.1173868924929158	0	0
1.35	-0.6420007880615559	-0.671549305323869	0.5612967161509154	1.15102456	1.01251377	-0.05831874	0.9735906495043527	0.09991077298621856	-0.5219258265466482	0.01041548793072518	0.01041549	0.05600611610960472	-0.1632085731177609	0	1.188002137128759	-0.008352987673214631	0.6629110790145997	0.4679936914703736	0.46799369	-0.1444684493403221	-0.2012626020275546	0	1.261908222637783	-0.0151766490898593	-1.606819971774345	-1.262321808423706	-1.503725788045658	-1.254529270407916	0.4907267716565433	0.1330621454981556	0.7069626222774626	-0.784278373413871	-0.4506496162444995	0.8738671383041012	-1.448301159268683	1.661923245467988	0.1135050364139839	0	0
1.352777778	-0.6431830016656929	-0.6736072441633795	0.5831417324965646	1.15089385	1.01278754	-0.05700316	0.9808308847105999	0.08312108152595399	-0.5256630482376649	0.01035705744896106	0.01035706	0.05197486229016307	-0.1653990065330413	0	1.191575433656705	0.004089536995416902	0.66080510487435	0.4699338684073959	0.46993387	-0.1480503623842513	-0.2050714644229108	0	1.229420706003595	-0.04271342777422566	-1.568285156142839	-0.8628335634863321	-1.527167036797555	-0.8323032978216404	0.5069561639067645	0.1728769590740688	0.6875353316557189	-0.7842502875755479	-0.4753242450219506	0.869854545370489	-1.439206900766082	1.685412530916887	0.1117424212465449	0	0
1.355555556	-0.667066925431623	-0.6951531199764162	0.5801242655649816	1.15097483	1.01188763	-0.0569966	1.008719015626685	0.07803122233425885	-0.5341556233301967	0.01053685795237594	0.01053686	0.05656431568855796	-0.1662189348139591	0	1.217547098631788	0.004398595885102779	0.6593345764913517	0.4700927932021607	0.47009279	-0.1503078555381837	-0.2105444499144233	0	1.22807934123549	-0.05225980736183754	-1.524064721033452	-0.8396388177076041	-1.535755695057936	-0.7863211874046167	0.5359387417530235	0.2018734264250481	0.6721964713161134	-0.7842109244667961	-0.488565718764825	0.8587527618638213	-1.396770157071116	1.702633099838106	0.1146081757819642	0	0
1.358333333	-0.6587818937236312	-0.6934075549304399	0.6065616341263804	1.15072988	1.01205774	-0.05476157	1.009359226307327	0.063335115096417	-0.5366232745464214	0.01052616100392339	0.01052616	0.04833136181291876	-0.1705066823948067	0	1.215139244839197	0.0170148670335728	0.6586473592070313	0.4745814459822712	0.47458145	-0.1535076413087593	-0.212317633399549	0	1.177360669900606	-0.08309798261690263	-1.487374590837737	0.1544499300856782	-1.515643884383698	0.2308589781378195	0.5444126917389756	0.2603551405840276	0.6517844039712061	-0.7841009846064165	-0.4995952461640588	0.8427430282011429	-1.376942659135764	1.721257959453749	0.1204159119333507	0	0
1.361111111	-0.6592244755370823	-0.6985658765819066	0.6215645496518376	1.15028212	1.01172796	-0.05335183	1.015793209109077	0.05421081598673069	-0.5430191814197423	0.01058265591554705	0.01058266	0.04874706695215265	-0.1706702087501443	0	1.221531366791502	0.02496698329539916	0.6587780047809918	0.4791205070127721	0.47912051	-0.1544853382783452	-0.2139100328882263	0	1.139271979449999	-0.1056237822651177	-1.449516338477199	0.3732009642196711	-1.484038066723315	0.4698576701247806	0.5600444429362083	0.3138629252071515	0.6302558741129404	-0.783990872307507	-0.5134364827566934	0.8274972008919858	-1.350752973564641	1.732246385745362	0.1240610120048545	0	0
1.363888889	-0.6551782312592281	-0.700953687362433	0.6382915296867488	1.1497548	1.01157555	-0.05182752	1.018923005780384	0.04565429395026794	-0.5466251779129538	0.0105816762622379	0.01058168	0.0481666083165841	-0.1711189880532364	0	1.223618936260257	0.03216202878571965	0.6582784515810313	0.4836849088277484	0.48368491	-0.1544549124770939	-0.2145460512880052	0	1.095155050568303	-0.1295779023008984	-1.413807188913524	0.4316396680553609	-1.449577891178462	0.5462154943341723	0.5760151222388794	0.3644530039988741	0.6092021935408038	-0.7838363049017528	-0.5211286868552408	0.8123814278392384	-1.329241625076598	1.738981814136067	0.1327704519363953	0	0
1.366666667	-0.6411624540619455	-0.6956875136134381	0.6614600414214902	1.14920973	1.01194865	-0.05018606	1.011327458364878	0.03649468089569433	-0.550040329459244	0.0106122188260161	0.01061222	0.04910089650421191	-0.1698065055171915	0	1.216336232480919	0.04186796235929157	0.6585276196719678	0.4896675391874896	0.48966754	-0.1556491334228858	-0.2144203641944497	0	1.038162118492836	-0.1571453329811871	-1.380574842898138	0.4327840553131523	-1.415046786849071	0.5614389056816144	0.5921795254090734	0.4082681555045238	0.5888866465687232	-0.7836397281190348	-0.5259886870571129	0.7963949318392868	-1.315676211592302	1.742971327708316	0.144526409106787	0	0
1.369444444	-0.6212676227203153	-0.6863554821000537	0.6895769815118534	1.14848572	1.01296421	-0.04804273	0.9978830003865359	0.02681306447099167	-0.554776470625419	0.01072192865200014	0.01072193	0.04826758399139238	-0.1699225262792178	0	1.202943010737164	0.0516324648192373	0.6589658866824422	0.4949585919068401	0.49495859	-0.154958748540506	-0.2134378930512279	0	0.9739063729337872	-0.1876142773752746	-1.354545753972671	0.433970469750266	-1.38075315219224	0.5729395901229447	0.6076119964831096	0.4451236271979989	0.5689595259377995	-0.7833790898987871	-0.5276368747735998	0.7790482654976051	-1.307385850695972	1.742930213685258	0.1564702328197316	0	0
1.372222222	-0.596912291283008	-0.671881008813402	0.7182747987677399	1.14748001	1.0141771	-0.04580093	0.9782605531564865	0.0183430107580617	-0.5595133411646885	0.01069656378198091	0.01069656	0.04715862220502744	-0.1693061190970459	0	1.184679946705353	0.06140336687795131	0.6584929593528853	0.5019514163941745	0.50195142	-0.1553362557527966	-0.2124920900538601	0	0.9021273994221176	-0.2172187125433606	-1.32905984589341	0.4188879900747309	-1.346366481886967	0.5639677207397448	0.6230471654871036	0.4813736885053203	0.5500832699693637	-0.7830896301839365	-0.5288466352583868	0.7610588795644814	-1.301171528227095	1.743360748189015	0.1667493176843599	0	0
1.375	-0.563566593812154	-0.6469563567336807	0.752814950011308	1.14660949	1.01626435	-0.04348669	0.9472320869220046	0.008010088943727687	-0.5599984006269418	0.01079262984560333	0.01079263	0.04953270666911858	-0.1658982822256509	0	1.154541717595376	0.07393941867974238	0.6588121610489863	0.5100981792790992	0.51009818	-0.1524174875394797	-0.2104866079576829	0	0.8149665116143213	-0.2499295864668416	-1.307759277328472	0.397064171101913	-1.3129607072162	0.5429359292144221	0.6383181351368004	0.5121749842551589	0.5352166177091303	-0.7827215711370187	-0.5294924179026661	0.7413926701233006	-1.297231081096108	1.744527138812686	0.1728182643494559	0	0
1.377777778	-0.5350875558469331	-0.6266540114320622	0.7827719453534885	1.14532039	1.01833314	-0.04111941	0.9219520575322433	-0.0002856531517520063	-0.562422627702311	0.01090710581670871	0.01090711	0.0459518160390652	-0.1666159877940098	0	1.128682302249404	0.08304051817487948	0.6585354279259753	0.5158380901904239	0.51583809	-0.1551320044082918	-0.2110229626466524	0	0.7331766044025694	-0.279155086568776	-1.289101709719048	0.3772234990723015	-1.283434637331528	0.5223730378459402	0.6512455325174553	0.5395085142866758	0.5247738600560402	-0.7821330689770594	-0.5252771948608912	0.7201892425702708	-1.286773046576075	1.742640403333761	0.1801882541390805	0	0
1.380555556	-0.5031662636410665	-0.6019613766163168	0.8127927586597681	1.14405178	1.02071494	-0.03871108	0.8907450830361247	-0.007065644161583751	-0.5645873072136821	0.01102157323570076	0.01102157	0.0462792900722218	-0.165629881304489	0	1.098516645639298	0.09195008209631006	0.6601725490332742	0.5225977598081759	0.52259776	-0.1546699592066211	-0.2087955066091469	0	0.6436392413786726	-0.3065518015334723	-1.271949108805823	0.3541013455514211	-1.253369686917393	0.4959481124349107	0.6646472892703182	0.5671744166178949	0.5147965644356974	-0.7810833180091671	-0.5217279353564706	0.6998075270246545	-1.274921497548019	1.742971553728454	0.1851320416642214	0	0
1.383333333	-0.4693642254026691	-0.5735106218861574	0.841126326398895	1.14261711	1.02344552	-0.03634959	0.8553230830695023	-0.01231992401532519	-0.5657221859177086	0.01095915170953611	0.01095915	0.04719317710622304	-0.1638546817895444	0	1.063997439393951	0.0993701778452985	0.6606184956669902	0.5304236704391259	0.53042367	-0.1535234627184286	-0.2076097545244844	0	0.548386572397114	-0.3316971648088081	-1.255974337927786	0.3352520571888568	-1.221308687213557	0.4710545050501934	0.6769039880353583	0.5965995153656143	0.5040740570325174	-0.7791317507043803	-0.5188342557275522	0.683441965756989	-1.265280200672498	1.749081042821277	0.1896851696994275	0	0
1.386111111	-0.4412408897277948	-0.5500494837111707	0.864570447264609	1.14113762	1.02603543	-0.03400239	0.8262385673484184	-0.01581438576628687	-0.5675271506267827	0.01100416549627429	0.01100417	0.04361418033294102	-0.1659160580550167	0	1.034330909948935	0.1034867414387155	0.6607750431487808	0.5346270898191696	0.53462709	-0.1551624281151479	-0.2068781477576992	0	0.4618357309190307	-0.3540278542744758	-1.240452500410995	0.3249669977131331	-1.190437686853118	0.4547579666675224	0.6894706101516627	0.6273725058892429	0.4895878345384071	-0.7742083332660054	-0.5170971293485094	0.6698668779126495	-1.252765672794641	1.757827119482746	0.1931498709686488	0	0
1.388888889	-0.411514223567138	-0.5236806392196661	0.8877046569963633	1.13939802	1.028832	-0.03173114	0.7946419823052453	-0.01928134968035046	-0.5670142236668957	0.01118810277908225	0.0111881	0.04399263717887762	-0.1649944943648334	0	1.002624577380666	0.1090539574310761	0.6623376612117666	0.5419012468956927	0.54190125	-0.1557451823822816	-0.2074700918814764	0	0.3723790136257491	-0.3737989958773463	-1.227167944786331	0.3228262772090688	-1.158534833352667	0.4431947816366122	0.7060822415508424	0.6604055588659957	0.4683452136971617	-0.7633483024698814	-0.5116124888973178	0.6559747483916913	-1.2357683253761	1.766973756537929	0.1947835921745646	0	0
1.391666667	-0.3860850339761781	-0.5014506528083776	0.9065972714122792	1.13790166	1.03147886	-0.0296173	0.7680847070062407	-0.02076825448772021	-0.5655145111098761	0.01127655170225019	0.01127655	0.04335301886298347	-0.1660535036062758	0	0.9748863437183226	0.1115062380561772	0.6631211658674586	0.5469022817438979	0.54690228	-0.1579947906622522	-0.2084415597709618	0	0.2936485834206758	-0.3902604980685268	-1.214426090914995	0.339154382489256	-1.1262998560874	0.4497307723008896	0.7214548804691923	0.6955383556811674	0.4405589314695765	-0.7446601554702317	-0.5111370673177269	0.6480509902395514	-1.223134799902645	1.779506049249578	0.1937339443556311	0	0
1.394444444	-0.366172943248108	-0.4850364944184867	0.9209947910378155	1.13643373	1.03374598	-0.02769857	0.7491828760301437	-0.02116114433390618	-0.562005441476674	0.01144953861479821	0.01144954	0.0447036981042412	-0.1672274645955777	0	0.9534659591728994	0.1118047069860937	0.6637350030523069	0.5501966688977876	0.5501966700000001	-0.1583871928634452	-0.2089435339171279	0	0.227975042856648	-0.4043628781542277	-1.201321661995783	0.3693370640880837	-1.092339108253334	0.4711773760550008	0.7324908704735803	0.7344348333788161	0.4087918996660488	-0.7204190111520387	-0.5124136494782559	0.6436664280233652	-1.211347223474859	1.791320296751794	0.1904871291175642	0	0
1.397222222	-0.3505848504149164	-0.472743957760718	0.9340644879049123	1.13500007	1.03577867	-0.0258265	0.7349942223996546	-0.02159097058305211	-0.5620864711797245	0.01150063382678204	0.01150063	0.03896997281431842	-0.1723673447491021	0	0.9369403459768384	0.1113505339174812	0.6632917377679206	0.5522861885974484	0.55228619	-0.1604342317727111	-0.2106498377815806	0	0.1699517736341581	-0.4190978381665482	-1.188247633221483	0.3969067624746695	-1.05962583677106	0.4924839754306365	0.7374411343919766	0.7723120586900536	0.3789314569852862	-0.6971914983874007	-0.5104483195541855	0.6372169753212578	-1.192371522485369	1.799885674937947	0.1939008604894419	0	0
1.4	-0.3394948449136401	-0.4661645179973768	0.9439278932866466	1.13371038	1.03743076	-0.02414298	0.728022987984233	-0.02130675610620252	-0.5605478049681955	0.01172891922775147	0.01172892	0.03619239353444034	-0.176480564815271	0	0.9279646871347664	0.1106738692428843	0.6634825237227134	0.5552374251708401	0.55523743	-0.1620211497058066	-0.2124558552732594	0	0.1239060379373846	-0.4324914086270876	-1.173999604362506	0.4320729833922144	-1.023629603234712	0.5235519780850652	0.7310653654766311	0.8143506357103738	0.350559420618649	-0.6723696715078961	-0.5113754103530439	0.6344772866158416	-1.175201669865154	1.807835599589832	0.1946933445150695	0	0
1.402777778	-0.3277917169398441	-0.4584303614195993	0.9539610116923181	1.13267888	1.03933207	-0.02264554	0.7196436681795277	-0.02075394505678189	-0.5580509997721455	0.01169264779523652	0.01169265	0.03331153579233891	-0.1807369408009457	0	0.9160414508020795	0.1086761706170393	0.663237937644662	0.5551783789369159	0.55517838	-0.1653669530377297	-0.2143405747223655	0	0.0776821669558355	-0.4461598776950612	-1.160697769803714	0.4632040613731455	-0.9893037845319412	0.5519743345629654	0.7195527979610885	0.8536006659763293	0.3262212738676898	-0.6506540076217645	-0.5111521432972728	0.6320485372178476	-1.158024897712585	1.813319216405417	0.1972156287256719	0	0
1.405555556	-0.3225050610539453	-0.4563949755501501	0.961643566214497	1.13174983	1.04087003	-0.02125185	0.7206096539898328	-0.02217049372214159	-0.5521662123957383	0.01189841670352597	0.01189842	0.02809229342333125	-0.1865510550835508	0	0.9121798846993009	0.1075770345107643	0.6625837960949962	0.5553542351707542	0.55535424	-0.1664878102901446	-0.2162945182929288	0	0.0443955823904831	-0.4612300993996606	-1.148694393536829	0.5030486788894976	-0.9485116644165957	0.5914099401032319	0.6887678002703378	0.8979988075430947	0.3073454378254721	-0.6304710398739225	-0.5105152653228372	0.6304926721828035	-1.140626448324662	1.815187971502388	0.2001443870290943	0	0
1.408333333	-0.3141594835251358	-0.4509345473535399	0.9703945263072123	1.13104241	1.04272952	-0.02000326	0.716210329953366	-0.02266362306325734	-0.5472257504209541	0.01205089739362646	0.0120509	0.02686208029770468	-0.1903934365271915	0	0.9031097675909135	0.1054870186139973	0.6623765370245914	0.5547220519574736	0.55472205	-0.1665332022897316	-0.2177790279849661	0	0.007337027501371452	-0.4751066270733694	-1.13766649767138	0.5429522522317185	-0.9037705911336207	0.6308863753524209	0.643304788471969	0.9438276173143354	0.2946055905591767	-0.6159602757816012	-0.5138957089025563	0.6318718453203634	-1.129691085976429	1.819550347616722	0.2004998297889812	0	0
1.411111111	-0.3104298597759518	-0.4519709667984737	0.9785284275118131	1.13022802	1.04409376	-0.01876946	0.7201533318973123	-0.02392128672735928	-0.5424942071501605	0.01206575695234501	0.01206576	0.02161962731857353	-0.1964065031601594	0	0.9022259094702917	0.1041257392900605	0.6627080160647826	0.5537581369803261	0.55375814	-0.1718415999166555	-0.2215243680749984	0	-0.01826864384943054	-0.4885954003576832	-1.128606440815334	0.580805635472709	-0.8599684962615722	0.6684138022985723	0.5908109528777913	0.9901831770531389	0.2853071910168797	-0.6042832792264319	-0.515327367930448	0.6333676364716196	-1.117088364517074	1.819481062234208	0.2025227976408023	0	0
1.413888889	-0.3049083928775433	-0.4499391180132867	0.987099796191558	1.12950364	1.04568833	-0.01759481	0.7200716754465273	-0.02516583982718609	-0.5377898681518847	0.01213369825680202	0.0121337	0.0200047830702485	-0.2001897434239646	0	0.8976968586011828	0.1027348497572319	0.6631271713708818	0.5529570875768614	0.55295709	-0.1733503730014211	-0.2236481587107854	0	-0.0469016940311706	-0.5020690430336456	-1.120113900978454	0.6122828071828557	-0.8214860836172593	0.6987828313053721	0.5415011661184557	1.032328735426224	0.2778943216291262	-0.5958384409833372	-0.5187304959035212	0.6366059093701957	-1.108114915785434	1.820482636355159	0.2033139044271172	0	0
1.416666667	-0.3028187077206695	-0.4524498680409943	0.9940591019796737	1.1289202	1.04693673	-0.01656757	0.7266452997728008	-0.02652305515195961	-0.5297538217988568	0.01221501646277802	0.01221502	0.01734503184083719	-0.2052532703096362	0	0.8987055644865229	0.1013364336665371	0.6638399791962937	0.5520343318267991	0.55203433	-0.1759311470349821	-0.2264107424707962	0	-0.066064609682738	-0.5150411232866126	-1.111155484767661	0.6418126475023104	-0.7871554371592445	0.7275833451307093	0.4898657349376217	1.072193527377932	0.2735437385300153	-0.5899190227839118	-0.5232478202544518	0.6412459347308647	-1.09964793280479	1.82005602709689	0.2044026408145113	0	0
1.419444444	-0.2990725370284462	-0.4536332401946887	1.001684925447181	1.12840091	1.04825741	-0.01557967	0.730861567394133	-0.02736208082555261	-0.5219872958211729	0.01222653476317655	0.01222653	0.01610606833247282	-0.2095219946743017	0	0.8966061501662668	0.09843571372848209	0.664382298373449	0.5498188590454048	0.54981886	-0.1765981623077436	-0.2283980357927066	0	-0.08601075160998167	-0.5265914715954071	-1.103406415922221	0.6694530050200643	-0.7528091529001976	0.7539084925118634	0.4383230212317073	1.113740330479834	0.2683655707396241	-0.5854151053541633	-0.5296994053998393	0.6483848521777703	-1.09543090701243	1.821037437428993	0.2052875682983659	0	0
1.422222222	-0.2959212956711526	-0.4551683644350339	1.009175614004826	1.12811201	1.04932898	-0.01456026	0.7361358372019292	-0.02841247634353764	-0.5129247084122445	0.01224500505905163	0.012245	0.01415401914227963	-0.2139247001116613	0	0.8954439500781295	0.09611643801342426	0.6655293189840157	0.5480115299387931	0.54801153	-0.1783917038368633	-0.2306944396660487	0	-0.1050138303577173	-0.5382830969767679	-1.094739641960509	0.6919712138822968	-0.726157637501034	0.7750931085571492	0.3931027222495037	1.149931994292114	0.2633559382249908	-0.581262854664465	-0.535125553933677	0.6540518950692255	-1.087491767622659	1.820452447918686	0.2064859993273795	0	0
1.425	-0.2925460048269842	-0.4575882201587586	1.017432408728982	1.12763668	1.05021876	-0.01357195	0.7430520054322528	-0.02974050993775074	-0.5022296410755642	0.01226683616093435	0.01226684	0.01231434210331146	-0.2182206465512031	0	0.8955925086643348	0.09418456587658165	0.6676979448593585	0.5469155750441457	0.54691558	-0.1801967104338394	-0.2328996368214719	0	-0.1221542453821043	-0.5482706179575992	-1.087912894452681	0.7139746352636595	-0.6971219459695112	0.7965175756022256	0.3462394893409275	1.189766376150535	0.2568335544966278	-0.5783724801655511	-0.5405334072281636	0.6608515990493598	-1.081238715599548	1.819461918066709	0.2074048998196571	0	0
1.427777778	-0.2892798618127806	-0.4595422902656927	1.026240289593658	1.12721491	1.05108895	-0.01253834	0.7490163812188144	-0.03149070412050207	-0.4929716281030924	0.01228236906767833	0.01228237	0.01200915156137971	-0.2214291444818059	0	0.8951870114322972	0.09267794966970572	0.6695553600285805	0.5456039208413638	0.54560392	-0.1812686139932626	-0.2349649678284962	0	-0.1399502547682265	-0.5582703408842972	-1.081444644903595	0.7311239472784414	-0.6733611670505482	0.8142717764987809	0.3063010448438505	1.22597828648027	0.2478539936219472	-0.5742749579397406	-0.545691349445051	0.6669355176723782	-1.073712207475131	1.818053927099737	0.2084426238982068	0	0
1.430555556	-0.2862253375269204	-0.4622223864491286	1.03496450810064	1.12676802	1.05203667	-0.01145926	0.7555965810730446	-0.03311113848388832	-0.4840715188047528	0.01230823624345628	0.01230824	0.01196839829787856	-0.2244666319107056	0	0.8955532137979567	0.0910439223330391	0.6712525407079671	0.5442639587943779	0.54426396	-0.1818735988681447	-0.2365429008066025	0	-0.1560669863642972	-0.5674354283386026	-1.074934566968189	0.7449614670179009	-0.6512065310409243	0.8299592508230419	0.2682708838351766	1.263179116421214	0.2368935800393619	-0.5716714293505896	-0.5522920127611622	0.673747519416955	-1.068155388932723	1.817055786565024	0.2091688613340811	0	0
1.433333333	-0.2834857039739087	-0.4661618919749843	1.043746411310197	1.12663728	1.05297918	-0.01034668	0.763158656564156	-0.03408633631651824	-0.475564227270501	0.01226380696748459	0.01226381	0.01354844801130168	-0.2275241513560952	0	0.8969015085703904	0.0884268204928283	0.6728576905249619	0.5427122184959551	0.54271222	-0.1813402981563005	-0.2376824753189816	0	-0.1714992767967559	-0.5767571774192316	-1.066308220067941	0.7519671928045333	-0.6344699003824472	0.8407658598832892	0.2355085720915796	1.298177011677044	0.2233077509152069	-0.5688420532363684	-0.5610331546787034	0.679442312519918	-1.060746528566262	1.816496467706422	0.2105537319244512	0	0
1.436111111	-0.2806153290283606	-0.4686081922294035	1.053012647226907	1.12607088	1.05404549	-0.00931338	0.7712466201792455	-0.03694570434313865	-0.463480970774411	0.01229411652980765	0.01229412	0.01383380951853568	-0.22951421102487	0	0.8965909918071804	0.08714401117206118	0.6741325390499449	0.5406050006340803	0.540605	-0.1799391494035957	-0.2386810548040017	0	-0.1864524994822833	-0.5840163056400988	-1.062306146931862	0.7653514519335133	-0.616318905861768	0.8574075552769663	0.2023185682874461	1.332270615195501	0.2096435079874841	-0.565124421295409	-0.567185660727068	0.6875304271059879	-1.058378982280081	1.814102750208108	0.2108610486264778	0	0
1.438888889	-0.2517159512020771	-0.4463484257886871	1.060091925726074	1.12331012	1.05092662	-0.0062697	0.745637461835131	-0.02328180821233822	-0.4576852191008661	0.008360402006410028	0.0083604	0.01303144692934178	-0.2202452255164568	0	0.8787518712177375	0.08797459887685248	0.6851032270367708	0.561204212827895	0.56120421	-0.1776021289260329	-0.2283627745567627	0	-0.1967650082747518	-0.5426869667232713	-1.066187576452325	0.7791997822423596	-0.4329831390868079	0.9060537184618758	0.05188679699036471	1.53953393233544	0.1985546144354742	-0.5691552202820476	-0.5582196753723752	0.7259347308557533	-1.06363751253415	1.810353489235911	0.1909008379491996	0	0
1.441666667	-0.2496739905028028	-0.4490431624920204	1.070531481398119	1.12303412	1.05198296	-0.00507677	0.7533244023697203	-0.026580432676586	-0.4478461715341727	0.008386096743657888	0.0083861	0.01553496448716204	-0.2217047578015687	0	0.8795035278033707	0.08674361780635505	0.6860058252811702	0.5593514004409763	0.5593514000000001	-0.1775923219209659	-0.230267044311485	0	-0.2147752550812271	-0.5525231041279701	-1.059718332589164	0.7766141251266174	-0.4376625645572089	0.9124773198707015	0.04484217339975906	1.550661322091163	0.1970023863175254	-0.5613201177000591	-0.566970041878612	0.7309387571982964	-1.056562513407776	1.808416140604941	0.1927962248506939	0	0
1.444444444	-0.2476471441803179	-0.4535994471297116	1.080845836923469	1.1224908	1.05270892	-0.00395033	0.760972884050643	-0.02901663497955194	-0.4426990952136094	0.008295160202707078	0.008295159999999999	0.01707716691028859	-0.22420884939818	0	0.8820409841611606	0.08504559989252622	0.6866865841491265	0.5580856133164039	0.55808561	-0.1777391650230495	-0.2317303953770003	0	-0.2308955906076703	-0.5617180353162212	-1.051177819061667	0.7742999970856554	-0.4471787457599711	0.918380329531697	0.03917324223658609	1.557624785777156	0.1956109445625215	-0.5535995137784561	-0.5757420038672824	0.7351747686822588	-1.050357965655374	1.805913477211257	0.1981790139953914	0	0
1.447222222	-0.2458643598135099	-0.4573403252855112	1.092081617385326	1.12209367	1.05356679	-0.00292065	0.7704953545473647	-0.03317986588464043	-0.4310076647855261	0.008394928982337605	0.00839493	0.01848932136019053	-0.2265928160910288	0	0.883290307769432	0.08367644983179463	0.6873222658748928	0.5563493603001187	0.55634936	-0.1796605847320678	-0.2359471930548264	0	-0.2488349056625482	-0.57169643450825	-1.044231211067458	0.7704513258244564	-0.4590430657112301	0.9235863393379149	0.03728314717338386	1.561103369046182	0.1962572157244584	-0.5442994772918536	-0.5863101159541726	0.7389096523302096	-1.044607686092029	1.803789124404918	0.2021875427553075	0	0
1.45	-0.2440654159667565	-0.4620095411033869	1.102840903588235	1.12172548	1.05430688	-0.0019431	0.779183310697544	-0.03612336872958369	-0.4225659030343039	0.008166979557249186	0.008166980000000001	0.01977558695647538	-0.229079382487555	0	0.885642839686189	0.08207719870407278	0.6878158495252128	0.5545559083063897	0.55455591	-0.1806272691976723	-0.238694199925796	0	-0.2652296956101309	-0.5817116849311713	-1.036212524282769	0.7669673056802776	-0.4722646255964051	0.9292112365421917	0.03406006771501233	1.563446888257214	0.1952867925890631	-0.5364954068384984	-0.5969425676840753	0.7424098160718375	-1.039788243502249	1.800144205673123	0.2067492729947978	0	0
1.452777778	-0.2425717860567129	-0.4649700275727484	1.114937728622996	1.12125095	1.05510391	-0.00105567	0.7891629672247659	-0.04168633693961082	-0.408041347873832	0.008261834013304872	0.00826183	0.02058535602488305	-0.231737729599583	0	0.8868715851644476	0.08289385082745153	0.6884587780325663	0.5526019966753517	0.552602	-0.1811665590068449	-0.2392170433228941	0	-0.2841170963785053	-0.5922587164077571	-1.030685349808641	0.7633923987370318	-0.4860652773498114	0.9342278543880903	0.03306884618905277	1.564808966069284	0.1966115521201324	-0.5265988997167036	-0.6084555182993886	0.7466868946295007	-1.036421247684416	1.797717079082268	0.2112412684294918	0	0
1.455555556	-0.2409269341880254	-0.4698415923262442	1.123994646329849	1.12071207	1.0554199	7.489e-05	0.7947897322804083	-0.04270290954748852	-0.4060081400007565	0.007997778089315819	0.007997779999999999	0.02253884877690056	-0.2354923237743753	0	0.8904088886398933	0.08109957730724353	0.688716418126225	0.5516370170473605	0.55163702	-0.1810339361493747	-0.2405374414506956	0	-0.2971958612782638	-0.6009086479421878	-1.023143335481018	0.7636075850928992	-0.4977403875531251	0.9444180428271304	0.0293454150425878	1.565881479970346	0.2008687220560839	-0.517601512398109	-0.6157751912938759	0.7513577411084964	-1.032231303642462	1.792558822706115	0.2132017664095281	0	0
1.458333333	-0.235983717211017	-0.4742298708720067	1.139608800768497	1.12028716	1.05602823	0.00102859	0.8057321188807485	-0.04745401010521536	-0.3909311034835596	0.008023231447528128	0.008023229999999999	0.02372631023703246	-0.2374240175385683	0	0.8916160651647229	0.07889987252844349	0.6896907350911815	0.5513231234211137	0.5513231200000001	-0.1824698680923413	-0.2439112468451376	0	-0.3177864958769365	-0.6082262598773612	-1.016342644517191	0.7563691083058733	-0.5149185172227855	0.9460400708506567	0.02959096908024231	1.566537122328636	0.1998392120205929	-0.5084861486760612	-0.6291077558648068	0.7539566379428785	-1.030340106403837	1.788266288036195	0.2187622176802408	0	0
1.461111111	-0.2738792313038873	-0.4845818094448047	1.168280570032496	1.12688133	1.05628936	0.00215012	0.8314803867730312	-0.09021955061837876	-0.3816211728999604	0.007348428864710104	0.00734843	0.02565556944145189	-0.2424222076746256	0	0.905530909447764	0.1104785841783457	0.6889824543007834	0.5361394736410916	0.53613947	-0.1792684867417634	-0.248538477720659	0	-0.346485727198583	-0.6822758084838387	-1.026252094826186	0.6771405152301214	-0.5472259513083509	0.9016101836646597	0.03819606205899174	1.566017726654942	0.1889183249095775	-0.5029426770155093	-0.6796624402519637	0.7409786893693676	-1.010042569484307	1.789347157701052	0.2349894776617149	0	0
1.463888889	-0.2750454322102689	-0.4947489935716388	1.180850358525129	1.12615005	1.05672467	0.00279863	0.8547540282407334	-0.09850627547027804	-0.3530256403158212	0.007823956734852425	0.00782396	0.02343013257535801	-0.2448167749737523	0	0.9147377025917434	0.1127048333206735	0.6892159189663081	0.535405345746202	0.53540535	-0.1876844324553548	-0.2553263063060297	0	-0.3569913990842855	-0.6907780832436884	-1.024138285030259	0.6725940157808815	-0.5595435948764755	0.9089193080636807	0.03349243358425451	1.566622252333698	0.191759492817291	-0.4957981694535425	-0.7058051008934512	0.7490512940870395	-1.02234540759892	1.792924059555633	0.2361465339154807	0	0
1.466666667	-0.2700744950414157	-0.5014454234528728	1.193810930251541	1.12562846	1.05727898	0.0038282	0.8626974161109705	-0.09998126700923952	-0.3486449740235912	0.007630453127881365	0.00763045	0.02489891702536771	-0.2472600729127922	0	0.9186611360786492	0.1095027503477363	0.689668789146634	0.5357346197374162	0.5357346200000001	-0.1881378738819448	-0.256869925587443	0	-0.3714451029528386	-0.6947573634269337	-1.017078876231961	0.6679870115260615	-0.5749141418431839	0.9137977789104939	0.0322397001262236	1.567084210094374	0.1927857160487347	-0.4864700898891836	-0.7161293285246493	0.7512048895359299	-1.021779541661227	1.786894597648737	0.2403400644345155	0	0
1.469444444	-0.2652609270553649	-0.5070050764099858	1.207893630353662	1.12518476	1.05808077	0.00475767	0.8716635644794154	-0.1031726525101253	-0.338587742847106	0.007587164599108775	0.00758716	0.02690651882392141	-0.2496084793947963	0	0.9213098248876627	0.107371571035094	0.6900964543291001	0.5359174054519837	0.53591741	-0.1883196820375983	-0.2591263519961366	0	-0.3876950434879422	-0.6987539752532501	-1.012102015764693	0.6629292922234761	-0.5906274521018293	0.9179981539127232	0.03195495384755093	1.567422813743104	0.1940770022591458	-0.4770757916603393	-0.7276489749211049	0.7537720290573743	-1.022867892679923	1.78208332878491	0.2438394771609663	0	0
1.472222222	-0.2609072538508133	-0.5118310278561453	1.222095353533189	1.1245746	1.05893388	0.0058936	0.8806810801566745	-0.1074249761903428	-0.3277819650871815	0.007492274538336347	0.00749227	0.0280920963756587	-0.2520456555914848	0	0.9239170982552566	0.106276168188089	0.6902974778616863	0.5360668565995685	0.53606686	-0.1886266287298234	-0.2610673956636654	0	-0.4050941267794503	-0.702463992497216	-1.008240161333522	0.6584093861815158	-0.6063600712870554	0.9222126161654772	0.03096582479683159	1.567700099611889	0.1955587894120829	-0.4681178229519669	-0.7398251777047796	0.7568382295959303	-1.025082083516981	1.777834733477041	0.2469273402025993	0	0
1.475	-0.2587082850773589	-0.5141549836715924	1.235561645580474	1.12402106	1.05998009	0.00677223	0.8908163774671406	-0.114147377792577	-0.3091084922922838	0.007661483685718422	0.00766148	0.02620546299849488	-0.2550575184453727	0	0.9245310837930913	0.1084101349660797	0.6905403020298577	0.5353642301523482	0.53536423	-0.1895970925313902	-0.2632454876812722	0	-0.4247348889710713	-0.7079928995596928	-1.007643807286323	0.654102585015757	-0.6209609687198058	0.9272061707070411	0.02998957714865659	1.567919853319876	0.1990066864767331	-0.4587931822098331	-0.7580495825191269	0.7628470515881574	-1.031526651391578	1.779793016110657	0.2477778826057946	0	0
1.477777778	-0.2542269909544406	-0.5195203017214116	1.24952987808907	1.12339497	1.06058041	0.00775727	0.8998378976278355	-0.1178378063336831	-0.2996893529667289	0.007629161584234889	0.00762916	0.02533014494843591	-0.2583017711910319	0	0.9277589993842872	0.1074149185559953	0.690714333521963	0.5358069261103324	0.53580693	-0.1902822714456772	-0.2650282270185855	0	-0.4395870193937964	-0.7108783016155676	-1.00311268994738	0.6490169011752315	-0.6373384751954048	0.9312025990992532	0.0285925711094644	1.568117687961386	0.2005688669856755	-0.4491921800998191	-0.774038686215514	0.767068187979971	-1.036552236564641	1.77779524575178	0.2490222409268768	0	0
1.480555556	-0.2488773194322997	-0.5249308751115375	1.262961926252832	1.12290009	1.06102909	0.00882016	0.9068387989753494	-0.1202958753432485	-0.2943527361583271	0.007465014415282373	0.00746501	0.02697479470799602	-0.2596540643382489	0	0.9308367634272694	0.1050695751268284	0.6908821071360353	0.536099727432569	0.53609973	-0.1902667767616438	-0.2655576506560294	0	-0.4528736207188762	-0.7128637174868018	-0.9962906963673687	0.6427991116097949	-0.6542417861937109	0.9348559666208908	0.02707328433581777	1.56830076287701	0.2026319580371378	-0.4401412240886247	-0.7848370552272966	0.7684666778980932	-1.037201100587714	1.770082230172699	0.2516706080717091	0	0
1.483333333	-0.2454060145353205	-0.529525842877704	1.273797268319489	1.12239745	1.06136248	0.00992707	0.9119877146984112	-0.1222568068630709	-0.2910050979617614	0.007411738588931097	0.00741174	0.02911220641686435	-0.2631617275851397	0	0.9337819149102241	0.1039955108497913	0.6910128966996592	0.5357348754281517	0.53573488	-0.1902205040689162	-0.2653206684539302	0	-0.4643474380853001	-0.7162855621962403	-0.9894938224386165	0.6387709740757326	-0.6703560675220447	0.9411421917680285	0.02473761771015568	1.56841346227747	0.2057122021929871	-0.4310361330254883	-0.7944064324948633	0.7710374312982868	-1.036232061672949	1.763232309753859	0.2547166343494413	0	0
1.486111111	-0.2386787289782405	-0.5306494734583003	1.29161748385154	1.12189826	1.0622733	0.01102676	0.9222377134765221	-0.1285249709940432	-0.268700909749989	0.007616184537647535	0.00761618	0.02659482221813699	-0.2647410149387456	0	0.9314849563712457	0.1036654893340584	0.6910146195141638	0.5361385720040001	0.53613857	-0.1887790033039053	-0.2671245184212109	0	-0.4863406840225908	-0.7163252424313173	-0.9881898037022462	0.63122648068244	-0.6881744707042005	0.9414726757960131	0.02694865927511203	1.568580331112859	0.207938772999496	-0.4206808003108941	-0.8186862262566772	0.7789089814165119	-1.050227680142838	1.767307545870451	0.2554426054480717	0	0
1.488888889	-0.2322345408872888	-0.5352597947113636	1.306099216835215	1.1215306	1.06263424	0.01229379	0.92926741729455	-0.1307640203811051	-0.2613069361693822	0.007661094826361078	0.00766109	0.02790941834790606	-0.2678429814624652	0	0.9337625742186512	0.1014672527262252	0.6910632778974459	0.5368843438629944	0.53688434	-0.1894321852715484	-0.2683163974842126	0	-0.499284544395948	-0.7162697200171529	-0.9819607318049259	0.6249993989840658	-0.7055540832771061	0.9442681673900043	0.02661971689645574	1.56868723235501	0.2111442286466797	-0.4104975551406843	-0.8317904506233003	0.7825707879541486	-1.054972488265013	1.761996466196066	0.2590586606228285	0	0
1.491666667	-0.2241214298702049	-0.5389881307566255	1.319972993171891	1.12084589	1.06303942	0.01348801	0.9349195053323095	-0.1318854610970889	-0.2551429772704661	0.007548361217447961	0.00754836	0.02895717702245718	-0.2695719163131967	0	0.9350530052177287	0.09809969002545166	0.6910553387437445	0.5378325166684206	0.53783252	-0.1899979520745395	-0.2689756401076832	0	-0.5111374720595805	-0.7152045853681678	-0.9727808081793139	0.6198222075308581	-0.7233002064408175	0.9472300729865807	0.02601331551235262	1.568787831736832	0.2138012259210643	-0.3998157577168399	-0.8437302709000067	0.7856965331926632	-1.060355316679618	1.754847383777064	0.2629262245495816	0	0
1.494444444	-0.218171147966419	-0.5419860438919338	1.333101958976925	1.12060082	1.06330768	0.01471067	0.9402281181583302	-0.1342739387679224	-0.2491467755795273	0.00751486503297661	0.00751486	0.02993569674025242	-0.2707778302668454	0	0.9367614966778659	0.09649012103479079	0.6911603220435812	0.5385142380854594	0.53851424	-0.1900364865009626	-0.2680237319485919	0	-0.5234780031773839	-0.7153362352045798	-0.9654916112515605	0.6127005669236851	-0.7406544637430148	0.9500182977276983	0.0246697244022531	1.568868807160142	0.2171853041489507	-0.388522585244123	-0.8567557838844245	0.789012970138191	-1.064415417650003	1.7480623032126	0.2660275671180936	0	0
1.497222222	-0.2112900168717634	-0.544654510248432	1.347279951612744	1.12025682	1.06356408	0.01596474	0.9454225677762474	-0.1369625636772812	-0.2426743461414162	0.007554790835879383	0.00755479	0.03071375038362455	-0.2742668877803112	0	0.9371114440940699	0.09455557906779143	0.6909690149334737	0.5388961791321818	0.5388961799999999	-0.1894465716715068	-0.2671710319693754	0	-0.5358868199531059	-0.7136066313691459	-0.958345528006345	0.6056192490072867	-0.757999082638951	0.9524515200554995	0.0241044307580222	1.568947456059561	0.2217893291267375	-0.3761883582555777	-0.8702666338384469	0.7930659862935429	-1.06923841966426	1.741742146421343	0.2696409659017288	0	0
1.5	-0.2062601357452802	-0.5436850370957487	1.359701503706952	1.12014047	1.06433167	0.01699846	0.9506618456524033	-0.1399978198772652	-0.2263889181756975	0.007623984065008848	0.00762398	0.02809560169492841	-0.2777537920810788	0	0.9349402702125522	0.09483827091940158	0.6909229715770099	0.540152684770325	0.5401526800000001	-0.1845856340532934	-0.2661417528409444	0	-0.552333476199136	-0.7145505968838773	-0.9524825483444085	0.5982418286529048	-0.7755440478797235	0.9542198110336658	0.02317457308870059	1.569015041840449	0.225122048597923	-0.3649689397318586	-0.8978191122830337	0.8037309123176399	-1.085214820679818	1.747826749213428	0.2708723293738654	0	0
1.502777778	-0.19974351107985	-0.5462640087277911	1.372524847524663	1.12001748	1.06474667	0.01837976	0.9550201822021832	-0.1411393221058031	-0.2212539193590251	0.007521151359876444	0.00752115	0.02991345164627113	-0.280235117602927	0	0.9363153376375798	0.09296772441648633	0.6908785930901193	0.5412995584241689	0.54129956	-0.1853236262816799	-0.2655908562431802	0	-0.5626689498593694	-0.7129751630427269	-0.9446302076689966	0.5913960441407934	-0.7926808420440444	0.9565534572661859	0.02267567787786794	1.569084090381784	0.2306741477700333	-0.3524573059589676	-0.9086593175351184	0.8072578775097945	-1.089475204115988	1.739258795444898	0.2755214742544089	0	0
1.505555556	-0.1911425197993757	-0.5475505043584714	1.38721744857057	1.11973721	1.06527657	0.01963359	0.9590972212438925	-0.1422728661565507	-0.2135822309077032	0.007568169657260546	0.00756817	0.03140360119525328	-0.2824229304063356	0	0.9352881288187075	0.08976871584102659	0.6906289446845726	0.5430510645709189	0.54305106	-0.1864104770153501	-0.2684666631769593	0	-0.5738964770082602	-0.7088582648696924	-0.9368294393785862	0.5845776658357945	-0.8100818553206393	0.9589600764128634	0.02205997004912734	1.569148406462851	0.2362010035470404	-0.3397205449583885	-0.9223429845811525	0.8131816202860404	-1.096305956107252	1.734074338186014	0.2800776128080417	0	0
1.508333333	-0.1844729763662028	-0.5483326370108383	1.400008452309906	1.11933349	1.06556674	0.02092742	0.9626329877823989	-0.1439797236394421	-0.207173038937182	0.007461910870806477	0.00746191	0.03252444640489627	-0.2835481228820795	0	0.9352370398899089	0.08845036009751581	0.6905722146770987	0.5443155543922583	0.54431555	-0.1872564777227658	-0.2682931851287598	0	-0.5848519197186031	-0.7060186977779688	-0.9288275688412404	0.5774711631673558	-0.8287369077360784	0.9607184877802661	0.02089999822284606	1.569195828454891	0.2418133593389112	-0.3273890771608577	-0.9365883921301263	0.8187516975711767	-1.102094878831032	1.728235466407969	0.2839389377063178	0	0
1.511111111	-0.177385926439475	-0.5475651759452296	1.411722227315738	1.11887051	1.06593569	0.02182372	0.9655959140475219	-0.1445044371568336	-0.1967898340125651	0.007526768178475212	0.00752677	0.03225707226093333	-0.2866210851752236	0	0.9330228902426206	0.08668185967983906	0.6903778841331281	0.5455296989695935	0.5455297	-0.1882287254253611	-0.268579880940207	0	-0.5962357360405552	-0.704801674978164	-0.9196746878706576	0.5716517729289549	-0.8485608436289597	0.9624205559051571	0.02054489964188767	1.569224350276462	0.2455213321041912	-0.3190680810237663	-0.9633205347594151	0.8311490969265308	-1.11922614065069	1.733044305773478	0.2865677754894848	0	0
1.513888889	-0.161899410721552	-0.5388231877175341	1.423104614911164	1.11677326	1.06603231	0.02371854	0.9572639832481338	-0.1384223547947212	-0.193423469654856	0.003844605865772428	0.00384461	0.02136841370175357	-0.2943643647635343	0	0.9262626748604116	0.08366656027265407	0.6943360845787336	0.5523030413221727	0.55230304	-0.1966625759481498	-0.2719144717534164	0	-0.5321158140982913	-0.6341145801446739	-0.9581672174905125	0.4125792803744385	-0.8600117804270216	0.7869832907972643	0.001721084534289026	1.560444486833201	0.2425904851652529	-0.3086864177484777	-1.009058009007438	0.9187651379798476	-1.154797534518098	1.711134649588185	0.2665618605732165	0	0
1.516666667	-0.1552340592201766	-0.5398755591227653	1.434337458682023	1.11643165	1.06631162	0.02476704	0.9601743285024806	-0.1384080291322208	-0.1871963877819489	0.003859748167829806	0.00385975	0.02331377287039095	-0.2976932862237345	0	0.9273353275151497	0.0825065781489302	0.6943116040670463	0.554393028421007	0.55439303	-0.1958540013830822	-0.2694111805648002	0	-0.5399929080803524	-0.6315279503569395	-0.9502950788472637	0.4011420079336233	-0.8715623137407169	0.7830203097203046	0.001637441026150599	1.562266929618471	0.2421927811773912	-0.3073003046582131	-1.018959810585519	0.9250272819466309	-1.15780531295247	1.703366805712383	0.2738380010419016	0	0
1.519444444	-0.1484580995718511	-0.541812974948911	1.446099230242284	1.116004	1.06641076	0.02568809	0.9653150542680276	-0.1387973396571768	-0.1785160665745824	0.003854484254805791	0.00385448	0.02266770259585095	-0.3009416994852646	0	0.9281181844791562	0.08070110467637921	0.6942158725830416	0.5560896460571769	0.55608965	-0.1960777702210134	-0.2703456815080638	0	-0.5460504303437637	-0.6283268278386896	-0.9427473764916083	0.389867043084729	-0.8848289582729978	0.7787052948605531	0.001555474081291638	1.563528205765059	0.2400862975755328	-0.3000448831676112	-1.044747303356476	0.9382756914534198	-1.168977387500367	1.705171554000629	0.2784964961748469	0	0
1.522222222	-0.141442396086951	-0.5424825544594095	1.459211924691768	1.11551674	1.06656	0.02666041	0.9687390031464124	-0.1403509720670418	-0.1714918511189203	0.00385779601706145	0.0038578	0.02391204328910779	-0.3031438800136086	0	0.9276631200708948	0.07959100860053339	0.6941486594299485	0.5569377369709048	0.55693774	-0.1988073442198153	-0.2720026466598918	0	-0.5545905839843696	-0.6242622726135212	-0.9362970455398213	0.3775049004274628	-0.8974541401999638	0.7734797583106638	0.00149234639491163	1.564523803704117	0.2359279281105429	-0.2866516094130447	-1.060996192854305	0.9465528011119368	-1.173849042312852	1.701455895503455	0.2840867444046814	0	0
1.525	-0.1343969059403717	-0.5426643327699328	1.472830794120393	1.1149956	1.06660009	0.02760545	0.9730211281490746	-0.1429479015662909	-0.1613665634462474	0.004008078464969048	0.00400808	0.02630811314218753	-0.3035477118524741	0	0.9274082683152491	0.07885701108173887	0.6941446306864362	0.5596284114204042	0.55962841	-0.1983885282057227	-0.2732634056654222	0	-0.5633497150105109	-0.6195790468632069	-0.9306990169812472	0.3660505883371603	-0.9118449689312796	0.7682109878608077	0.001432983732794023	1.565188341656539	0.2336894108743699	-0.2795305025275568	-1.073933899894851	0.9533477530841167	-1.175913000443887	1.695121359468089	0.290162883397092	0	0
1.527777778	-0.1282260100558106	-0.5434135270450573	1.48642356721151	1.11438616	1.06653352	0.02862378	0.9768532212258407	-0.1459881384123614	-0.15371614654425	0.004063354613176035	0.00406335	0.02859605775371111	-0.3046897874216713	0	0.9267382385098035	0.07804908682635056	0.6940359176179879	0.5598037698863398	0.55980377	-0.1980316134351447	-0.2736635145424602	0	-0.5715846135320027	-0.6151011543870007	-0.9253937871269157	0.3512833468895279	-0.9245839426602843	0.7613757407740555	0.001382199538482893	1.565740722482299	0.2311836617385681	-0.2719426418911424	-1.087913519978685	0.9605134093242287	-1.177761805031244	1.690084177978411	0.2964474274430943	0	0
1.530555556	-0.1330001000904447	-0.5757033132338912	1.503295544662821	1.11630889	1.06715656	0.02633935	1.012200116184091	-0.158679813718637	-0.1397077079328731	0.007875169582027844	0.007875170000000001	0.03818801102968522	-0.3062176493469987	0	0.946702631868634	0.07645104538633327	0.688847662173586	0.5435428939908078	0.54354289	-0.1953847711844799	-0.2754599527945395	0	-0.6483210167603786	-0.714645283090193	-0.8581198548625	0.438723366600859	-1.162999238098947	0.8327049890141784	0.03906791213982701	1.56572176750849	0.3473536487178049	0.6348342895255469	-1.06582115661864	0.8696248609135913	-1.190798291773334	1.718945328905285	0.3240566842407753	0	0
1.533333333	-0.1252878254036311	-0.5739502692775372	1.516246552333998	1.11573417	1.0670829	0.02769722	1.013329233556257	-0.1600175899152677	-0.1336811080168853	0.008066352773758377	0.00806635	0.04035860144763395	-0.3071639588389156	0	0.9444158082820892	0.07502031452453771	0.6887272384694556	0.5451511419417578	0.54515114	-0.1953470624733259	-0.276024129602582	0	-0.6572282440350066	-0.7088720147480725	-0.8506491157672711	0.4265847308076031	-1.194936372832967	0.8251213306070039	0.02892705229050191	1.564430781145645	0.3426061918839574	0.6573427158173218	-1.077393226248108	0.8768777963572065	-1.19369447839319	1.71473435102785	0.3286998613170075	0	0
1.536111111	-0.1187890085070919	-0.5694895106985979	1.527970972102938	1.11536932	1.06709873	0.02906797	1.011527016169959	-0.1613445058006278	-0.1283718288241562	0.008247125949165391	0.00824713	0.04075411277835642	-0.3086120281505663	0	0.9394038359790605	0.07423997170731866	0.6885474343008493	0.5462586268305097	0.54625863	-0.1959306297148252	-0.2753303322524487	0	-0.6704170938320053	-0.7051674273979426	-0.8413469683049383	0.4003626098631284	-1.228863614708717	0.8040939472597731	0.02209943543417344	1.562302879037739	0.3360414107919379	0.6771407861052213	-1.096035706009747	0.885234069438205	-1.19864939047245	1.716190060692834	0.3322156230661605	0	0
1.538888889	-0.1126893794773446	-0.5647177543437066	1.539789072419479	1.11492601	1.06701751	0.03049197	1.009396768514071	-0.1633814848066181	-0.1233340247755335	0.008324741264600354	0.008324740000000001	0.04152412760972678	-0.3096345359250983	0	0.9341044770632668	0.07371462376274401	0.6883554554135128	0.5469779953485799	0.546978	-0.1949963024318222	-0.2735540656431994	0	-0.6838785176324075	-0.7006778754242012	-0.8323463800524954	0.3704558464930838	-1.263826105786138	0.7790974068134913	0.01679337585031553	1.558533788507245	0.3285743635916758	0.6965740138134816	-1.112633997159322	0.8923931344423968	-1.201090910619114	1.716126712396837	0.3364408321837837	0	0
1.541666667	-0.1064363532851065	-0.5581892249619815	1.551242557223716	1.11453645	1.06692431	0.03199964	1.005073114449055	-0.1649441793150253	-0.1198535462534729	0.0084260138199144	0.008426009999999999	0.04272461725459312	-0.3104155323681222	0	0.9274724653648617	0.07283951916645257	0.6882166919641355	0.548201298192099	0.5482013	-0.1938761797884895	-0.2713062733783155	0	-0.6973809374716097	-0.693916022574088	-0.8238556445369952	0.3272681525472321	-1.304124123364776	0.7413289671763991	0.0128383677864448	1.546724755350702	0.3260284685669524	0.7287617570586696	-1.129909279534598	0.9005831266894324	-1.201635366253806	1.715570987694763	0.3402961123087284	0	0
1.544444444	-0.09299928834694278	-0.3337299845206581	1.543768637614991	1.10918157	1.06905812	0.05363848	0.8002568328707489	-0.1561061251982403	-0.1280676233460543	0.0140050282380185	0.01400503	0.06688773435964779	-0.2727483734893915	0	0.7465273375019479	0.09116248132739661	0.6873602110781604	0.608485446681803	0.60848545	-0.1813022417755595	-0.2417851110104347	0	-1.04929445817685	-0.7016478014898256	-0.6643435939519566	0.3143943362510146	-1.336290380036076	0.8449888222385662	0.001745934183113071	1.56903105785433	-0.2924132227954863	-0.2474687556482678	-1.097577858341924	0.7671592318586707	-1.010676507626151	1.727649098785685	0.365187362277225	0	0
1.547222222	-0.01158151727124136	-0.1333950623405845	1.479013205861892	1.09433886	1.06441135	0.06604657999999999	0.6128322223451508	-0.06434161348931926	-0.1017892418876745	0.01080324197105423	0.01080324	0.09101923849049399	-0.2258198998243099	0	0.5804017074662017	0.05517728211164581	0.692610521529584	0.682322685933152	0.68232269	-0.1814457490298438	-0.2139358230949842	0	-1.07570122745127	-0.5091168508029387	-0.6264040813303742	0.6191720388741686	-1.703130087578599	1.199753070717965	0.001011272392005247	1.569202653739464	-0.7403376267935174	-0.7844630599665269	-1.231556731222906	0.9165368696661081	-0.8608053584250244	1.703830401813627	0.3394690817594855	0	0
1.55	-0.0002265737565719983	-0.1097096793763796	1.477900006416103	1.09228301	1.06430584	0.06823825	0.5924957937303005	-0.0549241149477941	-0.09354432779427013	0.01105055111180455	0.01105055	0.09600103282902511	-0.222008138786132	0	0.5593594469324269	0.04987561848857491	0.692694861249561	0.6896751220738248	0.68967512	-0.1824701382693094	-0.2109038111130138	0	-1.0900415891146	-0.491171405628129	-0.6110835139611916	0.5180299722289835	-1.766549849049343	1.105954537812537	0.0009895751568761546	1.568948896654325	-0.7464788478920044	-0.7844437922297165	-1.271675552007518	0.9308054752588347	-0.8401602376141641	1.702191887584519	0.3410721589979936	0	0
1.552777778	0.01095711683016121	-0.08909151988820531	1.476981538067348	1.09074749	1.06444247	0.07008873	0.5762917886903129	-0.04501726919364226	-0.08245893886339824	0.01139791020472789	0.01139791	0.0985647228817359	-0.2197653109357725	0	0.5396277454073282	0.04253487465762718	0.6927408429959023	0.6943620105721074	0.69436201	-0.1810535224087736	-0.207354477257567	0	-1.102229234625917	-0.4754335195628192	-0.5956985149701451	0.4722813247321553	-1.828188571133464	1.066811910570893	0.0009777495039963418	1.568585343000338	-0.7526570305261926	-0.784429236009222	-1.305725667680603	0.9425213244139498	-0.8187576336104956	1.69770617044821	0.344171741401955	0	0
1.555555556	0.01885850562087714	-0.07569483698201079	1.480849593304286	1.08934089	1.06462093	0.07201082	0.5674481325902279	-0.03989677528478441	-0.07492806671771989	0.01187445385649487	0.01187445	0.09963070645886926	-0.2194522863089602	0	0.5283861088422313	0.03824265362337374	0.6927200453034696	0.7010014367782408	0.70100144	-0.1788967801312419	-0.2066911645262807	0	-1.110718503366714	-0.4598488496693567	-0.5852369245162943	0.4562634002392972	-1.885909054354133	1.057019300456009	0.0009636449747122	1.5681078034637	-0.7603570126845515	-0.7844036292365685	-1.33272469855419	0.9506662293958856	-0.79735853928942	1.690916141177186	0.3458881699213985	0	0
1.558333333	0.02892077608651173	-0.05836677811908339	1.47812280362924	1.08790811	1.06466301	0.07350916	0.5531168064964357	-0.03035014018097005	-0.06616547138754612	0.01201709961626036	0.0120171	0.1032045058161718	-0.2163863369232836	0	0.5119227274550451	0.03128370807121555	0.6927845079921947	0.7047975205709456	0.70479752	-0.174810061668034	-0.2018454412922228	0	-1.119283396700401	-0.4467510538739675	-0.5719134808615013	0.4171378922341543	-1.944398933337886	1.020550685354561	0.00094663656661859	1.567047519608305	-0.7654973839737274	-0.7843815968982231	-1.374885611461369	0.963109067176585	-0.7793004250828796	1.688063778029518	0.3497412849654061	0	0
1.561111111	0.02720805551906411	-0.05577131225294495	1.485595891064977	1.08730676	1.064946	0.07530106	0.5535004825749675	-0.03469086129714254	-0.06374734580870894	0.01224595416909887	0.01224595	0.104612732751658	-0.2174496379293566	0	0.510862672412315	0.03302442459252979	0.6926995898701034	0.7042359797336724	0.70423598	-0.1750923072389544	-0.1998233391237106	0	-1.123979077992922	-0.4387365084065277	-0.5719168556301428	0.4157130073526883	-1.991791164547168	1.024082752493185	0.0009282729103608065	1.565682834448866	-0.7751160997793858	-0.7843764682482159	-1.390786764700623	0.9673691945729539	-0.7682384944243521	1.675337217431219	0.3552068231370004	0	0
1.563888889	0.03983276114567732	-0.0374145861740223	1.483103512372976	1.08600912	1.06514274	0.07654271999999999	0.5395411214004262	-0.02247308145455984	-0.0512186137432678	0.0124720058976916	0.01247201	0.1077133560699852	-0.2147998616056863	0	0.4932278064835026	0.02343182118140931	0.6927509610186421	0.7109425107079523	0.71094251	-0.1742220843285808	-0.200540817101135	0	-1.132921213248853	-0.42479603151996	-0.5565338543429581	0.3908836820151183	-2.050359904138777	1.002893947657695	0.000921543444363892	1.561238806421603	-0.7785556843644074	-0.7843479582948847	-1.438233110366961	0.9782055307791528	-0.7457089744323034	1.677264274728254	0.3560172240145972	0	0
1.566666667	-0.02754337376001087	-0.1351406800955042	1.55360892174746	1.09624711	1.0715036	0.07638568	0.6387693083334945	-0.104128673363066	-0.07248689284437963	0.01815819609823877	0.0181582	0.087689322541686	-0.2520955493188116	0	0.5797614536759269	0.05938357884149434	0.6889625706372799	0.6670599833845233	0.66705998	-0.1723326631370028	-0.2148638652728179	0	-1.194939614782052	-0.6021455657501359	-0.4967532651074468	-0.03990903814264185	-1.747276797536921	0.5638033931037476	0.001582477815478495	1.56313918985168	-0.2999296699694298	-0.1465538936961794	-1.293391704760373	0.8424676274624829	-0.914272688585015	1.71687705038622	0.3832588422151772	0	0
1.569444444	0.01516580343935448	-0.05447877952838204	1.516360473290401	1.08902434	1.06795295	0.07963625000000001	0.5626716790307208	-0.05360262040415652	-0.05028879464572265	0.01319512879351571	0.01319513	0.1013676940842366	-0.2284229688682688	0	0.5115270033686868	0.03827064224685749	0.6926009100013932	0.700140377020973	0.70014038	-0.1742891725160994	-0.2045712851733474	0	-1.148152991530196	-0.4346108102834046	-0.582428945091505	0.4062915243990138	-2.090087853725016	1.028713521325633	0.0007891218233565782	1.555734583027139	-0.8153040012193905	-0.7843646349158874	-1.465550637125501	0.9811949708645414	-0.7630471249634988	1.680647800733965	0.3600392953077783	0	0
1.572222222	0.03264694949429743	0.003758094083541274	1.504830616892355	1.08446296	1.06958707	0.08653321999999999	0.5149605025142057	-0.0385268963745572	-0.03524452354363937	0.01990600493950141	0.019906	0.1123157039608938	-0.221729520532996	0	0.4611158323444667	0.0304512279059163	0.6899105785090919	0.7130574369910013	0.71305744	-0.1716176335074531	-0.2010803420061578	0	-1.261059351387346	-0.5283518701946961	-0.4074259508882312	-0.03609458947194879	-1.976656560438989	0.6393780091888871	0.00174136054780822	1.485769908419916	-0.263090773318795	-0.1454739174653669	-1.42508397902775	0.8821160643858572	-0.8020582144188686	1.715774227795499	0.383330580308889	0	0
1.575	0.05749318532699002	0.05929179180159903	1.484810084843601	1.07963723	1.06894598	0.09114816000000001	0.4682690948270274	-0.013737139745525	-0.01228114873346533	0.02101389823529828	0.0210139	0.1107689472756171	-0.2154915478055564	0	0.413153845207656	0.02173975798192245	0.690077442632091	0.7316658374536664	0.73166584	-0.1724719201654926	-0.1984993213575734	0	-1.294881770359018	-0.4988745510212242	-0.3763670689754076	-0.03939079682971548	-2.076129011436862	0.6829987770925569	0.00175897283982302	1.435575003063172	-0.2487016782230252	-0.1481311622274395	-1.480416452849423	0.8920707768419425	-0.747148644172396	1.709863578828368	0.3850077492176052	0	0
1.577777778	0.0442695612409087	0.05138999809449664	1.501504013403934	1.08156603	1.07012684	0.09273204	0.4766406081230544	-0.02870021219668605	-0.01737739303769597	0.02129871799233246	0.02129872	0.1134504348355328	-0.2203404602797565	0	0.4209128259524505	0.02650211085186983	0.6901242118709908	0.7237676628613009	0.72376766	-0.1702968220856847	-0.1983621105530987	0	-1.303927136604217	-0.5057549288317746	-0.3830098460391719	-0.01821351099275515	-2.085765195370339	0.7148409889536144	0.001623390427540344	1.434934151672162	-0.260074745934779	-0.1356640357467377	-1.48508257384947	0.8886571912050573	-0.7587688423031848	1.70866865887821	0.3873325588481223	0	0
1.580555556	0.02515153318877457	0.03763772215556665	1.521393360921054	1.08390747	1.07136609	0.09413935	0.4907510889799455	-0.05025645352015028	-0.02236321385081142	0.02155136400086953	0.02155136	0.1140155965328722	-0.2268635489466043	0	0.4355375272327373	0.03828213140025751	0.6900267479731704	0.7172261731881493	0.71722617	-0.1708439273047147	-0.2022191084310932	0	-1.312764874118276	-0.5156637445390532	-0.3975458205398738	0.003364745041229107	-2.088776713696232	0.7432241842573571	0.001488814546637294	1.438715484989226	-0.2725911144368648	-0.1214027523338219	-1.487397973188259	0.8850684563672137	-0.7728170513831609	1.711654550185631	0.3877348703306764	0	0
1.583333333	0.007671036396313363	0.02241942881162306	1.540503507938951	1.08655966	1.07263084	0.09526958000000001	0.5058653081660597	-0.069904801959898	-0.02715094188822063	0.02179320938839648	0.02179321	0.1130531469341647	-0.2339815390231139	0	0.4503418546580465	0.04786917838117134	0.6900006647256312	0.7096748398495182	0.70967484	-0.1707953197105138	-0.2054945268230735	0	-1.320660127553072	-0.5266623541287196	-0.4103683190946277	0.02527544126822358	-2.090247303165754	0.7710768272192287	0.001368953885723658	1.443541765953549	-0.2856576637771886	-0.1064687966869731	-1.486200897931008	0.8809713298075446	-0.7897472987459446	1.712359616428612	0.390435572743926	0	0
1.586111111	-0.007632346635586852	0.007741021306791532	1.558212964353072	1.08941489	1.07397974	0.09599566	0.5192237564933967	-0.08720361294428632	-0.03155967290028974	0.02199995271400731	0.02199995	0.1127986866558702	-0.2421505583466599	0	0.4632133039387324	0.05528563354787303	0.689989861835693	0.7019668749042265	0.70196687	-0.1695940903951104	-0.2084939388471434	0	-1.328337504206959	-0.5387507904129638	-0.4208596773606018	0.04592140699297478	-2.091145281698156	0.7978998093491619	0.001259725247014396	1.448924555621845	-0.2986698555360907	-0.09082746485387751	-1.483687240184766	0.8774078184680508	-0.8106510366857789	1.709364893580644	0.3940400954811173	0	0
1.588888889	-0.02460966936802123	-0.009976701684798295	1.577692106612497	1.09213284	1.0752632	0.09669461	0.5353558548408666	-0.1075635209499649	-0.036041853825001	0.02171806249212261	0.02171806	0.1113728072857964	-0.2495403012491598	0	0.4786394946199883	0.06487327411526544	0.6898011968050073	0.6933025733759324	0.69330257	-0.1684517957870921	-0.2116444417556305	0	-1.335985377466105	-0.5493113143318651	-0.4352362270297082	0.06676914517109422	-2.091684278292015	0.8243638788301224	0.00116775931087076	1.45390721058223	-0.3107100901897179	-0.0736318489049743	-1.480374162998049	0.8732288925151309	-0.8282544154786219	1.709595580380131	0.3956634633939102	0	0
1.591666667	-0.04053979088406757	-0.02841478227254537	1.596453011501741	1.09501609	1.07654863	0.09712561	0.5520012255488825	-0.1272130042027922	-0.03990386359047554	0.02197297830135189	0.02197298	0.109474387351128	-0.2575046896190886	0	0.4943363600373555	0.07403496009739165	0.6898044659812291	0.6848593485151983	0.68485935	-0.1672332145827984	-0.2151862028019859	0	-1.343430382205112	-0.5603683078030046	-0.4502921464592193	0.08594804472248432	-2.092090686585922	0.8481587845210155	0.001082581832852755	1.460127866327364	-0.3224562244725464	-0.05621947091695504	-1.476464272393474	0.870077406637209	-0.8467531240921943	1.709150538525099	0.3975452314912512	0	0
1.594444444	-0.05977360250798268	-0.05163397575077074	1.617265098886427	1.09785824	1.07747855	0.09778887	0.5767787165275304	-0.1517238912512762	-0.03911201399203102	0.02305417940423339	0.02305418	0.1016130186110945	-0.2653516955211087	0	0.5152706785891457	0.08869063451418303	0.689535921070404	0.6774947359104661	0.67749474	-0.1687604424300087	-0.2217215784122348	0	-1.350930500776705	-0.5699555080238268	-0.4725823718624428	0.1038616713232996	-2.092390917600251	0.8705435062387321	0.001009207318434287	1.465482175189328	-0.3339964949011742	-0.039150767980874	-1.471052345849579	0.8670207839419892	-0.8614028481579669	1.71216494449824	0.3970318523165551	0	0
1.597222222	-0.07136456567566876	-0.0681738570134669	1.632547371637425	1.10101338	1.07880981	0.09752713	0.5895510277905776	-0.1661526053210662	-0.04176616166734588	0.02258230974420325	0.02258231	0.1008589058236049	-0.2740465977326451	0	0.5273879656895242	0.09399927544000464	0.6894247161953827	0.669539179604684	0.66953918	-0.1671124953944257	-0.226157107384172	0	-1.358705891805259	-0.5831727874890112	-0.483017020715828	0.1231662349298992	-2.092637237662915	0.8939018492331654	0.0009447633047324245	1.472869416860477	-0.3453036577586422	-0.02100954451147918	-1.465546593023091	0.8639109053171716	-0.8832389088701582	1.709068939844712	0.4008225763776599	0	0
1.6	-0.08644035044272606	-0.08944097424889567	1.650495171610462	1.10426968	1.07987898	0.09731997000000001	0.6067786501109026	-0.186088242460608	-0.04633684579496482	0.02256301233679565	0.02256301	0.09807881763292707	-0.2818169032208241	0	0.5435156363112147	0.104085131587019	0.6891638669648283	0.6598540133548157	0.65985401	-0.165780540918048	-0.2296134820365979	0	-1.36705066875154	-0.5945851778178783	-0.5003576297178077	0.1445553719730592	-2.092816079631505	0.9202947698435695	0.0008803404095145106	1.478082215822952	-0.35556862221149	-0.002967169684133236	-1.4589796758226	0.8603335273367708	-0.9017825248053846	1.709179435243393	0.4023570928943594	0	0
1.602777778	-0.1033102378622576	-0.1169196713428154	1.66950866630864	1.10745205	1.08068428	0.09707337000000001	0.6370793365620503	-0.2091666796725161	-0.03723534609583024	0.02387510740974661	0.02387511	0.08624898922741182	-0.2914513959302559	0	0.5672596607674903	0.1192040797427415	0.6888913423542428	0.6525299133326808	0.65252991	-0.1712133585294905	-0.238695338753133	0	-1.3730292429661	-0.6049432899693064	-0.5255300436766873	0.1595455904027412	-2.092967997627454	0.9378230322834005	0.000826344285780936	1.484820206880598	-0.3646047006870746	0.01684599944712534	-1.44874684759367	0.8578657356215413	-0.9185861916405685	1.708810417138051	0.402481212158648	0	0
1.605555556	-0.1158754429457423	-0.1389423384698399	1.687171099189389	1.1108886	1.08186289	0.0962204	0.6533611258653444	-0.2279417308044128	-0.0418815036708261	0.02334132568516048	0.02334133	0.08642032505848746	-0.2979902049522094	0	0.5819956431936866	0.1268863440166659	0.6886636308175313	0.6415641918547744	0.64156419	-0.1681778316289395	-0.2418728572640458	0	-1.381856869613269	-0.6162816921259899	-0.5431350513853211	0.1797960824958817	-2.093106759680568	0.9622442197057746	0.0007768378470151917	1.490667445767076	-0.3736480348454255	0.03578435091422148	-1.440558210943865	0.8549370958259751	-0.9378808030307073	1.709183459274516	0.4031805524999527	0	0
1.608333333	-0.1286148446294796	-0.1632653104556176	1.704155544959567	1.11428279	1.08284519	0.0951613	0.6730686437592616	-0.2474112480966122	-0.0432809477604504	0.02327080356233855	0.0232708	0.08688933674186744	-0.3033443584798694	0	0.5994966479539247	0.1364591855882648	0.6883613228613922	0.631922040291519	0.63192204	-0.1675991630030518	-0.2470247810620736	0	-1.390014261029739	-0.6279445005506038	-0.5637852193393124	0.1975000018529505	-2.093214886667453	0.9834697529009782	0.0007323403286697459	1.496419331731465	-0.381406304019484	0.05572033572335025	-1.430905558956231	0.8518842866751708	-0.9579306091379391	1.706661162148478	0.4048050981609249	0	0
1.611111111	-0.1401617668569525	-0.1881230436447577	1.72073125922807	1.1177272	1.08391726	0.09378424	0.6921860413984698	-0.2660102784101221	-0.04559607343161284	0.02301910334772314	0.0230191	0.08827473023288149	-0.3089136133658622	0	0.616559985922418	0.1449926116827359	0.6880253747311184	0.621299391552426	0.62129939	-0.1661431325465511	-0.2513983689969891	0	-1.398446378789647	-0.639997979286194	-0.5837454417102965	0.2167713050690606	-2.093312059618887	1.006515853874236	0.0006921127583393042	1.501471522878177	-0.3889531143373586	0.07534359034271156	-1.419579964898263	0.8481323342307343	-0.9780508912913005	1.704573995501714	0.4061861731837708	0	0
1.613888889	-0.148225165311886	-0.2091336329103271	1.734502089936811	1.12122418	1.08517953	0.09180792	0.7055409833593396	-0.2794566019709019	-0.05008898795669094	0.02191722166400183	0.02191722	0.09129004779149072	-0.3141962846650788	0	0.6290925186168383	0.1492738835684599	0.6875284953755718	0.6114173355823048	0.61141734	-0.1627349104809901	-0.2550106413451251	0	-1.407442343490368	-0.6546096572686683	-0.5980245658788261	0.2372361818883431	-2.093394478604022	1.03114820397042	0.0006547267585640344	1.506455576545426	-0.3962405071182644	0.09565792413642915	-1.409349617131266	0.8450612371709618	-1.001512072750453	1.7003765079722	0.4096309148676663	0	0
1.616666667	-0.1607641056335892	-0.2414696764329913	1.752535302658248	1.1246737	1.08619344	0.08993864999999999	0.7315922774107484	-0.3021482134831101	-0.05194694522517864	0.02198383739089195	0.02198384	0.09494418395613083	-0.3169781782243348	0	0.6517551122849028	0.1610753559586839	0.6870175155049983	0.5984657959347718	0.5984658	-0.1626045701651158	-0.2596437962171935	0	-1.414571639286173	-0.6655229980995968	-0.6272000153483341	0.2538665925066756	-2.093463531683213	1.050438634598868	0.0006234864121508871	1.510535775156679	-0.4013049059704302	0.1167532009660955	-1.393756661810778	0.8415243572869255	-1.019754029817489	1.698476888996335	0.4089217776442042	0	0
1.619444444	-0.1693080155718112	-0.2697107555098637	1.767786219172972	1.1282164	1.08730102	0.08755738	0.7529515827627347	-0.3192647187184752	-0.05414963137540692	0.02157311848279808	0.02157312	0.09858085321468282	-0.3201852572022558	0	0.6698028815759008	0.1677381735910513	0.6864640080692062	0.585960398397831	0.5859604	-0.1608501754984537	-0.2636307528820879	0	-1.422674775746582	-0.679367149566615	-0.6491823599591168	0.2740451402081868	-2.093529345256779	1.073919757491922	0.0005941489982211893	1.514046404416101	-0.4063123657246777	0.137588684489405	-1.38108451481897	0.8392983161878447	-1.038831057816565	1.699077687873539	0.4108537257028693	0	0
1.622222222	-0.1751846492935518	-0.2942952633387235	1.782140350960501	1.13176111	1.08851182	0.08467474	0.769213858063261	-0.3331312227917568	-0.05795709733282862	0.02033377274732752	0.02033377	0.1026890844317178	-0.3232058631084985	0	0.6836232562479863	0.1710465120343169	0.6858584901707704	0.5745457614811508	0.57454576	-0.1571374119789099	-0.2670468622650715	0	-1.432078907509498	-0.6941536486281482	-0.6668745458166903	0.295877106552486	-2.09358613477998	1.100277036559138	0.0005680294478333934	1.516673035579495	-0.411234860931076	0.1580167346869376	-1.368474715002301	0.8353583760750052	-1.064595947351979	1.694518180659917	0.4132527629647432	0	0
1.625	-0.1844153517029543	-0.3334806439911913	1.800012618668565	1.13511016	1.08912341	0.0816649	0.8009813145053958	-0.3553552757817202	-0.05864656103042924	0.02041781471413418	0.02041781	0.1088959468397736	-0.3253369581217381	0	0.7106305130328718	0.1819394784151564	0.6848327217721297	0.5598540976770515	0.5598541	-0.1572063676687281	-0.2731784203481548	0	-1.436162116639179	-0.7062957387770598	-0.700909440822434	0.3134301285821516	-2.093636719134092	1.120358311127316	0.000543320298014134	1.519096401509411	-0.4131818708321199	0.1808801171408038	-1.348928023788434	0.8304126891080393	-1.087932003015463	1.686341966740128	0.4131283295411893	0	0
1.627777778	-0.1898129970902448	-0.365898597211915	1.814811921989089	1.13850175	1.08990383	0.07807848000000001	0.8244030281360408	-0.3712257536376393	-0.0615576920320053	0.01925929500179055	0.01925929	0.1142543814855558	-0.3273460328036475	0	0.7304087284552008	0.1871670266315413	0.6838606297529038	0.5456682173747439	0.54566822	-0.1548614790723644	-0.2771168490058621	0	-1.44341649337569	-0.7213824477344382	-0.7273841650148791	0.3347119088522252	-2.093683237220112	1.145408966205188	0.0005208690806481797	1.520307025583112	-0.4159297618868886	0.2026621140104867	-1.331465992928525	0.8260677790271291	-1.111223086605578	1.681548218887596	0.414539206061013	0	0
1.630555556	-0.1940948896150508	-0.3997886143563129	1.829866019992993	1.14164078	1.09042738	0.07429651	0.8496221214493638	-0.3872392915944884	-0.06382444241229021	0.01859333268616681	0.01859333	0.1210299175424718	-0.3290873682187145	0	0.7517964947167662	0.192769148859876	0.6825402045724989	0.5323680770070576	0.53236808	-0.1532053478388529	-0.2823339945363064	0	-1.450620680202501	-0.7368306847166735	-0.7552613272347474	0.3560873063144477	-2.093725566864994	1.170049655833604	0.0005000961718909432	1.521079537107977	-0.4178386907980491	0.2245380495619668	-1.313339614706149	0.8202543550222433	-1.135822582798456	1.673335478368156	0.4159444156712883	0	0
1.633333333	-0.1974272881201868	-0.4367750588729832	1.8452363252316	1.14469675	1.09072113	0.07014332	0.8779350473539604	-0.4035455008465447	-0.06480556546319773	0.01778426436745381	0.01778426	0.1279694510190905	-0.3305518109876769	0	0.7752301205686222	0.1987413440705524	0.6813958967271884	0.5179134767374006	0.51791348	-0.1517221986309676	-0.2885845446299346	0	-1.456878396268972	-0.7526605349727977	-0.7867189842439947	0.3776087482160881	-2.093764585096686	1.194750341504123	0.000480724587990133	1.521408333926174	-0.4186511940992629	0.24698491547303	-1.294120317763892	0.8140672242595131	-1.159011301082612	1.665138484209227	0.4167484113650634	0	0
1.636111111	-0.1974451445837639	-0.4680752809005154	1.861174178556232	1.14769865	1.09141689	0.06563287	0.8988726415396906	-0.4165442341970517	-0.06926349643421593	0.01613075444394595	0.01613075	0.1337518861795085	-0.3321495346032374	0	0.7926530996865181	0.2004484247810551	0.6805034638039514	0.5044487867278364	0.50444879	-0.1471124912102021	-0.2936016370308568	0	-1.467168729955162	-0.7687403209156635	-0.8118611589773199	0.4047774198569822	-2.093805029611442	1.226086457623985	0.000462907568854074	1.520065848307623	-0.4198972289836247	0.2679973045221241	-1.277295661424591	0.8093235734651654	-1.187814670441138	1.660337809319427	0.4180258705535414	0	0
1.638888889	-0.1991007412229255	-0.5138518775763863	1.875379675137602	1.15046299	1.09105985	0.06067375	0.9370155806631737	-0.4331419020895509	-0.06640693629329614	0.01602669861207375	0.0160267	0.1436817851150853	-0.3326852536432933	0	0.824077208849548	0.2076846748770213	0.6779499196992483	0.4882510955909509	0.4882511	-0.1477620287558341	-0.3008425623402904	0	-1.471496513643721	-0.7876156431329494	-0.8539611848518127	0.4240235739257686	-2.09383605301343	1.247564577661064	0.000445919232046862	1.519030424573028	-0.4182511958760994	0.2916579502367088	-1.254549776106765	0.8004130703820643	-1.206832702646306	1.650312953302434	0.4175237162893965	0	0
1.641666667	-0.1975780456467168	-0.5526836086202408	1.891054362656164	1.15289548	1.09106275	0.05584126	0.9687547287375057	-0.4471408534401798	-0.06365654575250564	0.01520858617170985	0.01520859	0.1492187180741275	-0.3338337405049648	0	0.8491299591951866	0.2119427666958837	0.6761146342577441	0.4739672126076827	0.47396721	-0.1469975544721742	-0.30710910401319	0	-1.48069673283054	-0.8048500160377554	-0.8891336708032407	0.4476805993038859	-2.093866195896809	1.274645947234642	0.0004306936777841643	1.516551489105057	-0.4179831077179395	0.3124905427966452	-1.243413123539636	0.7986782975795178	-1.247797903223847	1.646702356121315	0.4199946829330683	0	0
1.644444444	-0.1940770410054553	-0.5925268200993473	1.905688288176081	1.15501349	1.09075401	0.05046091	1.001345548268526	-0.4590701038284032	-0.06104962459235465	0.01455065568677085	0.01455066	0.1561046954245171	-0.3346990468228355	0	0.875137145285739	0.2149210014184087	0.6737657254699813	0.4601128354311098	0.46011284	-0.1453214510869663	-0.3131082151679919	0	-1.489740241870882	-0.8248578340610401	-0.9260417133845822	0.4729079375525952	-2.093895095931228	1.302915532599654	0.0004156051318677482	1.513616175344964	-0.41661248285399	0.3343041802167387	-1.228118990752772	0.7935490206502651	-1.278389366415299	1.642212486497649	0.4200496789559303	0	0
1.647222222	-0.1885427398283921	-0.6332612631915667	1.919645616391109	1.15684901	1.09021156	0.04521363	1.035399243960972	-0.4691738047452887	-0.05814225564798127	0.01384906736138954	0.01384907	0.1637722191711778	-0.3353778682007892	0	0.9027443343918553	0.2166902844417221	0.6712715052810864	0.4463214351444696	0.44632144	-0.1431123011098533	-0.3186370555588913	0	-1.499352366789686	-0.8458578223712658	-0.9649838771697969	0.4981046712783379	-2.093923132551266	1.330373819813301	0.0004016793242990106	1.510632181559506	-0.4153873477638221	0.3556961405044968	-1.204870534735242	0.7840815711346137	-1.29363672734527	1.633056474755454	0.4198219897594334	0	0
1.65	-0.1815961353248419	-0.6740711566928169	1.933961214275814	1.15841342	1.08966324	0.03992136	1.071296865347385	-0.4787624740097423	-0.05139974314037515	0.01314935858107971	0.01314936	0.1702394466554534	-0.3360647900008673	0	0.9316294830723461	0.2190185423192424	0.6685237576923821	0.4337959383958628	0.43379594	-0.14186674584197	-0.3221047299964934	0	-1.51137841819968	-0.867047965176161	-1.005927283995502	0.5240468515337025	-2.093947843097349	1.358687148190823	0.0003888748907746794	1.50695230004307	-0.4140016128864064	0.3763830061004063	-1.184831110195467	0.7750183339396047	-1.316683750026906	1.622314462948817	0.4196138728597013	0	0
1.652777778	-0.1695893518261913	-0.7010401998427959	1.953725465318798	1.15991722	1.08953737	0.03528788	1.09063637585613	-0.4860382931633122	-0.05573994100683789	0.0121571095797895	0.01215711	0.1746068713091814	-0.3369835753014142	0	0.9468267354249593	0.2159768373022052	0.668755574767093	0.4232108589161165	0.42321086	-0.1343852815239546	-0.3256864409312952	0	-1.527769254627441	-0.8834975097675702	-1.031207266959505	0.5551754891952734	-2.09397060725225	1.393889172443578	0.0003765045206353191	1.502902336817646	-0.4146200999774478	0.3930782794369282	-1.173020026451585	0.76548258235994	-1.343208160252497	1.615349909828306	0.4202010157572391	0	0
1.655555556	-0.1553386147398136	-0.7472267464346922	1.973125163332265	1.1611475	1.08822099	0.03031129	1.131182390758843	-0.4947521231215205	-0.05461652911599691	0.01187766718218071	0.01187767	0.1844356353959222	-0.3371248394585438	0	0.982074898329155	0.2167971125545781	0.6656695886525377	0.4101772444623767	0.41017724	-0.1330679211417163	-0.3293544414679144	0	-1.536417559340476	-0.9041499923772155	-1.077996417099052	0.5796675101072079	-2.093992566984898	1.42010965487295	0.0003653981179402532	1.498301904774657	-0.4121787484295898	0.4134663212774843	-1.156991876772771	0.7585715178214152	-1.36803083012603	1.609296194826124	0.4186281498190171	0	0
1.658333333	-0.1375147280822139	-0.7837402121345929	1.992540493561711	1.16227508	1.08687277	0.02596658	1.170276475507067	-0.4987650625029894	-0.0399673649518484	0.01201453660025381	0.01201454	0.1849621624849395	-0.337755255002358	0	1.010895284647888	0.2143924752292662	0.6646131249738092	0.4010407210666094	0.40104072	-0.1309768943502465	-0.3318307270024816	0	-1.548359983299361	-0.9255631692364266	-1.112536891752131	0.6069823490586992	-2.094012001226119	1.450690449041218	0.0003545601468841441	1.494834066450638	-0.4127156701760331	0.4296520052472478	-1.146426035359238	0.7506273508361999	-1.394074944940094	1.604138918975945	0.4177276745931199	0	0
1.661111111	-0.1099242969294437	-0.8146593184816059	2.025198325707493	1.16321659	1.08567683	0.02235154	1.194050182254333	-0.5050806800419283	-0.05285394920420879	0.01130535138023735	0.01130535	0.1911892850240182	-0.338256018413622	0	1.034778908740786	0.2095098412485884	0.666720244399114	0.3919095478031311	0.39190955	-0.1241721491611008	-0.3332108989919725	0	-1.554080781633646	-0.9385950151480354	-1.136763112807087	0.6327305940871686	-2.094030178655746	1.479009632300249	0.000344914235707147	1.490650038551248	-0.4133026518051481	0.4443937566847537	-1.131756962224312	0.7404115718560683	-1.407846333456064	1.597657985421054	0.4167707379659207	0	0
1.663888889	-0.07838699932469749	-0.8458238153289224	2.058938528850355	1.1642115	1.08420265	0.01910425	1.223212391830668	-0.5092160169203784	-0.0574842865912658	0.0110963023001517	0.0110963	0.1956061328643066	-0.3385030304993336	0	1.061817472543662	0.2040309336803909	0.6686556138267118	0.3846338314494543	0.38463383	-0.1192278624717938	-0.3346133377175273	0	-1.558461698380623	-0.9534392135729091	-1.160381954744494	0.6581858002540903	-2.094046924915386	1.506347054241465	0.0003353931155716675	1.487243433882306	-0.4143382877717807	0.4582133820869914	-1.111565797363105	0.7210207814795044	-1.406825874698074	1.580138844944559	0.4132555851621437	0	0
1.666666667	-0.04288975332709982	-0.8697140053504659	2.100356321228206	1.16511447	1.08300272	0.01665402	1.242027856235927	-0.5159866538380842	-0.07339085017666751	0.01064233378412757	0.01064233	0.2021452317854489	-0.3388459791452372	0	1.082764232325959	0.1986251983429516	0.671689758950094	0.3776846267543844	0.37768463	-0.1126981347470043	-0.3355290055109644	0	-1.561075049333739	-0.9614171401127797	-1.175995368814474	0.681061289184313	-2.09406168935366	1.530605675065057	0.0003274495985470658	1.483518954840157	-0.4155515441510595	0.4694547708153345	-1.104777577649449	0.7158110476642617	-1.429619284458766	1.577316529908892	0.4139767958752393	0	0
1.669444444	-0.005087865327557659	-0.8911941642811773	2.14274076037255	1.16596559	1.08160766	0.01459144	1.260457416300799	-0.5216637320236726	-0.08839944098925349	0.01032902850837159	0.01032903	0.2081853613192653	-0.3389887182801177	0	1.103632248786526	0.1928945324406746	0.6744527294750671	0.3721367783316673	0.37213678	-0.1064149682893806	-0.3363349018682948	0	-1.562793964947366	-0.969507222906647	-1.190787933593289	0.6996717199884971	-2.094076408587907	1.548505090846036	0.0003193753563614896	1.481175163532295	-0.4170270940208488	0.4799899450485811	-1.092511715905836	0.7044204547524229	-1.43212100153493	1.570067245694072	0.4108833512706584	0	0
1.672222222	0.03254062927225369	-0.9050442310180965	2.185725898386732	1.16693162	1.08056591	0.01313226	1.273687574201468	-0.5272940367815708	-0.1026111453577066	0.01005029872869639	0.0100503	0.2091608778490166	-0.3394956006412062	0	1.117718280373123	0.1854617216190196	0.6770881314415509	0.3661087755200267	0.36610878	-0.09910196105637267	-0.3366470458019665	0	-1.563987271689696	-0.974009344916194	-1.199355677224177	0.7131602265865011	-2.094089870836026	1.557999264494128	0.000312160165233745	1.48087345963461	-0.4183543949258418	0.4884904463793779	-1.083666353571874	0.6985581220840401	-1.44368675813396	1.565018029984668	0.4110207811139543	0	0
1.675	0.07009580328832046	-0.9181668275930909	2.231076194204014	1.16787841	1.07961106	0.01216131	1.284215579145746	-0.5353369363444397	-0.1215988952276878	0.009814540176935773	0.00981454	0.216922404680124	-0.3394269912247115	0	1.133036468684002	0.1812398895389662	0.6789281743015303	0.3622331134400772	0.36223311	-0.09209513937750305	-0.3373352867218932	0	-1.564958781816149	-0.9749079215729308	-1.210543876869033	0.7224565498851201	-2.094102516095523	1.562322856599956	0.0003054809647192879	1.479755747814572	-0.4188331155267849	0.4957483026042863	-1.074249000590808	0.6927331188667647	-1.449369373027535	1.559081699719324	0.4082984205609509	0	0
1.677777778	0.1064524862360473	-0.925154328128075	2.273920089877682	1.16895187	1.07868315	0.01148413	1.292569289559804	-0.5415874251770112	-0.1369332161404418	0.009536122636663759	0.00953612	0.2153718580123766	-0.3399012532075473	0	1.143544775667809	0.1747334178028607	0.6806111712136848	0.3589616105197408	0.35896161	-0.08355670157008482	-0.3373842625805663	0	-1.565652134107324	-0.9762580510354743	-1.214459765472115	0.7307103927339117	-2.094113778181587	1.5646620376206	0.000299405822658946	1.480491433066754	-0.4203365493003027	0.501594470382203	-1.063860899319508	0.6857593078217685	-1.451500492475384	1.551473585235072	0.4073906725480607	0	0
1.680555556	0.1399012857163374	-0.9228475007993742	2.307154813904174	1.17055947	1.07807004	0.01055975	1.297331490237041	-0.5396214171925264	-0.1376888805256364	0.01009020341311521	0.0100902	0.223359176692551	-0.3394694800436208	0	1.146432970250488	0.1599419674167726	0.6820880443921128	0.3575031453289335	0.35750315	-0.07194399631230788	-0.3367756095471952	0	-1.566323100805512	-0.9827303626638609	-1.20861950702998	0.739828455084049	-2.09412454075442	1.565909325651365	0.0002931842474743618	1.481777073137035	-0.4217469367788699	0.5066314356255871	-1.053539261931453	0.6791813041153359	-1.449817997170856	1.547717296869175	0.402759274873483	0	0
1.683333333	0.1807813774073003	-0.9385725607890768	2.363382951428062	1.1711948	1.07703614	0.01032668	1.308125639915357	-0.5567117592442724	-0.1719246292434302	0.009102625436502117	0.00910263	0.2205771997065567	-0.3402932965690461	0	1.16474236265103	0.1633734088191033	0.6826454009770373	0.3487315186180124	0.34873152	-0.06674646444293164	-0.337755579284533	0	-1.566575642966958	-0.9750591636028612	-1.226769006501622	0.7458689774914801	-2.094133608961614	1.566817342095894	0.0002883575394279715	1.480346197238378	-0.4221066693835253	0.5111177245317589	-1.047723619613088	0.6760355690972994	-1.45943828010765	1.542241812589772	0.4037526469941469	0	0
1.686111111	0.216892570894555	-0.9415767185379158	2.406912734794227	1.1722827	1.07627868	0.0096781	1.311605338449775	-0.5634743871951065	-0.1915974960685099	0.008721005530362128	0.00872101	0.2268239477749424	-0.3401622459041663	0	1.174382342501097	0.1585069032515102	0.6839626999236861	0.3464007940666602	0.34640079	-0.05895006139551337	-0.3381752759917662	0	-1.566978085523739	-0.9735057449958296	-1.230706000498684	0.7536928864043109	-2.094142749774506	1.56741905814362	0.000282846313248949	1.479969469839197	-0.4230069203346136	0.5144476725946251	-1.03875323306162	0.6703254464184502	-1.460437816382166	1.53755725881843	0.4016047819847896	0	0
1.688888889	0.251356754762568	-0.943378124869711	2.450041785502679	1.17356392	1.075479	0.009307930000000001	1.309393561054006	-0.5705245117144486	-0.2218945932500509	0.00858957438370532	0.008589569999999999	0.2406781055636283	-0.339598259686078	0	1.182124815049162	0.1537314052597685	0.6846087708963576	0.341596963796105	0.34159696	-0.05160116740055761	-0.3384245353634228	0	-1.567259530686664	-0.9719073553626266	-1.233273755074157	0.7593138553960403	-2.094150309144562	1.567833386916206	0.000278562402599929	1.479410123578926	-0.4233879082570314	0.517103402236374	-1.033538465542282	0.6671131977752848	-1.464136305900956	1.535254858691909	0.3995049166714548	0	0
1.691666667	0.2838197222936286	-0.9424979038407172	2.488556079378306	1.17473553	1.07462994	0.0090308	1.314056782014966	-0.5761247940166858	-0.235078145623704	0.008588222626199651	0.008588220000000001	0.239024475386935	-0.3398414226226573	0	1.188084059742256	0.1467867595392378	0.6852684568334584	0.3371574455250966	0.33715745	-0.04269438919914613	-0.3383812176876516	0	-1.567500222935155	-0.9722713060790181	-1.232736640468831	0.7671645732643135	-2.094157533585935	1.568171578143634	0.0002741861640334784	1.480791855543702	-0.4242633788488671	0.519336281709997	-1.028038891879477	0.6637267162290185	-1.468297798109043	1.532924134489623	0.3987954588310091	0	0
1.694444444	0.3182884050968545	-0.9437877496308966	2.532056366505579	1.17584359	1.07386853	0.008386909999999999	1.318764600501639	-0.5848303170803194	-0.2521511595230374	0.008306958104851785	0.00830696	0.2421759640573836	-0.3399233591987873	0	1.196346311936449	0.1430686755580021	0.6855768671587941	0.3324842332522998	0.33248423	-0.03259265491926177	-0.3385384606831491	0	-1.567698193886879	-0.968857897593052	-1.238401857745889	0.7733322998054859	-2.094164540733816	1.568424256091697	0.0002701071550386425	1.478697515593713	-0.4236957618223359	0.521301484574098	-1.021231062693543	0.6600899837895475	-1.471169166496002	1.52942364768755	0.3972876605126309	0	0
1.697222222	0.3455060964041859	-0.9374865101143357	2.561812555957731	1.17714965	1.07305326	0.0077163	1.320324664449797	-0.5861647757551077	-0.258380792892778	0.00830301278807765	0.00830301	0.2442159959933015	-0.3399501437196201	0	1.200190692829281	0.1339351420857764	0.6863188698047359	0.3322671444875477	0.33226714	-0.02797205542223333	-0.3390808639851742	0	-1.567887489679556	-0.9725030444393797	-1.233023254947935	0.7808144240324916	-2.09417077365364	1.568625198466473	0.0002665180599648413	1.479529942701003	-0.4242282125588345	0.5225109134463272	-1.015277966271806	0.6567560795888658	-1.474084169859589	1.527280193823345	0.3944698522661589	0	0
1.7	0.382314801651288	-0.9415975268768569	2.612717968795931	1.17808903	1.07246888	0.00728246	1.324994353077368	-0.6003481167778868	-0.2849283889448171	0.007814884862466408	0.00781488	0.2490755254798744	-0.3399260265854831	0	1.211206513285234	0.1359377684742315	0.6862534590531614	0.325243042478287	0.32524304	-0.01401608367709941	-0.3390006228218797	0	-1.568061163204632	-0.9637138860706552	-1.244510447645082	0.785306838171673	-2.094176711787354	1.56879726471784	0.0002629221581069574	1.47623200764181	-0.4231531277877836	0.5230754497921956	-1.009927819321976	0.652672009488265	-1.478458049439022	1.520552479264335	0.395413027495805	0	0
1.702777778	0.4132264790043399	-0.9399858664581534	2.650743088421061	1.17908372	1.07175957	0.00658717	1.327479967920385	-0.6069380615034627	-0.3026849875746987	0.007666829105618505	0.00766683	0.2538347475782095	-0.3397791363595097	0	1.21889102048178	0.1324553856234241	0.6864931664123546	0.3216800908658844	0.32168009	-0.005345321288980296	-0.3392676739053981	0	-1.568178918823935	-0.9622929496475561	-1.247867856892932	0.7911841953323887	-2.094182055112859	1.56894030335122	0.0002595397100165924	1.475411372328012	-0.4229728303891307	0.5233665850231282	-1.004123465793213	0.6483973063237137	-1.479750519680798	1.516582882342312	0.3938124260068409	0	0
1.705555556	0.4419346849835331	-0.9371154025008134	2.686165273218051	1.18002136	1.07105314	0.00599081	1.329533159115265	-0.6131085542169666	-0.3188870025902731	0.007506715392567348	0.00750672	0.2574629586221405	-0.3396862169499957	0	1.225779352106798	0.1290244625838813	0.6868716428059788	0.3185185590473211	0.31851856	0.002535134895351839	-0.3393955719820501	0	-1.568286192693882	-0.9614828276735736	-1.249744288995151	0.7968950929374259	-2.0941868558155	1.569056383279908	0.0002567536409316339	1.474886282343101	-0.4226688397610597	0.5233902244606489	-0.9989172238582049	0.6445594786186244	-1.482004213776548	1.511717917900449	0.393034789322627	0	0
1.708333333	0.4718514176742649	-0.9349510305164567	2.722700119724888	1.18077962	1.07041073	0.00499621	1.332472918403495	-0.6195255912679426	-0.3341521679730095	0.007322979520755075	0.00732298	0.264434461469201	-0.33937990625575	0	1.233698048455041	0.1261972889006431	0.6868806951306773	0.315228760014969	0.31522876	0.01044395529802276	-0.3395969360283734	0	-1.568379200591589	-0.9602605067522916	-1.254537994261649	0.801539824229357	-2.094191507467023	1.569149991396345	0.0002537403299780656	1.472834123685007	-0.42193631268216	0.5230997219115702	-0.9929730806264641	0.6399580175295086	-1.482876568257537	1.506635432899376	0.391674411112183	0	0
1.711111111	0.5010892987928472	-0.9333604269715796	2.7599597491102	1.18166093	1.06974087	0.00434278	1.336108614291924	-0.6274508722198551	-0.3503387061069089	0.007164008300232273	0.00716401	0.2709133376299702	-0.3390346769881128	0	1.242716412187784	0.1258435513274355	0.6871084070164545	0.311935374156471	0.31193537	0.01793070133142049	-0.3400505404687155	0	-1.568485415919345	-0.9573265194424303	-1.2606295394499	0.8061001486061349	-2.094195850195267	1.569236338070429	0.0002511787102349135	1.470674316260243	-0.4208864177246044	0.5222536651790854	-0.9879675386399986	0.6361420720644491	-1.483447036279401	1.501007146091159	0.3904916573286425	0	0
1.713888889	0.5292227097298945	-0.9307003397662873	2.793704658882455	1.18239032	1.06909387	0.00342022	1.340053283723437	-0.6331977225602856	-0.363850902931515	0.007045563799473705	0.00704556	0.2757124090857869	-0.338802803888333	0	1.250800836449683	0.1233824808751554	0.6872344998990612	0.3085383761287967	0.30853838	0.02542529890299124	-0.3402565519777709	0	-1.568558509610287	-0.9566096312117601	-1.266175304298556	0.8111109705626535	-2.094199969346835	1.569310990863992	0.0002486184867551631	1.468676195264719	-0.4197372594347697	0.5215364339912173	-0.9828115466540174	0.6330696595500194	-1.485604217856306	1.496006940797948	0.3903504066105482	0	0
1.716666667	0.5545193827539356	-0.9266438221313901	2.82311957311039	1.18311	1.06833502	0.00246854	1.34378151661974	-0.6374633123136146	-0.3755309639357849	0.006853799064036408	0.0068538	0.2750683361660429	-0.338954889086825	0	1.256297456491795	0.1185791312682762	0.6871036202764479	0.3038301202626137	0.30383012	0.03448567236176353	-0.3402244045837455	0	-1.568614982705295	-0.957703821054935	-1.26971503064007	0.8156286553240747	-2.094203498228049	1.56937474913783	0.0002464172775025478	1.466678856874832	-0.4187000373129129	0.520674456190763	-0.9762324531639998	0.6261851601444404	-1.483069336557294	1.49019868488751	0.3900109247121379	0	0
1.719444444	0.5833811352958034	-0.924798264903639	2.859109102138949	1.18368356	1.06764021	0.00146658	1.349078054559864	-0.6452614186278499	-0.3888866921674826	0.006645605718883012	0.00664561	0.2808367188079884	-0.3386398046224296	0	1.265686853312501	0.1189423175304554	0.6872580217013903	0.3001602480349047	0.30016025	0.04179106018538898	-0.3403331033404939	0	-1.568690893357649	-0.9550435938742365	-1.278497551172583	0.8193167608319464	-2.094206953979968	1.569428093730154	0.000244754676857098	1.463201001582637	-0.4170209858920655	0.519415889667839	-0.9687221841065425	0.6193856841043065	-1.478581423622253	1.483828128397975	0.386478173753513	0	0
1.722222222	0.6094397960329192	-0.9221927330255727	2.89033284628212	1.18421339	1.0668555	0.00055294	1.354298446228184	-0.6511710949229894	-0.3995317020649522	0.006560754966500981	0.00656075	0.2861793271571793	-0.3382941761979925	0	1.274804110018655	0.1183935366208106	0.687328077646769	0.2976746986417337	0.2976747	0.04715971321034286	-0.3406736842727342	0	-1.568754201511074	-0.9544225765793785	-1.285628098369462	0.8228391806631299	-2.094210169923648	1.56947891283105	0.0002427939739754076	1.460536188898395	-0.4150933388482761	0.517961110612412	-0.9624248138104002	0.6141735244559363	-1.47626443097239	1.477286223860061	0.3848729515053542	0	0
1.725	0.6340811616273542	-0.9186239270552601	2.918893637563899	1.18463027	1.06596512	-0.00055857	1.359375205327579	-0.6558483622937703	-0.409502095780768	0.006399553913325832	0.00639955	0.2879628625391644	-0.3381706280054352	0	1.281637221695068	0.1155641074485801	0.6873612589738433	0.2933156990413709	0.2933157	0.05511477000289298	-0.3407425528706228	0	-1.5687977951234	-0.955144112098248	-1.291992625968161	0.8264915423515196	-2.094213185154464	1.569522784997925	0.0002410437578015077	1.458113042530899	-0.4133269179904032	0.5165066781793743	-0.9566059030139449	0.6087382836293603	-1.474331511463463	1.471701036037859	0.3825100888102217	0	0
1.727777778	0.6601622121462462	-0.9167327765914591	2.950758849548373	1.18506163	1.0651143	-0.00123345	1.36607807704455	-0.6630376857221383	-0.4190792619291875	0.006427725098249347	0.00642773	0.2954174205123652	-0.337529442034807	0	1.292766122905922	0.1178025428288111	0.6876007883094527	0.291809283547359	0.29180928	0.05875884940585017	-0.3412189471222059	0	-1.568854165767581	-0.9529492537497148	-1.301705776652723	0.8302991081417744	-2.094216229357745	1.569564843069575	0.000239215874475894	1.454577970458902	-0.4108650537623793	0.5151331799798773	-0.949851884597778	0.6029372912556705	-1.4692979585133	1.464927556851467	0.3800090803377341	0	0
1.730555556	0.6876370709120749	-0.9149034020565325	2.982507796948322	1.18521488	1.06425649	-0.00263093	1.373750845156547	-0.6690987452443445	-0.4277448328354465	0.006262428280918542	0.00626243	0.3002136915873971	-0.3373198087930206	0	1.302376981239288	0.117667568140174	0.6874849909495707	0.2873397913408426	0.28733979	0.06486650223776771	-0.3413515378656177	0	-1.568893877069518	-0.95197805499	-1.313906942008024	0.8324043480220077	-2.094218950675115	1.569597313524044	0.0002375209852392823	1.450043200145834	-0.4084474407867434	0.5132138232500348	-0.94161438728103	0.5973577099546254	-1.463578084854453	1.458468034821305	0.377186596528729	0	0
1.733333333	0.7142949462910329	-0.9128262293395992	3.012983699795605	1.18542054	1.06336503	-0.00383412	1.382176473433229	-0.6749770766478487	-0.4349268023190111	0.006189308759103791	0.00618931	0.3045418897916536	-0.3369472284706755	0	1.31282832783216	0.1181684338277321	0.6875677254902348	0.2840619211103291	0.28406192	0.06928713517360495	-0.3416222356400752	0	-1.568935340507492	-0.9518231219377676	-1.325101928714742	0.8346828277129977	-2.094221427297323	1.569630081906218	0.0002360477528176739	1.446306989698586	-0.4060234308303332	0.5112905883985945	-0.9362047127354689	0.5913750883215305	-1.460747919676876	1.450947284887157	0.3744244813896224	0	0
1.736111111	0.7392370596917888	-0.9100864172394051	3.041576015039801	1.18558874	1.06251559	-0.00499917	1.389886919887652	-0.680583368991365	-0.4417213848049882	0.006083301300062011	0.0060833	0.3079907054230891	-0.3367268947897782	0	1.321914837945547	0.1180915410786075	0.6875296907515764	0.2803138279379347	0.28031383	0.07465866467569904	-0.3417411107135602	0	-1.568969915305441	-0.9514401640622231	-1.335940223878494	0.8369480586096359	-2.09422385609751	1.569658199160467	0.0002346956462461539	1.441927086115239	-0.4032968659536946	0.5093796808076611	-0.9337363874730871	0.5908769797305917	-1.465229746648816	1.441223591192183	0.3700568200692478	0	0
1.738888889	0.7582185433061565	-0.905159700779678	3.061997013583557	1.1857705	1.06166974	-0.00629238	1.394156401201614	-0.6829489811036682	-0.4484501189853474	0.005915807811334647	0.00591581	0.3080183376503396	-0.3367147024432225	0	1.326285211856645	0.113512673102126	0.6875457969989798	0.2752567345104189	0.27525673	0.08365105180051963	-0.3418444151811894	0	-1.568986894042937	-0.9540071067105278	-1.341824166515543	0.8390079564066988	-2.094225803361357	1.569684959595756	0.0002336102259843386	1.438310907371171	-0.4005856580546113	0.5073697266543415	-0.9296678617984032	0.5881598588305358	-1.465582127403063	1.43711729205463	0.369071868813159	0	0
1.741666667	0.7874718732066126	-0.9048432013768579	3.095655002119339	1.18563898	1.06068239	-0.00723931	1.405335432282843	-0.6905910260103096	-0.4553018945146491	0.005868374300121496	0.00586837	0.3167839630466277	-0.3359126826366937	0	1.341133866281632	0.1186884293710897	0.6876542468717767	0.2736562997003983	0.2736563	0.08479967654320199	-0.3422213240946124	0	-1.569034934405132	-0.9517436403417634	-1.358544378861746	0.8405560545520386	-2.094228122380334	1.569706426971023	0.0002323623155691627	1.433115567809869	-0.3977492781086348	0.505234835375446	-0.9239924296328325	0.5820987064568132	-1.461438978430881	1.42975075121014	0.3657942729484038	0	0
1.744444444	0.7944737084798094	-0.8954678347344101	3.104050510725521	1.18600407	1.05991331	-0.008388899999999999	1.404287306391017	-0.6914628703315584	-0.4553602255126459	0.006247221925277617	0.00624722	0.3163154084649788	-0.3356551577347656	0	1.341512676905808	0.1134893970421555	0.6885666112805385	0.2743238623084133	0.27432386	0.08484034096944421	-0.3423352155549513	0	-1.569046482376127	-0.9558876043827061	-1.354499956184033	0.8420415871815504	-2.094230563397826	1.569723918486254	0.0002305129646937495	1.4289893616214	-0.3950664956889471	0.5032213088822135	-0.9221100766756591	0.5816556172761485	-1.46202916675343	1.429832108686024	0.3651729551078486	0	0
1.747222222	0.8376459723188101	-0.9001530550469936	3.150532263703363	1.1856268	1.05886898	-0.009680899999999999	1.425282075294115	-0.700949324039303	-0.4637584533418027	0.005692340042699497	0.00569234	0.3247028545226814	-0.3350643309707756	0	1.36267687888203	0.1211066814862977	0.6878033472081819	0.2672664693654012	0.26726647	0.09041125147476545	-0.342561631359226	0	-1.569092451730631	-0.9510850586744806	-1.386282449510338	0.8440083259353931	-2.094232203658257	1.569749587043563	0.0002298155311246526	1.422773575519412	-0.3913003976999891	0.5009781466267693	-0.9130902732208166	0.5723649746751789	-1.455001642677105	1.417983301046624	0.3616045699364187	0	0
1.75	0.8574304955355886	-0.8957830844814857	3.17284141039554	1.18556949	1.05816725	-0.01111564	1.431474281299777	-0.7052790530718465	-0.4693295671779817	0.005536926152258111	0.00553693	0.3243163422841152	-0.335324267743197	0	1.36797023107267	0.119589116829024	0.6875386486539623	0.2621927082180618	0.26219271	0.09583157741568557	-0.3423485491723048	0	-1.569107220706761	-0.9506442752482905	-1.396442613748388	0.8452308367484976	-2.094233923156636	1.569766344822376	0.0002289554328692697	1.417131123968051	-0.3879166901800358	0.4986193793467266	-0.9082911511504516	0.5691002008717736	-1.45433800723444	1.412503757829513	0.3599515555118855	0	0
1.752777778	0.8871406226071877	-0.8957752617412453	3.204031696751483	1.18524202	1.05707114	-0.01203498	1.447157894955733	-0.7116389469959146	-0.4690047252758701	0.005572361222995501	0.00557236	0.3314663197079577	-0.3343937662219144	0	1.384994564946639	0.1253041157832704	0.6878170841711256	0.2613259489135888	0.26132595	0.09344325054129939	-0.342763703136561	0	-1.56914097746889	-0.9501926452989311	-1.415634560857667	0.8458582353161669	-2.094235513849716	1.569782431522092	0.0002281223872172929	1.412138682073885	-0.3847226678357161	0.4964356565478871	-0.9028329862968153	0.5625573063831071	-1.448323533167963	1.40426332766149	0.3559017987589117	0	0
1.755555556	0.9119726355772728	-0.8936273696792846	3.230011023198383	1.18484826	1.05615694	-0.01330291	1.458695602019288	-0.7163949060266802	-0.4708075357250484	0.005480168743114956	0.00548017	0.3348343246751637	-0.3340938605369577	0	1.396115566448233	0.1269973349143209	0.6877549848327409	0.2578739798212608	0.25787398	0.09581467599627512	-0.3429173526736615	0	-1.56916171477293	-0.9499972776803191	-1.431772802240505	0.8466670891339148	-2.094237090580162	1.569796052246107	0.0002273003371396035	1.40648303583338	-0.3815478964730459	0.4941212742124531	-0.8974127964915768	0.5577596107703398	-1.444934464869213	1.397607766759086	0.352917389236026	0	0
1.758333333	0.9276665826295979	-0.888662605041864	3.246197862227046	1.18461216	1.05548463	-0.01478604	1.463277422045666	-0.7183877110983684	-0.4752098470670628	0.005351932247120999	0.00535193	0.3343303578865907	-0.3341642069051239	0	1.399638640079754	0.1235855028097351	0.6877340475139682	0.2529821893197283	0.25298219	0.1025230271744319	-0.3428846546282571	0	-1.569176842588755	-0.9511903161655427	-1.440389665545197	0.8474428279471	-2.094238523495478	1.569808702043459	0.0002266029035705066	1.400789967290251	-0.3781772703703693	0.491786006569058	-0.8936041602908916	0.5555524869459553	-1.445795681357047	1.392053653826085	0.3518100369922972	0	0
1.761111111	0.9552313670416747	-0.8875304275839209	3.275570013444846	1.18408763	1.05466797	-0.01565794	1.4759074217795	-0.7242326304422712	-0.4800238662207252	0.005275993494965501	0.00527599	0.3414934669931923	-0.3335717884008561	0	1.41362540100369	0.1284750142603305	0.6874481281995052	0.2501305518799637	0.25013055	0.1002275430896056	-0.3430171830634146	0	-1.569187188726028	-0.9496932694244226	-1.458783024863389	0.8481898334048097	-2.09423978728839	1.569822762764979	0.0002260269449173485	1.395972762387105	-0.3752269856995515	0.4895080579817593	-0.8882751595757467	0.5500999321041337	-1.441390231040373	1.384723582334447	0.3489904895252258	0	0
1.763888889	0.9598456147619562	-0.8802139235837564	3.280989674240788	1.18389143	1.05406962	-0.01673637	1.475500215171992	-0.7254374156914926	-0.4794817817903545	0.005327356789522443	0.00532736	0.3416264342041238	-0.333041028015738	0	1.414160317715889	0.1252381894614348	0.6879853703883992	0.2506386847694613	0.25063868	0.1002722685479513	-0.3431417465139978	0	-1.569200624968742	-0.9526387385573011	-1.457663553053334	0.8495382653601224	-2.09424107726124	1.569835462653282	0.0002254972374893682	1.392470687335413	-0.3723776934587029	0.4874078223095573	-0.8861110685893995	0.5490741743520016	-1.441834894508023	1.384650524248222	0.3479741048893085	0	0
1.766666667	0.9988167997074402	-0.8823570334435666	3.320237060681993	1.18336289	1.05305716	-0.01752126	1.498329252687772	-0.7325051638474895	-0.4804357689856508	0.005204031999109448	0.00520403	0.3503330395464265	-0.3321102477653738	0	1.43632195232128	0.1337064652074558	0.6877763707011314	0.2468313647215651	0.24683136	0.0996392582231382	-0.3434085502843611	0	-1.569225785460705	-0.9498132304417681	-1.48791468733809	0.849616551405589	-2.094242276302436	1.569840810865708	0.0002248898629096741	1.386109690363257	-0.3688982935501201	0.4851110084583738	-0.8780040999095521	0.5404963851295373	-1.432068336922883	1.372449894534469	0.3427924841395251	0	0
1.769444444	1.011293028952856	-0.8775324857657245	3.332399249518972	1.1830266	1.05255243	-0.01884408	1.502880844833236	-0.7342324240548038	-0.4815117588844516	0.005172715556340915	0.00517272	0.3503708452978868	-0.3319531183908107	0	1.439023771570718	0.1304772603415414	0.6877463412641533	0.2425240158714871	0.24252402	0.1050602815976274	-0.3434100739567981	0	-1.569253627476532	-0.9509377645793182	-1.496257262027921	0.8505539996863605	-2.094243514788073	1.569846304813128	0.0002242927857725669	1.380599667763287	-0.3656726517738738	0.4828581524697311	-0.873772269012747	0.5383363118911283	-1.432336505366189	1.367364949317283	0.3409380396952229	0	0
1.772222222	1.038985312284785	-0.8764993702290647	3.359694947968155	1.18250914	1.05165122	-0.01951661	1.520513097131494	-0.73950087947273	-0.4774198454487252	0.005138883046922705	0.00513888	0.3554591111785079	-0.331064798510489	0	1.455656464730646	0.135967103968299	0.6878443811206268	0.2413012228386424	0.24130122	0.1022430089927029	-0.343649882545088	0	-1.569252989907756	-0.9509159146278796	-1.516070816353345	0.8510064431336842	-2.094244492172454	1.569858698570679	0.0002238838551288246	1.376592014984122	-0.3629003224443857	0.4807569011904373	-0.868259676589986	0.5314117456600429	-1.425316691281834	1.358508577271866	0.3368516380092743	0	0
1.775	1.046426462115073	-0.8710724301884112	3.366853298434551	1.18215848	1.05129109	-0.02067186	1.522166307381969	-0.7401752963377833	-0.4789541905740922	0.005064077362517602	0.00506408	0.3549331973981897	-0.3309341827816587	0	1.45656011453592	0.1325373949797839	0.6878280949297778	0.2386906069909979	0.23869061	0.1063176525700138	-0.3437019375136275	0	-1.569254325259167	-0.9521036172925141	-1.520922690127687	0.8524901766778031	-2.094245670618765	1.569864059698542	0.0002231794402427197	1.371525688066732	-0.3600025859721541	0.4785410077846933	-0.8641191121013602	0.5304120125123872	-1.426449557795766	1.356245378287543	0.33562353359045	0	0
1.777777778	1.07338782564181	-0.8699392287457958	3.392328651984226	1.18158168	1.05027485	-0.02135009	1.537231761545184	-0.7439889994038199	-0.4795205012216783	0.005034425091190845	0.00503443	0.3634280522397905	-0.3294569622827094	0	1.47215912126199	0.1365898828239711	0.6878532737476987	0.2363666290098693	0.23636663	0.1085241042681032	-0.3438737632586242	0	-1.569271764763586	-0.9533167415503685	-1.54062691301451	0.8520674499044555	-2.094246379920573	1.569871771959441	0.0002233668886043839	1.367514991433352	-0.3573605046306229	0.476449851664326	-0.8589789451902398	0.5231128946095666	-1.418616654328635	1.347255031801684	0.3312375253689784	0	0
1.780555556	1.075390044670418	-0.8643370871443063	3.395072787090445	1.18129055	1.04980131	-0.02194325	1.537222693512522	-0.7448248157659844	-0.4796671034683251	0.005358397295736238	0.0053584	0.3632375865529154	-0.3294307415032251	0	1.472131839147788	0.1347407385955414	0.6882853875998952	0.2363969469497728	0.23639695	0.108828163138548	-0.3439423037346134	0	-1.569300205950944	-0.9555588119278328	-1.539660351420084	0.853174312932395	-2.094247440208094	1.569871594808522	0.0002226303596600423	1.36534420693479	-0.3548607068930373	0.4745115457202618	-0.8575205747708108	0.5229611186834181	-1.419476063702562	1.347008658157413	0.330648410074853	0	0
1.783333333	1.106800987418637	-0.8638631356555444	3.423559436611066	1.18058711	1.04916719	-0.02312419	1.555568424715289	-0.7474021028062328	-0.4803122628555285	0.004898404077667144	0.0048984	0.3676735347529389	-0.3291397661444521	0	1.488642230105711	0.1377709001794388	0.6879284572958869	0.2314368093547321	0.23143681	0.1096627888370968	-0.3440724902869806	0	-1.569287061701815	-0.9547021209042157	-1.566555669069932	0.8538158715308185	-2.094248196808325	1.569881094286575	0.0002225230219110446	1.358998712849716	-0.3513481452050679	0.4725871111294936	-0.8499607699530562	0.5156938984180069	-1.412977934989347	1.335668925361708	0.326018863321947	0	0
1.786111111	1.123338925082678	-0.8607854278121643	3.438841626284393	1.18007011	1.04864122	-0.02398982	1.566188991276585	-0.7499725759065486	-0.4767391445257001	0.004884550526729438	0.00488455	0.368721412633478	-0.3287947691801383	0	1.496699952051786	0.1382209767857639	0.6878558313531845	0.2288126017555377	0.2288126	0.1110612934159847	-0.3441489604918934	0	-1.569295195634261	-0.9554822022711127	-1.579444036525189	0.8543939039841939	-2.094248989536871	1.569886581078144	0.000222157549965677	1.354797386643044	-0.3485822517771965	0.4705734443117893	-0.8451336910242	0.511132802082101	-1.409140823567383	1.328966686152058	0.3233737396969967	0	0
1.788888889	1.140572825352322	-0.8578650191638834	3.453960336377206	1.17933889	1.04811567	-0.02497261	1.576468744776849	-0.7516834923271484	-0.4745535934944691	0.004845436127395918	0.00484544	0.3710446286038551	-0.3282717980249391	0	1.505476460972223	0.1386511543696883	0.6879447989882063	0.2265448160459405	0.22654482	0.1112645413707026	-0.3442580704482135	0	-1.569300472113655	-0.9568604018640159	-1.593387090390398	0.8544360547328271	-2.094249722051558	1.569889017034181	0.0002218220976834437	1.350252639155307	-0.3461379033244798	0.4683896658369466	-0.8407741289042193	0.5065290258137325	-1.405755216082006	1.322706192045017	0.3196300389947308	0	0
1.791666667	1.14614712284359	-0.8532571090831815	3.459355196393542	1.17892668	1.04791476	-0.02598666	1.577773688886789	-0.7526385481875456	-0.4757377512208599	0.004759168691260043	0.00475917	0.3709344351471353	-0.3278021929296134	0	1.506458849735905	0.1362838309620535	0.688002908154855	0.2246755036653393	0.2246755	0.1140349548522707	-0.3443032547536196	0	-1.569308311609057	-0.9572361188920927	-1.598325778237997	0.8552935969535204	-2.094250504133596	1.569889601894014	0.0002214485972235169	1.344547223105852	-0.3436086943455373	0.4661210872242702	-0.8370017863017305	0.5061478005265364	-1.406897662533669	1.320294753520676	0.3188085774420653	0	0
1.794444444	1.165098533562281	-0.8510924585442761	3.475643483557641	1.17809872	1.04729782	-0.0269133	1.587414370010149	-0.7532558540397494	-0.4784432105289858	0.004697381941344342	0.00469738	0.3757730903213214	-0.3278122332852013	0	1.514722217893622	0.1359231056141196	0.6876878688944872	0.2202028768474864	0.22020288	0.1171685381899231	-0.3442666101697106	0	-1.569303272319907	-0.9591074057636766	-1.61412873070142	0.8546259832073584	-2.094250995967379	1.569893071084968	0.0002213192683259442	1.341061455887092	-0.3406818990139245	0.4643584128901695	-0.8335080811509996	0.5018021462372332	-1.404430200162069	1.312667905195831	0.3169143824259172	0	0
1.797222222	1.169488180271644	-0.8468649686303865	3.479571324873574	1.1774838	1.04726997	-0.0278636	1.588427541494914	-0.7542577304517265	-0.4779476469771624	0.004641008155570775	0.00464101	0.3765826117275082	-0.3267004756559076	0	1.516826250180546	0.1348082240199978	0.687851147238538	0.220505825339461	0.22050583	0.1166279255957105	-0.3444000262793257	0	-1.569311283381174	-0.959274089594164	-1.618931963022174	0.8568031604979042	-2.094251777002219	1.569893328171967	0.0002209026582334931	1.336728738501803	-0.3382732844323132	0.4624080484663033	-0.8300382713030576	0.5017202820922672	-1.405918145883805	1.31051186698412	0.3134683270326937	0	0
1.8	1.19944048626319	-0.8464274119689177	3.506146891572205	1.17673831	1.04639755	-0.02820722	1.609099092699302	-0.7570438747603758	-0.4739630348130522	0.004673160087452239	0.00467316	0.3842136902068606	-0.3258684621916503	0	1.53607295839137	0.140596640947361	0.6879355763193727	0.2188419322777001	0.21884193	0.1125684567835811	-0.3445458401607494	0	-1.569318035012852	-0.9601222388018888	-1.643723802701668	0.8555425999363098	-2.094252316832557	1.569898238481285	0.0002207822305151055	1.332403084114932	-0.3354775137601745	0.4606828601393441	-0.8258091589310954	0.4947084038454886	-1.396919277478807	1.301464342639301	0.3086864461973445	0	0
1.802777778	1.20462577080814	-0.8429253843901814	3.510575935598773	1.17616752	1.04628792	-0.02906337	1.611376162513322	-0.7578025281964473	-0.4733836331488787	0.004631320181958805	0.00463132	0.383449728351869	-0.3255754863364886	0	1.537087183705937	0.1384701232346178	0.6880268069483026	0.2168587902214156	0.21685879	0.115228061928934	-0.3445692993057584	0	-1.569330612204508	-0.9605398737516767	-1.649565845219365	0.8561775775962558	-2.094252888078821	1.569897395661789	0.0002206127590447369	1.327269586630482	-0.3328092486401391	0.4586760707915572	-0.8206337297368336	0.4918543791443731	-1.394172093980517	1.301474726999284	0.3110696555918309	0	0
1.805555556	1.224330448178699	-0.8416364365719021	3.527620205845188	1.17561385	1.04582637	-0.02956498	1.626071008925312	-0.759872693416434	-0.4674189343018725	0.004633038633140319	0.00463304	0.3857689164513984	-0.3253069709217278	0	1.549361618157769	0.1412336862988719	0.6879752137938832	0.2154353188821108	0.21543532	0.1130792996458083	-0.3446646670631471	0	-1.56933008249708	-0.9606399518036507	-1.667793112373685	0.8571092308603119	-2.094253549384075	1.569899447994456	0.0002204066356600763	1.322939991464692	-0.329919938792069	0.45718332192372	-0.8173921572933066	0.4897575126557591	-1.391460407686686	1.291741372383302	0.303209790452948	0	0
1.808333333	1.234882504458201	-0.8391176669308145	3.535949605917161	1.17490185	1.0455085	-0.03040765	1.632855195008534	-0.7603689142592538	-0.4648263927348958	0.004614459428719914	0.00461446	0.3860880792266571	-0.3251766337474462	0	1.554154767536901	0.1401332591725492	0.6878490315504188	0.2132317173066898	0.21323172	0.1144875592189515	-0.3446820538586225	0	-1.569331202823927	-0.9616780633452944	-1.678595891483422	0.8579281091511515	-2.09425407717164	1.569900211226938	0.000220254093883452	1.318400372801495	-0.3274279650164544	0.4554380167572694	-0.8141841328705298	0.4877756410246371	-1.389869114911287	1.28794767777181	0.3017376719004682	0	0
1.811111111	-0.01827174582311011	-0.2631428750621584	1.721320151294584	1.10401641	1.06091137	0.09394102	0.8141073443175616	-0.1570024749893846	0.08253440759838616	0.03344317917103276	0.03344318	0.1789816717243284	-0.285511884627817	0	0.739706787134695	0.06016269486678216	0.6934134066703559	0.6956690955029076	0.6956691	-0.178077195331121	-0.2411574913095492	0	-1.02138900312261	-0.5846009199046164	-0.3981268528651675	1.04963280997457	-2.081534439945419	1.561225316946348	0.0007713695559357683	1.565812120760405	-0.212270799059868	0.1230343348132723	0.02760195154756385	0.9979679211266208	-0.8647293554787457	0.5753189110983906	0.01824117219247123	0	0
1.813888889	-0.01820099226962937	-0.2641864496588938	1.723718448013257	1.10424307	1.06095777	0.09392223	0.8065223753426518	-0.1588064450353179	0.07480903159754244	0.02267719666338303	0.0226772	0.1679183802325831	-0.2906906547313331	0	0.7417604137892225	0.06284504688827632	0.6960555997129593	0.6966017186464291	0.69660172	-0.1840978016119245	-0.2448216926134527	0	-1.020929587084924	-0.5842271478714579	-0.3973926136182716	1.054767795177674	-2.087654778877537	1.566378358104163	0.0003332837106377072	1.568566836750681	-0.2116526877382145	0.1221740543455156	0.04945887819456166	0.9946827990530653	-0.8629006670327481	0.5716519235508692	0.008311965454475755	0	0
