Static Optimization
version=1
nRows=262
nColumns=116
inDegrees=no
This file contains static optimization results.

endheader
time	addbrev_r	addlong_r	addmagDist_r	addmagIsch_r	addmagMid_r	addmagProx_r	bflh_r	bfsh_r	edl_r	ehl_r	fdl_r	fhl_r	gaslat_r	gasmed_r	glmax1_r	glmax2_r	glmax3_r	glmed1_r	glmed2_r	glmed3_r	glmin1_r	glmin2_r	glmin3_r	grac_r	iliacus_r	perbrev_r	perlong_r	piri_r	psoas_r	recfem_r	sart_r	semimem_r	semiten_r	soleus_r	tfl_r	tibant_r	tibpost_r	vasint_r	vaslat_r	vasmed_r	addbrev_l	addlong_l	addmagDist_l	addmagIsch_l	addmagMid_l	addmagProx_l	bflh_l	bfsh_l	edl_l	ehl_l	fdl_l	fhl_l	gaslat_l	gasmed_l	glmax1_l	glmax2_l	glmax3_l	glmed1_l	glmed2_l	glmed3_l	glmin1_l	glmin2_l	glmin3_l	grac_l	iliacus_l	perbrev_l	perlong_l	piri_l	psoas_l	recfem_l	sart_l	semimem_l	semiten_l	soleus_l	tfl_l	tibant_l	tibpost_l	vasint_l	vaslat_l	vasmed_l	reserve_pelvis_tilt	reserve_pelvis_list	reserve_pelvis_rotation	reserve_pelvis_tx	reserve_pelvis_ty	reserve_pelvis_tz	reserve_hip_flexion_r	reserve_hip_adduction_r	reserve_hip_rotation_r	reserve_knee_angle_r	reserve_ankle_angle_r	reserve_subtalar_angle_r	reserve_hip_flexion_l	reserve_hip_adduction_l	reserve_hip_rotation_l	reserve_knee_angle_l	reserve_ankle_angle_l	reserve_subtalar_angle_l	upper_lumbar_extension	upper_lumbar_bending	upper_lumbar_rotation	upper_arm_flex_r	upper_arm_add_r	upper_arm_rot_r	upper_elbow_flex_r	upper_pro_sup_r	upper_wrist_flex_r	upper_wrist_dev_r	upper_arm_flex_l	upper_arm_add_l	upper_arm_rot_l	upper_elbow_flex_l	upper_pro_sup_l	upper_wrist_flex_l	upper_wrist_dev_l
      0.00000000	      0.10137977	      0.14689014	      0.06084540	      0.03888655	      0.08006830	      0.07915182	      0.05869845	      0.01120828	      0.12978993	      0.09215513	      0.01501144	      0.01010782	      0.01000740	      0.01000368	      0.01050530	      0.01274055	      0.11402655	      0.01002373	      0.01004286	      0.01008356	      0.01005576	      0.01007898	      0.01016121	      0.03395541	      0.01009495	      0.01003351	      0.01001416	      0.01036104	      0.02419414	      0.01638631	      0.01111099	      0.02564399	      0.02080244	      0.01000211	      0.01007294	      0.52956588	      0.03612187	      0.03578976	      0.10723708	      0.05784130	      0.01005724	      0.01004785	      0.01002368	      0.01002088	      0.01003002	      0.01006618	      0.01001045	      0.01448405	      0.26695046	      0.09725668	      0.01005210	      0.01002080	      0.01000672	      0.01000362	      0.01004519	      0.01001980	      0.01001156	      0.09712699	      0.03583731	      0.01412351	      0.05584305	      0.06063343	      0.04756188	      0.01007189	      0.16529398	      0.08239674	      0.13559937	      0.04796249	      0.12313713	      0.46397189	      0.07536425	      0.01000711	      0.01002260	      0.01000179	      0.15477402	      0.39472336	      0.01001279	      0.01042938	      0.01021294	      0.01031407	     -0.11184353	     -0.03284842	     -0.00746861	      0.14118582	     -0.02254731	     -0.05006074	      0.00004771	      0.00281981	     -0.00143596	     -0.00058759	      0.00974762	      0.00698411	      0.00441363	     -0.00390227	     -0.00077913	      0.00060538	      0.00886542	     -0.00794179	     -0.32756135	     -0.90275545	     -0.12925890	      0.00156134	     -0.03277192	     -0.03749456	      0.00412966	     -0.01012663	      0.00931578	     -0.02506009	     -0.02208842	     -0.02285679	     -0.01105900	      0.03166887	      0.00050059	      0.00306952	     -0.00087334
      0.00555556	      0.10402514	      0.15136787	      0.06161473	      0.03866121	      0.08179042	      0.08149959	      0.05942651	      0.01142074	      0.12518986	      0.09002551	      0.01649187	      0.01014704	      0.01000761	      0.01000378	      0.01048543	      0.01310970	      0.11625269	      0.01002050	      0.01004098	      0.01007222	      0.01005721	      0.01007404	      0.01014560	      0.03526356	      0.01014386	      0.01003362	      0.01001418	      0.01035500	      0.02606508	      0.01798555	      0.01133676	      0.02447179	      0.02118932	      0.01000217	      0.01006968	      0.51887309	      0.04033170	      0.03535200	      0.10531961	      0.05682026	      0.01005510	      0.01002537	      0.01002402	      0.01002121	      0.01003035	      0.01006482	      0.01001065	      0.01416818	      0.26718668	      0.09718157	      0.01005122	      0.01002075	      0.01000655	      0.01000355	      0.01004493	      0.01002003	      0.01001178	      0.09330869	      0.03455547	      0.01414634	      0.05391126	      0.05869736	      0.04619251	      0.01006918	      0.16038623	      0.08296089	      0.13682465	      0.04681486	      0.11976958	      0.46051794	      0.07278844	      0.01000722	      0.01002285	      0.01000179	      0.15075983	      0.39392854	      0.01001275	      0.01074746	      0.01031308	      0.01051928	     -0.11044495	     -0.03489589	     -0.00570825	      0.10744937	     -0.00221713	     -0.03271469	      0.00008339	      0.00288684	     -0.00159051	     -0.00057709	      0.00952234	      0.00699847	      0.00428883	     -0.00378219	     -0.00078094	      0.00047731	      0.00885663	     -0.00798177	     -0.32484385	     -0.89968153	     -0.12977463	      0.00151013	     -0.03093111	     -0.03786857	      0.00245269	     -0.01061788	      0.00834190	     -0.02519430	     -0.02256112	     -0.02320725	     -0.01140259	      0.03181674	      0.00049803	      0.00309596	     -0.00091047
      0.01111111	      0.10722608	      0.15628292	      0.06233415	      0.03864596	      0.08345391	      0.08338379	      0.05834328	      0.01046249	      0.11122991	      0.08457973	      0.01671628	      0.01011146	      0.01000811	      0.01000403	      0.01013460	      0.01089866	      0.11477511	      0.01002319	      0.01004006	      0.01005044	      0.01006469	      0.01007406	      0.01009556	      0.03570663	      0.01015076	      0.01003361	      0.01001434	      0.01012158	      0.02675812	      0.01575451	      0.01043086	      0.02241533	      0.01941424	      0.01000232	      0.01007137	      0.49372085	      0.05801437	      0.03422500	      0.10294605	      0.05553034	      0.01006100	      0.01007455	      0.01002162	      0.01001853	      0.01002846	      0.01006614	      0.01001031	      0.01274813	      0.26659037	      0.09627730	      0.01004990	      0.01002067	      0.01000691	      0.01000372	      0.01003444	      0.01001636	      0.01001041	      0.08825232	      0.03715629	      0.01535951	      0.05120553	      0.05961385	      0.04928325	      0.01007054	      0.15702567	      0.08486378	      0.14124402	      0.05764326	      0.11973437	      0.45682542	      0.07511344	      0.01000707	      0.01002239	      0.01000180	      0.15118024	      0.38821081	      0.01001266	      0.01013935	      0.01005315	      0.01009244	     -0.10360014	     -0.03349103	     -0.00568106	      0.10129533	     -0.00996518	     -0.03009033	      0.00011378	      0.00295027	     -0.00151269	     -0.00056413	      0.00894813	      0.00727722	      0.00430703	     -0.00392497	     -0.00128087	      0.00062314	      0.00877020	     -0.00810825	     -0.32658545	     -0.90256620	     -0.13610694	      0.00159203	     -0.02652112	     -0.03897574	     -0.00060018	     -0.01169863	      0.00676473	     -0.02593016	     -0.02291540	     -0.02331481	     -0.01158287	      0.03168350	      0.00049008	      0.00308916	     -0.00092946
      0.01666667	      0.10733086	      0.15395095	      0.06204086	      0.04276346	      0.08194031	      0.07923421	      0.05021074	      0.01046353	      0.10322355	      0.08271111	      0.01960048	      0.01014689	      0.01000836	      0.01000415	      0.01006878	      0.01012366	      0.09751983	      0.01002610	      0.01004112	      0.01004528	      0.01007412	      0.01007850	      0.01009349	      0.03338675	      0.01030724	      0.01003239	      0.01001390	      0.01008021	      0.02758172	      0.01190488	      0.01035735	      0.02884501	      0.02048867	      0.01000240	      0.01007550	      0.48823791	      0.07424850	      0.03504366	      0.10545560	      0.05688044	      0.01005849	      0.01006830	      0.01002099	      0.01001790	      0.01002762	      0.01006530	      0.01001034	      0.01429597	      0.26262900	      0.09437198	      0.01005028	      0.01002091	      0.01000718	      0.01000386	      0.01003396	      0.01001609	      0.01001019	      0.08498786	      0.03830338	      0.01791432	      0.05003668	      0.06082597	      0.05172518	      0.01007068	      0.15849045	      0.08504087	      0.14239557	      0.06483138	      0.12288017	      0.44712163	      0.07883872	      0.01000709	      0.01002242	      0.01000183	      0.15280846	      0.37909411	      0.01001277	      0.01007471	      0.01002708	      0.01004806	     -0.10291448	     -0.03653270	     -0.00658918	      0.09704629	     -0.01376192	     -0.03657063	      0.00004081	      0.00287969	     -0.00032848	     -0.00057798	      0.00875241	      0.00772703	      0.00441988	     -0.00406491	     -0.00162299	      0.00091633	      0.00859257	     -0.00808642	     -0.32783176	     -0.90915986	     -0.14060068	      0.00137596	     -0.02308953	     -0.03931334	     -0.00247380	     -0.01220520	      0.00584101	     -0.02612086	     -0.02357820	     -0.02349359	     -0.01184688	      0.03159821	      0.00048108	      0.00308210	     -0.00095378
      0.02222222	      0.10467188	      0.14736264	      0.06125246	      0.04670127	      0.07909395	      0.07354624	      0.04367956	      0.01043061	      0.10397364	      0.08458672	      0.02088127	      0.01015363	      0.01000820	      0.01000407	      0.01005153	      0.01006053	      0.08216817	      0.01003015	      0.01004300	      0.01004259	      0.01008671	      0.01008418	      0.01009322	      0.03046158	      0.01081264	      0.01003122	      0.01001340	      0.01006459	      0.02656686	      0.01051538	      0.01028205	      0.03690541	      0.02170017	      0.01000236	      0.01008027	      0.50088309	      0.08096769	      0.03631944	      0.10936337	      0.05898310	      0.01005887	      0.01006912	      0.01002090	      0.01001781	      0.01002757	      0.01006549	      0.01001038	      0.01494296	      0.25967443	      0.09331165	      0.01005082	      0.01002115	      0.01000733	      0.01000394	      0.01003343	      0.01001588	      0.01001012	      0.08482211	      0.03763774	      0.01705691	      0.05025686	      0.06089556	      0.05160712	      0.01007146	      0.16012918	      0.08405197	      0.14072203	      0.06421721	      0.12424732	      0.44055731	      0.07975637	      0.01000714	      0.01002257	      0.01000186	      0.15296662	      0.37484815	      0.01001293	      0.01006294	      0.01002284	      0.01004053	     -0.10649106	     -0.04099804	     -0.00757067	      0.10118325	     -0.00594109	     -0.04278799	     -0.00006152	      0.00275811	      0.00077301	     -0.00059951	      0.00895181	      0.00807835	      0.00446055	     -0.00407074	     -0.00160913	      0.00103400	      0.00849308	     -0.00799145	     -0.32618196	     -0.91331155	     -0.13964857	      0.00064383	     -0.02218821	     -0.03814602	     -0.00223737	     -0.01164340	      0.00594243	     -0.02515652	     -0.02434385	     -0.02385418	     -0.01218195	      0.03180832	      0.00047927	      0.00310147	     -0.00098320
      0.02777778	      0.10226199	      0.14220907	      0.06083165	      0.04899746	      0.07718582	      0.06993550	      0.04097128	      0.01043695	      0.11055436	      0.08836512	      0.02045806	      0.01013601	      0.01000782	      0.01000389	      0.01004674	      0.01005092	      0.07497081	      0.01003301	      0.01004434	      0.01004159	      0.01009561	      0.01008776	      0.01009352	      0.02867869	      0.01131131	      0.01003051	      0.01001305	      0.01005947	      0.02523886	      0.01029782	      0.01026266	      0.04213216	      0.02258779	      0.01000225	      0.01008300	      0.52138498	      0.07848904	      0.03755818	      0.11312856	      0.06100928	      0.01006131	      0.01007747	      0.01002123	      0.01001812	      0.01002811	      0.01006639	      0.01001042	      0.01464950	      0.25871081	      0.09327132	      0.01005122	      0.01002129	      0.01000732	      0.01000394	      0.01003324	      0.01001586	      0.01001019	      0.08628864	      0.03573393	      0.01460019	      0.05112165	      0.05996326	      0.04964611	      0.01007235	      0.16098568	      0.08277027	      0.13801148	      0.05842617	      0.12376955	      0.43888459	      0.07824268	      0.01000720	      0.01002276	      0.01000186	      0.15178722	      0.37563189	      0.01001304	      0.01006749	      0.01002444	      0.01004337	     -0.11129655	     -0.04420090	     -0.00892010	      0.10836043	     -0.00842401	     -0.04606244	     -0.00013358	      0.00267691	      0.00134613	     -0.00062023	      0.00935105	      0.00822766	      0.00443055	     -0.00397248	     -0.00136253	      0.00097618	      0.00848754	     -0.00789268	     -0.32525972	     -0.91524675	     -0.13755401	     -0.00026077	     -0.02215410	     -0.03653093	     -0.00136546	     -0.01076691	      0.00631786	     -0.02383176	     -0.02480115	     -0.02413803	     -0.01238395	      0.03202197	      0.00048097	      0.00311842	     -0.00099972
      0.03333333	      0.09765900	      0.13468264	      0.05955857	      0.04925628	      0.07435678	      0.06628932	      0.04072845	      0.01040340	      0.11942233	      0.09206891	      0.01848100	      0.01010885	      0.01000746	      0.01000372	      0.01004747	      0.01005159	      0.07291126	      0.01003505	      0.01004619	      0.01004264	      0.01010084	      0.01009092	      0.01009582	      0.02705707	      0.01114284	      0.01003053	      0.01001300	      0.01005973	      0.02280423	      0.01023538	      0.01024246	      0.04482186	      0.02278540	      0.01000214	      0.01008516	      0.53911030	      0.06844102	      0.03829815	      0.11539141	      0.06222722	      0.01006318	      0.01008356	      0.01002140	      0.01001831	      0.01002842	      0.01006660	      0.01001037	      0.01412252	      0.25936413	      0.09386549	      0.01005137	      0.01002130	      0.01000726	      0.01000390	      0.01003269	      0.01001569	      0.01001018	      0.08972842	      0.03473198	      0.01289969	      0.05282187	      0.05979028	      0.04823694	      0.01007264	      0.16309221	      0.08185661	      0.13582937	      0.05302226	      0.12388197	      0.44194021	      0.07721810	      0.01000719	      0.01002275	      0.01000185	      0.15219358	      0.37912668	      0.01001308	      0.01007238	      0.01002639	      0.01004669	     -0.11707047	     -0.04607576	     -0.00947458	      0.11319995	     -0.00339381	     -0.04842539	     -0.00018897	      0.00256811	      0.00149473	     -0.00063268	      0.00974103	      0.00810826	      0.00442725	     -0.00391523	     -0.00110106	      0.00090805	      0.00854057	     -0.00783362	     -0.32436824	     -0.91466073	     -0.13402966	     -0.00126916	     -0.02275188	     -0.03464363	     -0.00015184	     -0.00971782	      0.00679419	     -0.02227275	     -0.02515134	     -0.02445273	     -0.01258178	      0.03223019	      0.00048303	      0.00313505	     -0.00101754
      0.03888889	      0.09495194	      0.13034726	      0.05895222	      0.04935150	      0.07285475	      0.06440715	      0.04135153	      0.01113384	      0.12756149	      0.09506584	      0.01840158	      0.01013337	      0.01000718	      0.01000358	      0.01005250	      0.01006676	      0.07305261	      0.01003583	      0.01004716	      0.01004349	      0.01010262	      0.01009594	      0.01011344	      0.02705944	      0.01226644	      0.01003084	      0.01001306	      0.01006583	      0.02266878	      0.01064086	      0.01064456	      0.04637061	      0.02409371	      0.01000206	      0.01008749	      0.55250728	      0.05729698	      0.03898841	      0.11709621	      0.06314578	      0.01005838	      0.01005855	      0.01002183	      0.01001885	      0.01002870	      0.01006365	      0.01001038	      0.01558680	      0.26081444	      0.09465401	      0.01005138	      0.01002123	      0.01000716	      0.01000386	      0.01003677	      0.01001684	      0.01001046	      0.09124101	      0.03318695	      0.01352139	      0.05378774	      0.05913474	      0.04664996	      0.01006987	      0.16453969	      0.08149737	      0.13475019	      0.04790309	      0.12399481	      0.44578508	      0.07599007	      0.01000720	      0.01002276	      0.01000184	      0.15193137	      0.38311653	      0.01001305	      0.01022902	      0.01008188	      0.01014431	     -0.12122732	     -0.04654099	     -0.00990922	      0.11798770	     -0.00456548	     -0.04909791	     -0.00022129	      0.00251003	      0.00151325	     -0.00064204	      0.01005566	      0.00790601	      0.00441818	     -0.00383867	     -0.00088168	      0.00081815	      0.00861182	     -0.00782054	     -0.32570237	     -0.91194198	     -0.13334474	     -0.00197200	     -0.02205541	     -0.03341303	      0.00003229	     -0.00920237	      0.00667654	     -0.02123567	     -0.02520142	     -0.02463855	     -0.01264540	      0.03226646	      0.00048402	      0.00313442	     -0.00102320
      0.04444444	      0.09595094	      0.13118413	      0.05957388	      0.05076461	      0.07334413	      0.06424995	      0.04049141	      0.01111158	      0.13263384	      0.09676922	      0.01730367	      0.01011487	      0.01000703	      0.01000352	      0.01004702	      0.01005372	      0.07059123	      0.01003642	      0.01004677	      0.01004202	      0.01011034	      0.01009774	      0.01011089	      0.02688768	      0.01270502	      0.01003105	      0.01001311	      0.01006046	      0.02285509	      0.01049811	      0.01060309	      0.04870361	      0.02458836	      0.01000202	      0.01008858	      0.55968422	      0.04958422	      0.03943267	      0.11847330	      0.06388740	      0.01005799	      0.01004996	      0.01002219	      0.01001919	      0.01002900	      0.01006427	      0.01001046	      0.01520338	      0.26274010	      0.09538477	      0.01005114	      0.01002109	      0.01000704	      0.01000379	      0.01003769	      0.01001727	      0.01001069	      0.08936827	      0.03225786	      0.01330885	      0.05303441	      0.05839057	      0.04606937	      0.01007006	      0.16352231	      0.08200678	      0.13554608	      0.04733339	      0.12352421	      0.44830368	      0.07521448	      0.01000722	      0.01002282	      0.01000183	      0.15097370	      0.38617301	      0.01001296	      0.01027295	      0.01010016	      0.01017450	     -0.12380741	     -0.04562500	     -0.00955651	      0.11998222	     -0.00690476	     -0.04760639	     -0.00024135	      0.00252228	      0.00176650	     -0.00064961	      0.01023372	      0.00774263	      0.00439415	     -0.00379641	     -0.00088706	      0.00075300	      0.00867795	     -0.00787272	     -0.32954942	     -0.90740138	     -0.13694959	     -0.00219315	     -0.01916142	     -0.03327936	     -0.00161604	     -0.00958722	      0.00550674	     -0.02103802	     -0.02503354	     -0.02466278	     -0.01260838	      0.03212357	      0.00048271	      0.00311683	     -0.00102039
      0.05000000	      0.09896485	      0.13396386	      0.06096570	      0.05442105	      0.07455251	      0.06375573	      0.03705710	      0.01103451	      0.13337180	      0.09706243	      0.01705507	      0.01010725	      0.01000699	      0.01000350	      0.01003731	      0.01003519	      0.06196082	      0.01004005	      0.01004664	      0.01003875	      0.01013750	      0.01009974	      0.01010018	      0.02637540	      0.01459610	      0.01003109	      0.01001312	      0.01004972	      0.02385984	      0.01023349	      0.01048532	      0.05465343	      0.02581553	      0.01000201	      0.01008992	      0.56105082	      0.04871193	      0.03992657	      0.12005895	      0.06474063	      0.01006048	      0.01007221	      0.01002213	      0.01001903	      0.01002913	      0.01006594	      0.01001051	      0.01512646	      0.26409855	      0.09564180	      0.01005065	      0.01002094	      0.01000703	      0.01000379	      0.01003728	      0.01001713	      0.01001067	      0.08389233	      0.03159203	      0.01376794	      0.05066042	      0.05758454	      0.04645273	      0.01007084	      0.16098162	      0.08316975	      0.13792798	      0.05097704	      0.12331263	      0.44731559	      0.07537869	      0.01000723	      0.01002286	      0.01000182	      0.14949040	      0.38650018	      0.01001285	      0.01024628	      0.01008995	      0.01015706	     -0.12456499	     -0.04481320	     -0.00929515	      0.11930943	     -0.00771470	     -0.04657408	     -0.00028416	      0.00255325	      0.00251415	     -0.00065834	      0.01026352	      0.00773051	      0.00438032	     -0.00379248	     -0.00111424	      0.00076169	      0.00870069	     -0.00796635	     -0.33329397	     -0.90192069	     -0.14331150	     -0.00215858	     -0.01437220	     -0.03376043	     -0.00463371	     -0.01055758	      0.00355700	     -0.02131092	     -0.02487318	     -0.02448925	     -0.01253842	      0.03186251	      0.00047844	      0.00308832	     -0.00101504
      0.05555556	      0.10184619	      0.13563926	      0.06235311	      0.05960932	      0.07524805	      0.06179601	      0.03164991	      0.01099509	      0.13059819	      0.09636545	      0.01775994	      0.01011407	      0.01000705	      0.01000354	      0.01003184	      0.01002873	      0.04801634	      0.01004733	      0.01004704	      0.01003581	      0.01022616	      0.01010554	      0.01009291	      0.02524606	      0.01903206	      0.01003079	      0.01001303	      0.01004302	      0.02500552	      0.01010320	      0.01038031	      0.06383701	      0.02774277	      0.01000203	      0.01009317	      0.55879244	      0.05410513	      0.04050602	      0.12187016	      0.06571570	      0.01006194	      0.01008714	      0.01002196	      0.01001871	      0.01002915	      0.01006774	      0.01001060	      0.01553680	      0.26399552	      0.09520569	      0.01005033	      0.01002088	      0.01000712	      0.01000383	      0.01003661	      0.01001685	      0.01001060	      0.07658274	      0.03103944	      0.01480516	      0.04752250	      0.05680836	      0.04737759	      0.01007189	      0.15801274	      0.08437778	      0.14068762	      0.05681494	      0.12353716	      0.44206196	      0.07631422	      0.01000726	      0.01002297	      0.01000182	      0.14774629	      0.38352748	      0.01001278	      0.01018990	      0.01006750	      0.01011929	     -0.12441416	     -0.04471396	     -0.00928505	      0.11783633	     -0.00736000	     -0.04692787	     -0.00035724	      0.00255918	      0.00365474	     -0.00066833	      0.01018950	      0.00787602	      0.00438139	     -0.00381266	     -0.00145634	      0.00084686	      0.00865984	     -0.00805113	     -0.33526459	     -0.89530939	     -0.15004061	     -0.00220967	     -0.00861612	     -0.03412871	     -0.00811348	     -0.01158761	      0.00134308	     -0.02148732	     -0.02483288	     -0.02413768	     -0.01247927	      0.03151555	      0.00047075	      0.00305105	     -0.00101128
      0.06111111	      0.10260940	      0.13382735	      0.06300986	      0.06490511	      0.07451044	      0.05800324	      0.02600431	      0.01102961	      0.12776237	      0.09585024	      0.01880054	      0.01013561	      0.01000711	      0.01000357	      0.01002803	      0.01002540	      0.03233729	      0.01006209	      0.01004748	      0.01003297	      0.01055265	      0.01011805	      0.01009173	      0.02355681	      0.02556157	      0.01003019	      0.01001280	      0.01003823	      0.02545706	      0.01007395	      0.01032956	      0.07431176	      0.02991076	      0.01000205	      0.01009808	      0.55788650	      0.06056747	      0.04117318	      0.12388229	      0.06679986	      0.01005718	      0.01007012	      0.01002189	      0.01001862	      0.01002879	      0.01006646	      0.01001081	      0.01638183	      0.26221232	      0.09420610	      0.01005049	      0.01002096	      0.01000722	      0.01000388	      0.01003817	      0.01001737	      0.01001075	      0.07015391	      0.03036012	      0.01585030	      0.04489762	      0.05615984	      0.04814529	      0.01007161	      0.15607510	      0.08491479	      0.14224678	      0.06165097	      0.12427237	      0.43397586	      0.07752234	      0.01000736	      0.01002322	      0.01000184	      0.14621137	      0.37841166	      0.01001280	      0.01014454	      0.01004976	      0.01008922	     -0.12435850	     -0.04549376	     -0.00960488	      0.11662360	     -0.00954391	     -0.04851250	     -0.00045367	      0.00251061	      0.00490258	     -0.00067944	      0.01013501	      0.00807054	      0.00439830	     -0.00383199	     -0.00174760	      0.00097602	      0.00856739	     -0.00807493	     -0.33438301	     -0.88705321	     -0.15434456	     -0.00252613	     -0.00345700	     -0.03384529	     -0.01092433	     -0.01218841	     -0.00049483	     -0.02116755	     -0.02492661	     -0.02373315	     -0.01246190	      0.03112672	      0.00046063	      0.00300966	     -0.00101201
      0.06666667	      0.10109901	      0.12833197	      0.06267791	      0.07011926	      0.07209598	      0.05220032	      0.02089191	      0.01148522	      0.12711300	      0.09625711	      0.02021541	      0.01019385	      0.01000709	      0.01000356	      0.01002521	      0.01002245	      0.01826440	      0.01003582	      0.01004907	      0.01003130	      0.01251545	      0.01018597	      0.01010276	      0.02198922	      0.03404387	      0.01002972	      0.01001261	      0.01003461	      0.02576602	      0.01005957	      0.01041163	      0.08540176	      0.03230823	      0.01000205	      0.01011643	      0.56141227	      0.06461351	      0.04203797	      0.12619703	      0.06804728	      0.01004886	      0.01004327	      0.01002168	      0.01001845	      0.01002841	      0.01006134	      0.01001092	      0.01832932	      0.25958052	      0.09302360	      0.01005099	      0.01002112	      0.01000738	      0.01000397	      0.01004197	      0.01001810	      0.01001079	      0.06562014	      0.02974229	      0.01711228	      0.04338426	      0.05583257	      0.04868159	      0.01007054	      0.15615829	      0.08479739	      0.14248695	      0.06458026	      0.12597947	      0.42553417	      0.07907066	      0.01000742	      0.01002339	      0.01000186	      0.14552134	      0.37293330	      0.01001288	      0.01015356	      0.01005081	      0.01009221	     -0.12557979	     -0.04746988	     -0.01014178	      0.11876501	     -0.00935553	     -0.05215762	     -0.00056984	      0.00239930	      0.00627701	     -0.00069223	      0.01017803	      0.00823784	      0.00444622	     -0.00385364	     -0.00194077	      0.00113491	      0.00845810	     -0.00804579	     -0.33071643	     -0.87883861	     -0.15502333	     -0.00322659	      0.00031272	     -0.03261027	     -0.01241259	     -0.01208894	     -0.00160235	     -0.02013168	     -0.02507937	     -0.02331490	     -0.01244844	      0.03076565	      0.00045070	      0.00297020	     -0.00101269
      0.07222222	      0.10263773	      0.12687446	      0.06279205	      0.07659842	      0.07073141	      0.04710207	      0.01526818	      0.01160297	      0.12309757	      0.09532767	      0.02169578	      0.01027167	      0.01000718	      0.01000361	      0.01002088	      0.01001758	      0.01112207	      0.01205283	      0.01005271	      0.01002835	      0.01784376	      0.01037229	      0.01010348	      0.02020783	      0.04666743	      0.01002919	      0.01001242	      0.01002960	      0.02745694	      0.01005131	      0.01034278	      0.09681204	      0.03452601	      0.01000208	      0.01022457	      0.55870331	      0.07277909	      0.04251184	      0.12756742	      0.06878606	      0.01004762	      0.01005542	      0.01002132	      0.01001805	      0.01002797	      0.01006066	      0.01001103	      0.01964889	      0.25878796	      0.09228585	      0.01005103	      0.01002111	      0.01000751	      0.01000404	      0.01004324	      0.01001828	      0.01001073	      0.05851272	      0.02947010	      0.01898834	      0.04062410	      0.05556800	      0.05011378	      0.01007233	      0.15479285	      0.08593826	      0.14523024	      0.07126491	      0.12765513	      0.41889804	      0.08115417	      0.01000746	      0.01002348	      0.01000187	      0.14479969	      0.36858764	      0.01001284	      0.01011890	      0.01003774	      0.01007019	     -0.12474372	     -0.04831852	     -0.00985806	      0.11903827	     -0.01088133	     -0.05397149	     -0.00067298	      0.00232393	      0.00805499	     -0.00069984	      0.01008060	      0.00846634	      0.00449694	     -0.00391362	     -0.00231882	      0.00129994	      0.00838859	     -0.00812033	     -0.32621529	     -0.87147058	     -0.15612206	     -0.00400909	      0.00404175	     -0.03127672	     -0.01364668	     -0.01187805	     -0.00251046	     -0.01904408	     -0.02500836	     -0.02262970	     -0.01225456	      0.03045172	      0.00044636	      0.00293582	     -0.00099361
      0.07777778	      0.11232043	      0.13702094	      0.06560573	      0.08570564	      0.07384854	      0.04583538	      0.01036030	      0.01037952	      0.10985449	      0.09081922	      0.02339311	      0.01016137	      0.01000759	      0.01000382	      0.01001707	      0.01001393	      0.01008881	      0.02428577	      0.01005092	      0.01002468	      0.02552048	      0.01015835	      0.01007925	      0.01653619	      0.06488792	      0.01002863	      0.01001228	      0.01002485	      0.03189994	      0.01004270	      0.01012294	      0.10971931	      0.03721114	      0.01000221	      0.01013202	      0.53951675	      0.09267950	      0.04221691	      0.12731307	      0.06864907	      0.01005743	      0.01006294	      0.01002071	      0.01001710	      0.01002767	      0.01007513	      0.01001106	      0.01861183	      0.26513241	      0.09336417	      0.01004865	      0.01002044	      0.01000752	      0.01000403	      0.01003474	      0.01001636	      0.01001042	      0.04166550	      0.03016645	      0.02633378	      0.03297876	      0.05561620	      0.05499923	      0.01007614	      0.14903963	      0.09168335	      0.15704910	      0.09173994	      0.13012496	      0.41846180	      0.08572565	      0.01000735	      0.01002317	      0.01000184	      0.14432738	      0.36927943	      0.01001234	      0.01004409	      0.01001572	      0.01002816	     -0.11842884	     -0.04506902	     -0.00886580	      0.11515868	     -0.01131109	     -0.05139666	     -0.00074188	      0.00240914	      0.01024222	     -0.00069852	      0.00960652	      0.00888188	      0.00458575	     -0.00412210	     -0.00338531	      0.00152229	      0.00848285	     -0.00857706	     -0.32428073	     -0.86382018	     -0.16532348	     -0.00426801	      0.01026450	     -0.03123651	     -0.01653784	     -0.01258775	     -0.00426767	     -0.01898916	     -0.02416412	     -0.02137379	     -0.01155110	      0.03033899	      0.00046125	      0.00292314	     -0.00091768
      0.08333333	      0.12739886	      0.15452030	      0.07065250	      0.09723729	      0.08014324	      0.04746459	      0.01036443	      0.01133859	      0.08591618	      0.08141213	      0.03069045	      0.01252431	      0.01000867	      0.01000435	      0.01001393	      0.01001113	      0.01005080	      0.05233719	      0.01004708	      0.01002100	      0.03935756	      0.01047533	      0.01007371	      0.01867179	      0.08643778	      0.01002798	      0.01001220	      0.01002072	      0.04073357	      0.01003468	      0.01017392	      0.12619255	      0.04202206	      0.01000255	      0.01031609	      0.49585195	      0.12258618	      0.04164732	      0.12513245	      0.06747747	      0.01004020	      0.01005091	      0.01001848	      0.01001562	      0.01002378	      0.01002317	      0.01001088	      0.02398273	      0.28191118	      0.09708340	      0.01004494	      0.01001897	      0.01000731	      0.01000392	      0.01004394	      0.01001785	      0.01000988	      0.01417664	      0.03112856	      0.04812547	      0.02048526	      0.05564211	      0.06479936	      0.01005225	      0.14073480	      0.10421692	      0.18225186	      0.13254403	      0.13851988	      0.43051987	      0.09595574	      0.01000705	      0.01002211	      0.01000176	      0.14515868	      0.37721045	      0.01001130	      0.01004428	      0.01001480	      0.01002708	     -0.10548668	     -0.03510925	     -0.00788177	      0.10149397	     -0.00812395	     -0.03938968	     -0.00080614	      0.00260383	      0.01275371	     -0.00068657	      0.00861484	      0.00934076	      0.00486483	     -0.00455529	     -0.00556748	      0.00191913	      0.00881520	     -0.00959623	     -0.32570453	     -0.85346541	     -0.18582281	     -0.00401001	      0.01938330	     -0.03263598	     -0.02122628	     -0.01429460	     -0.00691325	     -0.02007454	     -0.02198325	     -0.01930613	     -0.01003616	      0.03057843	      0.00050770	      0.00294830	     -0.00075220
      0.08888889	      0.14590403	      0.17351581	      0.07893263	      0.11628417	      0.08837072	      0.04724487	      0.01010204	      0.01079184	      0.05386112	      0.06886457	      0.03935583	      0.02571600	      0.01001053	      0.01000529	      0.01001115	      0.01000877	      0.01003608	      0.09694962	      0.01004437	      0.01001754	      0.05983242	      0.01035060	      0.01006346	      0.01684100	      0.11474844	      0.01002761	      0.01001221	      0.01001683	      0.04909435	      0.01002658	      0.01010093	      0.16034485	      0.05137626	      0.01000315	      0.01022317	      0.43778383	      0.16299680	      0.04054575	      0.12210329	      0.06584657	      0.01005691	      0.01006390	      0.01001785	      0.01001299	      0.01002623	      0.01056104	      0.01001112	      0.03312551	      0.29382038	      0.09869141	      0.01004195	      0.01001792	      0.01000760	      0.01000402	      0.01003181	      0.01001476	      0.01001002	      0.01002797	      0.01047005	      0.05570228	      0.01010426	      0.03386192	      0.06950879	      0.01008836	      0.13029912	      0.11630327	      0.20736933	      0.20976686	      0.18474766	      0.45418949	      0.11991740	      0.01000622	      0.01002009	      0.01000171	      0.12451016	      0.37553397	      0.01001053	      0.01002421	      0.01000835	      0.01001518	     -0.09130878	     -0.02691741	     -0.00748520	      0.08170018	     -0.00637039	     -0.02837627	     -0.00099908	      0.00283709	      0.01649481	     -0.00066988	      0.00729181	      0.00996904	      0.00603675	     -0.00457354	     -0.01131394	      0.00292655	      0.00895530	     -0.01054622	     -0.32925026	     -0.84699314	     -0.20995852	     -0.00357115	      0.02941576	     -0.03489583	     -0.02670681	     -0.01647704	     -0.00978454	     -0.02183511	     -0.01988524	     -0.01758255	     -0.00862584	      0.03099337	      0.00055763	      0.00299857	     -0.00059602
      0.09444444	      0.15297087	      0.17782798	      0.08124305	      0.12804809	      0.08931576	      0.04200199	      0.01007223	      0.01083037	      0.02885299	      0.05885234	      0.04679583	      0.04599497	      0.01001282	      0.01000642	      0.01000975	      0.01000756	      0.01002766	      0.14146209	      0.01004499	      0.01001588	      0.07888644	      0.01065472	      0.01006034	      0.01515451	      0.13673093	      0.01002717	      0.01001218	      0.01001486	      0.05380574	      0.01002267	      0.01009062	      0.18255655	      0.05676989	      0.01000390	      0.01036674	      0.39138764	      0.19521845	      0.03920439	      0.11797196	      0.06362328	      0.01006345	      0.01008383	      0.01001625	      0.01001111	      0.01002564	      0.02343551	      0.01001095	      0.04607327	      0.29546966	      0.09718138	      0.01004077	      0.01001757	      0.01000834	      0.01000434	      0.01002750	      0.01001294	      0.01000942	      0.01001520	      0.01007102	      0.06295205	      0.01004563	      0.02073511	      0.07607333	      0.01012295	      0.12965381	      0.12332975	      0.22298868	      0.27684058	      0.22910879	      0.46870160	      0.14495711	      0.01000562	      0.01001848	      0.01000172	      0.11332686	      0.36302958	      0.01001022	      0.01001763	      0.01000601	      0.01001098	     -0.08104803	     -0.02529638	     -0.00563413	      0.06980527	     -0.00458759	     -0.02823048	     -0.00115059	      0.00282593	      0.01936156	     -0.00064711	      0.00623526	      0.01046738	      0.00722838	     -0.00479712	     -0.01614937	      0.00411545	      0.00881275	     -0.01105887	     -0.33269139	     -0.84445304	     -0.22662694	     -0.00325828	      0.03844939	     -0.03695821	     -0.03221056	     -0.01855044	     -0.01263930	     -0.02338911	     -0.01970737	     -0.01741523	     -0.00846794	      0.03142225	      0.00057806	      0.00305798	     -0.00057291
      0.10000000	      0.15423164	      0.17842231	      0.07804812	      0.12895620	      0.08638496	      0.03772842	      0.01005687	      0.01042075	      0.01686550	      0.05377918	      0.05091119	      0.05725082	      0.01001443	      0.01000721	      0.01000919	      0.01000706	      0.01002364	      0.16749533	      0.01004667	      0.01001534	      0.08992149	      0.01057010	      0.01006026	      0.01274652	      0.15077083	      0.01002685	      0.01001212	      0.01001418	      0.05880046	      0.01002233	      0.01008729	      0.17858543	      0.05472006	      0.01000445	      0.01035942	      0.36832358	      0.21300605	      0.03836659	      0.11558733	      0.06233981	      0.01005782	      0.01006729	      0.01001553	      0.01001051	      0.01002453	      0.02728302	      0.01001109	      0.05257975	      0.29197615	      0.09452132	      0.01004051	      0.01001759	      0.01000897	      0.01000463	      0.01002748	      0.01001278	      0.01000922	      0.01001354	      0.01006800	      0.07534213	      0.01004001	      0.01832881	      0.08216103	      0.01011108	      0.12579388	      0.12652679	      0.23092470	      0.30678924	      0.23986682	      0.45858530	      0.15475266	      0.01000554	      0.01001823	      0.01000175	      0.11131602	      0.34802421	      0.01001016	      0.01001549	      0.01000526	      0.01000963	     -0.07548082	     -0.02684094	     -0.00482170	      0.06526137	     -0.00379140	     -0.02987196	     -0.00112043	      0.00271795	      0.02064697	     -0.00063404	      0.00570029	      0.01077098	      0.00754930	     -0.00506346	     -0.01794037	      0.00470327	      0.00856574	     -0.01126139	     -0.33566840	     -0.84102913	     -0.23767345	     -0.00329894	      0.04640338	     -0.03820249	     -0.03697811	     -0.02009685	     -0.01502920	     -0.02432368	     -0.02040616	     -0.01781469	     -0.00885425	      0.03179951	      0.00058308	      0.00311168	     -0.00060823
      0.10555556	      0.15746131	      0.18255050	      0.07671454	      0.12977872	      0.08591618	      0.03664751	      0.01004937	      0.01047503	      0.01361296	      0.05238457	      0.05394921	      0.06390780	      0.01001506	      0.01000750	      0.01000882	      0.01000674	      0.01002162	      0.18157845	      0.01004682	      0.01001489	      0.09634631	      0.01089464	      0.01005960	      0.01253947	      0.16066219	      0.01002620	      0.01001185	      0.01001371	      0.06340542	      0.01002233	      0.01008660	      0.17394639	      0.05298940	      0.01000468	      0.01064116	      0.36447782	      0.22595800	      0.03870156	      0.11659661	      0.06288341	      0.01006455	      0.01008033	      0.01001610	      0.01001070	      0.01002609	      0.03676547	      0.01001162	      0.05234215	      0.28807819	      0.09288297	      0.01004082	      0.01001777	      0.01000916	      0.01000473	      0.01002767	      0.01001298	      0.01000964	      0.01001257	      0.01005877	      0.07115940	      0.01003678	      0.01419907	      0.07834482	      0.01012737	      0.11808164	      0.12597845	      0.23047574	      0.30789747	      0.24039719	      0.44488830	      0.15273264	      0.01000565	      0.01001868	      0.01000178	      0.10048139	      0.34069468	      0.01001024	      0.01001555	      0.01000528	      0.01000967	     -0.07588952	     -0.03040733	     -0.00407756	      0.06576979	     -0.00199367	     -0.03601613	     -0.00107990	      0.00270131	      0.02148388	     -0.00063948	      0.00555390	      0.01113513	      0.00748622	     -0.00477855	     -0.01842051	      0.00468295	      0.00841317	     -0.01119717	     -0.33933853	     -0.83833629	     -0.24395922	     -0.00360306	      0.05316306	     -0.03870025	     -0.04090247	     -0.02116916	     -0.01701788	     -0.02470098	     -0.02154514	     -0.01853801	     -0.00951901	      0.03202645	      0.00057581	      0.00314689	     -0.00067444
      0.11111111	      0.16281560	      0.19011348	      0.07759286	      0.13123550	      0.08807637	      0.03850114	      0.01004609	      0.01039765	      0.01382093	      0.05464492	      0.05530412	      0.06485910	      0.01001440	      0.01000717	      0.01000857	      0.01000653	      0.01002078	      0.18503674	      0.01004539	      0.01001449	      0.09869975	      0.01075851	      0.01005824	      0.01237828	      0.16676093	      0.01002542	      0.01001148	      0.01001335	      0.06743217	      0.01002243	      0.01008579	      0.17081867	      0.05218883	      0.01000446	      0.01060148	      0.37896459	      0.23161034	      0.03994297	      0.12038503	      0.06492328	      0.01009002	      0.01020587	      0.01001784	      0.01001150	      0.01003051	      0.05024938	      0.01001249	      0.04682645	      0.28560264	      0.09266196	      0.01004138	      0.01001799	      0.01000888	      0.01000461	      0.01002796	      0.01001345	      0.01001063	      0.01001194	      0.01004908	      0.05471942	      0.01003473	      0.01089028	      0.06724499	      0.01016854	      0.10754915	      0.12309403	      0.22448503	      0.28827650	      0.23382213	      0.43186478	      0.14207038	      0.01000591	      0.01001966	      0.01000179	      0.08321723	      0.34183367	      0.01001039	      0.01001731	      0.01000590	      0.01001078	     -0.08056609	     -0.03521823	     -0.00365907	      0.06852085	     -0.00419992	     -0.04232388	     -0.00104424	      0.00278026	      0.02197851	     -0.00066038	      0.00579462	      0.01147510	      0.00714998	     -0.00408598	     -0.01797506	      0.00418820	      0.00839021	     -0.01098145	     -0.34314229	     -0.83675079	     -0.24633946	     -0.00394069	      0.05846086	     -0.03876971	     -0.04417750	     -0.02198220	     -0.01890938	     -0.02470024	     -0.02274648	     -0.01933274	     -0.01022312	      0.03207109	      0.00056099	      0.00315912	     -0.00074626
      0.11666667	      0.16482033	      0.19428857	      0.07618551	      0.12889447	      0.08809863	      0.03978669	      0.01004304	      0.01042709	      0.02051693	      0.05945035	      0.05397561	      0.05901322	      0.01001298	      0.01000647	      0.01000850	      0.01000647	      0.01002029	      0.18408382	      0.01004485	      0.01001441	      0.09886913	      0.01085292	      0.01005806	      0.01261325	      0.16987737	      0.01002497	      0.01001123	      0.01001329	      0.07085899	      0.01002349	      0.01008701	      0.15955716	      0.04896213	      0.01000398	      0.01080167	      0.40420412	      0.22575827	      0.04127193	      0.12442698	      0.06710077	      0.01009804	      0.01024844	      0.01001916	      0.01001231	      0.01003285	      0.04848585	      0.01001327	      0.04208081	      0.28456510	      0.09272131	      0.01004168	      0.01001809	      0.01000861	      0.01000450	      0.01002998	      0.01001446	      0.01001148	      0.01001258	      0.01005135	      0.05127822	      0.01003635	      0.01083766	      0.06237958	      0.01018497	      0.09860530	      0.12139548	      0.22091646	      0.26940399	      0.21834969	      0.41490400	      0.13186949	      0.01000625	      0.01002076	      0.01000180	      0.07678408	      0.34338288	      0.01001047	      0.01001918	      0.01000655	      0.01001196	     -0.08699235	     -0.03968794	     -0.00392896	      0.07758623	     -0.00422263	     -0.04747327	     -0.00095905	      0.00279671	      0.02194925	     -0.00068281	      0.00630403	      0.01157398	      0.00666295	     -0.00378143	     -0.01692452	      0.00376172	      0.00839153	     -0.01086196	     -0.34527622	     -0.83589027	     -0.24687433	     -0.00449111	      0.06194965	     -0.03811180	     -0.04607232	     -0.02221529	     -0.02022819	     -0.02410430	     -0.02334124	     -0.01975568	     -0.01053669	      0.03202339	      0.00055130	      0.00315523	     -0.00077667
      0.12222222	      0.16769219	      0.19709452	      0.07819201	      0.13234318	      0.08990338	      0.04018795	      0.01004291	      0.01036171	      0.02271126	      0.06053973	      0.05318179	      0.05678356	      0.01001265	      0.01000633	      0.01000831	      0.01000633	      0.01001994	      0.18900300	      0.01004405	      0.01001408	      0.10123160	      0.01071533	      0.01005680	      0.01230975	      0.17307057	      0.01002499	      0.01001122	      0.01001295	      0.07161645	      0.01002263	      0.01008504	      0.16644590	      0.05098579	      0.01000388	      0.01063947	      0.40924380	      0.22232893	      0.04162543	      0.12551009	      0.06768645	      0.01010551	      0.01032580	      0.01001921	      0.01001215	      0.01003362	      0.05569779	      0.01001346	      0.04269037	      0.28877897	      0.09403063	      0.01004107	      0.01001783	      0.01000851	      0.01000444	      0.01002983	      0.01001443	      0.01001166	      0.01001170	      0.01004721	      0.05232601	      0.01003357	      0.01039327	      0.06217661	      0.01019605	      0.09419645	      0.12335242	      0.22463010	      0.27896168	      0.22341687	      0.41889148	      0.13391921	      0.01000618	      0.01002060	      0.01000177	      0.07149711	      0.34801765	      0.01001030	      0.01001889	      0.01000645	      0.01001178	     -0.08862717	     -0.03789753	     -0.00428809	      0.08086206	     -0.00401963	     -0.04977603	     -0.00100630	      0.00285155	      0.02248428	     -0.00068902	      0.00641972	      0.01152581	      0.00676727	     -0.00372003	     -0.01779825	      0.00381860	      0.00850563	     -0.01104321	     -0.34314834	     -0.82989302	     -0.24800175	     -0.00577882	      0.06396612	     -0.03605175	     -0.04604224	     -0.02139819	     -0.02056339	     -0.02236412	     -0.02273963	     -0.01939252	     -0.01011331	      0.03190857	      0.00055793	      0.00313812	     -0.00072854
      0.12777778	      0.16405215	      0.18741411	      0.08069465	      0.13990173	      0.08876162	      0.03486881	      0.01004596	      0.01073791	      0.01571583	      0.05330892	      0.05263518	      0.06084721	      0.01001458	      0.01000733	      0.01000813	      0.01000619	      0.01001957	      0.20804780	      0.01004580	      0.01001385	      0.10792701	      0.01177474	      0.01005630	      0.01279245	      0.17448102	      0.01002635	      0.01001191	      0.01001253	      0.06627447	      0.01001998	      0.01008138	      0.19376245	      0.05830003	      0.01000454	      0.01116182	      0.36781290	      0.22026650	      0.03921029	      0.11803142	      0.06366305	      0.01007674	      0.01013058	      0.01001599	      0.01001011	      0.01002752	      0.06425195	      0.01001220	      0.05682316	      0.29891135	      0.09567339	      0.01003909	      0.01001705	      0.01000910	      0.01000467	      0.01002703	      0.01001276	      0.01001000	      0.01000967	      0.01004248	      0.07738715	      0.01002759	      0.01075677	      0.07911742	      0.01025599	      0.10227425	      0.13272793	      0.24399243	      0.34968951	      0.26260189	      0.45495088	      0.16327089	      0.01000544	      0.01001814	      0.01000173	      0.08111054	      0.34851483	      0.01000977	      0.01001431	      0.01000485	      0.01000889	     -0.07708640	     -0.02435481	     -0.00502520	      0.06871068	     -0.00355217	     -0.03239496	     -0.00122691	      0.00277020	      0.02352144	     -0.00064811	      0.00565252	      0.01100475	      0.00797979	     -0.00463205	     -0.02205234	      0.00509162	      0.00864881	     -0.01179400	     -0.33348913	     -0.80921175	     -0.25251862	     -0.00807032	      0.06482804	     -0.03220079	     -0.04394451	     -0.01931897	     -0.01991028	     -0.01910860	     -0.02007265	     -0.01783976	     -0.00851926	      0.03186020	      0.00059826	      0.00312306	     -0.00055628
      0.13333333	      0.17168363	      0.19453613	      0.08520147	      0.14897383	      0.09279477	      0.03479459	      0.01004503	      0.01039703	      0.01116735	      0.04693122	      0.05271815	      0.06549705	      0.01001685	      0.01000853	      0.01000767	      0.01000584	      0.01001842	      0.22487459	      0.01004440	      0.01001314	      0.11567181	      0.01113016	      0.01005391	      0.01169271	      0.18462868	      0.01002751	      0.01001252	      0.01001185	      0.06862670	      0.01001816	      0.01007681	      0.21374456	      0.06403187	      0.01000536	      0.01059689	      0.33208213	      0.22090152	      0.03764970	      0.11341089	      0.06117694	      0.01006122	      0.01007372	      0.01001426	      0.01000902	      0.01002422	      0.06895992	      0.01001167	      0.06902206	      0.27912697	      0.08824349	      0.01004108	      0.01001807	      0.01001124	      0.01000560	      0.01002556	      0.01001187	      0.01000909	      0.01000864	      0.01004028	      0.09750404	      0.01002455	      0.01043515	      0.09212947	      0.01016250	      0.10691924	      0.12738056	      0.23560363	      0.40239160	      0.28897250	      0.46186040	      0.18482704	      0.01000509	      0.01001701	      0.01000186	      0.08720297	      0.31762249	      0.01001032	      0.01001184	      0.01000400	      0.01000734	     -0.06520046	     -0.01069001	     -0.00715821	      0.05106669	     -0.00183848	     -0.01338771	     -0.00134489	      0.00287893	      0.02507048	     -0.00062256	      0.00497536	      0.01062750	      0.00880995	     -0.00531842	     -0.02508172	      0.00618842	      0.00797695	     -0.01125557	     -0.32148073	     -0.78232607	     -0.25801969	     -0.01042928	      0.06599079	     -0.02808416	     -0.04174673	     -0.01711886	     -0.01926476	     -0.01564207	     -0.01680418	     -0.01626329	     -0.00670532	      0.03179996	      0.00064363	      0.00310736	     -0.00036328
      0.13888889	      0.17153792	      0.19363144	      0.08484555	      0.14945757	      0.09221892	      0.03427288	      0.01004332	      0.01160662	      0.01343900	      0.04678098	      0.05203273	      0.06429556	      0.01001696	      0.01000861	      0.01000763	      0.01000580	      0.01001813	      0.22887365	      0.01004490	      0.01001313	      0.11717407	      0.01349806	      0.01005455	      0.01397153	      0.18623055	      0.01002782	      0.01001266	      0.01001184	      0.06874595	      0.01001799	      0.01008730	      0.21482422	      0.06418075	      0.01000540	      0.01229744	      0.32971146	      0.21775496	      0.03767293	      0.11255337	      0.06071740	      0.01007813	      0.01014177	      0.01001448	      0.01000908	      0.01002491	      0.07317584	      0.01001188	      0.06840786	      0.27692412	      0.08759364	      0.01004145	      0.01001820	      0.01001129	      0.01000562	      0.01002580	      0.01001199	      0.01000928	      0.01000844	      0.01003879	      0.09660993	      0.01002391	      0.01122675	      0.09097312	      0.01064910	      0.10263268	      0.12635936	      0.23364961	      0.40600771	      0.28874907	      0.45892981	      0.18375014	      0.01000511	      0.01001711	      0.01000187	      0.08235334	      0.31542671	      0.01001040	      0.01001195	      0.01000404	      0.01000741	     -0.06502162	     -0.00770217	     -0.00637317	      0.05191065	     -0.00305247	     -0.01513906	     -0.00135825	      0.00284763	      0.02528018	     -0.00061749	      0.00494648	      0.01049962	      0.00877148	     -0.00519877	     -0.02534308	      0.00613153	      0.00792542	     -0.01116003	     -0.31731798	     -0.76637368	     -0.25792689	     -0.01160482	      0.06890386	     -0.02580119	     -0.04225752	     -0.01637535	     -0.02001487	     -0.01373927	     -0.01588362	     -0.01615437	     -0.00632521	      0.03146107	      0.00064103	      0.00306681	     -0.00032714
      0.14444444	      0.16703831	      0.18655582	      0.08260841	      0.14834479	      0.08889274	      0.03013395	      0.01004321	      0.01039901	      0.01427030	      0.05172977	      0.05145362	      0.05975920	      0.01001500	      0.01000760	      0.01000766	      0.01000581	      0.01001785	      0.23599579	      0.01004709	      0.01001329	      0.11928707	      0.01172369	      0.01005538	      0.01120553	      0.18632775	      0.01002701	      0.01001223	      0.01001193	      0.06707894	      0.01001808	      0.01007654	      0.21267617	      0.06300453	      0.01000469	      0.01089076	      0.35752870	      0.21533550	      0.03832455	      0.11544981	      0.06227088	      0.01009923	      0.01032110	      0.01001614	      0.01000979	      0.01002967	      0.08754752	      0.01001255	      0.05934671	      0.29974419	      0.09567989	      0.01003884	      0.01001695	      0.01000921	      0.01000469	      0.01002577	      0.01001234	      0.01001030	      0.01000819	      0.01003376	      0.07567749	      0.01002320	      0.01014281	      0.07782483	      0.01029847	      0.09236099	      0.13424314	      0.24712415	      0.38186809	      0.28035421	      0.46214886	      0.16987533	      0.01000525	      0.01001773	      0.01000172	      0.06481105	      0.34759444	      0.01000971	      0.01001373	      0.01000465	      0.01000852	     -0.07344287	     -0.01543800	     -0.00656928	      0.06371921	     -0.00349613	     -0.02547570	     -0.00138112	      0.00271982	      0.02535360	     -0.00063296	      0.00548096	      0.01072958	      0.00836780	     -0.00438505	     -0.02454522	      0.00531715	      0.00866944	     -0.01189658	     -0.32179105	     -0.76397161	     -0.25824462	     -0.01183221	      0.07451150	     -0.02544611	     -0.04548997	     -0.01708075	     -0.02203950	     -0.01346984	     -0.01680640	     -0.01705806	     -0.00695359	      0.03098468	      0.00060881	      0.00301540	     -0.00039649
      0.15000000	      0.17798177	      0.20476595	      0.08132595	      0.14535475	      0.09216770	      0.03563028	      0.01003663	      0.01043270	      0.02707255	      0.06181899	      0.05124454	      0.05229445	      0.01001223	      0.01000619	      0.01000741	      0.01000560	      0.01001675	      0.23379100	      0.01004429	      0.01001290	      0.12056346	      0.01182064	      0.01005413	      0.01163449	      0.19775799	      0.01002531	      0.01001134	      0.01001170	      0.07803610	      0.01001958	      0.01007809	      0.18755759	      0.05606475	      0.01000375	      0.01155911	      0.41402860	      0.21402452	      0.04183010	      0.12609224	      0.06799597	      0.01038131	      0.01797921	      0.01002093	      0.01001197	      0.01004303	      0.09758427	      0.01001550	      0.04264032	      0.30234031	      0.09790468	      0.01003906	      0.01001693	      0.01000801	      0.01000417	      0.01003033	      0.01001497	      0.01001384	      0.01000848	      0.01003214	      0.05437626	      0.01002366	      0.01009956	      0.05749943	      0.01086340	      0.06103525	      0.13128081	      0.23989296	      0.33022581	      0.24082812	      0.42284998	      0.13762176	      0.01000604	      0.01002055	      0.01000168	      0.03417570	      0.36042234	      0.01000976	      0.01001892	      0.01000646	      0.01001180	     -0.08783125	     -0.02754094	     -0.00568740	      0.08029816	     -0.00795409	     -0.03825363	     -0.00116710	      0.00286120	      0.02566786	     -0.00069090	      0.00654924	      0.01131374	      0.00699763	     -0.00306651	     -0.02206269	      0.00381339	      0.00888255	     -0.01170851	     -0.33317254	     -0.76503234	     -0.26493345	     -0.01131109	      0.08356718	     -0.02703061	     -0.05135542	     -0.01917685	     -0.02517753	     -0.01484567	     -0.01850563	     -0.01803146	     -0.00793328	      0.03053356	      0.00057214	      0.00297085	     -0.00050063
      0.15555556	      0.18921812	      0.22050445	      0.07741968	      0.14629597	      0.09182832	      0.03462440	      0.01002816	      0.01066657	      0.03627036	      0.06920140	      0.05285699	      0.05013332	      0.01001082	      0.01000548	      0.01000676	      0.01000506	      0.01001411	      0.26859741	      0.01004385	      0.01001203	      0.13712435	      0.01473501	      0.01005242	      0.01168366	      0.22622307	      0.01002375	      0.01001059	      0.01001084	      0.09313748	      0.01002025	      0.01007757	      0.16633149	      0.04900832	      0.01000329	      0.01649277	      0.45762197	      0.22054868	      0.04478035	      0.13501525	      0.07279548	      0.01070076	      0.01615055	      0.01002317	      0.01001282	      0.01004959	      0.10201596	      0.01001843	      0.04012076	      0.29806704	      0.09598832	      0.01003930	      0.01001709	      0.01000805	      0.01000420	      0.01003596	      0.01001739	      0.01001660	      0.01000833	      0.01003223	      0.06043547	      0.01002284	      0.01008865	      0.05435901	      0.01199397	      0.03868948	      0.13117326	      0.24048645	      0.32950284	      0.22443468	      0.38482903	      0.12882757	      0.01000659	      0.01002242	      0.01000171	      0.02013106	      0.35147237	      0.01000983	      0.01002026	      0.01000692	      0.01001264	     -0.09900122	     -0.03962091	     -0.00453719	      0.08986581	     -0.00890382	     -0.04941146	     -0.00099529	      0.00286039	      0.02786727	     -0.00073935	      0.00733277	      0.01200397	      0.00643864	     -0.00272690	     -0.02218811	      0.00358262	      0.00870993	     -0.01167299	     -0.35048261	     -0.76751864	     -0.28603985	     -0.00981112	      0.09807911	     -0.03163423	     -0.06102278	     -0.02333012	     -0.02989129	     -0.01871289	     -0.02051098	     -0.01819107	     -0.00886380	      0.03021684	      0.00054578	      0.00294491	     -0.00059586
      0.16111111	      0.21764281	      0.25621092	      0.08150010	      0.16125000	      0.10058098	      0.03731709	      0.01002194	      0.01089578	      0.02873818	      0.06998295	      0.05979031	      0.06252535	      0.01001085	      0.01000551	      0.01000574	      0.01000426	      0.01001141	      0.32579570	      0.01003974	      0.01001037	      0.16527387	      0.01870875	      0.01004678	      0.01181476	      0.27387747	      0.01002209	      0.01000987	      0.01000927	      0.11611310	      0.01001858	      0.01007179	      0.16811023	      0.04890851	      0.01000333	      0.02401448	      0.47104130	      0.24991193	      0.04766135	      0.14371151	      0.07747205	      0.01558593	      0.02854901	      0.01003141	      0.01001354	      0.01020010	      0.14819624	      0.01003283	      0.03744642	      0.29756026	      0.09406819	      0.01003859	      0.01001691	      0.01000805	      0.01000419	      0.01004523	      0.01002277	      0.01004010	      0.01000643	      0.01002489	      0.07568480	      0.01001712	      0.01005628	      0.04873959	      0.01971826	      0.01009559	      0.13632651	      0.25236373	      0.38433387	      0.22509979	      0.35980422	      0.12483491	      0.01000700	      0.01002444	      0.01000173	      0.01010035	      0.33837217	      0.01000964	      0.01002307	      0.01000787	      0.01001439	     -0.10341005	     -0.04816934	     -0.00213395	      0.09109244	     -0.00668670	     -0.05439479	     -0.00093209	      0.00314870	      0.03255729	     -0.00078647	      0.00742193	      0.01308131	      0.00610074	     -0.00183185	     -0.02706423	      0.00331685	      0.00852539	     -0.01204725	     -0.37601989	     -0.77176045	     -0.32496863	     -0.00714053	      0.11851957	     -0.03994055	     -0.07490389	     -0.02990775	     -0.03635748	     -0.02560042	     -0.02256691	     -0.01745962	     -0.00967466	      0.03000603	      0.00053031	      0.00293384	     -0.00067739
      0.16666667	      0.24974587	      0.29632806	      0.08618936	      0.17881749	      0.11044477	      0.03985427	      0.01001752	      0.01043452	      0.01187945	      0.06273296	      0.07010189	      0.08688564	      0.01001243	      0.01000634	      0.01000486	      0.01000359	      0.01000930	      0.39425437	      0.01003607	      0.01000890	      0.19863762	      0.02298678	      0.01004180	      0.01072930	      0.32943146	      0.01002105	      0.01000947	      0.01000787	      0.14276266	      0.01001675	      0.01006631	      0.17330569	      0.04961845	      0.01000391	      0.03388026	      0.44368481	      0.29393991	      0.04899756	      0.14781986	      0.07967805	      0.02901197	      0.03414125	      0.01004271	      0.01001378	      0.01286121	      0.21840856	      0.01042411	      0.03426122	      0.30580323	      0.09381687	      0.01003690	      0.01001624	      0.01000786	      0.01000407	      0.01009859	      0.01004529	      0.02307322	      0.01000462	      0.01001843	      0.11528199	      0.01001195	      0.01003384	      0.04745924	      0.03763651	      0.01003456	      0.14857062	      0.27875341	      0.49044732	      0.23096018	      0.34246979	      0.12527550	      0.01000741	      0.01002682	      0.01000172	      0.01003525	      0.32749640	      0.01000912	      0.01002397	      0.01000821	      0.01001497	     -0.09766450	     -0.05011940	      0.00330157	      0.08769900	     -0.01017799	     -0.05597559	     -0.00086548	      0.00347723	      0.03808345	     -0.00080827	      0.00666321	      0.01416874	      0.00576000	     -0.00081319	     -0.03594015	      0.00304383	      0.00847691	     -0.01300404	     -0.40105437	     -0.77011787	     -0.37202397	     -0.00420164	      0.14179470	     -0.04952423	     -0.09011894	     -0.03728708	     -0.04324898	     -0.03359380	     -0.02496916	     -0.01606989	     -0.01063426	      0.02989506	      0.00051886	      0.00293723	     -0.00077765
      0.17222222	      0.28610633	      0.33965196	      0.09297196	      0.20296124	      0.12188705	      0.04137023	      0.01001428	      0.01143535	      0.01007494	      0.04221853	      0.08787946	      0.13479934	      0.01002275	      0.01001165	      0.01000409	      0.01000300	      0.01000760	      0.48359877	      0.01003233	      0.01000756	      0.24095151	      0.03248931	      0.01003621	      0.01165839	      0.39580852	      0.01001999	      0.01000921	      0.01000659	      0.17247801	      0.01001428	      0.01005925	      0.19252270	      0.05412368	      0.01000827	      0.04702759	      0.34970048	      0.37016952	      0.04824266	      0.14523348	      0.07827576	      0.02920440	      0.02591025	      0.01003429	      0.01001035	      0.01441888	      0.28778864	      0.03865893	      0.05760765	      0.31547028	      0.09144215	      0.01003388	      0.01001528	      0.01000932	      0.01000465	      0.01008309	      0.01003325	      0.04430986	      0.01000351	      0.01001474	      0.16693621	      0.01000903	      0.01002677	      0.06667525	      0.05497503	      0.01002502	      0.16878529	      0.32304196	      0.64376570	      0.30029119	      0.34880320	      0.17080428	      0.01000629	      0.01002298	      0.01000174	      0.01002621	      0.30003336	      0.01000841	      0.01001435	      0.01000485	      0.01000890	     -0.07601127	     -0.04445811	      0.00751254	      0.06574529	     -0.00423955	     -0.04850379	     -0.00087476	      0.00384932	      0.04513515	     -0.00079465	      0.00446167	      0.01553147	      0.00744352	     -0.00123765	     -0.04836057	      0.00513355	      0.00820218	     -0.01454836	     -0.41461143	     -0.76215129	     -0.42428595	     -0.00175068	      0.16632589	     -0.05875380	     -0.10462616	     -0.04432090	     -0.04963431	     -0.04133880	     -0.02773883	     -0.01359151	     -0.01160712	      0.03005330	      0.00052125	      0.00297023	     -0.00087875
      0.17777778	      0.31168777	      0.37274034	      0.08830912	      0.21209913	      0.12361305	      0.03842065	      0.01001155	      0.01042826	      0.01004088	      0.02333800	      0.10186514	      0.17461566	      0.01016054	      0.01007952	      0.01000358	      0.01000261	      0.01000633	      0.57181848	      0.01003132	      0.01000675	      0.28154264	      0.04460496	      0.01003367	      0.01028734	      0.46094395	      0.01001963	      0.01000922	      0.01000579	      0.20518990	      0.01001372	      0.01005548	      0.17372292	      0.04664945	      0.01202231	      0.06720862	      0.25909430	      0.43027179	      0.04616162	      0.13922377	      0.07502829	      0.01017853	      0.01005603	      0.01002118	      0.01000806	      0.01009418	      0.31777732	      0.09308329	      0.08741423	      0.29207677	      0.07650775	      0.01003381	      0.01001577	      0.01001573	      0.01000710	      0.01053145	      0.01005749	      0.04044004	      0.01000296	      0.01001411	      0.26412644	      0.01000749	      0.01002466	      0.10582359	      0.05681517	      0.01001885	      0.17952281	      0.35212422	      0.80123024	      0.34657425	      0.32040914	      0.22204452	      0.01000577	      0.01002072	      0.01000200	      0.01002317	      0.21995128	      0.01000842	      0.01000952	      0.01000320	      0.01000588	     -0.04935423	     -0.03923633	      0.00514229	      0.02245569	     -0.00008944	     -0.03127054	     -0.00061948	      0.00391673	      0.05091471	     -0.00075911	      0.00241635	      0.01640425	      0.00874504	     -0.00287587	     -0.06039192	      0.00780538	      0.00680280	     -0.01516939	     -0.41504524	     -0.74862783	     -0.47271889	     -0.00036359	      0.18885642	     -0.06587103	     -0.11609205	     -0.04978834	     -0.05453008	     -0.04739034	     -0.03084542	     -0.01063900	     -0.01275804	      0.03025918	      0.00052357	      0.00300812	     -0.00100314
      0.18333333	      0.32405432	      0.38990138	      0.08337524	      0.21366615	      0.12322671	      0.03775865	      0.01001036	      0.01126476	      0.01003928	      0.02498646	      0.10731099	      0.18445238	      0.01020948	      0.01006808	      0.01000333	      0.01000242	      0.01000578	      0.61886594	      0.01003065	      0.01000633	      0.30267475	      0.05243346	      0.01003280	      0.01065854	      0.49689240	      0.01001887	      0.01000881	      0.01000539	      0.22577981	      0.01001373	      0.01005880	      0.15041707	      0.03894197	      0.02248428	      0.07998701	      0.26858106	      0.45339239	      0.04621139	      0.13901716	      0.07490744	      0.01009951	      0.01003095	      0.01002008	      0.01000765	      0.01008766	      0.33218821	      0.13319453	      0.10007620	      0.28150767	      0.07007353	      0.01003504	      0.01001631	      0.01002122	      0.01000885	      0.01844574	      0.01025063	      0.05677666	      0.01000277	      0.01001446	      0.30888521	      0.01000691	      0.01002408	      0.12195679	      0.05832644	      0.01001560	      0.18196505	      0.36004669	      0.84136212	      0.36158930	      0.29311206	      0.24223868	      0.01000586	      0.01002104	      0.01000219	      0.01002117	      0.18587375	      0.01000855	      0.01000884	      0.01000296	      0.01000545	     -0.04470808	     -0.04566347	      0.00714445	      0.01686450	     -0.00660716	     -0.04608807	     -0.00038690	      0.00392784	      0.05391928	     -0.00075649	      0.00246951	      0.01722396	      0.00909249	     -0.00352799	     -0.06589523	      0.00890261	      0.00616040	     -0.01531255	     -0.41291047	     -0.73537235	     -0.48938531	      0.00034985	      0.20305804	     -0.06950967	     -0.12290293	     -0.05292783	     -0.05746036	     -0.05073477	     -0.03694955	     -0.00990098	     -0.01591649	      0.03013978	      0.00045868	      0.00301660	     -0.00135242
      0.18888889	      0.31676491	      0.37882395	      0.07995058	      0.21264169	      0.11872167	      0.03323652	      0.01000995	      0.01052478	      0.01003705	      0.02480529	      0.11209877	      0.19264376	      0.01010397	      0.01004792	      0.01000327	      0.01000237	      0.01000559	      0.63559788	      0.01003193	      0.01000629	      0.30734830	      0.05619035	      0.01003262	      0.01022173	      0.49956981	      0.01001801	      0.01000844	      0.01000529	      0.22686224	      0.01001389	      0.01005499	      0.14543374	      0.03629290	      0.02204708	      0.08379853	      0.28035903	      0.47374071	      0.04639204	      0.13989773	      0.07535291	      0.01008153	      0.01003384	      0.01001988	      0.01000752	      0.01007430	      0.34304110	      0.14894605	      0.09971015	      0.28823467	      0.07251155	      0.01003381	      0.01001603	      0.01002123	      0.01000882	      0.01998344	      0.01014256	      0.07848461	      0.01000266	      0.01001377	      0.30990910	      0.01000659	      0.01002272	      0.12015140	      0.06085991	      0.01001524	      0.18124225	      0.35777439	      0.80348588	      0.36473304	      0.29112695	      0.24280820	      0.01000576	      0.01002059	      0.01000218	      0.01001980	      0.19601079	      0.01000843	      0.01000858	      0.01000288	      0.01000529	     -0.05439389	     -0.05792564	      0.00829555	      0.03425597	     -0.00653202	     -0.07751220	     -0.00037966	      0.00377640	      0.05448022	     -0.00075920	      0.00258269	      0.01797584	      0.00902585	     -0.00340111	     -0.06721335	      0.00882792	      0.00631015	     -0.01539088	     -0.40011265	     -0.72955394	     -0.47334864	     -0.00003870	      0.20613445	     -0.06854758	     -0.12315375	     -0.05278312	     -0.05750995	     -0.05036302	     -0.04500095	     -0.01043777	     -0.02001274	      0.03000502	      0.00036471	      0.00301929	     -0.00179359
      0.19444444	      0.29953028	      0.35600205	      0.07713883	      0.20589288	      0.11319447	      0.03129157	      0.01001027	      0.01102754	      0.01003769	      0.02496545	      0.11020336	      0.18938753	      0.01019382	      0.01005909	      0.01000336	      0.01000243	      0.01000575	      0.61630510	      0.01003345	      0.01000647	      0.29554383	      0.05503622	      0.01003365	      0.01041176	      0.47760353	      0.01001836	      0.01000861	      0.01000542	      0.21737054	      0.01001421	      0.01005727	      0.14378467	      0.03586186	      0.02288128	      0.08011273	      0.27495149	      0.46582792	      0.04463825	      0.13437700	      0.07236233	      0.01005101	      0.01002304	      0.01001812	      0.01000726	      0.01005200	      0.32885590	      0.14876387	      0.10463045	      0.28186536	      0.07011263	      0.01003458	      0.01001649	      0.01002600	      0.01001011	      0.03730502	      0.01101234	      0.06630025	      0.01000264	      0.01001500	      0.34189668	      0.01000646	      0.01002385	      0.13368134	      0.05131535	      0.01001439	      0.17649054	      0.34886243	      0.78378777	      0.36139181	      0.29020949	      0.25241708	      0.01000571	      0.01002004	      0.01000231	      0.01002032	      0.18607197	      0.01000863	      0.01000832	      0.01000279	      0.01000512	     -0.05444462	     -0.05719287	      0.00499439	      0.02746626	      0.00145550	     -0.07647313	     -0.00040755	      0.00360107	      0.05263886	     -0.00072725	      0.00253004	      0.01764690	      0.00897039	     -0.00425495	     -0.06888851	      0.00921341	      0.00602712	     -0.01509166	     -0.36806987	     -0.72650972	     -0.44017194	     -0.00299762	      0.19745488	     -0.06113009	     -0.11506405	     -0.04797651	     -0.05398107	     -0.04437165	     -0.04935555	     -0.01043007	     -0.02181340	      0.03012331	      0.00033175	      0.00303266	     -0.00197040
      0.20000000	      0.28562701	      0.33771374	      0.08070233	      0.20193257	      0.11359564	      0.03431165	      0.01001127	      0.01058966	      0.01004053	      0.02259073	      0.10157550	      0.17462393	      0.01012230	      0.01005597	      0.01000352	      0.01000256	      0.01000619	      0.56830930	      0.01003350	      0.01000675	      0.27258957	      0.04766947	      0.01003452	      0.01029738	      0.44255525	      0.01001992	      0.01000936	      0.01000569	      0.20253458	      0.01001413	      0.01005813	      0.15862358	      0.04103632	      0.02608343	      0.06767621	      0.25233829	      0.42940218	      0.04130332	      0.12443144	      0.06699049	      0.01002923	      0.01001434	      0.01001440	      0.01000646	      0.01002973	      0.30463214	      0.13300405	      0.12241615	      0.25384985	      0.06018262	      0.01003719	      0.01001807	      0.01008514	      0.01001969	      0.05800218	      0.01199981	      0.01339755	      0.01000259	      0.01001731	      0.40837458	      0.01000625	      0.01002656	      0.16561821	      0.03411060	      0.01001370	      0.16491342	      0.32820687	      0.81610298	      0.37406683	      0.29135695	      0.28401221	      0.01000535	      0.01001826	      0.01000269	      0.01002258	      0.14640567	      0.01000934	      0.01000723	      0.01000241	      0.01000443	     -0.04711660	     -0.03782592	      0.00323900	      0.01699288	      0.00801514	     -0.07350008	     -0.00052776	      0.00362561	      0.04973221	     -0.00067187	      0.00230704	      0.01623623	      0.00952472	     -0.00621377	     -0.07333188	      0.01073162	      0.00511562	     -0.01410986	     -0.33708193	     -0.72942399	     -0.40624459	     -0.00853123	      0.17927944	     -0.04805952	     -0.10084444	     -0.03925387	     -0.04804640	     -0.03323127	     -0.04384033	     -0.01143204	     -0.01899879	      0.03010657	      0.00038672	      0.00300961	     -0.00165381
      0.20555556	      0.32168951	      0.38629091	      0.11358062	      0.22466032	      0.14985485	      0.06763586	      0.01001350	      0.01046999	      0.01004406	      0.02073487	      0.09234439	      0.15866104	      0.01011399	      0.01006099	      0.01000355	      0.01000263	      0.01000700	      0.47321974	      0.01002544	      0.01000654	      0.23873618	      0.02306087	      0.01003084	      0.01175840	      0.41664109	      0.01002188	      0.01001031	      0.01000570	      0.20052576	      0.01001259	      0.01005510	      0.21843632	      0.06393337	      0.02501340	      0.03463509	      0.22998789	      0.39031443	      0.04192026	      0.12635837	      0.06800616	      0.01002994	      0.01001495	      0.01001326	      0.01000609	      0.01002736	      0.31380690	      0.09904719	      0.13361655	      0.20863636	      0.05103718	      0.01004527	      0.01002208	      0.08794496	      0.01015690	      0.02368487	      0.01006519	      0.01008449	      0.01000252	      0.01001644	      0.40284123	      0.01000612	      0.01002630	      0.17010584	      0.03567000	      0.01001475	      0.13069298	      0.25899101	      0.81897514	      0.41088666	      0.30320958	      0.30320148	      0.01000498	      0.01001699	      0.01000323	      0.01002333	      0.13162977	      0.01001154	      0.01000665	      0.01000222	      0.01000407	     -0.02134107	     -0.00933325	     -0.00600877	     -0.00044466	      0.00008315	     -0.01365539	     -0.00078235	      0.00489480	      0.04835150	     -0.00068158	      0.00209141	      0.01475773	      0.01051471	     -0.00661261	     -0.07494985	      0.01169981	      0.00433630	     -0.01126176	     -0.31600215	     -0.73721908	     -0.38256111	     -0.01721547	      0.15400562	     -0.02859144	     -0.08155372	     -0.02650367	     -0.04056978	     -0.01615412	     -0.02359262	     -0.01341903	     -0.00910763	      0.02963914	      0.00057590	      0.00289456	     -0.00057791
      0.21111111	      0.33758445	      0.40388094	      0.14019752	      0.24252225	      0.17381455	      0.08788296	      0.01001790	      0.01165259	      0.01004989	      0.02204137	      0.08224400	      0.14065441	      0.01051537	      0.01032585	      0.01000376	      0.01000283	      0.01000838	      0.38694867	      0.01002266	      0.01000671	      0.20475819	      0.01370855	      0.01002977	      0.01952256	      0.37555947	      0.01002434	      0.01001151	      0.01000598	      0.18196532	      0.01001125	      0.01005376	      0.28656124	      0.08794856	      0.01275083	      0.01424294	      0.21037150	      0.34743125	      0.04348256	      0.13058037	      0.07026217	      0.01005264	      0.01002417	      0.01001337	      0.01000603	      0.01003390	      0.33293426	      0.03290468	      0.13671306	      0.19205365	      0.05166965	      0.01005540	      0.01002524	      0.11192905	      0.01592657	      0.01009630	      0.01002269	      0.01003991	      0.01000253	      0.01001418	      0.33738469	      0.01000627	      0.01002506	      0.15352018	      0.04735404	      0.01001913	      0.10875487	      0.21213376	      0.79835318	      0.45581975	      0.32941080	      0.30748510	      0.01000465	      0.01001614	      0.01000337	      0.01002453	      0.15402019	      0.01001339	      0.01000643	      0.01000215	      0.01000394	     -0.01171045	      0.01595066	     -0.01117138	      0.00852469	     -0.00835845	      0.02369622	     -0.00125729	      0.00565706	      0.04588662	     -0.00070452	      0.00194550	      0.01320622	      0.01168499	     -0.00588954	     -0.07225062	      0.01201194	      0.00443325	     -0.00948415	     -0.30919125	     -0.73817419	     -0.36054293	     -0.02489627	      0.13464439	     -0.01118207	     -0.06607963	     -0.01553448	     -0.03491157	     -0.00096022	     -0.00108078	     -0.01625194	      0.00173911	      0.02865714	      0.00076746	      0.00270750	      0.00059326
      0.21666667	      0.30472816	      0.35222890	      0.14244762	      0.24037445	      0.16408225	      0.07635090	      0.01002551	      0.01025067	      0.01009248	      0.03304929	      0.06677085	      0.10151224	      0.01002739	      0.01001499	      0.01000427	      0.01000324	      0.01001024	      0.34688893	      0.01002532	      0.01000755	      0.18171353	      0.01034564	      0.01003258	      0.01377474	      0.32109370	      0.01002601	      0.01001208	      0.01000673	      0.14300214	      0.01001060	      0.01005223	      0.33142788	      0.10111748	      0.01001047	      0.01020901	      0.27304414	      0.28106501	      0.04353832	      0.13135443	      0.07066803	      0.01006471	      0.01004897	      0.01001113	      0.01000569	      0.01002448	      0.28180425	      0.01002403	      0.14934743	      0.21971549	      0.06356620	      0.01004769	      0.01002212	      0.07329592	      0.01006792	      0.01002241	      0.01001007	      0.01001071	      0.01000296	      0.01001457	      0.23793423	      0.01000767	      0.01003286	      0.14332726	      0.03678014	      0.01008068	      0.11318646	      0.21683702	      0.72384584	      0.51029800	      0.39147454	      0.32411189	      0.01000408	      0.01001403	      0.01000266	      0.01005488	      0.20967977	      0.01001215	      0.01000579	      0.01000194	      0.01000356	     -0.03642826	      0.02553861	     -0.00868276	      0.04004881	     -0.01135810	      0.00909846	     -0.00182888	      0.00519656	      0.04212635	     -0.00071103	      0.00348152	      0.01183804	      0.01376169	     -0.00661132	     -0.06204738	      0.01319253	      0.00556117	     -0.00997637	     -0.31422632	     -0.73083476	     -0.33700517	     -0.02832548	      0.12805286	     -0.00242732	     -0.05989383	     -0.01052868	     -0.03286286	      0.00632691	      0.00805218	     -0.01880699	      0.00589143	      0.02768189	      0.00082023	      0.00255616	      0.00103635
      0.22222222	      0.26094807	      0.28627167	      0.13364563	      0.23022218	      0.14308440	      0.05477171	      0.01003436	      0.01025054	      0.01048282	      0.04847542	      0.05467143	      0.06818186	      0.01001612	      0.01000859	      0.01000483	      0.01000368	      0.01001191	      0.33887126	      0.01003088	      0.01000863	      0.17081984	      0.01048040	      0.01003699	      0.01081276	      0.27879591	      0.01002674	      0.01001217	      0.01000762	      0.10811916	      0.01001039	      0.01005297	      0.35047110	      0.10517082	      0.01000526	      0.01018295	      0.34436003	      0.22904895	      0.04340959	      0.13104258	      0.07048481	      0.01008168	      0.01010792	      0.01001062	      0.01000575	      0.01002253	      0.24144414	      0.01001454	      0.14438485	      0.26154082	      0.07870134	      0.01004168	      0.01001882	      0.01006886	      0.01001578	      0.01001694	      0.01000803	      0.01000808	      0.01000343	      0.01001548	      0.17581297	      0.01000917	      0.01004165	      0.13330322	      0.02627624	      0.04957397	      0.12800642	      0.24229245	      0.66788757	      0.51531317	      0.44896994	      0.31701873	      0.01000389	      0.01001330	      0.01000210	      0.01020264	      0.27146690	      0.01001049	      0.01000589	      0.01000197	      0.01000362	     -0.06073496	      0.02087192	     -0.00778118	      0.06095175	     -0.00657079	      0.00164839	     -0.00225256	      0.00436336	      0.03897699	     -0.00070801	      0.00511072	      0.01099266	      0.01426634	     -0.00676967	     -0.05396359	      0.01283970	      0.00701603	     -0.01133508	     -0.31571541	     -0.72434297	     -0.31691610	     -0.02920248	      0.12887733	      0.00069237	     -0.05851812	     -0.00904688	     -0.03235633	      0.00852497	      0.00557147	     -0.01950325	      0.00480568	      0.02746340	      0.00079764	      0.00252759	      0.00092886
      0.22777778	      0.22879084	      0.23737346	      0.12139616	      0.22074729	      0.12289078	      0.03387883	      0.01003638	      0.01035270	      0.01968317	      0.05688196	      0.05129301	      0.05602564	      0.01001332	      0.01000703	      0.01000513	      0.01000389	      0.01001217	      0.36313453	      0.01003801	      0.01000938	      0.17578596	      0.01380928	      0.01004093	      0.01059428	      0.26569812	      0.01002618	      0.01001180	      0.01000816	      0.09060181	      0.01001034	      0.01005352	      0.34847921	      0.10242062	      0.01000420	      0.01034284	      0.38708552	      0.21433426	      0.04348140	      0.13129101	      0.07060831	      0.01013784	      0.01062577	      0.01001185	      0.01000634	      0.01002616	      0.22889263	      0.01001413	      0.11963165	      0.33480096	      0.10336003	      0.01003371	      0.01001485	      0.01001337	      0.01000594	      0.01001766	      0.01000848	      0.01000883	      0.01000374	      0.01001617	      0.14955890	      0.01001007	      0.01004302	      0.11775127	      0.02237816	      0.04813538	      0.15824461	      0.29675362	      0.62908470	      0.47365328	      0.49658895	      0.28271085	      0.01000401	      0.01001370	      0.01000157	      0.01021316	      0.36600540	      0.01000834	      0.01000699	      0.01000235	      0.01000431	     -0.07661348	      0.01109308	     -0.00710800	      0.07516416	     -0.00231100	     -0.00943318	     -0.00245725	      0.00360354	      0.03809038	     -0.00071002	      0.00600036	      0.01101165	      0.01307738	     -0.00587046	     -0.04902422	      0.01068697	      0.00934205	     -0.01406140	     -0.31995500	     -0.72004576	     -0.31219215	     -0.02832140	      0.13684729	     -0.00104328	     -0.06172710	     -0.01062631	     -0.03340374	      0.00649977	     -0.00112152	     -0.01957396	      0.00167853	      0.02797996	      0.00075660	      0.00261108	      0.00060554
      0.23333333	      0.24290925	      0.25803524	      0.11707231	      0.21815330	      0.12359365	      0.03577530	      0.01002839	      0.01062770	      0.02321349	      0.06378824	      0.05696862	      0.06175175	      0.01001190	      0.01000621	      0.01000487	      0.01000367	      0.01001090	      0.38721158	      0.01003717	      0.01000901	      0.18873417	      0.01724233	      0.01004006	      0.01090731	      0.29331187	      0.01002358	      0.01001059	      0.01000790	      0.10780682	      0.01001069	      0.01005362	      0.31699203	      0.09283808	      0.01000372	      0.01185295	      0.43318920	      0.23811426	      0.04759972	      0.14380537	      0.07731835	      0.02471004	      0.03934514	      0.01002049	      0.01000862	      0.01012713	      0.26967280	      0.01003638	      0.07239583	      0.35489656	      0.11107088	      0.01003213	      0.01001401	      0.01000796	      0.01000393	      0.01002859	      0.01001395	      0.01002853	      0.01000365	      0.01001508	      0.13910131	      0.01000953	      0.01003075	      0.07979305	      0.03998401	      0.01005713	      0.16483184	      0.30742480	      0.59042744	      0.37437010	      0.45615331	      0.20587846	      0.01000500	      0.01001749	      0.01000144	      0.01003851	      0.39831620	      0.01000792	      0.01001152	      0.01000390	      0.01000714	     -0.08907806	     -0.00616447	     -0.00761296	      0.07944850	     -0.00219995	     -0.02807491	     -0.00222606	      0.00364346	      0.03979302	     -0.00077822	      0.00674125	      0.01227613	      0.00961289	     -0.00272208	     -0.04692242	      0.00648149	      0.01013233	     -0.01466676	     -0.33475182	     -0.71993401	     -0.33031280	     -0.02588956	      0.15322665	     -0.00773309	     -0.07065331	     -0.01557964	     -0.03673963	      0.00026929	     -0.00818538	     -0.01973949	     -0.00181566	      0.02866080	      0.00070822	      0.00272683	      0.00023933
      0.23888889	      0.26494515	      0.29203236	      0.10732718	      0.21268408	      0.12272483	      0.03800391	      0.01001992	      0.01181201	      0.01988853	      0.06680685	      0.06541003	      0.07525702	      0.01001088	      0.01000558	      0.01000436	      0.01000324	      0.01000894	      0.43761181	      0.01004173	      0.01000831	      0.21434668	      0.02550416	      0.01004627	      0.01185469	      0.34499309	      0.01002321	      0.01000990	      0.01000730	      0.14021617	      0.01001215	      0.01007929	      0.26149702	      0.07525641	      0.01000335	      0.02276356	      0.46049872	      0.27353941	      0.05162744	      0.15559432	      0.08365535	      0.03778518	      0.02967950	      0.01006390	      0.01001245	      0.01847166	      0.29799664	      0.02090346	      0.05149123	      0.34470992	      0.10653729	      0.01003802	      0.01001496	      0.01000712	      0.01000358	      0.01010493	      0.01003492	      0.03132476	      0.01000317	      0.01001227	      0.16713465	      0.01000819	      0.01002248	      0.06794676	      0.05137565	      0.01002292	      0.16522677	      0.30997711	      0.60098330	      0.31165280	      0.38728417	      0.16715921	      0.01000669	      0.01002641	      0.01000150	      0.01001821	      0.37694135	      0.01000826	      0.01002116	      0.01000698	      0.01001287	     -0.09720693	     -0.02522077	     -0.00391719	      0.09531303	     -0.00312630	     -0.05555993	     -0.00175602	      0.00366374	      0.04299440	     -0.00084236	      0.00707060	      0.01369494	      0.00740894	     -0.00119376	     -0.04839603	      0.00458320	      0.00975989	     -0.01459638	     -0.35952968	     -0.72137022	     -0.36723271	     -0.02249902	      0.17661713	     -0.01798094	     -0.08447775	     -0.02318138	     -0.04229107	     -0.00893933	     -0.01410750	     -0.01973829	     -0.00487348	      0.02895029	      0.00064962	      0.00279273	     -0.00008841
      0.24444444	      0.29985692	      0.33500414	      0.10902926	      0.22865492	      0.13066505	      0.03865822	      0.01001543	      0.01037779	      0.01011106	      0.05181496	      0.08330896	      0.11917978	      0.01001656	      0.01000862	      0.01000378	      0.01000280	      0.01000737	      0.52359670	      0.01003320	      0.01000726	      0.25548662	      0.03309667	      0.01003464	      0.01025814	      0.41419567	      0.01001982	      0.01000905	      0.01000633	      0.17487205	      0.01001069	      0.01005053	      0.25628568	      0.07213764	      0.01000562	      0.03474946	      0.39972172	      0.35043972	      0.05270230	      0.15939725	      0.08566802	      0.03857681	      0.01982608	      0.01002852	      0.01000907	      0.01799717	      0.35259513	      0.06703445	      0.06695961	      0.34244532	      0.10181626	      0.01003153	      0.01001400	      0.01000838	      0.01000409	      0.01005943	      0.01002623	      0.05936915	      0.01000295	      0.01001301	      0.20817092	      0.01000747	      0.01002234	      0.08150559	      0.06440477	      0.01001988	      0.17680933	      0.33670417	      0.69807171	      0.35941687	      0.38058304	      0.19737387	      0.01000565	      0.01002031	      0.01000151	      0.01002000	      0.34591785	      0.01000778	      0.01001225	      0.01000415	      0.01000759	     -0.07969781	     -0.03099030	     -0.00268099	      0.06181157	     -0.01077195	     -0.04558103	     -0.00162673	      0.00391902	      0.04951745	     -0.00086295	      0.00550720	      0.01542958	      0.00845764	     -0.00142739	     -0.05758184	      0.00599534	      0.00932749	     -0.01539631	     -0.37942681	     -0.71611734	     -0.41905083	     -0.01957076	      0.20497452	     -0.02873618	     -0.10040829	     -0.03145163	     -0.04902361	     -0.01842965	     -0.01773472	     -0.01780901	     -0.00632522	      0.02909977	      0.00062357	      0.00282927	     -0.00023904
      0.25000000	      0.33513249	      0.38080566	      0.10580728	      0.23990403	      0.13590639	      0.03952585	      0.01001193	      0.01050445	      0.01005410	      0.03839866	      0.09975657	      0.15934957	      0.01002734	      0.01001444	      0.01000326	      0.01000240	      0.01000603	      0.62085484	      0.01003094	      0.01000636	      0.30159100	      0.04609785	      0.01003150	      0.01021824	      0.49313314	      0.01001859	      0.01000861	      0.01000551	      0.21730035	      0.01001039	      0.01004815	      0.23050797	      0.06234170	      0.01001136	      0.05618648	      0.34478212	      0.42088588	      0.05401429	      0.16338936	      0.08779958	      0.01382822	      0.01010991	      0.01002265	      0.01000757	      0.01102106	      0.39890891	      0.12762109	      0.08836359	      0.34093041	      0.09586143	      0.01003028	      0.01001369	      0.01001046	      0.01000483	      0.01008420	      0.01003123	      0.08681854	      0.01000253	      0.01001219	      0.29055847	      0.01000632	      0.01002015	      0.11130727	      0.07022832	      0.01001529	      0.19267622	      0.37319421	      0.82027767	      0.40441285	      0.36841400	      0.23824844	      0.01000520	      0.01001862	      0.01000156	      0.01001709	      0.30539429	      0.01000746	      0.01000940	      0.01000317	      0.01000581	     -0.06790400	     -0.03639591	      0.00293068	      0.04901467	     -0.00861373	     -0.05212511	     -0.00131632	      0.00410657	      0.05638381	     -0.00088326	      0.00408828	      0.01700266	      0.00949333	     -0.00246946	     -0.06934367	      0.00789978	      0.00875339	     -0.01651445	     -0.40656762	     -0.71312891	     -0.48086012	     -0.01561830	      0.23914791	     -0.04228439	     -0.12096509	     -0.04213787	     -0.05817535	     -0.03033947	     -0.01974985	     -0.01641738	     -0.00710776	      0.02901963	      0.00060682	      0.00282372	     -0.00032045
      0.25555556	      0.37807483	      0.43749627	      0.10613326	      0.25508655	      0.14660512	      0.04562292	      0.01000957	      0.01023691	      0.01003677	      0.02608906	      0.11575960	      0.19788790	      0.01007090	      0.01004029	      0.01000281	      0.01000205	      0.01000504	      0.71900517	      0.01002754	      0.01000553	      0.34900551	      0.05757812	      0.01002810	      0.01013886	      0.57761252	      0.01001751	      0.01000819	      0.01000478	      0.26562072	      0.01001007	      0.01004565	      0.20578609	      0.05325256	      0.01043782	      0.07634338	      0.29573873	      0.48949455	      0.05571956	      0.16864682	      0.09059152	      0.01006412	      0.01002244	      0.01001687	      0.01000618	      0.01006706	      0.43835248	      0.19696419	      0.11541539	      0.34180720	      0.09040301	      0.01002895	      0.01001332	      0.01001475	      0.01000610	      0.01248989	      0.01005117	      0.11257661	      0.01000218	      0.01001209	      0.41667486	      0.01000533	      0.01001884	      0.15764107	      0.06736865	      0.01001157	      0.20968208	      0.41198052	      0.96253363	      0.44904653	      0.36282710	      0.29192999	      0.01000469	      0.01001654	      0.01000162	      0.01001505	      0.26580571	      0.01000713	      0.01000732	      0.01000246	      0.01000451	     -0.05894817	     -0.04085467	      0.01008716	      0.04593791	     -0.00016056	     -0.06124628	     -0.00096414	      0.00450826	      0.06394891	     -0.00091293	      0.00278468	      0.01856966	      0.01055886	     -0.00441814	     -0.08432306	      0.01026676	      0.00818606	     -0.01775631	     -0.43478984	     -0.71595721	     -0.54490088	     -0.01119322	      0.27469936	     -0.05707537	     -0.14288062	     -0.05377783	     -0.06798030	     -0.04338742	     -0.02004665	     -0.01554776	     -0.00704300	      0.02905516	      0.00062171	      0.00282046	     -0.00030606
      0.26111111	      0.42558405	      0.50560605	      0.10526474	      0.26395625	      0.16068188	      0.06001126	      0.01000785	      0.01033638	      0.01003441	      0.02602681	      0.12244462	      0.21044714	      0.01007785	      0.01004754	      0.01000247	      0.01000179	      0.01000432	      0.79615825	      0.01002375	      0.01000487	      0.38879818	      0.06589825	      0.01002525	      0.01014875	      0.66011911	      0.01001681	      0.01000786	      0.01000424	      0.32151833	      0.01001032	      0.01004481	      0.15678345	      0.03802100	      0.03272858	      0.09574885	      0.30195359	      0.51815632	      0.05617789	      0.17000195	      0.09130289	      0.01002152	      0.01000940	      0.01001076	      0.01000446	      0.01002454	      0.50209865	      0.30370797	      0.17512732	      0.31359015	      0.07455375	      0.01002943	      0.01001394	      0.02874770	      0.01001975	      0.08563867	      0.01071226	      0.11047306	      0.01000173	      0.01001197	      0.65078080	      0.01000415	      0.01001722	      0.24780287	      0.05863517	      0.01000823	      0.21617703	      0.43253349	      0.99998079	      0.54575848	      0.34590763	      0.40449456	      0.01000388	      0.01001336	      0.01000189	      0.01001285	      0.18422179	      0.01000727	      0.01000493	      0.01000165	      0.01000302	     -0.03830978	     -0.04151828	      0.01235877	      0.01214508	      0.00300675	     -0.04582713	     -0.00033883	      0.00508777	      0.07050868	     -0.00091731	      0.00275739	      0.01947359	      0.01306448	     -0.00861251	     -0.11252157	      0.01550014	      0.00667689	     -0.01804041	     -0.45043060	     -0.71624972	     -0.60253589	     -0.00858185	      0.30381581	     -0.06797312	     -0.15892356	     -0.06230437	     -0.07492532	     -0.05305230	     -0.01773472	     -0.01394143	     -0.00542316	      0.02954976	      0.00069445	      0.00287105	     -0.00011539
      0.26666667	      0.46857050	      0.56442140	      0.10907758	      0.27776059	      0.17732783	      0.07523792	      0.01000676	      0.01113679	      0.01003242	      0.02772151	      0.12994636	      0.22377810	      0.01011139	      0.01005714	      0.01000221	      0.01000160	      0.01000382	      0.86008336	      0.01002077	      0.01000437	      0.42125494	      0.07124122	      0.01002298	      0.01043710	      0.72806929	      0.01001604	      0.01000750	      0.01000385	      0.36951775	      0.01001037	      0.01004363	      0.12468960	      0.02926318	      0.05518239	      0.10865060	      0.31500658	      0.55026980	      0.05659033	      0.17116795	      0.09189759	      0.01001596	      0.01000708	      0.01000905	      0.01000384	      0.01001884	      0.55622186	      0.37694332	      0.20747121	      0.32885003	      0.07652514	      0.01002801	      0.01001333	      0.13013736	      0.01005767	      0.12505684	      0.03170627	      0.13180532	      0.01000151	      0.01001149	      0.77926341	      0.01000357	      0.01001579	      0.29358698	      0.05663693	      0.01000686	      0.22899492	      0.45931045	      0.99998708	      0.60869795	      0.34936111	      0.46905667	      0.01000345	      0.01001182	      0.01000187	      0.01001136	      0.18133949	      0.01000690	      0.01000425	      0.01000141	      0.01000260	     -0.01898118	     -0.04083386	      0.00903574	     -0.03465857	     -0.00813443	     -0.05234165	      0.00014435	      0.00574029	      0.07659329	     -0.00092124	      0.00282924	      0.02055506	      0.01451226	     -0.01079169	     -0.13041948	      0.01824363	      0.00678205	     -0.01915491	     -0.46183693	     -0.71348880	     -0.64337220	     -0.00791603	      0.32177137	     -0.07365752	     -0.16718522	     -0.06673617	     -0.07820449	     -0.05822562	     -0.01414686	     -0.01347456	     -0.00373240	      0.02990095	      0.00074869	      0.00291401	      0.00006617
      0.27222222	      0.46448655	      0.55393477	      0.10973520	      0.28552376	      0.17760974	      0.07343581	      0.01000644	      0.01109862	      0.01003209	      0.02787550	      0.13163814	      0.22646778	      0.01011198	      0.01006028	      0.01000213	      0.01000154	      0.01000366	      0.88909915	      0.01002076	      0.01000426	      0.42969628	      0.07521880	      0.01002278	      0.01035432	      0.73369115	      0.01001596	      0.01000746	      0.01000377	      0.37448864	      0.01001024	      0.01004311	      0.12918859	      0.02925500	      0.05718448	      0.11073919	      0.31901132	      0.55769205	      0.05558303	      0.16811596	      0.09022284	      0.01001401	      0.01000625	      0.01000826	      0.01000355	      0.01001648	      0.57961986	      0.39009963	      0.22227992	      0.35364840	      0.08257970	      0.01002641	      0.01001258	      0.13818436	      0.01004513	      0.13102748	      0.02502501	      0.12046483	      0.01000140	      0.01001131	      0.84047701	      0.01000332	      0.01001523	      0.31663066	      0.05066549	      0.01000639	      0.24171054	      0.48431566	      0.99998787	      0.64598392	      0.37965424	      0.50317544	      0.01000314	      0.01001076	      0.01000178	      0.01001090	      0.19701213	      0.01000649	      0.01000404	      0.01000134	      0.01000247	     -0.02793157	     -0.04136505	      0.00942019	     -0.03123939	     -0.00505962	     -0.07969590	      0.00013876	      0.00574340	      0.07837320	     -0.00090193	      0.00285471	      0.02076964	      0.01537596	     -0.01209561	     -0.13933999	      0.01942625	      0.00723731	     -0.02037916	     -0.46901035	     -0.73029648	     -0.64484999	     -0.00826906	      0.32196018	     -0.07381591	     -0.16595028	     -0.06663941	     -0.07696878	     -0.05878883	     -0.01433499	     -0.01508451	     -0.00442449	      0.02921576	      0.00070358	      0.00282267	     -0.00002399
      0.27777778	      0.44621653	      0.52300434	      0.12482603	      0.29861793	      0.18452739	      0.07726066	      0.01000700	      0.01058247	      0.01003390	      0.02647852	      0.12487747	      0.21412211	      0.01008170	      0.01005464	      0.01000218	      0.01000159	      0.01000387	      0.83544871	      0.01002039	      0.01000435	      0.40139261	      0.06389445	      0.01002293	      0.01027899	      0.68049315	      0.01001689	      0.01000789	      0.01000389	      0.34660090	      0.01000968	      0.01004238	      0.19065942	      0.04724518	      0.04189496	      0.08823978	      0.30678101	      0.52916550	      0.05444161	      0.16475243	      0.08837706	      0.01001428	      0.01000634	      0.01000797	      0.01000344	      0.01001610	      0.58784734	      0.34209022	      0.22264747	      0.36617302	      0.08799155	      0.01002616	      0.01001243	      0.10951195	      0.01002768	      0.09287661	      0.01008452	      0.07169613	      0.01000137	      0.01001088	      0.83224587	      0.01000325	      0.01001499	      0.31690488	      0.04649061	      0.01000656	      0.23891127	      0.47659939	      0.99998652	      0.67383162	      0.43727375	      0.51280281	      0.01000288	      0.01000994	      0.01000175	      0.01001106	      0.22166659	      0.01000643	      0.01000409	      0.01000136	      0.01000249	     -0.03301131	     -0.03245329	      0.00619149	      0.00467168	     -0.00290120	     -0.07352244	     -0.00032854	      0.00595548	      0.07582096	     -0.00088091	      0.00275922	      0.01970210	      0.01606107	     -0.01237573	     -0.14052635	      0.01938154	      0.00763030	     -0.02041882	     -0.45593741	     -0.78020622	     -0.60006348	     -0.01149203	      0.29791736	     -0.06363749	     -0.14980326	     -0.05847146	     -0.06919909	     -0.05017715	     -0.02012954	     -0.01595585	     -0.00732544	      0.02788250	      0.00059651	      0.00264403	     -0.00033909
      0.28333333	      0.43716234	      0.50764408	      0.15090731	      0.31321980	      0.20297227	      0.09384440	      0.01000836	      0.01054278	      0.01003720	      0.02500838	      0.11337332	      0.19353978	      0.01007884	      0.01005354	      0.01000232	      0.01000170	      0.01000441	      0.71650781	      0.01001890	      0.01000454	      0.34933863	      0.04018393	      0.01002290	      0.01099246	      0.60444310	      0.01001861	      0.01000872	      0.01000413	      0.31098710	      0.01000917	      0.01004191	      0.27099854	      0.07437193	      0.02306565	      0.05166430	      0.28455838	      0.48036575	      0.05380973	      0.16286412	      0.08732186	      0.01001738	      0.01000756	      0.01000826	      0.01000352	      0.01001797	      0.58174649	      0.25654841	      0.20993524	      0.34878837	      0.08672367	      0.01002812	      0.01001333	      0.09062290	      0.01002479	      0.01929916	      0.01002709	      0.01256098	      0.01000140	      0.01001023	      0.75529410	      0.01000338	      0.01001496	      0.29383851	      0.04875213	      0.01000742	      0.21585374	      0.42828368	      0.99998255	      0.68402256	      0.48450553	      0.49416011	      0.01000275	      0.01000963	      0.01000185	      0.01001172	      0.23192061	      0.01000693	      0.01000433	      0.01000144	      0.01000265	     -0.01835573	     -0.01875754	     -0.00458482	      0.03219451	     -0.00300537	     -0.01977491	     -0.00086772	      0.00658950	      0.07071210	     -0.00086820	      0.00257314	      0.01792118	      0.01636461	     -0.01140113	     -0.13349930	      0.01827757	      0.00745517	     -0.01872580	     -0.42691394	     -0.84403887	     -0.53473378	     -0.01727590	      0.26480129	     -0.04571649	     -0.12550950	     -0.04483054	     -0.05817638	     -0.03459485	     -0.02879122	     -0.01505669	     -0.01091553	      0.02701668	      0.00049970	      0.00252723	     -0.00070908
      0.28888889	      0.40384183	      0.46331784	      0.15930042	      0.30642127	      0.20153747	      0.09611026	      0.01001038	      0.01138030	      0.01004653	      0.02917649	      0.09928163	      0.16471022	      0.01011522	      0.01007508	      0.01000259	      0.01000191	      0.01000521	      0.60504159	      0.01001955	      0.01000501	      0.29756435	      0.02622697	      0.01002454	      0.01401823	      0.51963352	      0.01002061	      0.01000963	      0.01000461	      0.26674886	      0.01000929	      0.01004375	      0.31494737	      0.08929398	      0.01019126	      0.02758871	      0.28740699	      0.42029672	      0.05235601	      0.15829962	      0.08483608	      0.01002395	      0.01001047	      0.01000876	      0.01000381	      0.01002010	      0.51903153	      0.11138943	      0.19263395	      0.33322721	      0.08581056	      0.01003017	      0.01001423	      0.04749983	      0.01002130	      0.01004743	      0.01001367	      0.01003070	      0.01000160	      0.01001042	      0.60948183	      0.01000392	      0.01001679	      0.25171478	      0.04626319	      0.01001018	      0.19561155	      0.38582243	      0.99995633	      0.65937014	      0.48037904	      0.45098545	      0.01000282	      0.01000994	      0.01000194	      0.01001457	      0.24287717	      0.01000744	      0.01000467	      0.01000156	      0.01000285	     -0.04138920	     -0.00213041	     -0.00572421	      0.04258505	      0.00557687	     -0.01136851	     -0.00126743	      0.00652506	      0.06344533	     -0.00084185	      0.00291061	      0.01607783	      0.01612709	     -0.01005020	     -0.11524611	      0.01682350	      0.00733719	     -0.01720729	     -0.40525395	     -0.86964185	     -0.47559548	     -0.02220432	      0.23987585	     -0.03045732	     -0.10610636	     -0.03353650	     -0.04933459	     -0.02154702	     -0.03662666	     -0.01437562	     -0.01435604	      0.02677131	      0.00042388	      0.00251140	     -0.00106931
      0.29444444	      0.34185691	      0.37958439	      0.14775632	      0.28423938	      0.17501912	      0.07505535	      0.01001301	      0.01043879	      0.01006319	      0.03505247	      0.08637993	      0.13562134	      0.01002980	      0.01001682	      0.01000299	      0.01000222	      0.01000615	      0.54482297	      0.01002373	      0.01000583	      0.26198479	      0.02384275	      0.01002841	      0.01118211	      0.43895954	      0.01002228	      0.01001033	      0.01000531	      0.21409815	      0.01000960	      0.01004611	      0.33593526	      0.09421557	      0.01001255	      0.01823840	      0.31301792	      0.36512924	      0.04921934	      0.14902064	      0.07982649	      0.01002824	      0.01001398	      0.01000831	      0.01000395	      0.01001771	      0.42438194	      0.01004240	      0.19104331	      0.33672423	      0.08965213	      0.01003046	      0.01001428	      0.01833585	      0.01001896	      0.01002130	      0.01000860	      0.01001110	      0.01000190	      0.01001146	      0.47403977	      0.01000479	      0.01002146	      0.22412569	      0.03068493	      0.01001826	      0.18873228	      0.37000037	      0.95959981	      0.65065962	      0.48239727	      0.43145575	      0.01000281	      0.01000988	      0.01000189	      0.01002319	      0.26689694	      0.01000753	      0.01000465	      0.01000156	      0.01000285	     -0.05178221	      0.00233961	     -0.00865201	      0.05402202	      0.00186214	     -0.02206106	     -0.00168271	      0.00553349	      0.05611636	     -0.00078905	      0.00364280	      0.01462510	      0.01668204	     -0.01014231	     -0.09681102	      0.01674644	      0.00765645	     -0.01675899	     -0.38793450	     -0.85784941	     -0.42239550	     -0.02784620	      0.21458728	     -0.01474996	     -0.08747254	     -0.02216651	     -0.04121545	     -0.00794026	     -0.04428899	     -0.01240944	     -0.01773684	      0.02696821	      0.00035314	      0.00260482	     -0.00143119
      0.30000000	      0.29149572	      0.30917332	      0.13103972	      0.26420689	      0.14614962	      0.04933288	      0.01001501	      0.01024433	      0.01006789	      0.03580679	      0.08319942	      0.12920027	      0.01002892	      0.01001591	      0.01000333	      0.01000247	      0.01000677	      0.53807287	      0.01003092	      0.01000666	      0.25019583	      0.03074157	      0.01003308	      0.01022666	      0.39429341	      0.01002280	      0.01001057	      0.01000594	      0.17751275	      0.01000972	      0.01004792	      0.33992656	      0.09307429	      0.01001158	      0.01855620	      0.31401618	      0.35149025	      0.04701826	      0.14238105	      0.07624983	      0.01002669	      0.01001571	      0.01000728	      0.01000384	      0.01001397	      0.33897828	      0.01001460	      0.20676295	      0.35199008	      0.09621510	      0.01002961	      0.01001373	      0.02205888	      0.01002010	      0.01001418	      0.01000628	      0.01000651	      0.01000222	      0.01001285	      0.39090887	      0.01000574	      0.01002958	      0.22115271	      0.01202236	      0.01005645	      0.19200953	      0.37461970	      0.87645176	      0.67338808	      0.49778731	      0.44541971	      0.01000271	      0.01000940	      0.01000175	      0.01005417	      0.29749736	      0.01000730	      0.01000425	      0.01000142	      0.01000260	     -0.04428221	     -0.00461636	     -0.01771992	      0.05739563	     -0.01674364	     -0.02926494	     -0.00200732	      0.00444341	      0.05200132	     -0.00075581	      0.00372515	      0.01424246	      0.01812553	     -0.01154312	     -0.08509306	      0.01820834	      0.00830495	     -0.01709878	     -0.37656489	     -0.83383179	     -0.39212573	     -0.03293017	      0.19793254	     -0.00133604	     -0.07393198	     -0.01297710	     -0.03576355	      0.00375167	     -0.04458822	     -0.00995878	     -0.01721907	      0.02756065	      0.00037508	      0.00275181	     -0.00136535
      0.30555556	      0.28763106	      0.30369408	      0.12298655	      0.25427182	      0.13831842	      0.04396283	      0.01001479	      0.01154531	      0.01006800	      0.03881984	      0.08721176	      0.13501517	      0.01002695	      0.01001439	      0.01000341	      0.01000252	      0.01000677	      0.54487773	      0.01003421	      0.01000692	      0.25259151	      0.03614716	      0.01003493	      0.01103538	      0.39750776	      0.01002154	      0.01000996	      0.01000612	      0.17757242	      0.01000988	      0.01004914	      0.31582577	      0.08591273	      0.01001036	      0.02586413	      0.33309801	      0.36834214	      0.04862982	      0.14704100	      0.07871602	      0.01009284	      0.01002819	      0.01001096	      0.01000491	      0.01003141	      0.38941389	      0.01007716	      0.15109107	      0.33907434	      0.09488695	      0.01003090	      0.01001418	      0.01002658	      0.01000867	      0.01001940	      0.01000870	      0.01001509	      0.01000221	      0.01001162	      0.33731015	      0.01000563	      0.01002207	      0.16781542	      0.03926081	      0.01002407	      0.18194912	      0.35338949	      0.80350597	      0.56952234	      0.44155227	      0.35264348	      0.01000336	      0.01001182	      0.01000173	      0.01002367	      0.30268082	      0.01000762	      0.01000578	      0.01000194	      0.01000354	     -0.05730922	     -0.01583191	     -0.01684305	      0.06034226	     -0.01433766	     -0.04870383	     -0.00194922	      0.00414575	      0.05151178	     -0.00078109	      0.00400350	      0.01501330	      0.01430689	     -0.00723010	     -0.07982554	      0.01334294	      0.00831611	     -0.01616192	     -0.37879894	     -0.80408683	     -0.39136606	     -0.03390088	      0.20165138	      0.00158482	     -0.07367628	     -0.01176173	     -0.03589089	      0.00584025	     -0.03784034	     -0.00961610	     -0.01364984	      0.02779254	      0.00045567	      0.00279752	     -0.00097720
      0.31111111	      0.29067784	      0.31292054	      0.10946861	      0.23623261	      0.13053545	      0.04291002	      0.01001338	      0.01175614	      0.01006595	      0.04073469	      0.09198453	      0.14268611	      0.01002625	      0.01001359	      0.01000342	      0.01000251	      0.01000651	      0.55278470	      0.01003667	      0.01000706	      0.25747575	      0.04175754	      0.01003664	      0.01100280	      0.41403053	      0.01002032	      0.01000937	      0.01000624	      0.19148055	      0.01001074	      0.01005278	      0.25505773	      0.06816404	      0.01000996	      0.03596440	      0.34879461	      0.38849884	      0.05022732	      0.15189885	      0.08128716	      0.01053747	      0.01004229	      0.01001850	      0.01000635	      0.01020931	      0.40398794	      0.06458280	      0.10749198	      0.32248957	      0.09144977	      0.01003249	      0.01001477	      0.01001413	      0.01000597	      0.01003459	      0.01001469	      0.01045481	      0.01000225	      0.01001173	      0.33085063	      0.01000558	      0.01001919	      0.13842249	      0.04943810	      0.01001526	      0.17261515	      0.33447054	      0.74169983	      0.46691633	      0.39382117	      0.28022430	      0.01000419	      0.01001492	      0.01000174	      0.01001643	      0.29647789	      0.01000800	      0.01000853	      0.01000287	      0.01000524	     -0.07165018	     -0.02979410	     -0.01347754	      0.06021494	     -0.00792732	     -0.07902390	     -0.00155014	      0.00391802	      0.05112457	     -0.00080707	      0.00422830	      0.01585492	      0.01083192	     -0.00460735	     -0.07578767	      0.00949714	      0.00813762	     -0.01526638	     -0.39390684	     -0.78336011	     -0.40991618	     -0.03223783	      0.21658051	     -0.00374076	     -0.08157214	     -0.01614387	     -0.03886049	      0.00053490	     -0.03229388	     -0.01018328	     -0.01110641	      0.02778907	      0.00050337	      0.00279279	     -0.00071154
      0.31666667	      0.29072089	      0.31144358	      0.10090864	      0.23112573	      0.12303500	      0.03637635	      0.01001243	      0.01188647	      0.01004907	      0.03378278	      0.09907199	      0.16138124	      0.01006603	      0.01003012	      0.01000334	      0.01000245	      0.01000616	      0.58825128	      0.01004033	      0.01000706	      0.27177096	      0.05002585	      0.01003757	      0.01071133	      0.43444107	      0.01001978	      0.01000919	      0.01000618	      0.20077167	      0.01001075	      0.01005277	      0.23325164	      0.06046809	      0.01004291	      0.04590154	      0.31318290	      0.41891018	      0.04967214	      0.15018546	      0.08034234	      0.01013762	      0.01002215	      0.01001662	      0.01000600	      0.01011878	      0.41096529	      0.10009230	      0.11478234	      0.31572165	      0.08790692	      0.01003231	      0.01001475	      0.01001674	      0.01000657	      0.01004765	      0.01001670	      0.01113299	      0.01000216	      0.01001227	      0.38249671	      0.01000529	      0.01001919	      0.15735899	      0.04430244	      0.01001343	      0.17596136	      0.34294775	      0.77816184	      0.47295974	      0.38467915	      0.29542455	      0.01000420	      0.01001466	      0.01000175	      0.01001577	      0.27853247	      0.01000797	      0.01000782	      0.01000263	      0.01000480	     -0.06679292	     -0.03009502	     -0.01251890	      0.02431419	     -0.00295648	     -0.07692749	     -0.00144499	      0.00363516	      0.05252762	     -0.00079757	      0.00344568	      0.01644858	      0.01081195	     -0.00540399	     -0.08075871	      0.01013339	      0.00790221	     -0.01541355	     -0.40465160	     -0.76956244	     -0.43130011	     -0.03116891	      0.22910700	     -0.00918156	     -0.08827654	     -0.02012794	     -0.04117572	     -0.00452285	     -0.02718776	     -0.01022879	     -0.00863258	      0.02828822	      0.00056753	      0.00284454	     -0.00044449
      0.32222222	      0.31116563	      0.32481987	      0.11188474	      0.25816411	      0.13126883	      0.03164617	      0.01001184	      0.01030527	      0.01004457	      0.03109494	      0.10475527	      0.17313741	      0.01004332	      0.01002314	      0.01000307	      0.01000225	      0.01000567	      0.65632083	      0.01004067	      0.01000655	      0.30025071	      0.05701634	      0.01003536	      0.01012751	      0.47178218	      0.01001894	      0.01000881	      0.01000569	      0.21153787	      0.01000920	      0.01004599	      0.28189693	      0.07313736	      0.01002438	      0.04800428	      0.31136291	      0.44307193	      0.05170399	      0.15689719	      0.08389449	      0.01005213	      0.01001777	      0.01001251	      0.01000501	      0.01003843	      0.47451721	      0.10225807	      0.14699900	      0.33079392	      0.09097098	      0.01003044	      0.01001391	      0.01002476	      0.01000783	      0.01002834	      0.01001160	      0.01004515	      0.01000185	      0.01001055	      0.43398118	      0.01000455	      0.01001678	      0.18547473	      0.05254740	      0.01001235	      0.18903698	      0.36984027	      0.88365773	      0.57277257	      0.40710705	      0.35790839	      0.01000365	      0.01001265	      0.01000165	      0.01001391	      0.28367286	      0.01000749	      0.01000593	      0.01000199	      0.01000364	     -0.05583267	     -0.02802875	     -0.01256623	      0.03241995	     -0.00521225	     -0.06993135	     -0.00185815	      0.00377761	      0.05804883	     -0.00083202	      0.00330560	      0.01720827	      0.01317973	     -0.00669145	     -0.09391766	      0.01297025	      0.00822407	     -0.01647440	     -0.42005254	     -0.78176496	     -0.45415231	     -0.03069065	      0.23948260	     -0.01337598	     -0.09381939	     -0.02324865	     -0.04322955	     -0.00830164	     -0.02364631	     -0.00999847	     -0.00657823	      0.02834073	      0.00061740	      0.00284104	     -0.00020944
      0.32777778	      0.36310572	      0.37523381	      0.13767244	      0.30532407	      0.15756209	      0.03936618	      0.01001107	      0.01043007	      0.01004550	      0.03744328	      0.11051077	      0.17946653	      0.01003129	      0.01001705	      0.01000269	      0.01000197	      0.01000509	      0.73608088	      0.01003502	      0.01000574	      0.33747115	      0.06076821	      0.01003087	      0.01013038	      0.53313497	      0.01001755	      0.01000812	      0.01000499	      0.23654819	      0.01000756	      0.01003953	      0.35616416	      0.09453416	      0.01001465	      0.04529181	      0.35464702	      0.46715298	      0.05796785	      0.17604387	      0.09408352	      0.01010502	      0.01002143	      0.01001152	      0.01000440	      0.01004764	      0.58052704	      0.12535589	      0.17296733	      0.36049868	      0.09913984	      0.01002800	      0.01001276	      0.01003000	      0.01000804	      0.01001997	      0.01000876	      0.01003944	      0.01000156	      0.01000838	      0.45864289	      0.01000385	      0.01001356	      0.19873829	      0.07704310	      0.01001111	      0.20647321	      0.40419230	      0.99471285	      0.69152266	      0.44483067	      0.41408031	      0.01000319	      0.01001120	      0.01000151	      0.01001122	      0.30899822	      0.01000686	      0.01000503	      0.01000169	      0.01000309	     -0.04267970	     -0.03134095	     -0.01634582	      0.07441146	     -0.02026801	     -0.05532779	     -0.00240617	      0.00450178	      0.06671133	     -0.00093315	      0.00398978	      0.01846600	      0.01574290	     -0.00679054	     -0.10859890	      0.01527095	      0.00897415	     -0.01800220	     -0.44853998	     -0.82338754	     -0.49303029	     -0.02974799	      0.25793498	     -0.01933739	     -0.10352205	     -0.02823529	     -0.04737909	     -0.01373746	     -0.02181965	     -0.01021438	     -0.00516358	      0.02795308	      0.00065177	      0.00277915	     -0.00002889
      0.33333333	      0.42130222	      0.44661883	      0.15224304	      0.33038859	      0.18205552	      0.05653165	      0.01000979	      0.01081746	      0.01004303	      0.04006821	      0.11762016	      0.19101319	      0.01002986	      0.01001639	      0.01000242	      0.01000178	      0.01000459	      0.78641466	      0.01002968	      0.01000518	      0.36537679	      0.06274211	      0.01002783	      0.01023217	      0.59896588	      0.01001649	      0.01000762	      0.01000455	      0.27761855	      0.01000706	      0.01003692	      0.36067118	      0.09645967	      0.01001468	      0.04874318	      0.37807079	      0.49715345	      0.06334264	      0.19247235	      0.10281467	      0.01011489	      0.01001662	      0.01001183	      0.01000417	      0.01009115	      0.65481780	      0.22675570	      0.17585132	      0.38052342	      0.10345240	      0.01002637	      0.01001204	      0.01002641	      0.01000726	      0.01002384	      0.01000973	      0.01796069	      0.01000138	      0.01000773	      0.55426890	      0.01000338	      0.01001180	      0.22561681	      0.08447185	      0.01000853	      0.22105761	      0.43410359	      0.99996364	      0.72382996	      0.47394878	      0.43690946	      0.01000306	      0.01001071	      0.01000144	      0.01000918	      0.31750616	      0.01000644	      0.01000496	      0.01000167	      0.01000304	     -0.05252809	     -0.03227327	     -0.01083486	      0.07285587	     -0.01412672	     -0.05465530	     -0.00233202	      0.00528626	      0.07326158	     -0.00101924	      0.00425442	      0.01967458	      0.01589168	     -0.00699602	     -0.12257153	      0.01554142	      0.00934001	     -0.01927137	     -0.48036444	     -0.87045995	     -0.54563688	     -0.02727065	      0.28846014	     -0.02972496	     -0.11963172	     -0.03693449	     -0.05422576	     -0.02347128	     -0.02222897	     -0.01204602	     -0.00524639	      0.02785769	      0.00066598	      0.00273919	     -0.00000722
      0.33888889	      0.46392062	      0.51103652	      0.14989032	      0.32702774	      0.19512547	      0.07534510	      0.01000849	      0.01021100	      0.01003582	      0.03325380	      0.12592398	      0.21101816	      0.01004394	      0.01002533	      0.01000227	      0.01000166	      0.01000421	      0.80620496	      0.01002646	      0.01000488	      0.38006503	      0.06472157	      0.01002648	      0.01013625	      0.65204081	      0.01001613	      0.01000749	      0.01000434	      0.32328239	      0.01000746	      0.01003766	      0.29655068	      0.07813242	      0.01003596	      0.05936648	      0.35206303	      0.53270355	      0.06511207	      0.19792841	      0.10568226	      0.01003037	      0.01000994	      0.01001066	      0.01000397	      0.01003418	      0.64673606	      0.29115629	      0.18176244	      0.38400952	      0.10121341	      0.01002568	      0.01001184	      0.01003322	      0.01000783	      0.01003827	      0.01001236	      0.07002851	      0.01000134	      0.01000849	      0.68276600	      0.01000322	      0.01001200	      0.27143167	      0.06341569	      0.01000722	      0.23114596	      0.45705681	      0.99997852	      0.70524343	      0.46995903	      0.45606002	      0.01000304	      0.01001045	      0.01000147	      0.01000882	      0.29756310	      0.01000627	      0.01000480	      0.01000161	      0.01000295	     -0.05437385	     -0.03110598	     -0.00285127	      0.05927840	     -0.00629640	     -0.06394802	     -0.00166152	      0.00581897	      0.07622451	     -0.00104522	      0.00355174	      0.02046897	      0.01519607	     -0.00887832	     -0.13112648	      0.01604859	      0.00907221	     -0.02009610	     -0.51063862	     -0.90973317	     -0.59955213	     -0.02432491	      0.32189946	     -0.04186209	     -0.13717292	     -0.04686115	     -0.06141634	     -0.03495529	     -0.02451356	     -0.01529687	     -0.00677751	      0.02790242	      0.00064784	      0.00270990	     -0.00014803
      0.34444444	      0.48996302	      0.56332415	      0.13497784	      0.30230972	      0.19915547	      0.09487079	      0.01000730	      0.01129196	      0.01003293	      0.02914273	      0.12767598	      0.21788768	      0.01013374	      0.01006122	      0.01000218	      0.01000159	      0.01000390	      0.79906055	      0.01002417	      0.01000472	      0.38231301	      0.06618931	      0.01002604	      0.01072190	      0.68897450	      0.01001642	      0.01000766	      0.01000428	      0.36913537	      0.01000878	      0.01004135	      0.18290697	      0.04557735	      0.02566326	      0.07435415	      0.32334042	      0.54065177	      0.06268084	      0.19050019	      0.10166280	      0.01001419	      0.01000570	      0.01000865	      0.01000358	      0.01001766	      0.59713624	      0.36386628	      0.20018463	      0.36253548	      0.08883654	      0.01002602	      0.01001222	      0.02526156	      0.01001558	      0.01792125	      0.01002198	      0.09597440	      0.01000130	      0.01001090	      0.89963269	      0.01000306	      0.01001326	      0.35478724	      0.02099819	      0.01000594	      0.23555168	      0.47181652	      0.99998611	      0.66778025	      0.44850830	      0.49643345	      0.01000298	      0.01000988	      0.01000164	      0.01000894	      0.23289935	      0.01000635	      0.01000441	      0.01000148	      0.01000270	     -0.03820618	     -0.02451021	      0.00334349	      0.01902395	     -0.00141045	     -0.05831050	     -0.00054874	      0.00617024	      0.07614517	     -0.00100445	      0.00295231	      0.02033845	      0.01422767	     -0.01296559	     -0.14331174	      0.01760734	      0.00787193	     -0.02033260	     -0.52853840	     -0.94055925	     -0.64337532	     -0.02275134	      0.34748076	     -0.05141820	     -0.14986885	     -0.05434916	     -0.06634506	     -0.04389596	     -0.02786469	     -0.01840893	     -0.00888566	      0.02811379	      0.00061880	      0.00269886	     -0.00035024
      0.35000000	      0.54722004	      0.65040662	      0.14228462	      0.30509834	      0.22818084	      0.13135213	      0.01000640	      0.01100040	      0.01003182	      0.02865972	      0.13133934	      0.22425767	      0.01010030	      0.01005348	      0.01000201	      0.01000146	      0.01000359	      0.78992722	      0.01001970	      0.01000434	      0.38699961	      0.05979550	      0.01002380	      0.01164516	      0.73820615	      0.01001626	      0.01000758	      0.01000404	      0.42512850	      0.01000969	      0.01004247	      0.11223316	      0.02871397	      0.04829123	      0.07705750	      0.32837404	      0.55661065	      0.06254410	      0.19017367	      0.10142429	      0.01001189	      0.01000487	      0.01000829	      0.01000349	      0.01001550	      0.58123622	      0.41221646	      0.20379211	      0.33716746	      0.07914550	      0.01002728	      0.01001301	      0.10888291	      0.01002335	      0.06236324	      0.01003256	      0.13155977	      0.01000127	      0.01001235	      0.98212598	      0.01000297	      0.01001365	      0.38268026	      0.01260196	      0.01000545	      0.22624438	      0.45579195	      0.99998601	      0.64477221	      0.42453024	      0.50515363	      0.01000296	      0.01000976	      0.01000184	      0.01000878	      0.19179989	      0.01000669	      0.01000441	      0.01000148	      0.01000270	     -0.02076657	     -0.01769067	      0.00330452	     -0.03485146	      0.00505769	     -0.05141378	      0.00035909	      0.00735627	      0.07891604	     -0.00099913	      0.00292845	      0.02078825	      0.01344731	     -0.01434467	     -0.14805492	      0.01781379	      0.00692748	     -0.01951544	     -0.54353463	     -0.97033054	     -0.67887855	     -0.02257726	      0.36493072	     -0.05864339	     -0.15815191	     -0.05954789	     -0.06911014	     -0.05046702	     -0.03053725	     -0.02047905	     -0.01075002	      0.02841182	      0.00058810	      0.00271008	     -0.00054366
      0.35555556	      0.57871710	      0.68646278	      0.15786113	      0.32862499	      0.25081541	      0.14880397	      0.01000599	      0.01076331	      0.01003114	      0.02860785	      0.13413331	      0.22863393	      0.01008765	      0.01005529	      0.01000188	      0.01000137	      0.01000338	      0.81284091	      0.01001785	      0.01000406	      0.39795578	      0.05758036	      0.01002234	      0.01221224	      0.76602667	      0.01001619	      0.01000755	      0.01000384	      0.45123516	      0.01000931	      0.01004083	      0.12191842	      0.03172414	      0.05698433	      0.07308414	      0.33495538	      0.56888368	      0.06289936	      0.19134792	      0.10197885	      0.01000902	      0.01000381	      0.01000687	      0.01000301	      0.01001164	      0.61256419	      0.46326199	      0.23423660	      0.36130058	      0.08586878	      0.01002593	      0.01001235	      0.17734202	      0.01003357	      0.10021565	      0.01003714	      0.12193999	      0.01000114	      0.01001304	      0.99997458	      0.01000264	      0.01001309	      0.46166837	      0.01018819	      0.01000469	      0.23622863	      0.47481421	      0.99999054	      0.70272577	      0.47375145	      0.57923577	      0.01000257	      0.01000839	      0.01000174	      0.01000815	      0.21333437	      0.01000635	      0.01000391	      0.01000131	      0.01000239	     -0.01919837	     -0.01151511	      0.00429443	     -0.04541468	      0.01139922	     -0.05632835	      0.00047505	      0.00814937	      0.08289135	     -0.00100132	      0.00294722	      0.02113343	      0.01458402	     -0.01799925	     -0.16863642	      0.02034728	      0.00744925	     -0.02053054	     -0.56061361	     -1.00363081	     -0.69469784	     -0.02351115	      0.37010548	     -0.06196358	     -0.16014957	     -0.06140555	     -0.06898128	     -0.05345403	     -0.03375022	     -0.02087651	     -0.01271000	      0.02768177	      0.00052438	      0.00261967	     -0.00077015
      0.36111111	      0.57703557	      0.66207805	      0.17611617	      0.36919015	      0.25771392	      0.13826420	      0.01000601	      0.01100705	      0.01003061	      0.02951361	      0.13661556	      0.23227930	      0.01009187	      0.01005844	      0.01000180	      0.01000131	      0.01000326	      0.88241658	      0.01001857	      0.01000393	      0.41947606	      0.06417494	      0.01002198	      0.01157375	      0.77286661	      0.01001608	      0.01000749	      0.01000369	      0.44130422	      0.01000784	      0.01003678	      0.22139042	      0.05703554	      0.05639848	      0.06652644	      0.34323767	      0.57969156	      0.06388022	      0.19440514	      0.10353642	      0.01000691	      0.01000297	      0.01000528	      0.01000240	      0.01000857	      0.70568659	      0.50711742	      0.29335250	      0.43472327	      0.10783837	      0.01002245	      0.01001056	      0.24119782	      0.01003331	      0.09833699	      0.01002266	      0.05160243	      0.01000094	      0.01001200	      0.99999054	      0.01000219	      0.01001152	      0.59031693	      0.01006888	      0.01000395	      0.26870886	      0.53651197	      0.99999432	      0.85962824	      0.59780359	      0.72168700	      0.01000201	      0.01000657	      0.01000144	      0.01000715	      0.28944384	      0.01000546	      0.01000316	      0.01000106	      0.01000192	      0.01355714	     -0.01648863	     -0.01180423	      0.00707251	     -0.00948654	     -0.04975042	     -0.00033795	      0.00816792	      0.08790068	     -0.00101426	      0.00300651	      0.02148332	      0.01803826	     -0.02367316	     -0.20537318	      0.02540650	      0.00931538	     -0.02363255	     -0.56393933	     -1.04232799	     -0.68336909	     -0.02630899	      0.35955406	     -0.05752323	     -0.15273260	     -0.05736663	     -0.06519522	     -0.04924548	     -0.03812338	     -0.01836890	     -0.01440650	      0.02594750	      0.00044263	      0.00243871	     -0.00097031
      0.36666667	      0.57216940	      0.64698404	      0.18661583	      0.38283160	      0.26186368	      0.13684073	      0.01000633	      0.01106751	      0.01003094	      0.02931799	      0.13466349	      0.22858763	      0.01009785	      0.01006154	      0.01000182	      0.01000133	      0.01000335	      0.87062911	      0.01001915	      0.01000401	      0.41086910	      0.06152856	      0.01002246	      0.01171087	      0.75103032	      0.01001641	      0.01000765	      0.01000377	      0.42502621	      0.01000741	      0.01003578	      0.27364681	      0.07189262	      0.05561769	      0.05579572	      0.33997197	      0.57150923	      0.06348515	      0.19329890	      0.10288472	      0.01000731	      0.01000311	      0.01000529	      0.01000237	      0.01000887	      0.72615254	      0.48361012	      0.29480840	      0.43268194	      0.10755466	      0.01002262	      0.01001065	      0.25185890	      0.01003631	      0.03499314	      0.01001568	      0.01641549	      0.01000093	      0.01001095	      0.99999040	      0.01000217	      0.01001104	      0.59372833	      0.01007809	      0.01000406	      0.26521615	      0.52954848	      0.99999453	      0.89087732	      0.60726832	      0.72557974	      0.01000195	      0.01000641	      0.01000146	      0.01000703	      0.28985857	      0.01000550	      0.01000314	      0.01000105	      0.01000191	      0.02255989	     -0.01068352	     -0.01910060	      0.02298445	     -0.01119634	     -0.04978729	     -0.00076553	      0.00819298	      0.08745661	     -0.00100697	      0.00296738	      0.02116910	      0.01867567	     -0.02337027	     -0.20573508	      0.02556271	      0.00926256	     -0.02343887	     -0.53793718	     -1.06148836	     -0.64694524	     -0.02989576	      0.33992754	     -0.04657753	     -0.13821690	     -0.04866864	     -0.05861639	     -0.03933799	     -0.04085610	     -0.01581014	     -0.01514740	      0.02514711	      0.00041114	      0.00235754	     -0.00105801
      0.37222222	      0.55707109	      0.64198213	      0.18704997	      0.35361011	      0.26549159	      0.15496220	      0.01000717	      0.01061203	      0.01003342	      0.02663529	      0.12347598	      0.20929153	      0.01008874	      0.01006016	      0.01000202	      0.01000147	      0.01000383	      0.71596432	      0.01001845	      0.01000439	      0.34860091	      0.04011374	      0.01002386	      0.01473700	      0.67424224	      0.01001795	      0.01000838	      0.01000424	      0.39870604	      0.01000841	      0.01003948	      0.24232987	      0.06806703	      0.05267160	      0.03537884	      0.31282492	      0.52410185	      0.06024617	      0.18354701	      0.09764142	      0.01001529	      0.01000582	      0.01000785	      0.01000320	      0.01001729	      0.65646268	      0.32095441	      0.22052310	      0.32158239	      0.07705515	      0.01002923	      0.01001401	      0.20224178	      0.01009563	      0.01002929	      0.01000925	      0.01026701	      0.01000116	      0.01000922	      0.94674055	      0.01000278	      0.01001163	      0.38583881	      0.01694096	      0.01000605	      0.20421654	      0.41027030	      0.99998718	      0.77559086	      0.47565076	      0.54175032	      0.01000243	      0.01000828	      0.01000201	      0.01000821	      0.19469490	      0.01000720	      0.01000416	      0.01000140	      0.01000253	      0.01329284	      0.00681427	     -0.01945666	     -0.01536563	      0.00048556	     -0.02837010	     -0.00045196	      0.00844145	      0.07776815	     -0.00095529	      0.00271725	      0.01940067	      0.01630615	     -0.01408635	     -0.15333648	      0.01916084	      0.00660752	     -0.01801353	     -0.49128264	     -1.04828663	     -0.58419339	     -0.03432627	      0.30534665	     -0.03015909	     -0.11436308	     -0.03512454	     -0.04775475	     -0.02442956	     -0.04035083	     -0.01438512	     -0.01444567	      0.02642302	      0.00047085	      0.00250734	     -0.00097149
      0.37777778	      0.48665023	      0.56461081	      0.17161144	      0.30451005	      0.24115286	      0.14834140	      0.01000898	      0.01045733	      0.01003794	      0.02379997	      0.10774478	      0.18203542	      0.01009425	      0.01005895	      0.01000244	      0.01000179	      0.01000479	      0.54627226	      0.01002020	      0.01000527	      0.27265902	      0.02300787	      0.01002780	      0.01856031	      0.54943040	      0.01002058	      0.01000963	      0.01000520	      0.33409953	      0.01001013	      0.01004615	      0.21533373	      0.06343351	      0.03892212	      0.01827545	      0.27623111	      0.45738706	      0.05495845	      0.16748404	      0.08905251	      0.01002140	      0.01000830	      0.01000974	      0.01000409	      0.01002135	      0.48769904	      0.15318676	      0.16868514	      0.24800117	      0.06044223	      0.01003758	      0.01001814	      0.14533421	      0.01008693	      0.01002445	      0.01000935	      0.01003305	      0.01000156	      0.01001158	      0.68779188	      0.01000377	      0.01001551	      0.29190574	      0.01285736	      0.01000899	      0.15439556	      0.30950801	      0.99983877	      0.61476067	      0.41446692	      0.41800816	      0.01000295	      0.01001010	      0.01000259	      0.01001168	      0.15747523	      0.01000939	      0.01000540	      0.01000182	      0.01000330	     -0.00526692	      0.02020390	     -0.02262495	     -0.04272876	      0.00880659	     -0.01361288	     -0.00038190	      0.00770105	      0.06369022	     -0.00087087	      0.00240743	      0.01693783	      0.01330035	     -0.01093051	     -0.11371856	      0.01467271	      0.00518054	     -0.01367246	     -0.45325810	     -1.01289898	     -0.50689554	     -0.03878254	      0.26135694	     -0.01213724	     -0.08620602	     -0.01975705	     -0.03479074	     -0.00798555	     -0.04099542	     -0.01398889	     -0.01459045	      0.02801261	      0.00050870	      0.00272125	     -0.00097452
      0.38333333	      0.34894863	      0.37949774	      0.13960843	      0.26272669	      0.17494674	      0.08741311	      0.01001254	      0.01024108	      0.01004484	      0.02348019	      0.09403929	      0.15646582	      0.01007434	      0.01004202	      0.01000315	      0.01000231	      0.01000616	      0.49081731	      0.01003169	      0.01000696	      0.22941510	      0.02812744	      0.01003732	      0.01043057	      0.41438236	      0.01002316	      0.01001084	      0.01000671	      0.22841361	      0.01001071	      0.01005091	      0.26064466	      0.07147497	      0.01010367	      0.01257343	      0.26008548	      0.39911873	      0.04958986	      0.15113220	      0.08032418	      0.01001895	      0.01000955	      0.01000718	      0.01000380	      0.01001270	      0.31032351	      0.01001540	      0.19813606	      0.31280072	      0.08485049	      0.01003252	      0.01001515	      0.06973953	      0.01002621	      0.01001198	      0.01000549	      0.01000642	      0.01000207	      0.01001489	      0.50678163	      0.01000520	      0.01002810	      0.28156137	      0.01009600	      0.01002930	      0.17146563	      0.33707019	      0.86496614	      0.65332528	      0.50147724	      0.44735432	      0.01000261	      0.01000880	      0.01000194	      0.01003687	      0.26126914	      0.01000804	      0.01000459	      0.01000155	      0.01000280	     -0.02968740	      0.01321432	     -0.02867858	      0.01126790	      0.00164939	     -0.03804178	     -0.00127235	      0.00528452	      0.05201717	     -0.00078346	      0.00242800	      0.01496083	      0.01648601	     -0.01394022	     -0.08983850	      0.01726301	      0.00734633	     -0.01545345	     -0.44119475	     -0.98431212	     -0.43162005	     -0.04184950	      0.22148782	      0.00230850	     -0.06223735	     -0.00715466	     -0.02343981	      0.00502560	     -0.04849610	     -0.01299964	     -0.01810654	      0.02741571	      0.00040118	      0.00272656	     -0.00136109
      0.38888889	      0.29425923	      0.30111547	      0.13637954	      0.25678741	      0.15335508	      0.06316228	      0.01001659	      0.01081484	      0.01116703	      0.06373460	      0.07570885	      0.09535686	      0.01001412	      0.01000737	      0.01000361	      0.01000266	      0.01000734	      0.45890584	      0.01004066	      0.01000805	      0.20766742	      0.02785340	      0.01004256	      0.01117700	      0.34948453	      0.01002203	      0.01000992	      0.01000760	      0.17512691	      0.01001031	      0.01005060	      0.31158882	      0.08469410	      0.01000454	      0.01240466	      0.46617802	      0.31964884	      0.05519137	      0.16835656	      0.08940943	      0.01003106	      0.01001858	      0.01000749	      0.01000419	      0.01001387	      0.24611692	      0.01000897	      0.18776882	      0.34140262	      0.10127875	      0.01003199	      0.01001442	      0.01007076	      0.01001161	      0.01000886	      0.01000444	      0.01000492	      0.01000264	      0.01001414	      0.26367938	      0.01000700	      0.01003818	      0.20734175	      0.01015172	      0.07922574	      0.16499435	      0.31675486	      0.64477941	      0.65490576	      0.52880625	      0.41164540	      0.01000268	      0.01000909	      0.01000166	      0.01176258	      0.34777663	      0.01000788	      0.01000480	      0.01000162	      0.01000294	     -0.06294017	     -0.02426663	     -0.04196995	      0.11597186	     -0.01391431	     -0.08071517	     -0.00198063	      0.00442410	      0.04740726	     -0.00087319	      0.00654121	      0.01469973	      0.01739932	     -0.01209457	     -0.06783248	      0.01639555	      0.00887310	     -0.01514111	     -0.44882960	     -0.98891522	     -0.38183590	     -0.04335324	      0.19760106	      0.01049717	     -0.04810870	      0.00008242	     -0.01635041	      0.01215404	     -0.05815717	     -0.01065924	     -0.02215476	      0.02545584	      0.00024509	      0.00257938	     -0.00180512
      0.39444444	      0.24380783	      0.21927775	      0.11793069	      0.25408800	      0.11738958	      0.02204336	      0.01001652	      0.01090999	      0.07989209	      0.10259246	      0.05597901	      0.03321871	      0.01000781	      0.01000409	      0.01000370	      0.01000270	      0.01000702	      0.54836106	      0.01008093	      0.01000875	      0.23414164	      0.04853531	      0.01004980	      0.01022344	      0.34803595	      0.01002127	      0.01000925	      0.01000774	      0.14813557	      0.01000942	      0.01004809	      0.33160432	      0.08481286	      0.01000233	      0.01943320	      0.66000912	      0.23421167	      0.06097244	      0.18615665	      0.09878818	      0.01002259	      0.01001466	      0.01000689	      0.01000421	      0.01001142	      0.15513919	      0.01000788	      0.19925948	      0.31636005	      0.09475449	      0.01003444	      0.01001541	      0.01447457	      0.01002637	      0.01000884	      0.01000442	      0.01000431	      0.01000325	      0.01001945	      0.25307297	      0.01000876	      0.01009990	      0.22141263	      0.01007519	      0.15980807	      0.15254139	      0.29225901	      0.58530542	      0.62624358	      0.49988744	      0.41647109	      0.01000284	      0.01000936	      0.01000173	      0.09363483	      0.32866256	      0.01000848	      0.01000449	      0.01000152	      0.01000275	     -0.13485359	     -0.06630533	     -0.04799260	      0.17769075	     -0.02167301	     -0.11896440	     -0.00259402	      0.00301099	      0.04906349	     -0.00096341	      0.01052497	      0.01415387	      0.01730368	     -0.01384290	     -0.05955350	      0.01745367	      0.00840576	     -0.01396295	     -0.46621901	     -1.00094557	     -0.36479522	     -0.04327764	      0.19145432	      0.01231205	     -0.04408659	      0.00178228	     -0.01377294	      0.01327387	     -0.05870313	     -0.01090461	     -0.02180420	      0.02499662	      0.00022389	      0.00256540	     -0.00174624
      0.40000000	      0.21129960	      0.16364018	      0.09976013	      0.24849710	      0.08873555	      0.01086503	      0.01001527	      0.01125228	      0.10931464	      0.11547916	      0.04902104	      0.01729924	      0.01000675	      0.01000353	      0.01000367	      0.01000266	      0.01000649	      0.63142078	      0.01209921	      0.01000918	      0.26209380	      0.06857036	      0.01005872	      0.01010794	      0.36468887	      0.01002093	      0.01000899	      0.01000767	      0.13864224	      0.01000879	      0.01004669	      0.32561589	      0.07895941	      0.01000198	      0.03395296	      0.72216104	      0.20382501	      0.06329443	      0.19334157	      0.10252307	      0.01001715	      0.01001081	      0.01000649	      0.01000414	      0.01000999	      0.10656936	      0.01000794	      0.20927768	      0.31927898	      0.09482108	      0.01003353	      0.01001500	      0.03183036	      0.01002868	      0.01000937	      0.01000460	      0.01000418	      0.01000352	      0.01002744	      0.30522792	      0.01000935	      0.01157574	      0.25197249	      0.01005347	      0.16390347	      0.15839065	      0.30467354	      0.59079676	      0.61159362	      0.49283685	      0.43163086	      0.01000296	      0.01000944	      0.01000167	      0.13841034	      0.32579304	      0.01000825	      0.01000425	      0.01000144	      0.01000260	     -0.16438281	     -0.08934580	     -0.05130533	      0.21023828	     -0.03585316	     -0.14470981	     -0.00290885	      0.00190139	      0.05144334	     -0.00099767	      0.01190071	      0.01394519	      0.01707637	     -0.01565867	     -0.05943498	      0.01836095	      0.00850906	     -0.01437718	     -0.48708106	     -1.01246376	     -0.37284745	     -0.04212497	      0.19978710	      0.00936835	     -0.04811367	     -0.00079025	     -0.01490024	      0.00989749	     -0.05206621	     -0.01393284	     -0.01813460	      0.02655068	      0.00032816	      0.00276708	     -0.00129897
      0.40555556	      0.25137501	      0.23616518	      0.09912700	      0.22508045	      0.10736637	      0.01898953	      0.01001464	      0.01021388	      0.07456263	      0.10468240	      0.06273845	      0.04346693	      0.01000767	      0.01000396	      0.01000376	      0.01000273	      0.01000675	      0.54353031	      0.01009894	      0.01000917	      0.23540075	      0.05441256	      0.01005391	      0.01011232	      0.37029343	      0.01001955	      0.01000850	      0.01000793	      0.16781092	      0.01001022	      0.01005128	      0.23746896	      0.05877270	      0.01000227	      0.02914613	      0.67796703	      0.26295874	      0.06423562	      0.19638103	      0.10405386	      0.01002042	      0.01001197	      0.01000844	      0.01000525	      0.01001300	      0.11287562	      0.01001156	      0.16087048	      0.29277907	      0.08813415	      0.01003654	      0.01001631	      0.01004355	      0.01001144	      0.01001270	      0.01000620	      0.01000590	      0.01000385	      0.01003210	      0.29186328	      0.01000987	      0.01011727	      0.21375044	      0.01006566	      0.06513498	      0.14323775	      0.27429286	      0.50487050	      0.49100092	      0.42562018	      0.34690604	      0.01000376	      0.01001177	      0.01000177	      0.06738523	      0.30710651	      0.01000906	      0.01000554	      0.01000188	      0.01000340	     -0.14452054	     -0.07968675	     -0.04292425	      0.15806637	     -0.02602991	     -0.13279885	     -0.00204066	      0.00272256	      0.04817550	     -0.00101023	      0.01085571	      0.01536920	      0.01318420	     -0.01248668	     -0.05300333	      0.01409812	      0.00798060	     -0.01298226	     -0.50022684	     -1.01852196	     -0.39596508	     -0.04079106	      0.21739572	      0.00301884	     -0.05749348	     -0.00622222	     -0.01841153	      0.00344815	     -0.04604619	     -0.01789272	     -0.01520816	      0.02926849	      0.00045970	      0.00308427	     -0.00092821
      0.41111111	      0.28703967	      0.31272537	      0.09552710	      0.19036577	      0.12613406	      0.06013304	      0.01001444	      0.01160254	      0.02270863	      0.07964882	      0.07559468	      0.08426518	      0.01001053	      0.01000538	      0.01000404	      0.01000294	      0.01000739	      0.41556001	      0.01005744	      0.01000950	      0.19217759	      0.03510458	      0.01005441	      0.01160042	      0.35586776	      0.01001990	      0.01000880	      0.01000871	      0.19370870	      0.01001375	      0.01006875	      0.13316849	      0.03535365	      0.01000321	      0.02459548	      0.55252364	      0.31846895	      0.06150090	      0.18795786	      0.09951778	      0.01003276	      0.01001327	      0.01001675	      0.01000784	      0.01003248	      0.19415901	      0.01012774	      0.08399938	      0.30449048	      0.09290456	      0.01003602	      0.01001585	      0.01001072	      0.01000484	      0.01003532	      0.01001465	      0.01003354	      0.01000329	      0.01002677	      0.35149171	      0.01000784	      0.01003430	      0.17765376	      0.01036596	      0.01002234	      0.14570462	      0.27745941	      0.49728289	      0.34425419	      0.39796800	      0.23631840	      0.01000512	      0.01001624	      0.01000168	      0.01003410	      0.32838767	      0.01000886	      0.01001200	      0.01000397	      0.01000731	     -0.10274122	     -0.04964123	     -0.03005576	      0.08582396	     -0.01112834	     -0.10181844	     -0.00091736	      0.00362986	      0.04204596	     -0.00096435	      0.00829803	      0.01578030	      0.00769831	     -0.00767989	     -0.05567532	      0.00732180	      0.00843075	     -0.01320768	     -0.51071749	     -1.02407956	     -0.42480226	     -0.03995262	      0.23765483	     -0.00552886	     -0.06927689	     -0.01316903	     -0.02295614	     -0.00479308	     -0.04298630	     -0.02094526	     -0.01388985	      0.03183418	      0.00055713	      0.00336229	     -0.00074312
      0.41666667	      0.31059013	      0.34137052	      0.10389898	      0.20119926	      0.13895009	      0.07050863	      0.01001389	      0.01034325	      0.01012781	      0.05799194	      0.08497934	      0.11642722	      0.01001629	      0.01000824	      0.01000383	      0.01000279	      0.01000707	      0.42141676	      0.01004868	      0.01000902	      0.19617948	      0.03235461	      0.01004933	      0.01042394	      0.37282123	      0.01002046	      0.01000923	      0.01000840	      0.20812626	      0.01001301	      0.01005973	      0.14203281	      0.03748548	      0.01000531	      0.01948420	      0.44248297	      0.35928299	      0.05925286	      0.18133542	      0.09594392	      0.01002824	      0.01001084	      0.01001584	      0.01000686	      0.01003169	      0.29636099	      0.01946488	      0.07968391	      0.34083731	      0.10222882	      0.01003199	      0.01001419	      0.01000896	      0.01000404	      0.01003341	      0.01001407	      0.01006449	      0.01000241	      0.01002132	      0.47431013	      0.01000569	      0.01002361	      0.21206557	      0.01014989	      0.01001244	      0.16739797	      0.32058529	      0.63037529	      0.39440422	      0.47291212	      0.26101827	      0.01000437	      0.01001389	      0.01000153	      0.01001692	      0.35547941	      0.01000787	      0.01001143	      0.01000391	      0.01000702	     -0.07967813	     -0.02486105	     -0.02185629	      0.03926128	      0.00019254	     -0.06701737	     -0.00088330	      0.00401680	      0.04392406	     -0.00092877	      0.00605924	      0.01585298	      0.00782394	     -0.00768281	     -0.07377448	      0.00690897	      0.00923034	     -0.01507769	     -0.53088525	     -1.04091303	     -0.46129086	     -0.03972789	      0.25860472	     -0.01582694	     -0.08216905	     -0.02110876	     -0.02789127	     -0.01441779	     -0.04307922	     -0.02148236	     -0.01381913	      0.03285989	      0.00058831	      0.00343740	     -0.00071100
      0.42222222	      0.35729056	      0.37862522	      0.12975957	      0.25430389	      0.16379420	      0.07430764	      0.01001218	      0.01029588	      0.01010085	      0.05856814	      0.09156969	      0.12799816	      0.01001637	      0.01000845	      0.01000319	      0.01000232	      0.01000591	      0.52416048	      0.01004555	      0.01000763	      0.23813684	      0.04049963	      0.01004280	      0.01024747	      0.43541904	      0.01001955	      0.01000883	      0.01000711	      0.23521986	      0.01000986	      0.01004908	      0.22194603	      0.05813840	      0.01000551	      0.01798918	      0.45537712	      0.38749126	      0.06380772	      0.19545617	      0.10334102	      0.01003213	      0.01001085	      0.01001269	      0.01000522	      0.01003131	      0.42637986	      0.01517775	      0.11692876	      0.37735028	      0.11104569	      0.01002889	      0.01001287	      0.01001047	      0.01000428	      0.01001740	      0.01000821	      0.01003011	      0.01000178	      0.01001317	      0.54917300	      0.01000429	      0.01001642	      0.24964599	      0.01049755	      0.01001084	      0.18970344	      0.36543146	      0.78915901	      0.56967075	      0.54983102	      0.34824075	      0.01000326	      0.01001070	      0.01000143	      0.01001226	      0.37889810	      0.01000708	      0.01000793	      0.01000270	      0.01000485	     -0.07256477	     -0.01689340	     -0.02065199	      0.05354764	     -0.00144261	     -0.05607915	     -0.00146533	      0.00459327	      0.05349021	     -0.00100051	      0.00610708	      0.01682094	      0.01149930	     -0.00886527	     -0.09559455	      0.01009920	      0.00993606	     -0.01702553	     -0.57273153	     -1.06646222	     -0.51286039	     -0.03984487	      0.28523332	     -0.02927543	     -0.09868038	     -0.03131491	     -0.03434563	     -0.02676758	     -0.04860997	     -0.01907723	     -0.01629897	      0.03048201	      0.00047123	      0.00310059	     -0.00099459
      0.42777778	      0.42329659	      0.44420111	      0.15945133	      0.31086275	      0.19850833	      0.08922973	      0.01001030	      0.01093248	      0.01019218	      0.06660903	      0.09728687	      0.13280672	      0.01001412	      0.01000742	      0.01000266	      0.01000193	      0.01000494	      0.62725771	      0.01003904	      0.01000641	      0.28231916	      0.04718405	      0.01003657	      0.01076050	      0.51246154	      0.01001830	      0.01000823	      0.01000606	      0.27773012	      0.01000816	      0.01004179	      0.28741132	      0.07501513	      0.01000475	      0.01916748	      0.50978918	      0.41178272	      0.07069500	      0.21675336	      0.11452495	      0.01014019	      0.01001479	      0.01001258	      0.01000447	      0.01009027	      0.56831903	      0.02210042	      0.14140726	      0.41235312	      0.11941024	      0.01002640	      0.01001181	      0.01001130	      0.01000435	      0.01001134	      0.01000574	      0.01004220	      0.01000144	      0.01000897	      0.56449880	      0.01000354	      0.01001221	      0.25325093	      0.02692655	      0.01001017	      0.21060045	      0.40765117	      0.91916699	      0.72545946	      0.59192082	      0.40560202	      0.01000267	      0.01000912	      0.01000134	      0.01000941	      0.40064929	      0.01000644	      0.01000670	      0.01000227	      0.01000409	     -0.05719676	     -0.02086286	     -0.02814992	      0.11346234	     -0.00625901	     -0.06018968	     -0.00183441	      0.00553280	      0.06397486	     -0.00110962	      0.00691554	      0.01809749	      0.01468087	     -0.00830299	     -0.11230843	      0.01220887	      0.01058434	     -0.01890797	     -0.62376804	     -1.10364594	     -0.57342404	     -0.04058540	      0.31550957	     -0.04352629	     -0.11731397	     -0.04235821	     -0.04219664	     -0.03962547	     -0.05803739	     -0.01635743	     -0.02093973	      0.02629500	      0.00026761	      0.00256093	     -0.00153234
      0.43333333	      0.47074544	      0.50588352	      0.17501951	      0.33129449	      0.22572945	      0.11353931	      0.01000925	      0.01049399	      0.01008896	      0.06183796	      0.10010373	      0.14100515	      0.01001571	      0.01000839	      0.01000246	      0.01000178	      0.01000457	      0.64673322	      0.01003227	      0.01000587	      0.29394094	      0.04445041	      0.01003336	      0.01084601	      0.55095961	      0.01001851	      0.01000835	      0.01000569	      0.31309148	      0.01000809	      0.01004055	      0.28472782	      0.07508133	      0.01000550	      0.01651126	      0.48748763	      0.42416455	      0.07070393	      0.21693668	      0.11455251	      0.01056099	      0.01001739	      0.01001339	      0.01000439	      0.01021189	      0.63642085	      0.05953701	      0.12781110	      0.42805707	      0.12236310	      0.01002531	      0.01001139	      0.01000974	      0.01000392	      0.01001049	      0.01000543	      0.01004528	      0.01000134	      0.01000794	      0.58628704	      0.01000331	      0.01001076	      0.24601422	      0.03965582	      0.01000920	      0.22093611	      0.42934710	      0.99232908	      0.74879276	      0.63270318	      0.39861528	      0.01000248	      0.01000866	      0.01000133	      0.01000824	      0.40475990	      0.01000617	      0.01000726	      0.01000247	      0.01000444	     -0.06186365	     -0.00837129	     -0.02136028	      0.07875481	      0.00634749	     -0.04567998	     -0.00155735	      0.00644813	      0.06778615	     -0.00111017	      0.00640294	      0.01818594	      0.01474614	     -0.00707594	     -0.11816861	      0.01105230	      0.01075844	     -0.01988918	     -0.67012396	     -1.12950720	     -0.63110797	     -0.04236256	      0.34110841	     -0.05512205	     -0.13335296	     -0.05143365	     -0.04925248	     -0.04984469	     -0.06528839	     -0.01532250	     -0.02497843	      0.02321279	      0.00012123	      0.00216714	     -0.00200049
      0.43888889	      0.48625794	      0.53754052	      0.17626443	      0.32236832	      0.23797209	      0.13373623	      0.01000884	      0.01031831	      0.01010413	      0.06237299	      0.09437650	      0.12991112	      0.01001537	      0.01000825	      0.01000244	      0.01000177	      0.01000456	      0.60969097	      0.01002841	      0.01000579	      0.28165366	      0.03750672	      0.01003251	      0.01176814	      0.55025220	      0.01001949	      0.01000877	      0.01000574	      0.33028087	      0.01000895	      0.01004283	      0.23679840	      0.06371698	      0.01000533	      0.01460817	      0.48359634	      0.40002835	      0.06889335	      0.21149924	      0.11160679	      0.01632379	      0.01002134	      0.01001640	      0.01000478	      0.01416397	      0.63542426	      0.08058190	      0.09951526	      0.42621547	      0.12213675	      0.01002552	      0.01001149	      0.01000812	      0.01000350	      0.01001101	      0.01000583	      0.01033647	      0.01000139	      0.01000797	      0.55907841	      0.01000343	      0.01001068	      0.21933234	      0.04343737	      0.01000913	      0.21764171	      0.42272693	      0.97250092	      0.69647508	      0.64001361	      0.35490701	      0.01000253	      0.01000897	      0.01000135	      0.01000818	      0.40541348	      0.01000622	      0.01000927	      0.01000317	      0.01000568	     -0.07381929	     -0.00034756	     -0.01533975	      0.04043342	      0.00949031	     -0.02787639	     -0.00098581	      0.00700912	      0.06609260	     -0.00108051	      0.00642900	      0.01734218	      0.01329552	     -0.00548645	     -0.11275170	      0.00861031	      0.01069111	     -0.01969234	     -0.72179383	     -1.12456529	     -0.67734074	     -0.04449193	      0.36097044	     -0.06430050	     -0.14610323	     -0.05853165	     -0.05459359	     -0.05798380	     -0.06564483	     -0.01567096	     -0.02578048	      0.02040057	      0.00004432	      0.00181949	     -0.00212124
      0.44444444	      0.49619985	      0.54663465	      0.17505130	      0.33019839	      0.23929262	      0.13206730	      0.01000801	      0.01033988	      0.01715556	      0.08891541	      0.08776578	      0.09966753	      0.01000993	      0.01000528	      0.01000232	      0.01000167	      0.01000423	      0.66534208	      0.01002980	      0.01000558	      0.30249875	      0.04648202	      0.01003219	      0.01126422	      0.58038174	      0.01001839	      0.01000812	      0.01000548	      0.34849137	      0.01000894	      0.01004176	      0.21662796	      0.05608278	      0.01000317	      0.02060657	      0.62617282	      0.37132137	      0.07569039	      0.23253912	      0.12260690	      0.04558818	      0.01003257	      0.01001774	      0.01000508	      0.02736119	      0.61040991	      0.06298686	      0.10185020	      0.39806694	      0.11465560	      0.01002726	      0.01001228	      0.01000913	      0.01000389	      0.01001020	      0.01000557	      0.01008649	      0.01000148	      0.01000797	      0.47448112	      0.01000368	      0.01001107	      0.18730818	      0.05271264	      0.01001061	      0.20182451	      0.39167608	      0.89280902	      0.67950363	      0.55606937	      0.33639137	      0.01000270	      0.01000967	      0.01000143	      0.01000865	      0.38297701	      0.01000666	      0.01000905	      0.01000310	      0.01000554	     -0.09778607	     -0.03057607	     -0.02222873	      0.10868739	     -0.01966446	     -0.07740474	     -0.00088317	      0.00703690	      0.06934936	     -0.00118437	      0.00911966	      0.01792498	      0.01313578	     -0.00459593	     -0.10415730	      0.00881243	      0.01005601	     -0.01830158	     -0.78405945	     -1.12454233	     -0.71144359	     -0.04609514	      0.37870939	     -0.07244211	     -0.15699659	     -0.06477401	     -0.05863881	     -0.06560412	     -0.05782990	     -0.01656023	     -0.02194201	      0.01716555	      0.00003049	      0.00144390	     -0.00173480
      0.45000000	      0.47855683	      0.48452969	      0.16805173	      0.37517611	      0.21113697	      0.07612542	      0.01000692	      0.01037944	      0.05636657	      0.11608056	      0.08742523	      0.08042654	      0.01000730	      0.01000389	      0.01000205	      0.01000147	      0.01000350	      0.91919427	      0.01005688	      0.01000527	      0.39102418	      0.08998079	      0.01003376	      0.01010434	      0.66156955	      0.01001653	      0.01000719	      0.01000482	      0.35591905	      0.01000694	      0.01003513	      0.29839105	      0.06729866	      0.01000225	      0.04631096	      0.77947689	      0.36924297	      0.08396818	      0.25815822	      0.13598982	      0.01146045	      0.01002336	      0.01001077	      0.01000406	      0.01005915	      0.59954497	      0.01007322	      0.17237774	      0.37527528	      0.10378042	      0.01002766	      0.01001260	      0.01002465	      0.01000686	      0.01000745	      0.01000408	      0.01001094	      0.01000142	      0.01000770	      0.48202074	      0.01000358	      0.01001161	      0.23150918	      0.04122551	      0.01001416	      0.20414666	      0.40122815	      0.94296749	      0.82180219	      0.51515539	      0.43675291	      0.01000243	      0.01000849	      0.01000151	      0.01000973	      0.33015236	      0.01000676	      0.01000538	      0.01000183	      0.01000328	     -0.15314836	     -0.08055044	     -0.03242729	      0.17042231	     -0.02928649	     -0.14497710	     -0.00198503	      0.00566807	      0.08249451	     -0.00130968	      0.01192791	      0.01950838	      0.01730993	     -0.00833239	     -0.11108774	      0.01492301	      0.00915779	     -0.01829966	     -0.82616629	     -1.15730275	     -0.73259447	     -0.04720500	      0.39307929	     -0.07741116	     -0.16356973	     -0.06859661	     -0.06046535	     -0.07076495	     -0.05202650	     -0.01680705	     -0.01848399	      0.01549172	      0.00004394	      0.00126839	     -0.00136265
      0.45555556	      0.43355506	      0.36484844	      0.14243504	      0.42769512	      0.15138647	      0.01043483	      0.01000565	      0.01073354	      0.09699259	      0.13608669	      0.08004885	      0.05310180	      0.01000596	      0.01000322	      0.01000177	      0.01000124	      0.01000275	      0.99998557	      0.05609662	      0.01000498	      0.52921739	      0.16279579	      0.01003872	      0.01004344	      0.78828955	      0.01001595	      0.01000684	      0.01000414	      0.36491869	      0.01000522	      0.01002889	      0.39411046	      0.07508470	      0.01000181	      0.09716415	      0.88158063	      0.33731901	      0.09106044	      0.28016362	      0.14744217	      0.01002704	      0.01001092	      0.01000646	      0.01000318	      0.01001378	      0.49360548	      0.01001267	      0.25822979	      0.40823393	      0.11192757	      0.01002510	      0.01001140	      0.05647763	      0.01001436	      0.01000589	      0.01000318	      0.01000477	      0.01000147	      0.01000899	      0.54460705	      0.01000373	      0.01001540	      0.32732033	      0.01067681	      0.01003232	      0.22753115	      0.44894212	      0.98784584	      0.96174973	      0.56373256	      0.57164667	      0.01000210	      0.01000702	      0.01000136	      0.01001597	      0.35200725	      0.01000610	      0.01000359	      0.01000122	      0.01000219	     -0.19632376	     -0.11766663	     -0.04227111	      0.21967653	     -0.03838673	     -0.16921261	     -0.00354558	      0.00303282	      0.10196634	     -0.00141560	      0.01403743	      0.01968051	      0.02221926	     -0.01568611	     -0.11595059	      0.02236974	      0.00997590	     -0.02031177	     -0.83147965	     -1.18244411	     -0.72028092	     -0.04776034	      0.39185067	     -0.07608173	     -0.15988926	     -0.06713640	     -0.05743505	     -0.07050531	     -0.05130322	     -0.01715175	     -0.01736525	      0.01633925	      0.00007984	      0.00139874	     -0.00121052
      0.46111111	      0.39639684	      0.29736878	      0.13170018	      0.43052849	      0.12466648	      0.01006441	      0.01000571	      0.01036601	      0.13020908	      0.14785560	      0.06897904	      0.02534212	      0.01000533	      0.01000289	      0.01000178	      0.01000124	      0.01000271	      0.99998798	      0.10150968	      0.01000519	      0.54695225	      0.17912065	      0.01004332	      0.01003694	      0.79023568	      0.01001624	      0.01000689	      0.01000414	      0.34477811	      0.01000486	      0.01002790	      0.42382217	      0.07908745	      0.01000160	      0.10561862	      0.93196942	      0.28989061	      0.09328069	      0.28720258	      0.15100920	      0.01001668	      0.01000807	      0.01000543	      0.01000296	      0.01000980	      0.38867867	      0.01000889	      0.28904367	      0.43641517	      0.12238576	      0.01002375	      0.01001068	      0.08472209	      0.01001559	      0.01000557	      0.01000299	      0.01000377	      0.01000160	      0.01001126	      0.57557038	      0.01000409	      0.01002163	      0.37953894	      0.01006390	      0.01017976	      0.23756594	      0.46673924	      0.96464640	      0.98327915	      0.61401667	      0.62044760	      0.01000203	      0.01000659	      0.01000123	      0.01003215	      0.39539180	      0.01000576	      0.01000320	      0.01000109	      0.01000195	     -0.21986017	     -0.12726758	     -0.04820456	      0.23980348	     -0.03737807	     -0.17258936	     -0.00415913	      0.00193631	      0.10402790	     -0.00144646	      0.01529944	      0.01882033	      0.02368225	     -0.01977114	     -0.11268481	      0.02506026	      0.01100210	     -0.02129632	     -0.80760812	     -1.18341222	     -0.68268774	     -0.04801741	      0.37756431	     -0.06976540	     -0.14797627	     -0.06141614	     -0.05049514	     -0.06583660	     -0.05478281	     -0.01696771	     -0.01840684	      0.01820057	      0.00010216	      0.00163692	     -0.00128487
      0.46666667	      0.34182446	      0.26866882	      0.12897170	      0.36000631	      0.12541494	      0.01015316	      0.01000769	      0.01027527	      0.16432737	      0.15174581	      0.04829325	      0.01027183	      0.01000509	      0.01000272	      0.01000225	      0.01000159	      0.01000356	      0.99973254	      0.05646863	      0.01000644	      0.41226575	      0.12678785	      0.01004863	      0.01005047	      0.61142647	      0.01001832	      0.01000767	      0.01000522	      0.27171390	      0.01000593	      0.01003338	      0.36863027	      0.07565262	      0.01000150	      0.06354792	      0.92572767	      0.20162706	      0.08656362	      0.26670096	      0.14011319	      0.01001219	      0.01000650	      0.01000497	      0.01000296	      0.01000793	      0.24630525	      0.01000703	      0.28735403	      0.43603822	      0.12574009	      0.01002421	      0.01001079	      0.05916526	      0.01001396	      0.01000581	      0.01000308	      0.01000334	      0.01000194	      0.01001789	      0.59070068	      0.01000496	      0.01004491	      0.41341972	      0.01003758	      0.05979645	      0.22790427	      0.44466140	      0.88817674	      0.91274502	      0.68068771	      0.61600917	      0.01000205	      0.01000648	      0.01000121	      0.02851490	      0.41934167	      0.01000587	      0.01000322	      0.01000109	      0.01000196	     -0.23102600	     -0.10849544	     -0.04791588	      0.23376760	     -0.02529906	     -0.14668086	     -0.00354291	      0.00234863	      0.08191781	     -0.00134026	      0.01570535	      0.01605057	      0.02299549	     -0.02269929	     -0.10130693	      0.02492301	      0.01133209	     -0.02060674	     -0.77151967	     -1.15122790	     -0.63213068	     -0.04855700	      0.35433263	     -0.06138677	     -0.13159181	     -0.05360870	     -0.04147900	     -0.05910214	     -0.06191214	     -0.01640447	     -0.02164873	      0.01984158	      0.00008136	      0.00183306	     -0.00160957
      0.47222222	      0.25415295	      0.18247395	      0.11106156	      0.29788342	      0.09878668	      0.01011999	      0.01001046	      0.01023170	      0.19627261	      0.14931305	      0.02237391	      0.01006184	      0.01000505	      0.01000269	      0.01000290	      0.01000205	      0.01000467	      0.81229267	      0.05225728	      0.01000835	      0.31934187	      0.09778820	      0.01006100	      0.01005992	      0.45917442	      0.01002289	      0.01000938	      0.01000671	      0.19379439	      0.01000714	      0.01003979	      0.33904100	      0.07242621	      0.01000146	      0.04024963	      0.87697930	      0.08899482	      0.07562281	      0.23312911	      0.12238214	      0.01001129	      0.01000624	      0.01000488	      0.01000301	      0.01000747	      0.17834218	      0.01000605	      0.26892641	      0.42348973	      0.12636697	      0.01002565	      0.01001133	      0.01174511	      0.01001115	      0.01000588	      0.01000313	      0.01000319	      0.01000220	      0.01002423	      0.57333819	      0.01000567	      0.01008925	      0.41601532	      0.01003100	      0.11360042	      0.20854636	      0.40257470	      0.82401899	      0.86580405	      0.78742724	      0.59570311	      0.01000200	      0.01000631	      0.01000123	      0.11138868	      0.43742701	      0.01000623	      0.01000345	      0.01000118	      0.01000210	     -0.25672396	     -0.07821164	     -0.04208177	      0.22491971	     -0.01957570	     -0.10888999	     -0.00330107	      0.00172184	      0.06444352	     -0.00116964	      0.01541264	      0.01204057	      0.02235362	     -0.02345847	     -0.09334000	      0.02329319	      0.01136834	     -0.01908763	     -0.74333789	     -1.09363116	     -0.58251402	     -0.05001640	      0.32800597	     -0.05440344	     -0.11541733	     -0.04635097	     -0.03251375	     -0.05323207	     -0.07135332	     -0.01508821	     -0.02631168	      0.02015918	      0.00000265	      0.00187388	     -0.00210872
      0.47777778	      0.14176896	      0.03426959	      0.09585952	      0.27344716	      0.05417407	      0.01005670	      0.01001544	      0.01043506	      0.20317655	      0.14219081	      0.01405089	      0.01004954	      0.01000526	      0.01000281	      0.01000364	      0.01000257	      0.01000586	      0.74173213	      0.09119778	      0.01001108	      0.27711474	      0.09257048	      0.01008636	      0.01005497	      0.33957040	      0.01002719	      0.01001101	      0.01000825	      0.10301229	      0.01000719	      0.01004222	      0.41266738	      0.09122337	      0.01000151	      0.02705896	      0.81929060	      0.03251401	      0.06417669	      0.19792787	      0.10382711	      0.01001038	      0.01000601	      0.01000434	      0.01000276	      0.01000657	      0.14125515	      0.01000469	      0.28841203	      0.43812789	      0.13475660	      0.01002561	      0.01001118	      0.02379655	      0.01001150	      0.01000505	      0.01000272	      0.01000267	      0.01000228	      0.01002494	      0.54615293	      0.01000601	      0.01108588	      0.43709532	      0.01002621	      0.23415968	      0.20367653	      0.38875387	      0.81100879	      0.94157915	      0.94355647	      0.64348309	      0.01000176	      0.01000557	      0.01000118	      0.21223098	      0.48135913	      0.01000622	      0.01000325	      0.01000110	      0.01000198	     -0.31976918	     -0.05820349	     -0.04004714	      0.30132914	     -0.03439216	     -0.09824061	     -0.00411647	      0.00018975	      0.05479804	     -0.00099131	      0.01464285	      0.00966558	      0.02502038	     -0.02607613	     -0.09279789	      0.02491216	      0.01210192	     -0.01884570	     -0.73566507	     -1.03078346	     -0.53984774	     -0.05215011	      0.30564802	     -0.05138002	     -0.10391435	     -0.04195763	     -0.02570206	     -0.05066890	     -0.08040689	     -0.01377392	     -0.03077339	      0.01921108	     -0.00012167	      0.00179808	     -0.00259759
      0.48333333	      0.01063581	      0.01002246	      0.06968969	      0.27800070	      0.01026657	      0.01002539	      0.01002386	      0.01064629	      0.19858324	      0.14004165	      0.01501473	      0.01005267	      0.01000538	      0.01000286	      0.01000433	      0.01000301	      0.01000642	      0.85432586	      0.19850565	      0.01001605	      0.29526872	      0.12093482	      0.01050863	      0.01003777	      0.25542201	      0.01002731	      0.01001106	      0.01000942	      0.01112029	      0.01000611	      0.01003891	      0.56706359	      0.12261339	      0.01000154	      0.03260051	      0.80818777	      0.03671552	      0.06115810	      0.18874001	      0.09892080	      0.01001119	      0.01000661	      0.01000284	      0.01000168	      0.01000501	      0.46110063	      0.01000139	      0.01151158	      0.42490546	      0.13009794	      0.01002626	      0.01001148	      0.01000455	      0.01000201	      0.01000247	      0.01000139	      0.01000158	      0.01000116	      0.01000673	      0.56100938	      0.01000319	      0.01002283	      0.56797610	      0.01001048	      0.53601844	      0.19939640	      0.38144613	      0.99998026	      0.99999431	      0.99999897	      0.91685499	      0.01000059	      0.01000196	      0.01000122	      0.47477901	      0.46267857	      0.01000638	      0.01115720	      0.01050842	      0.01081873	     -0.36996085	     -0.06531214	     -0.04935620	      0.41913360	     -0.05999512	     -0.12022039	     -0.00608948	     -0.00295113	      0.05339207	     -0.00093680	      0.01444588	      0.00966004	      0.04639050	     -0.03641972	     -0.15501641	      0.00020950	      0.01167925	     -0.01841999	     -0.74559022	     -1.00554594	     -0.51621198	     -0.05414836	      0.29561771	     -0.05224772	     -0.09972147	     -0.04115259	     -0.02249110	     -0.05166066	     -0.08755036	     -0.01256300	     -0.03381968	      0.01843089	     -0.00022773	      0.00176612	     -0.00291673
      0.48888889	      0.01008571	      0.01002779	      0.04966631	      0.26149906	      0.01012388	      0.01004149	      0.01007491	      0.01121464	      0.19903831	      0.14022292	      0.01595486	      0.01011891	      0.01001132	      0.01000599	      0.01001109	      0.01000761	      0.01001528	      0.86492501	      0.24725483	      0.01005190	      0.28784003	      0.13003209	      0.01590325	      0.01007028	      0.19664434	      0.01005723	      0.01002299	      0.01002346	      0.01013562	      0.01001278	      0.01008511	      0.60117029	      0.12769363	      0.01000324	      0.03537055	      0.80797094	      0.03715132	      0.06219750	      0.19182289	      0.10050115	      0.01002189	      0.01001292	      0.01000492	      0.01000289	      0.01000893	      0.61714434	      0.01000237	      0.01212619	      0.42694888	      0.13140869	      0.01005576	      0.01002414	      0.01000977	      0.01000407	      0.01000402	      0.01000230	      0.01000267	      0.01000195	      0.01001063	      0.62726032	      0.01000537	      0.01003451	      0.67403462	      0.01001865	      0.69975313	      0.19908178	      0.38024904	      0.99998037	      0.99999245	      0.99999830	      0.99992173	      0.01000100	      0.01000334	      0.01000254	      0.55444514	      0.46937777	      0.01001343	      0.01407116	      0.01960636	      0.01521091	     -0.36942955	     -0.06672219	     -0.05262623	      0.40036354	     -0.05250597	     -0.10769974	     -0.00677583	     -0.00453742	      0.04949510	     -0.00095747	      0.01451092	      0.00973680	      0.05848605	     -0.04391347	     -0.19222597	     -0.00012089	      0.01182783	     -0.01839955	     -0.75288089	     -1.00140622	     -0.50918896	     -0.05577251	      0.29413605	     -0.05466070	     -0.09936734	     -0.04201800	     -0.02122512	     -0.05415181	     -0.09329732	     -0.01234694	     -0.03629008	      0.01952772	     -0.00026480	      0.00193993	     -0.00315486
      0.49444444	      0.01119875	      0.01002659	      0.07531716	      0.25519449	      0.01055612	      0.01003063	      0.01003091	      0.01038134	      0.20024113	      0.13810374	      0.01288487	      0.01004863	      0.01000534	      0.01000282	      0.01000492	      0.01000345	      0.01000767	      0.72123915	      0.16459970	      0.01001797	      0.24768965	      0.09850838	      0.01022610	      0.01004432	      0.21465908	      0.01002807	      0.01001130	      0.01001074	      0.01069946	      0.01000679	      0.01004257	      0.51784514	      0.11476892	      0.01000152	      0.01809371	      0.79091284	      0.02450523	      0.06047974	      0.18694377	      0.09783605	      0.01001091	      0.01000661	      0.01000286	      0.01000173	      0.01000495	      0.39608349	      0.01000138	      0.01096144	      0.42933173	      0.13507733	      0.01002670	      0.01001154	      0.01000449	      0.01000199	      0.01000243	      0.01000139	      0.01000154	      0.01000128	      0.01000742	      0.51969656	      0.01000354	      0.01002958	      0.55487792	      0.01001037	      0.58723707	      0.19158953	      0.36251170	      0.99997086	      0.99999377	      0.99999892	      0.88256298	      0.01000060	      0.01000200	      0.01000118	      0.52477001	      0.49325955	      0.01000648	      0.01218755	      0.01900941	      0.01320918	     -0.33594519	     -0.04964102	     -0.04760030	      0.33297353	     -0.03686511	     -0.08911441	     -0.00550998	     -0.00217366	      0.04660266	     -0.00093302	      0.01437011	      0.00922809	      0.04507037	     -0.03639752	     -0.14422644	     -0.00011325	      0.01216020	     -0.01784346	     -0.75916785	     -0.99022395	     -0.50941772	     -0.05736591	      0.29379655	     -0.05726734	     -0.09960117	     -0.04311573	     -0.02044737	     -0.05673847	     -0.09685607	     -0.01325680	     -0.03803774	      0.02099227	     -0.00026663	      0.00213132	     -0.00331614
      0.50000000	      0.01060867	      0.01002573	      0.07638628	      0.24116092	      0.01068564	      0.01003249	      0.01004588	      0.01038557	      0.19673958	      0.13446691	      0.01248339	      0.01004978	      0.01000544	      0.01000286	      0.01000566	      0.01000399	      0.01000907	      0.64506176	      0.15110209	      0.01002106	      0.21853135	      0.08616793	      0.01025980	      0.01004793	      0.17805099	      0.01002908	      0.01001168	      0.01001223	      0.01024698	      0.01000725	      0.01004510	      0.50679584	      0.11425941	      0.01000155	      0.01281928	      0.76768312	      0.01900321	      0.05872334	      0.18164515	      0.09499896	      0.01001095	      0.01000675	      0.01000266	      0.01000160	      0.01000468	      0.43362297	      0.01000125	      0.01078795	      0.43657008	      0.13962735	      0.01002685	      0.01001152	      0.01000439	      0.01000193	      0.01000216	      0.01000126	      0.01000140	      0.01000119	      0.01000659	      0.50721530	      0.01000334	      0.01002628	      0.57745270	      0.01000977	      0.66953913	      0.18784756	      0.35248190	      0.99998023	      0.99999480	      0.99999900	      0.94281234	      0.01000055	      0.01000185	      0.01000116	      0.56304744	      0.51809926	      0.01000652	      0.01543701	      0.03925897	      0.02239695	     -0.33509797	     -0.03566943	     -0.04318831	      0.31919844	     -0.03361177	     -0.06571583	     -0.00532936	     -0.00197479	      0.04187136	     -0.00090646	      0.01404176	      0.00884571	      0.04894358	     -0.03859840	     -0.15246515	     -0.00024125	      0.01254842	     -0.01758795	     -0.77341993	     -0.97857935	     -0.51150389	     -0.05940170	      0.29108533	     -0.05973873	     -0.09938241	     -0.04402076	     -0.01977471	     -0.05896113	     -0.09282714	     -0.01534824	     -0.03601790	      0.02176211	     -0.00020676	      0.00221182	     -0.00307635
      0.50555556	      0.01013151	      0.01001862	      0.06877410	      0.24592787	      0.01031017	      0.01002668	      0.01005062	      0.01132995	      0.19446899	      0.13458790	      0.01554471	      0.01007800	      0.01000549	      0.01000288	      0.01000592	      0.01000413	      0.01000902	      0.69392966	      0.18722889	      0.01002533	      0.22923877	      0.09703004	      0.01265702	      0.01004265	      0.16166655	      0.01002882	      0.01001137	      0.01001269	      0.01013035	      0.01000682	      0.01004352	      0.55324086	      0.12263614	      0.01000156	      0.01660137	      0.77053324	      0.02658407	      0.05947053	      0.18402167	      0.09617061	      0.01001002	      0.01000601	      0.01000191	      0.01000111	      0.01000360	      0.76642802	      0.01000087	      0.01218265	      0.44577825	      0.14208093	      0.01002639	      0.01001132	      0.01000446	      0.01000178	      0.01000141	      0.01000084	      0.01000098	      0.01000076	      0.01000388	      0.65104054	      0.01000214	      0.01001259	      0.77602319	      0.01000742	      0.93364493	      0.19287593	      0.36234095	      0.99999432	      0.99999747	      0.99999934	      0.99998721	      0.01000037	      0.01000127	      0.01000114	      0.65218746	      0.52589217	      0.01000641	      0.02150859	      0.05806841	      0.03285659	     -0.34503459	     -0.03529218	     -0.04679899	      0.38410993	     -0.05233809	     -0.07753888	     -0.00595115	     -0.00294844	      0.04255097	     -0.00091745	      0.01406055	      0.00912369	      0.07176177	     -0.05215982	     -0.22676507	     -0.00035868	      0.01275454	     -0.01799866	     -0.79015505	     -0.98491281	     -0.51807616	     -0.06122947	      0.29220130	     -0.06186730	     -0.10069206	     -0.04520755	     -0.02043944	     -0.06076281	     -0.08550503	     -0.01722220	     -0.03214343	      0.02190179	     -0.00012563	      0.00221410	     -0.00264120
      0.51111111	      0.02586889	      0.01006242	      0.08830562	      0.25798398	      0.01732658	      0.01004602	      0.01003493	      0.01128375	      0.19642711	      0.13558805	      0.01525122	      0.01008100	      0.01000550	      0.01000290	      0.01000497	      0.01000349	      0.01000801	      0.66667545	      0.14435990	      0.01001805	      0.22767303	      0.08648310	      0.01046185	      0.01005676	      0.20956320	      0.01002905	      0.01001149	      0.01001110	      0.01491927	      0.01000698	      0.01004312	      0.50993563	      0.11477892	      0.01000157	      0.01400436	      0.77596749	      0.02460865	      0.05968140	      0.18480970	      0.09650895	      0.01001039	      0.01000618	      0.01000216	      0.01000126	      0.01000399	      0.64009314	      0.01000099	      0.01217897	      0.45164108	      0.14435916	      0.01002623	      0.01001122	      0.01000432	      0.01000180	      0.01000158	      0.01000095	      0.01000110	      0.01000088	      0.01000464	      0.61373691	      0.01000248	      0.01001533	      0.70158097	      0.01000817	      0.80823321	      0.19415774	      0.36411333	      0.99999226	      0.99999681	      0.99999922	      0.99997539	      0.01000042	      0.01000145	      0.01000113	      0.58892395	      0.53599038	      0.01000637	      0.02145429	      0.05773516	      0.03271179	     -0.35273376	     -0.03368714	     -0.04618776	      0.34633183	     -0.03534614	     -0.07010579	     -0.00524364	     -0.00142367	      0.04524455	     -0.00092005	      0.01412597	      0.00909316	      0.06231822	     -0.04683585	     -0.19830462	     -0.00035789	      0.01296076	     -0.01810562	     -0.79324148	     -0.99416276	     -0.52588439	     -0.06264833	      0.29500559	     -0.06298539	     -0.10189829	     -0.04594133	     -0.02141264	     -0.06159847	     -0.08666129	     -0.01760434	     -0.03271726	      0.02261044	     -0.00011270	      0.00229953	     -0.00269086
      0.51666667	      0.04672381	      0.01004684	      0.09464910	      0.26179621	      0.02453809	      0.01004108	      0.01003163	      0.01054433	      0.19264882	      0.13351346	      0.01352446	      0.01005179	      0.01000559	      0.01000296	      0.01000480	      0.01000339	      0.01000791	      0.65537134	      0.13408574	      0.01001698	      0.22429098	      0.08278369	      0.01017188	      0.01005240	      0.21847293	      0.01002940	      0.01001181	      0.01001088	      0.02100274	      0.01000705	      0.01004355	      0.50299878	      0.11360935	      0.01000160	      0.01157049	      0.76523153	      0.02569099	      0.05822853	      0.18049918	      0.09418693	      0.01001073	      0.01000626	      0.01000219	      0.01000126	      0.01000408	      0.65342388	      0.01000099	      0.01089891	      0.46010934	      0.14781172	      0.01002592	      0.01001106	      0.01000420	      0.01000176	      0.01000154	      0.01000095	      0.01000111	      0.01000088	      0.01000459	      0.61904644	      0.01000245	      0.01001451	      0.69454639	      0.01000826	      0.78280428	      0.19569322	      0.36611673	      0.99999215	      0.99999678	      0.99999920	      0.99997397	      0.01000042	      0.01000145	      0.01000110	      0.54940996	      0.55144515	      0.01000629	      0.02303769	      0.06472285	      0.03665313	     -0.36912203	     -0.02910956	     -0.05213016	      0.34605035	     -0.02554823	     -0.07284410	     -0.00505392	     -0.00099226	      0.04566988	     -0.00089710	      0.01385593	      0.00896191	      0.06172233	     -0.04628767	     -0.19871182	     -0.00040314	      0.01327544	     -0.01828033	     -0.79056599	     -0.99154071	     -0.53281640	     -0.06353355	      0.29868922	     -0.06292434	     -0.10216670	     -0.04593099	     -0.02185348	     -0.06152767	     -0.08883496	     -0.01854637	     -0.03441964	      0.02224114	     -0.00014486	      0.00224107	     -0.00288593
      0.52222222	      0.01014967	      0.01001899	      0.07529830	      0.27722806	      0.01027623	      0.01002594	      0.01003608	      0.01134824	      0.18577428	      0.13288108	      0.01682483	      0.01008190	      0.01000582	      0.01000307	      0.01000479	      0.01000332	      0.01000724	      0.79967150	      0.22482294	      0.01002061	      0.25995054	      0.11291188	      0.01326814	      0.01004134	      0.19112939	      0.01002852	      0.01001130	      0.01001075	      0.01019446	      0.01000607	      0.01004204	      0.62092916	      0.13448511	      0.01000167	      0.01664901	      0.76756864	      0.04320854	      0.05868311	      0.18198296	      0.09488652	      0.10356739	      0.28131042	      0.01000018	      0.01000009	      0.01000045	      0.99999960	      0.01000007	      0.01175361	      0.50628790	      0.16194390	      0.01002421	      0.01001013	      0.05622249	      0.01000056	      0.01000009	      0.01000006	      0.01000008	      0.01000005	      0.01000023	      0.99999411	      0.01000016	      0.01000063	      0.99999908	      0.01000091	      0.99999960	      0.21808961	      0.40937901	      0.99999974	      0.99999987	      0.99999995	      0.99999968	      0.01000002	      0.01000010	      0.01000100	      0.99999844	      0.60153189	      0.01000573	      0.03037966	      0.08648287	      0.04896353	     -0.40734078	     -0.04151810	     -0.06786077	      0.44991605	     -0.04832454	     -0.09596093	     -0.00658617	     -0.00338390	      0.04881212	     -0.00090241	      0.01376375	      0.00949993	      0.85987622	     -0.46286950	     -2.53160474	     -0.00054098	      0.01458290	     -0.02034765	     -0.79915226	     -0.99078320	     -0.53755359	     -0.06429934	      0.30299779	     -0.06366815	     -0.10354317	     -0.04651810	     -0.02250873	     -0.06231433	     -0.08266184	     -0.02191487	     -0.03195437	      0.02107991	     -0.00012102	      0.00207946	     -0.00263185
      0.52777778	      0.01005699	      0.01001501	      0.07154946	      0.29002016	      0.01007533	      0.01002123	      0.01003173	      0.01040041	      0.18844565	      0.13631492	      0.01560657	      0.01005533	      0.01000559	      0.01000296	      0.01000466	      0.01000320	      0.01000664	      0.88119415	      0.25661285	      0.01002250	      0.28502837	      0.12763442	      0.01279968	      0.01003354	      0.21360332	      0.01002761	      0.01001114	      0.01001043	      0.01008592	      0.01000568	      0.01003742	      0.64283075	      0.13571678	      0.01000160	      0.01889892	      0.78930588	      0.05058709	      0.06030581	      0.18722400	      0.09752809	      0.01000937	      0.31377047	      0.01000011	      0.01000005	      0.01000025	      0.99999974	      0.01000004	      0.01042283	      0.67306308	      0.21902777	      0.01001803	      0.01000755	      0.27370466	      0.01000037	      0.01000005	      0.01000003	      0.01000004	      0.01000003	      0.01000014	      0.97878881	      0.01000011	      0.01000044	      0.99999946	      0.01000052	      0.99999980	      0.28175801	      0.52496131	      0.99999983	      0.99999993	      0.99999998	      0.99999981	      0.01000001	      0.01000006	      0.01000072	      0.99999945	      0.82533815	      0.01000431	      0.04348265	      0.12642729	      0.07156666	     -0.42115902	     -0.05834373	     -0.08442188	      0.46276135	     -0.04185886	     -0.12969788	     -0.00694370	     -0.00393197	      0.05290158	     -0.00092568	      0.01412705	      0.00995772	      1.40014205	     -0.77774385	     -3.84540580	     -0.00079263	      0.01987531	     -0.02646732	     -0.80979564	     -1.00071144	     -0.54861146	     -0.06423781	      0.31344420	     -0.06555359	     -0.10758979	     -0.04829235	     -0.02418943	     -0.06442323	     -0.08129641	     -0.02470742	     -0.03184002	      0.02015304	     -0.00014045	      0.00195461	     -0.00262583
      0.53333333	      0.01762843	      0.01002780	      0.09147445	      0.29301121	      0.01127266	      0.01002984	      0.01002435	      0.01038938	      0.18924099	      0.13542654	      0.01439411	      0.01005384	      0.01000561	      0.01000298	      0.01000417	      0.01000290	      0.01000638	      0.81361130	      0.20258267	      0.01001695	      0.26925477	      0.11079215	      0.01030278	      0.01004080	      0.24886411	      0.01002830	      0.01001138	      0.01000959	      0.01569725	      0.01000601	      0.01003866	      0.57748253	      0.12400964	      0.01000161	      0.01320009	      0.78190097	      0.04355231	      0.05932067	      0.18428734	      0.09591220	      0.42834600	      0.04352592	      0.01000029	      0.01000014	      0.01000076	      0.99999946	      0.01000011	      0.01061486	      0.47598808	      0.15197286	      0.01002436	      0.01001037	      0.01001862	      0.01000070	      0.01000013	      0.01000009	      0.01000013	      0.01000007	      0.01000033	      0.99999628	      0.01000022	      0.01000078	      0.99999854	      0.01000143	      0.99999923	      0.20927062	      0.39470045	      0.99999963	      0.99999981	      0.99999993	      0.99999951	      0.01000004	      0.01000016	      0.01000102	      0.89185788	      0.56198972	      0.01000589	      0.02440836	      0.06991817	      0.03970483	     -0.40868226	     -0.05845838	     -0.09127366	      0.39853890	     -0.01595346	     -0.13609673	     -0.00598654	     -0.00215519	      0.05333611	     -0.00090821	      0.01405141	      0.00967186	      0.57643294	     -0.30267231	     -1.86020339	     -0.00043906	      0.01385124	     -0.01952746	     -0.81546276	     -0.99467425	     -0.55730685	     -0.06425947	      0.32102517	     -0.06735048	     -0.11038213	     -0.04966077	     -0.02502234	     -0.06645380	     -0.08422073	     -0.02771903	     -0.03416504	      0.01981654	     -0.00019476	      0.00190263	     -0.00288005
      0.53888889	      0.01525961	      0.01002694	      0.09478280	      0.28888354	      0.01180766	      0.01003075	      0.01002938	      0.01034151	      0.17889334	      0.12898085	      0.01465908	      0.01005655	      0.01000589	      0.01000313	      0.01000441	      0.01000308	      0.01000688	      0.77002904	      0.19625575	      0.01001829	      0.25173384	      0.10351414	      0.01025139	      0.01004249	      0.22647297	      0.01002942	      0.01001185	      0.01001010	      0.01225995	      0.01000609	      0.01003948	      0.58348990	      0.12708082	      0.01000169	      0.01113695	      0.74559504	      0.04558620	      0.05696186	      0.17706533	      0.09207065	      0.24028613	      0.21309000	      0.01000013	      0.01000007	      0.01000034	      0.99999971	      0.01000005	      0.01038140	      0.61339552	      0.20225592	      0.01001964	      0.01000817	      0.17613939	      0.01000041	      0.01000009	      0.01000004	      0.01000005	      0.01000004	      0.01000017	      0.99999573	      0.01000012	      0.01000045	      0.99999934	      0.01000066	      0.99999972	      0.25333742	      0.47022998	      0.99999980	      0.99999991	      0.99999997	      0.99999977	      0.01000001	      0.01000008	      0.01000077	      0.99999884	      0.76874289	      0.01000470	      0.03797123	      0.11005556	      0.06246036	     -0.37678563	     -0.05067284	     -0.10646206	      0.43031866	     -0.02127341	     -0.13660083	     -0.00596500	     -0.00202617	      0.05087971	     -0.00086975	      0.01341329	      0.00936301	      1.15370801	     -0.62824371	     -3.39161659	     -0.00069345	      0.01855967	     -0.02395118	     -0.82072257	     -0.97192832	     -0.55947808	     -0.06494463	      0.32233328	     -0.06739441	     -0.11032364	     -0.04943066	     -0.02442056	     -0.06671764	     -0.08074756	     -0.03251406	     -0.03318954	      0.01917102	     -0.00020043	      0.00180112	     -0.00276572
      0.54444444	      0.02335028	      0.01004632	      0.09615660	      0.26354002	      0.01813963	      0.01004548	      0.01003498	      0.01077139	      0.17310332	      0.12254410	      0.01402268	      0.01006762	      0.01000624	      0.01000330	      0.01000471	      0.01000332	      0.01000790	      0.64504445	      0.16032246	      0.01001782	      0.20950303	      0.08326107	      0.01048001	      0.01005843	      0.18951952	      0.01003149	      0.01001255	      0.01001086	      0.01269690	      0.01000679	      0.01004510	      0.53271436	      0.11894268	      0.01000178	      0.01069391	      0.70480534	      0.03360052	      0.05397363	      0.16782721	      0.08719562	      0.47043946	      0.08866586	      0.01000028	      0.01000014	      0.01000075	      0.99999946	      0.01000011	      0.01097184	      0.48562491	      0.16102530	      0.01002493	      0.01001031	      0.01001428	      0.01000067	      0.01000018	      0.01000008	      0.01000012	      0.01000007	      0.01000032	      0.99999510	      0.01000022	      0.01000077	      0.99999852	      0.01000138	      0.99999929	      0.19916814	      0.36881031	      0.99999961	      0.99999981	      0.99999993	      0.99999952	      0.01000004	      0.01000016	      0.01000096	      0.99236023	      0.61426939	      0.01000595	      0.02727216	      0.07807846	      0.04443348	     -0.34014918	     -0.04015838	     -0.11645168	      0.38597501	     -0.01314089	     -0.13571545	     -0.00533555	     -0.00136270	      0.04420190	     -0.00082184	      0.01277711	      0.00858507	      0.58632595	     -0.31058327	     -1.86088057	     -0.00049323	      0.01482812	     -0.01885188	     -0.81277906	     -0.94195425	     -0.54948860	     -0.06427428	      0.31785816	     -0.06479484	     -0.10651840	     -0.04723925	     -0.02218280	     -0.06473958	     -0.08245537	     -0.03608444	     -0.03461071	      0.01874822	     -0.00026215	      0.00173058	     -0.00290205
      0.55000000	      0.01017136	      0.01002452	      0.07494308	      0.20871309	      0.01122408	      0.01003905	      0.01412920	      0.01120892	      0.17311385	      0.11546725	      0.01298506	      0.01012152	      0.01000695	      0.01000359	      0.01000815	      0.01000577	      0.01001434	      0.48248892	      0.14693201	      0.01003813	      0.14782256	      0.06293383	      0.01231337	      0.01006338	      0.08907042	      0.01003855	      0.01001454	      0.01001735	      0.01008712	      0.01000832	      0.01005318	      0.48914821	      0.11089462	      0.01000197	      0.01050796	      0.65400627	      0.01280687	      0.05013658	      0.15589573	      0.08092372	      0.17830146	      0.04281324	      0.01000054	      0.01000028	      0.01000138	      0.99999872	      0.01000021	      0.01127371	      0.48318883	      0.16521868	      0.01002565	      0.01001053	      0.01000526	      0.01000096	      0.01000035	      0.01000017	      0.01000023	      0.01000015	      0.01000063	      0.71192228	      0.01000045	      0.01000157	      0.99999569	      0.01000254	      0.99999859	      0.18421852	      0.33394511	      0.99999912	      0.99999961	      0.99999985	      0.99999896	      0.01000008	      0.01000031	      0.01000094	      0.86030444	      0.64636579	      0.01000619	      0.03356438	      0.09614442	      0.05472073	     -0.32798205	     -0.02651059	     -0.12555822	      0.33644250	      0.00597384	     -0.12699774	     -0.00498916	     -0.00192805	      0.03115052	     -0.00076144	      0.01205379	      0.00703570	      0.30527631	     -0.16487102	     -0.93037387	     -0.00061020	      0.01525092	     -0.01765109	     -0.80465590	     -0.89947647	     -0.53307916	     -0.06281899	      0.30863625	     -0.06084821	     -0.09927090	     -0.04377200	     -0.01814195	     -0.06186053	     -0.08555889	     -0.03786116	     -0.03672812	      0.01910709	     -0.00031207	      0.00175840	     -0.00312814
      0.55555556	      0.01001625	      0.01000885	      0.01347405	      0.16328414	      0.01002933	      0.01001716	      0.13317853	      0.01045974	      0.16089889	      0.10849171	      0.01172622	      0.01006580	      0.01000695	      0.01000361	      0.01003543	      0.01002000	      0.01002501	      0.55902491	      0.28051889	      0.11526119	      0.14928587	      0.09410174	      0.04846370	      0.01003439	      0.01009333	      0.01003842	      0.01001519	      0.01004447	      0.01002144	      0.01000816	      0.01005462	      0.58698550	      0.12174906	      0.01000195	      0.01213559	      0.61577125	      0.01231070	      0.04956274	      0.15434548	      0.08004719	      0.01000012	      0.01000010	      0.01000002	      0.01000001	      0.01000004	      0.99999967	      0.01000000	      0.01020580	      0.99998999	      0.58375717	      0.01001128	      0.01000403	      0.44135949	      0.01000012	      0.01000001	      0.01000000	      0.01000000	      0.01000001	      0.01000007	      0.04115368	      0.01000006	      0.57594123	      0.99999990	      0.01000009	      0.99999997	      0.30596754	      0.41921301	      0.99999994	      0.99999998	      1.00000000	      0.99999995	      0.01000000	      0.01000001	      0.01000028	      0.99999996	      0.99999709	      0.01000263	      0.08049842	      0.23355829	      0.13295340	     -0.38657383	     -0.02281851	     -0.14046803	      0.41315832	      0.00931541	     -0.12635776	     -0.00681058	     -0.00658479	      0.02330236	     -0.00075227	      0.01135088	      0.00682060	      4.61981077	     -3.70274407	     -9.41238792	     -0.00148991	      0.05438857	     -0.03391064	     -0.81534865	     -0.87014538	     -0.51775001	     -0.06328803	      0.30000291	     -0.05819360	     -0.09185718	     -0.04072758	     -0.01312597	     -0.06043436	     -0.07673547	     -0.04025074	     -0.03258264	      0.01898715	     -0.00023111	      0.00170325	     -0.00269436
      0.56111111	      0.01000927	      0.01000537	      0.01011874	      0.17857313	      0.01001595	      0.01001059	      0.20352568	      0.01150533	      0.15013980	      0.10657088	      0.01587617	      0.01010353	      0.01000712	      0.01000370	      0.04563025	      0.01035597	      0.01002119	      0.80268173	      0.45165216	      0.27107587	      0.20720948	      0.14767867	      0.09328736	      0.01002236	      0.01004183	      0.01003559	      0.01001430	      0.01022218	      0.01001326	      0.01000621	      0.01004554	      0.79279465	      0.15505315	      0.01000200	      0.02746812	      0.61186675	      0.03164660	      0.05175035	      0.16117246	      0.08350877	      0.01000003	      0.60808784	      0.01000000	      0.01000000	      0.01000000	      0.01000020	      0.01000000	      0.01041517	      0.99999428	      0.73252274	      0.01000951	      0.01000333	      0.44085258	      0.01000003	      0.01000000	      0.01000000	      0.01000000	      0.01000000	      0.01000000	      0.01000000	      0.01000006	      0.99999994	      0.99999996	      0.01000001	      1.00000000	      0.34163187	      0.43126669	      0.99999997	      1.00000000	      1.00000000	      1.00000000	      0.01000000	      0.01000000	      0.01000022	      1.00000000	      0.99999798	      0.01000221	      0.10435080	      0.30254947	      0.17244317	     -0.48333691	     -0.03061896	     -0.15626685	      0.57857102	      0.00826653	     -0.14036025	     -0.00965071	     -0.01145626	      0.02760234	     -0.00078404	      0.01120101	      0.00760211	     23.31621843	    -16.24033629	    -20.73717210	     -0.00193639	      0.06840122	     -0.03897693	     -0.83702091	     -0.87871767	     -0.50688705	     -0.06463304	      0.29607972	     -0.05717049	     -0.08646573	     -0.03886280	     -0.00876096	     -0.06062514	     -0.06166116	     -0.04356565	     -0.02489019	      0.01895348	     -0.00007682	      0.00164708	     -0.00187057
      0.56666667	      0.01000731	      0.01000428	      0.01005956	      0.19583546	      0.01001239	      0.01000845	      0.23471613	      0.01024037	      0.14778640	      0.10670311	      0.01239538	      0.01006629	      0.01000709	      0.01000369	      0.10544352	      0.01087398	      0.01001660	      0.97075513	      0.56186857	      0.35876175	      0.24924935	      0.18321631	      0.11997081	      0.01001808	      0.01003371	      0.01003429	      0.01001382	      0.01013229	      0.01001082	      0.01000525	      0.01003959	      0.93096477	      0.17720965	      0.01000199	      0.03881923	      0.61429651	      0.04097245	      0.05307309	      0.16559382	      0.08572397	      0.01000001	      0.75045039	      0.01000000	      0.01000000	      0.01000000	      0.01000004	      0.01000000	      0.01012694	      0.99998132	      0.48759886	      0.01001264	      0.01000461	      0.38123163	      0.01000002	      0.01000000	      0.01000000	      0.01000000	      0.01000000	      0.01000000	      0.01000000	      0.31013121	      0.99999998	      0.99999998	      0.01000000	      1.00000000	      0.29631560	      0.43809900	      0.99999997	      1.00000000	      1.00000000	      1.00000000	      0.01000000	      0.01000000	      0.01000033	      1.00000000	      0.99999589	      0.01000296	      0.11770750	      0.34095246	      0.19457660	     -0.58508060	     -0.03615255	     -0.16331373	      0.60972700	      0.02657437	     -0.14387242	     -0.01153489	     -0.01453595	      0.03211310	     -0.00080164	      0.01127003	      0.00795003	     37.96548655	    -27.02797415	    -25.86134876	     -0.00218511	      0.04553587	     -0.03153166	     -0.85406199	     -0.89057581	     -0.49623809	     -0.06494603	      0.29570945	     -0.05757939	     -0.08276159	     -0.03820605	     -0.00533149	     -0.06233171	     -0.05919255	     -0.04607910	     -0.02378195	      0.01979157	     -0.00004575	      0.00172422	     -0.00175019
      0.57222222	      0.01000381	      0.01000220	      0.01003424	      0.40280348	      0.01000647	      0.01000433	      0.43666170	      0.01031557	      0.13511735	      0.10236425	      0.01645200	      0.01008000	      0.01000731	      0.01000395	      0.05840168	      0.01002041	      0.01000711	      0.99999515	      0.99995494	      0.66384151	      0.50257632	      0.36245022	      0.22868941	      0.01000940	      0.01002161	      0.01003318	      0.01001347	      0.01004355	      0.01000580	      0.01000251	      0.01002090	      0.99999491	      0.36375729	      0.01000208	      0.07091954	      0.59498163	      0.06134016	      0.05078415	      0.15855450	      0.08200833	      0.01000001	      0.99999998	      0.01000000	      0.01000000	      0.01000000	      0.01000004	      0.01000000	      0.01012613	      0.58250974	      0.20025552	      0.01002172	      0.01000880	      0.03537199	      0.01000001	      0.01000000	      0.01000000	      0.01000000	      0.01000000	      0.01000000	      0.01000000	      0.94332034	      0.99999999	      0.99999998	      0.01000000	      1.00000000	      0.22113861	      0.39934019	      0.99999997	      1.00000000	      1.00000000	      1.00000000	      0.01000000	      0.01000000	      0.01000077	      1.00000000	      0.78521953	      0.01000521	      0.11987228	      0.34678676	      0.19817900	     -0.70641124	     -0.03204838	     -0.16695482	      0.70271412	      0.03094307	     -0.13961148	     -0.02260972	     -0.02825581	      0.06834511	     -0.00075700	      0.01087402	      0.00840167	     61.71245879	    -40.62878521	    -36.52435215	     -0.00222361	      0.01857353	     -0.02106359	     -0.86281500	     -0.88110190	     -0.47551500	     -0.06491039	      0.29277565	     -0.05809766	     -0.07849207	     -0.03754319	     -0.00175663	     -0.06418064	     -0.05961867	     -0.04901731	     -0.02421461	      0.01996804	     -0.00006500	      0.00172382	     -0.00179193
      0.57777778	      0.01000020	      0.01000005	      0.01003252	      0.99981442	      0.01000086	      0.01000033	      0.64628941	      0.37925820	      0.43961357	      0.26641582	      0.54460716	      0.40972620	      0.01818899	      0.13492058	      0.11135610	      0.01004231	      0.01000049	      0.99999995	      0.99999977	      0.99999903	      0.99999472	      0.99998650	      0.99994082	      0.01000516	      0.01457293	      0.19265807	      0.19162041	      0.01876815	      0.01000156	      0.01000021	      0.01019735	      0.99999969	      0.99973029	      0.01203195	      0.99975830	      0.84514031	      0.04059713	      0.17501088	      0.04903013	      0.14675539	      0.01000051	      0.99999974	      0.01000003	      0.01000002	      0.01000007	      0.01000000	      0.01000000	      0.38421064	      0.47304294	      0.24302854	      0.18527053	      0.02195394	      0.01132257	      0.01000064	      0.01000002	      0.01000000	      0.01000000	      0.01000008	      0.01000008	      0.01000006	      0.99991858	      0.99999936	      0.99999824	      0.01000020	      0.99999997	      0.23130142	      0.30719162	      0.86362052	      0.99999997	      1.00000000	      0.99999990	      0.01000000	      0.01000002	      0.01000746	      0.99999996	      0.64944222	      0.01566843	      0.20303209	      0.30180259	      0.24065988	     -0.70727516	     -0.10509107	     -0.12196675	      0.67778498	     -0.11514913	     -0.13092237	     -0.59140352	     -0.97717284	      2.13348160	     -0.00021713	      0.01346856	      0.00701598	     68.33944239	    -40.04419347	    -32.61485895	     -0.00246857	      0.01978511	     -0.02218782	     -0.63332210	     -0.74068831	     -0.25410187	     -0.17364709	      0.25239044	      0.00628773	     -0.03111586	      0.03783739	      0.06731911	      0.02752288	     -0.09284553	     -0.07570046	     -0.04879689	      0.06124005	      0.00358129	      0.01331105	     -0.00770553
      0.58333333	      0.01000036	      0.01000011	      0.01000575	      0.99998105	      0.01000088	      0.01000046	      0.33698518	      0.17283042	      0.93109434	      0.61504326	      0.02199620	      0.01009481	      0.01005249	      0.36259268	      0.29235624	      0.01000266	      0.01000048	      0.99999987	      0.99999956	      0.99999881	      0.99999784	      0.99999632	      0.99999175	      0.01000224	      0.01017354	      0.01084215	      0.01000030	      0.01325125	      0.01000149	      0.01000028	      0.01001968	      0.99999958	      0.99997437	      0.01000042	      0.99998530	      0.99995958	      0.01000012	      0.02602389	      0.20487787	      0.09586357	      0.01000015	      0.99999992	      0.01000000	      0.01000000	      0.01000000	      0.01000041	      0.01000000	      0.24302311	      0.28803480	      0.15041859	      0.01719101	      0.01000039	      0.01003576	      0.01000011	      0.01000000	      0.01000000	      0.01000000	      0.01000000	      0.01000000	      0.01000000	      0.99999499	      0.99999992	      0.99999900	      0.01000001	      1.00000000	      0.08211077	      0.02519637	      0.99994121	      1.00000000	      1.00000000	      1.00000000	      0.01000000	      0.01000000	      0.09980274	      1.00000000	      0.61483366	      0.01000021	      0.10302127	      0.20762202	      0.14068337	     -0.76514016	     -0.08434748	     -0.21516684	      0.25029761	     -0.18210017	      0.00164824	     -1.34769640	     -2.26543469	      4.95771777	      0.00145291	      0.02743852	     -0.00228445	     34.26486671	    -21.17259399	    -15.66959069	      0.00167605	      0.01164058	      0.02134233	     -0.31402995	     -0.38315673	     -0.00278107	     -0.05200452	      0.58796069	      0.12925390	      0.05798360	      0.10569370	      0.27479295	      0.00677659	     -0.27789784	     -0.43645498	     -0.23533686	      0.41954285	      0.01758782	      0.08882828	     -0.02256597
      0.58888889	      0.01000018	      0.01000010	      0.01000084	      0.99999878	      0.01000029	      0.01000021	      0.90756206	      0.01297480	      0.99989307	      0.99878103	      0.02156647	      0.01008572	      0.01000590	      0.43169884	      0.58810331	      0.01000055	      0.01000022	      0.99999988	      0.99999979	      0.99999967	      0.99999954	      0.99999940	      0.99999906	      0.01000046	      0.01000370	      0.01005615	      0.01002121	      0.01000910	      0.01000036	      0.01000015	      0.01000159	      0.99999981	      0.99999863	      0.01000270	      0.99999853	      0.99998706	      0.06548482	      0.05428368	      0.16260576	      0.08517529	      0.01000019	      0.99999985	      0.01000001	      0.01000000	      0.01000002	      0.01000024	      0.01000000	      0.01138172	      0.62679013	      0.21901694	      0.01028799	      0.01011563	      0.01000397	      0.01000015	      0.01000000	      0.01000000	      0.01000000	      0.01000003	      0.01000003	      0.01000002	      0.99999971	      0.99999984	      0.99999970	      0.01000006	      0.99999999	      0.23662107	      0.42554686	      0.20426846	      0.99999999	      1.00000000	      0.99999997	      0.01000000	      0.01000000	      0.01000991	      0.99999999	      0.85751881	      0.01006896	      0.16372095	      0.46869831	      0.26941280	     -0.98777867	     -0.00888949	     -0.18420586	      1.00181420	      0.01440724	     -0.09282437	     -4.84843232	     -8.11278936	     17.58766873	     -0.00075186	      0.11484395	      0.07668396	    111.81084117	    -73.31578072	    -46.62610045	     -0.00301059	      0.02050644	     -0.02263988	     -0.89842084	     -0.86000880	     -0.44087672	     -0.06974162	      0.30027333	     -0.06722350	     -0.07817890	     -0.04169725	      0.00209092	     -0.07580485	     -0.07138097	     -0.05227168	     -0.03024923	      0.01844927	     -0.00024542	      0.00151357	     -0.00243279
      0.59444444	      0.01000014	      0.01000007	      0.01000067	      0.99999900	      0.01000022	      0.01000016	      0.39165016	      0.01000059	      0.01000941	      0.07706383	      0.01009971	      0.15336298	      0.01000398	      0.01000021	      0.16039150	      0.01000043	      0.01000017	      0.99999991	      0.99999984	      0.99999974	      0.99999963	      0.99999951	      0.99999923	      0.01000036	      0.01000260	      0.18596383	      0.16486043	      0.01001159	      0.01000028	      0.01000011	      0.01000125	      0.99999985	      0.99999886	      0.01000216	      0.99999873	      0.49330940	      0.30446606	      0.01000107	      0.01000066	      0.01000112	      0.01000009	      0.99999992	      0.01000000	      0.01000000	      0.01000001	      0.01000012	      0.01000000	      0.01018391	      0.10871136	      0.04154633	      0.01413854	      0.09506575	      0.01000189	      0.01000008	      0.01000000	      0.01000000	      0.01000000	      0.01000001	      0.01000001	      0.01000001	      0.99999986	      0.99999992	      0.99999984	      0.01000003	      1.00000000	      0.03821669	      0.01001357	      0.99969420	      1.00000000	      1.00000000	      0.99999999	      0.01000000	      0.01000000	      0.01000260	      1.00000000	      0.35559653	      0.25844205	      0.01003519	      0.06222886	      0.01002099	     -0.37274457	      0.01482848	     -0.33461003	      0.10960146	     -0.27728935	      0.20792753	     -0.24248357	     -0.33992584	      0.74042534	     -0.00498422	      0.01668104	      0.03243473	      7.14826912	     -4.19008162	     -2.70062548	      0.00275077	     -0.00052828	      0.01229121	     -0.31628732	     -0.49135534	     -0.05950679	     -0.14757774	     -1.08483984	      0.05115380	     -0.06269845	     -0.04505878	     -0.78752643	      0.48349322	     -0.54840416	     -0.70451761	     -0.43890384	      0.55654096	      0.03457372	      0.11056934	     -0.04259729
      0.60000000	      0.01000100	      0.01000057	      0.01000612	      0.88990821	      0.01000171	      0.01000118	      0.74490989	      0.01222955	      0.14710325	      0.08898344	      0.01232329	      0.01014738	      0.01000782	      0.01000512	      0.37407445	      0.01000591	      0.01000161	      0.99999908	      0.99999824	      0.99999676	      0.99999167	      0.99997585	      0.79687456	      0.01000262	      0.01000836	      0.01005406	      0.01001930	      0.01010673	      0.01000183	      0.01000077	      0.01000776	      0.99999885	      0.83539838	      0.01000237	      0.34732762	      0.48596569	      0.01098289	      0.03541031	      0.10883935	      0.05612496	      0.01000001	      1.00000000	      0.01000000	      0.01000000	      0.01000000	      0.01000002	      0.01000000	      0.01027037	      0.55789215	      0.20910277	      0.01002464	      0.01000946	      0.01000034	      0.01000000	      0.01000000	      0.01000000	      0.01000000	      0.01000000	      0.01000000	      0.01000000	      0.99999997	      0.99999999	      0.99999998	      0.01000000	      1.00000000	      0.16905254	      0.27994551	      0.12994797	      1.00000000	      1.00000000	      1.00000000	      0.01000000	      0.01000000	      0.01000073	      1.00000000	      0.86767269	      0.01000591	      0.14255279	      0.40957922	      0.23540167	     -0.90832216	      0.00350293	     -0.19767443	      0.86765139	      0.01113861	     -0.12556157	     -0.06823151	     -0.10051291	      0.21678004	     -0.00052428	      0.00957755	      0.00447415	     86.18027432	    -56.33581082	    -38.59133729	     -0.00263486	      0.01980557	     -0.01696573	     -0.87389136	     -0.76917556	     -0.40095368	     -0.06469845	      0.29884553	     -0.06677897	     -0.07482529	     -0.04145673	      0.00396103	     -0.07764478	     -0.12302372	     -0.05081767	     -0.05822160	      0.02747452	     -0.00057960	      0.00283510	     -0.00543658
      0.60555556	      0.01000290	      0.01000162	      0.01003064	      0.42688535	      0.01000535	      0.01000346	      0.63257841	      0.01157455	      0.25410584	      0.09869369	      0.01005655	      0.01002122	      0.01000613	      0.01000348	      0.30985146	      0.09038614	      0.01000785	      0.99999456	      0.99997122	      0.82091426	      0.45743304	      0.35275742	      0.24443681	      0.01000782	      0.01001331	      0.02618409	      0.01423538	      0.01113191	      0.01000465	      0.01000195	      0.01001873	      0.99999596	      0.41663486	      0.01000171	      0.02464607	      0.45564828	      0.01001399	      0.03425363	      0.10631200	      0.05475432	      0.01000002	      0.99999999	      0.01000000	      0.01000000	      0.01000000	      0.01000004	      0.01000000	      0.01021171	      0.53108197	      0.20574452	      0.01002704	      0.01001016	      0.01000043	      0.01000001	      0.01000000	      0.01000000	      0.01000000	      0.01000000	      0.01000000	      0.01000000	      0.99999991	      0.99999998	      0.99999996	      0.01000000	      1.00000000	      0.14242910	      0.22255047	      0.36900810	      1.00000000	      1.00000000	      1.00000000	      0.01000000	      0.01000000	      0.01000075	      1.00000000	      0.87198461	      0.01000650	      0.12863635	      0.36939337	      0.21254996	     -0.84860111	      0.00493343	     -0.20429565	      0.79878176	     -0.01038551	     -0.14597524	     -0.02675154	     -0.03317131	      0.07121912	     -0.00050933	      0.01049523	     -0.00474696	     69.78725010	    -44.70801513	    -33.31997421	     -0.00238756	      0.01952590	     -0.01474161	     -0.84881056	     -0.75267112	     -0.37789658	     -0.06397397	      0.29562119	     -0.06808638	     -0.07305305	     -0.04176218	      0.00524921	     -0.07961164	     -0.16604438	     -0.04382061	     -0.08037193	      0.02845857	     -0.00103656	      0.00302984	     -0.00783085
      0.61111111	      0.01000391	      0.01000220	      0.01004321	      0.31544369	      0.01000723	      0.01000469	      0.51194256	      0.01028863	      0.26695617	      0.10047961	      0.01005033	      0.01001967	      0.01000604	      0.01000337	      0.29563486	      0.16562442	      0.01001229	      0.99998435	      0.83941790	      0.62520489	      0.31402843	      0.24655778	      0.17745873	      0.01001054	      0.01001627	      0.03632357	      0.02991633	      0.01285711	      0.01000617	      0.01000263	      0.01002504	      0.99999231	      0.31279488	      0.01000166	      0.01066081	      0.45619596	      0.01001289	      0.03346759	      0.10446998	      0.05377609	      0.01000002	      0.99999999	      0.01000000	      0.01000000	      0.01000000	      0.01000004	      0.01000000	      0.01012322	      0.52460245	      0.20659422	      0.01002796	      0.01001039	      0.01000045	      0.01000001	      0.01000000	      0.01000000	      0.01000000	      0.01000000	      0.01000000	      0.01000000	      0.99999990	      0.99999998	      0.99999995	      0.01000000	      1.00000000	      0.13211651	      0.19943735	      0.56126304	      1.00000000	      1.00000000	      1.00000000	      0.01000000	      0.01000000	      0.01000075	      1.00000000	      0.88382225	      0.01000673	      0.12214940	      0.35054419	      0.20196163	     -0.81789542	      0.00207039	     -0.21293145	      0.72071587	     -0.01950598	     -0.16724942	     -0.02000189	     -0.02449925	      0.05045116	     -0.00050014	      0.01067475	     -0.00567077	     63.08794780	    -41.10966021	    -30.52770787	     -0.00228008	      0.01960482	     -0.01391321	     -0.86000657	     -0.76445675	     -0.38485751	     -0.06817592	      0.30137385	     -0.07441920	     -0.07747937	     -0.04527432	      0.00433031	     -0.08573851	     -0.20251781	     -0.03896447	     -0.09927500	      0.02827548	     -0.00146268	      0.00303951	     -0.00986966
      0.61666667	      0.01000407	      0.01000227	      0.01004662	      0.30896424	      0.01000748	      0.01000484	      0.51184449	      0.01029537	      0.24629738	      0.09351915	      0.01005469	      0.01002134	      0.01000653	      0.01000365	      0.28786396	      0.16107483	      0.01001280	      0.99997934	      0.80853993	      0.61328956	      0.29213971	      0.23089910	      0.16967765	      0.01001081	      0.01001653	      0.03084992	      0.01889253	      0.01276515	      0.01000638	      0.01000265	      0.01002571	      0.99999184	      0.30562531	      0.01000179	      0.01024427	      0.42640134	      0.01001413	      0.03231501	      0.10092333	      0.05191822	      0.01000001	      0.99999998	      0.01000000	      0.01000000	      0.01000000	      0.01000002	      0.01000000	      0.01012273	      0.54044972	      0.21361883	      0.01002723	      0.01001008	      0.01000040	      0.01000001	      0.01000000	      0.01000000	      0.01000000	      0.01000000	      0.01000000	      0.01000000	      0.99999996	      0.99999999	      0.99999997	      0.01000000	      1.00000000	      0.13514749	      0.20319313	      0.74164225	      1.00000000	      1.00000000	      1.00000000	      0.01000000	      0.01000000	      0.01000072	      1.00000000	      0.91487068	      0.01000654	      0.12234732	      0.35085558	      0.20239866	     -0.81914450	      0.01419082	     -0.22095596	      0.72622347	     -0.01422730	     -0.16184598	     -0.01959305	     -0.02378728	      0.04909829	     -0.00047722	      0.00996521	     -0.00501943	     63.23939491	    -43.26601499	    -29.75235253	     -0.00229117	      0.02029617	     -0.01428213	     -0.88143192	     -0.79097133	     -0.40731830	     -0.07430240	      0.31253352	     -0.08243184	     -0.08438791	     -0.04994978	      0.00246233	     -0.09330718	     -0.21783343	     -0.03874103	     -0.10772020	      0.02846789	     -0.00165379	      0.00304910	     -0.01078260
      0.62222222	      0.01000479	      0.01000266	      0.01006190	      0.26979502	      0.01000888	      0.01000570	      0.47852304	      0.01029535	      0.21026922	      0.08081642	      0.01006423	      0.01002510	      0.01000760	      0.01000425	      0.27658606	      0.18999460	      0.01001759	      0.99597437	      0.67631812	      0.52877219	      0.23258426	      0.18557986	      0.14080965	      0.01001268	      0.01001789	      0.02308813	      0.01101169	      0.01634567	      0.01000736	      0.01000301	      0.01002953	      0.99998725	      0.26958060	      0.01000207	      0.01013671	      0.37074075	      0.01001690	      0.02910302	      0.09111230	      0.04680271	      0.01000001	      0.99999993	      0.01000000	      0.01000000	      0.01000000	      0.01000002	      0.01000000	      0.01012348	      0.55180552	      0.22110728	      0.01002714	      0.01000993	      0.01000037	      0.01000001	      0.01000000	      0.01000000	      0.01000000	      0.01000000	      0.01000000	      0.01000000	      0.99999997	      0.99999999	      0.99999997	      0.01000000	      1.00000000	      0.13081467	      0.19025311	      0.98606548	      1.00000000	      1.00000000	      1.00000000	      0.01000000	      0.01000000	      0.01000070	      1.00000000	      0.95373582	      0.01000651	      0.12091948	      0.34647227	      0.20012710	     -0.83136504	      0.04986391	     -0.22565578	      0.74671032	      0.03840704	     -0.15113064	     -0.01700579	     -0.02015618	      0.04089455	     -0.00042731	      0.00863881	     -0.00404517	     60.86482955	    -43.70611376	    -27.88342661	     -0.00226989	      0.02105979	     -0.01404818	     -0.91357053	     -0.79729730	     -0.44599553	     -0.08025605	      0.32605106	     -0.08909775	     -0.09185135	     -0.05415428	     -0.00013914	     -0.09944566	     -0.19443943	     -0.04817732	     -0.09721174	      0.02928568	     -0.00141098	      0.00307460	     -0.00965489
      0.62777778	      0.01000574	      0.01000321	      0.01006293	      0.20318139	      0.01001057	      0.01000690	      0.39265343	      0.01125189	      0.16285858	      0.06263862	      0.01007123	      0.01003294	      0.01000973	      0.01000545	      0.28147068	      0.22823184	      0.01002350	      0.78556219	      0.54938244	      0.45001081	      0.17998665	      0.14751440	      0.11682813	      0.01001528	      0.01002049	      0.01933176	      0.01326430	      0.03634768	      0.01000887	      0.01000373	      0.01003704	      0.99990655	      0.21035910	      0.01000266	      0.01026557	      0.28726118	      0.01002213	      0.02584027	      0.07888609	      0.04049146	      0.01000001	      0.92140715	      0.01000000	      0.01000000	      0.01000000	      0.01000002	      0.01000000	      0.01016308	      0.55131530	      0.22819707	      0.01002869	      0.01001019	      0.01000036	      0.01000001	      0.01000000	      0.01000000	      0.01000000	      0.01000000	      0.01000000	      0.01000000	      0.99999998	      0.99999999	      0.99999997	      0.01000000	      1.00000000	      0.11084367	      0.14220582	      0.78108211	      1.00000000	      1.00000000	      1.00000000	      0.01000000	      0.01000000	      0.01000068	      1.00000000	      0.99615480	      0.01000688	      0.11808771	      0.33797064	      0.19546912	     -0.85306198	      0.10384312	     -0.22708339	      0.78926141	      0.11688483	     -0.06516092	     -0.01377921	     -0.01674344	      0.03145353	     -0.00037127	      0.00670687	     -0.00311581	     57.79698620	    -42.89686840	    -26.34741882	     -0.00221535	      0.02183794	     -0.01249142	     -0.96983615	     -0.76670373	     -0.50368341	     -0.08543059	      0.34129473	     -0.09459178	     -0.09994184	     -0.05808871	     -0.00342663	     -0.10456255	     -0.11795737	     -0.07079326	     -0.06026203	      0.02980318	     -0.00060019	      0.00297510	     -0.00567460
      0.63333333	      0.01000747	      0.01000416	      0.01013102	      0.16168365	      0.01001437	      0.01000921	      0.35979691	      0.01131608	      0.14646363	      0.05187936	      0.01007857	      0.01003351	      0.01001140	      0.01000642	      0.27206851	      0.27405919	      0.01007420	      0.54409396	      0.39353491	      0.33813093	      0.11870703	      0.09873531	      0.08240368	      0.01002056	      0.01002268	      0.03005947	      0.03930327	      0.03902007	      0.01001108	      0.01000477	      0.01004675	      0.85321043	      0.17468287	      0.01000311	      0.01011886	      0.22720153	      0.01002135	      0.02031981	      0.05856610	      0.03017564	      0.01000001	      0.73044111	      0.01000000	      0.01000000	      0.01000000	      0.01000002	      0.01000000	      0.01018372	      0.56411175	      0.24555746	      0.01003104	      0.01001043	      0.01000042	      0.01000001	      0.01000000	      0.01000000	      0.01000000	      0.01000000	      0.01000000	      0.01000000	      0.99999996	      0.99999998	      0.99999996	      0.01000000	      1.00000000	      0.07897197	      0.06256608	      0.60798937	      1.00000000	      1.00000000	      1.00000000	      0.01000000	      0.01000000	      0.01000064	      1.00000000	      0.99995565	      0.01000745	      0.10680408	      0.30524060	      0.17676705	     -0.88187802	      0.16204532	     -0.22474108	      0.82323404	      0.20394437	      0.01593918	     -0.01072972	     -0.01237304	      0.02163898	     -0.00027329	      0.00553428	     -0.00382727	     47.41704154	    -35.23377781	    -22.60717203	     -0.00200639	      0.02362282	     -0.01008049	     -1.01972387	     -0.74712042	     -0.55385882	     -0.09041330	      0.35866205	     -0.10162034	     -0.10839411	     -0.06286186	     -0.00634565	     -0.11161299	     -0.05736410	     -0.08760709	     -0.03061469	      0.02975535	      0.00003381	      0.00284720	     -0.00248544
      0.63888889	      0.01000868	      0.01000482	      0.01053620	      0.14313075	      0.01001759	      0.01001100	      0.35259419	      0.01183846	      0.13956671	      0.04647640	      0.01008044	      0.01003371	      0.01001235	      0.01000698	      0.27431828	      0.30729020	      0.01865359	      0.42636156	      0.31780461	      0.28387422	      0.08817378	      0.07426618	      0.06531027	      0.01002484	      0.01002311	      0.03786505	      0.05975198	      0.04093477	      0.01001241	      0.01000548	      0.01005355	      0.75926476	      0.16053114	      0.01000340	      0.01009726	      0.19545985	      0.01002061	      0.01743089	      0.04385026	      0.02321626	      0.01000001	      0.55590535	      0.01000000	      0.01000000	      0.01000000	      0.01000003	      0.01000000	      0.01026402	      0.55888280	      0.25145501	      0.01003226	      0.01001071	      0.01000046	      0.01000002	      0.01000000	      0.01000000	      0.01000000	      0.01000000	      0.01000000	      0.01000000	      0.99999994	      0.99999998	      0.99999995	      0.01000000	      1.00000000	      0.05467651	      0.01298903	      0.20586963	      1.00000000	      1.00000000	      1.00000000	      0.01000000	      0.01000000	      0.01000065	      1.00000000	      0.99994158	      0.01000782	      0.10101477	      0.28829375	      0.16716183	     -0.91269999	      0.19509587	     -0.22125748	      0.85794530	      0.26035070	      0.06149049	     -0.00935183	     -0.01031216	      0.01679910	     -0.00020486	      0.00492470	     -0.00434193	     42.80262094	    -31.84928851	    -21.21978540	     -0.00189696	      0.02423491	     -0.00812362	     -1.04734383	     -0.74071989	     -0.57692087	     -0.09568709	      0.36627122	     -0.10697289	     -0.11188452	     -0.06572100	     -0.00656073	     -0.11727392	     -0.02432631	     -0.09726324	     -0.01425229	      0.02887997	      0.00035746	      0.00268135	     -0.00072282
      0.64444444	      0.01000935	      0.01000523	      0.01038640	      0.12604682	      0.01001924	      0.01001211	      0.34106542	      0.01122155	      0.14304887	      0.04502617	      0.01007247	      0.01003240	      0.01001259	      0.01000713	      0.28491310	      0.33656305	      0.05269069	      0.35791667	      0.27478173	      0.25503648	      0.07047613	      0.06070813	      0.05631104	      0.01002754	      0.01002360	      0.04651164	      0.07999501	      0.04571904	      0.01001334	      0.01000606	      0.01005936	      0.69082250	      0.14827921	      0.01000343	      0.01008672	      0.18260499	      0.01001938	      0.01405765	      0.02968375	      0.01680089	      0.01000002	      0.44186250	      0.01000000	      0.01000000	      0.01000000	      0.01000003	      0.01000000	      0.01019060	      0.50690912	      0.32394294	      0.01560255	      0.01002197	      0.01000042	      0.01000002	      0.01000000	      0.01000000	      0.01000000	      0.01000000	      0.01000000	      0.01000000	      0.99999995	      0.99999997	      0.99999994	      0.01000000	      1.00000000	      0.01001858	      0.01000662	      0.01000052	      1.00000000	      1.00000000	      1.00000000	      0.01000000	      0.01000000	      0.01000056	      1.00000000	      0.99999367	      0.02887638	      0.09401257	      0.26784153	      0.15548811	     -0.94200129	      0.22041459	     -0.21516036	      0.90458418	      0.29186929	      0.11602331	     -0.00845269	     -0.00921093	      0.01358921	     -0.00013807	      0.00477363	     -0.00503578	     39.54585979	    -29.57109399	    -18.71800786	     -0.00176064	      0.03192911	      0.01455686	     -1.04987541	     -0.72765001	     -0.57209667	     -0.10052289	      0.36185251	     -0.10943223	     -0.10962496	     -0.06604170	     -0.00407379	     -0.12036174	     -0.00730983	     -0.10187267	     -0.00547425	      0.02778375	      0.00051302	      0.00252702	      0.00022840
      0.65000000	      0.01001074	      0.01000610	      0.01099944	      0.09713175	      0.01002254	      0.01001436	      0.32250534	      0.01270615	      0.15896845	      0.04726830	      0.01006360	      0.01002849	      0.01001170	      0.01000662	      0.30324544	      0.37781539	      0.09551349	      0.26807141	      0.21768329	      0.21817280	      0.04882490	      0.04494921	      0.04574744	      0.01003370	      0.01002462	      0.06060049	      0.10999314	      0.05468676	      0.01001505	      0.01000723	      0.01007366	      0.59994644	      0.13271131	      0.01000314	      0.01008255	      0.18345047	      0.01001658	      0.01137076	      0.01062592	      0.01103454	      0.01000002	      0.33827997	      0.01000000	      0.01000000	      0.01000000	      0.01000003	      0.01000000	      0.01038463	      0.51170618	      0.34021983	      0.03080178	      0.01002475	      0.01000040	      0.01000002	      0.01000000	      0.01000000	      0.01000000	      0.01000000	      0.01000000	      0.01000000	      0.99999995	      0.99999997	      0.99999991	      0.01000001	      1.00000000	      0.01001557	      0.01000565	      0.01000021	      1.00000000	      1.00000000	      1.00000000	      0.01000000	      0.01000000	      0.01000053	      1.00000000	      0.99999447	      0.10615202	      0.08391761	      0.23859128	      0.13865870	     -0.95971243	      0.24703735	     -0.20356621	      0.92877768	      0.29442479	      0.16473177	     -0.00701162	     -0.00768077	      0.00887255	      0.00021675	      0.00502433	     -0.00625068	     33.29172342	    -25.08544470	    -13.86106918	     -0.00156383	      0.03380974	      0.01797110	     -1.01204357	     -0.68690960	     -0.52835727	     -0.10106300	      0.34528811	     -0.10673686	     -0.10022786	     -0.06279475	      0.00158248	     -0.11929775	     -0.01321656	     -0.10082281	     -0.00833137	      0.02674102	      0.00041598	      0.00241427	     -0.00008236
      0.65555556	      0.01001488	      0.01000942	      0.01006344	      0.01023317	      0.01002609	      0.01002092	      0.31634792	      0.04880152	      0.17806145	      0.05036147	      0.01005492	      0.01002489	      0.01001671	      0.01000922	      0.34473615	      0.42134261	      0.06377106	      0.14796568	      0.14162093	      0.17919888	      0.02836704	      0.03633320	      0.04107236	      0.01008007	      0.01003689	      0.07633836	      0.14308367	      0.09171276	      0.01002366	      0.01000689	      0.01178497	      0.55898508	      0.14093837	      0.01000282	      0.01020891	      0.18807926	      0.01001420	      0.01001433	      0.01000462	      0.01000899	      0.01000002	      0.24231750	      0.01000000	      0.01000000	      0.01000000	      0.01000003	      0.01000000	      0.01016969	      0.53886820	      0.37136498	      0.05053011	      0.01002702	      0.01000035	      0.01000003	      0.01000000	      0.01000000	      0.01000000	      0.01000000	      0.01000000	      0.01000000	      0.99999997	      0.99999997	      0.99999984	      0.01000001	      1.00000000	      0.01001280	      0.01000471	      0.01000011	      1.00000000	      1.00000000	      1.00000000	      0.01000000	      0.01000000	      0.01000048	      1.00000000	      0.99999547	      0.19078639	      0.07688078	      0.21814324	      0.12689359	     -0.97507487	      0.26629103	     -0.19368775	      0.92495802	      0.30288358	      0.20351779	     -0.00314039	     -0.00558804	     -0.00054872	      0.00455128	      0.00539959	     -0.00761007	     28.88961853	    -22.02967574	     -8.80933734	     -0.00142461	      0.03732007	      0.02234382	     -0.96646329	     -0.64272151	     -0.47554181	     -0.10174452	      0.32427916	     -0.10290052	     -0.08837129	     -0.05848391	      0.00855029	     -0.11726924	     -0.02672257	     -0.09830594	     -0.01518903	      0.02575815	      0.00023419	      0.00231253	     -0.00082888
      0.66111111	      0.01002672	      0.01002619	      0.01003163	      0.01002863	      0.01002992	      0.01004191	      0.29924038	      0.11005072	      0.19759311	      0.05373080	      0.01004849	      0.01002197	      0.01004219	      0.01002112	      0.39974437	      0.46745094	      0.01079044	      0.02409794	      0.06141663	      0.14188495	      0.01618455	      0.03421998	      0.04085501	      0.04715763	      0.01014383	      0.09259355	      0.17717857	      0.13971840	      0.01007840	      0.01000643	      0.08732432	      0.51611093	      0.15223698	      0.01000253	      0.03372498	      0.19368070	      0.01001235	      0.01000644	      0.01000205	      0.01000401	      0.01000003	      0.14751907	      0.01000000	      0.01000000	      0.01000000	      0.01000003	      0.01000000	      0.01036763	      0.55480556	      0.39462754	      0.07014861	      0.01003054	      0.01000032	      0.01000004	      0.01000000	      0.01000000	      0.01000000	      0.01000002	      0.01000000	      0.01000000	      0.99999998	      0.99999997	      0.99999957	      0.01000001	      1.00000000	      0.01001097	      0.01000408	      0.01000007	      1.00000000	      1.00000000	      1.00000000	      0.01000000	      0.01000000	      0.01000045	      1.00000000	      0.99999602	      0.27277223	      0.06928836	      0.19620241	      0.11422433	     -0.96802317	      0.27946129	     -0.18038294	      0.92873194	      0.29785894	      0.24821296	      0.00177320	     -0.00330237	     -0.01184603	      0.01028636	      0.00581318	     -0.00900217	     23.88282582	    -18.48267465	     -3.66066990	     -0.00127594	      0.04014670	      0.02635501	     -0.90090195	     -0.58660741	     -0.40600319	     -0.10115410	      0.29195255	     -0.09535146	     -0.07087527	     -0.05132291	      0.01801308	     -0.11180885	     -0.04007347	     -0.09478876	     -0.02193308	      0.02556547	      0.00008247	      0.00232299	     -0.00156855
      0.66666667	      0.01004886	      0.06031384	      0.01002360	      0.01001765	      0.01003331	      0.01031277	      0.27710256	      0.15013801	      0.21858727	      0.05752924	      0.01004458	      0.01001972	      0.01142544	      0.01045793	      0.45504822	      0.51935284	      0.01010852	      0.01007653	      0.01609869	      0.12026657	      0.01417602	      0.03584683	      0.04283982	      0.10990479	      0.02813077	      0.11006916	      0.21383834	      0.17464954	      0.04393922	      0.01000646	      0.14087822	      0.46807565	      0.15471497	      0.01000230	      0.07177154	      0.20049262	      0.01001089	      0.01000476	      0.01000151	      0.01000296	      0.01000003	      0.01000039	      0.01000000	      0.01000000	      0.01000000	      0.01000003	      0.01000000	      0.01099825	      0.54702177	      0.40154862	      0.08758209	      0.01003732	      0.01000032	      0.01000007	      0.01000000	      0.01000000	      0.01000000	      0.01001298	      0.01000001	      0.01000000	      0.99999998	      0.99999996	      0.91415626	      0.01000002	      1.00000000	      0.01000990	      0.01000371	      0.01000006	      1.00000000	      1.00000000	      0.99999999	      0.01000000	      0.01000000	      0.01000044	      1.00000000	      0.99999618	      0.34633105	      0.06046772	      0.17090365	      0.09956668	     -0.92157596	      0.27740351	     -0.16718469	      0.89396998	      0.28778989	      0.27923232	      0.00520412	     -0.00178332	     -0.02000317	      0.01404383	      0.00627117	     -0.01049759	     17.28530248	    -13.92093415	      1.51676397	     -0.00110729	      0.04130233	      0.02939195	     -0.81121343	     -0.52017190	     -0.31947625	     -0.09899698	      0.24910922	     -0.08396100	     -0.04840781	     -0.04141418	      0.02954119	     -0.10271686	     -0.05739283	     -0.08929960	     -0.03059920	      0.02539095	     -0.00010403	      0.00234488	     -0.00251679
      0.67222222	      0.01014409	      0.17187223	      0.01002020	      0.01001470	      0.01003345	      0.01604835	      0.24703782	      0.16503293	      0.23568461	      0.05959810	      0.01003875	      0.01001769	      0.01115945	      0.01023683	      0.50381616	      0.57212256	      0.01007674	      0.01003993	      0.01017350	      0.11148067	      0.01111982	      0.03774947	      0.04492546	      0.13887415	      0.05400888	      0.12743051	      0.25125593	      0.19455232	      0.08590211	      0.01000708	      0.16650472	      0.40293426	      0.14443611	      0.01000211	      0.09939998	      0.19984317	      0.01000969	      0.01000429	      0.01000135	      0.01000267	      0.01000005	      0.01000034	      0.01000000	      0.01000000	      0.01000001	      0.01000005	      0.01000000	      0.01029646	      0.53897466	      0.40771361	      0.10380402	      0.01004737	      0.01000045	      0.01000011	      0.01000000	      0.01000000	      0.01000000	      0.22174036	      0.01000001	      0.01000001	      0.99999996	      0.99999994	      0.71345658	      0.01000003	      1.00000000	      0.01000908	      0.01000343	      0.01000010	      1.00000000	      1.00000000	      0.99999998	      0.01000000	      0.01000000	      0.01000043	      1.00000000	      0.99999632	      0.41468079	      0.05270236	      0.14873072	      0.08670037	     -0.82801993	      0.25921867	     -0.15391832	      0.79910292	      0.28386289	      0.28085219	      0.00699416	     -0.00099835	     -0.02474488	      0.01544539	      0.00653389	     -0.01195522	     10.87670344	     -8.89553282	      0.94132833	     -0.00096133	      0.04226329	      0.03218742	     -0.73832813	     -0.47156723	     -0.25251486	     -0.10163535	      0.21167507	     -0.07660375	     -0.03025363	     -0.03404491	      0.03926497	     -0.09696348	     -0.08030713	     -0.08222121	     -0.04201150	      0.02537909	     -0.00035245	      0.00238367	     -0.00375333
      0.67777778	      0.07004163	      0.35686706	      0.01002400	      0.01001558	      0.01007266	      0.09423687	      0.20948661	      0.15782414	      0.26681185	      0.06485628	      0.01004097	      0.01001800	      0.01016944	      0.01006358	      0.54787630	      0.65537771	      0.04112807	      0.01002255	      0.01005104	      0.06185688	      0.01053569	      0.02278088	      0.03185987	      0.17624132	      0.06302319	      0.15257721	      0.30463399	      0.19952125	      0.12672917	      0.01001276	      0.17589610	      0.25630046	      0.11639285	      0.01000224	      0.11721029	      0.20812136	      0.01000960	      0.01000503	      0.01000159	      0.01000313	      0.01000422	      0.01000422	      0.01000154	      0.01000126	      0.01000221	      0.01000540	      0.01000063	      0.01134652	      0.51009664	      0.40302662	      0.12134211	      0.01018557	      0.01000192	      0.01000090	      0.01000126	      0.01000075	      0.01000062	      0.55907931	      0.01000645	      0.01000312	      0.85612255	      0.81217835	      0.43427184	      0.01000461	      0.99999790	      0.01000956	      0.01000366	      0.01006648	      0.99999617	      0.99999943	      0.99997788	      0.01000040	      0.01000132	      0.01000050	      0.99999756	      0.99999582	      0.48937854	      0.04074717	      0.11486808	      0.06701838	     -0.71164276	      0.23133296	     -0.13832552	      0.63314202	      0.28813358	      0.25768075	      0.00860370	      0.00122276	     -0.03080397	      0.01476841	      0.00707392	     -0.01419603	      0.08102044	     -0.08909661	     -0.01205749	     -0.00074259	      0.04188285	      0.03465783	     -0.70453375	     -0.45284300	     -0.22143960	     -0.11154378	      0.18945802	     -0.07730085	     -0.02158851	     -0.03215212	      0.04485733	     -0.09836054	     -0.10914324	     -0.07491318	     -0.05658190	      0.02589024	     -0.00067083	      0.00247681	     -0.00532461
      0.68333333	      0.13274672	      0.45809297	      0.01002545	      0.01001502	      0.01033282	      0.14591253	      0.18635048	      0.13880555	      0.27871122	      0.06678864	      0.01003229	      0.01001495	      0.01002937	      0.01001458	      0.53903298	      0.67301899	      0.12779979	      0.01001519	      0.01002864	      0.01963498	      0.01013036	      0.01420462	      0.02053500	      0.19010039	      0.05692891	      0.15970465	      0.32006814	      0.18364826	      0.13767743	      0.01002172	      0.16446953	      0.15935999	      0.09578928	      0.01000191	      0.11651581	      0.21048338	      0.01000797	      0.01000511	      0.01000161	      0.01000318	      0.01001387	      0.02259371	      0.01000337	      0.01000303	      0.01000503	      0.01000914	      0.01000124	      0.01150647	      0.32368347	      0.30344494	      0.13868204	      0.05808325	      0.01000238	      0.01000116	      0.01000247	      0.01000191	      0.01000126	      0.83030901	      0.01000679	      0.01000315	      0.70807964	      0.35439096	      0.01003872	      0.01001155	      0.99999481	      0.01000916	      0.01000361	      0.01001284	      0.93080267	      0.99999860	      0.46307972	      0.01000089	      0.01000295	      0.01000063	      0.99999157	      0.99999386	      0.56979824	      0.02822814	      0.07734222	      0.04520584	     -0.63656895	      0.19731786	     -0.12102947	      0.46388885	      0.32962615	      0.20518689	      0.00881578	      0.00286117	     -0.03254346	      0.01296592	      0.00716094	     -0.01499583	      0.03706681	     -0.03112844	      0.03817812	     -0.00050208	      0.03151478	      0.03315852	     -0.69460433	     -0.44940003	     -0.21160771	     -0.12454333	      0.17619168	     -0.08163711	     -0.01829842	     -0.03306583	      0.04778708	     -0.10300161	     -0.13412343	     -0.07113052	     -0.06960875	      0.02621164	     -0.00097210	      0.00252686	     -0.00672453
      0.68888889	      0.13476365	      0.44986940	      0.01002928	      0.01001668	      0.01065067	      0.14703494	      0.18657112	      0.12642382	      0.28298220	      0.06738009	      0.01003193	      0.01001492	      0.01002193	      0.01001148	      0.53135091	      0.67333093	      0.16548333	      0.01001473	      0.01002699	      0.01287994	      0.01008966	      0.01179147	      0.01645508	      0.18343320	      0.04403812	      0.16005293	      0.32110234	      0.17144418	      0.12190645	      0.01002897	      0.15116349	      0.14828367	      0.09212121	      0.01000197	      0.11248919	      0.21066520	      0.01000789	      0.01000564	      0.01000178	      0.01000351	      0.01001229	      0.17579113	      0.01000254	      0.01000223	      0.01000389	      0.01000756	      0.01000091	      0.01080379	      0.12568758	      0.17947105	      0.13325142	      0.13506772	      0.01000429	      0.01000207	      0.01000178	      0.01000135	      0.01000093	      0.85297702	      0.01000447	      0.01000228	      0.86263217	      0.40032919	      0.01002173	      0.01000901	      0.99999710	      0.01001143	      0.01000469	      0.01000996	      0.99998705	      0.99999904	      0.63525322	      0.01000065	      0.01000216	      0.01000118	      0.99999540	      0.99994335	      0.55480435	      0.02522143	      0.06873033	      0.04021327	     -0.57711476	      0.14623892	     -0.09985865	      0.41965240	      0.35490639	      0.21649464	      0.00822331	      0.00309918	     -0.03162324	      0.01177592	      0.00709728	     -0.01521660	      0.05155116	     -0.03998835	      0.04812873	     -0.00044841	      0.01871300	      0.02733144	     -0.69363731	     -0.43030255	     -0.20389229	     -0.13953115	      0.15386803	     -0.08331282	     -0.01125540	     -0.03187369	      0.05232888	     -0.10487544	     -0.10932081	     -0.07859257	     -0.05695780	      0.02373542	     -0.00076438	      0.00220555	     -0.00533351
      0.69444444	      0.10256377	      0.38826250	      0.01002978	      0.01001776	      0.01014121	      0.11920115	      0.18953732	      0.12281275	      0.28793427	      0.06859301	      0.01003161	      0.01001480	      0.01002018	      0.01001072	      0.53035610	      0.66425070	      0.15584524	      0.01001650	      0.01003111	      0.02142323	      0.01010875	      0.01326572	      0.01932787	      0.16775087	      0.03512523	      0.16075720	      0.32237204	      0.16709684	      0.09925466	      0.01002379	      0.14367029	      0.17574114	      0.09554666	      0.01000198	      0.11349394	      0.21462442	      0.01000781	      0.01000584	      0.01000184	      0.01000363	      0.01000527	      0.25510826	      0.01000104	      0.01000086	      0.01000163	      0.01000389	      0.01000038	      0.01063326	      0.06236699	      0.14450461	      0.13729530	      0.16783605	      0.01000527	      0.01000239	      0.01000072	      0.01000049	      0.01000038	      0.74299820	      0.01000186	      0.01000107	      0.99999070	      0.74780703	      0.01001367	      0.01000368	      0.99999908	      0.01001186	      0.01000495	      0.01000589	      0.99999828	      0.99999966	      0.99999289	      0.01000025	      0.01000086	      0.01000159	      0.99999865	      0.92482031	      0.57396388	      0.02393109	      0.06600096	      0.03865142	     -0.55763118	      0.11410203	     -0.07442782	      0.38538593	      0.40346308	      0.23043201	      0.00752029	      0.00243310	     -0.02977807	      0.01140867	      0.00716047	     -0.01540327	      0.12690974	     -0.09887770	      0.06224292	     -0.00043139	      0.01514789	      0.02660303	     -0.69378580	     -0.40904657	     -0.20219141	     -0.15250441	      0.13736435	     -0.08471645	     -0.00714664	     -0.03142155	      0.05454845	     -0.10623908	     -0.07884643	     -0.08596319	     -0.04124341	      0.02097385	     -0.00048645	      0.00185686	     -0.00361385
      0.70000000	      0.09939282	      0.36265556	      0.01003831	      0.01002165	      0.01059470	      0.11751264	      0.19931468	      0.10437172	      0.29385626	      0.07190871	      0.01003156	      0.01001469	      0.01001499	      0.01000804	      0.51121979	      0.65871345	      0.21090071	      0.01001579	      0.01002930	      0.01285367	      0.01009184	      0.01092705	      0.01406776	      0.15580476	      0.01383168	      0.15735557	      0.31336881	      0.14802905	      0.07101996	      0.01003215	      0.12217097	      0.17457902	      0.09363340	      0.01000193	      0.09912038	      0.23246767	      0.01000780	      0.01000690	      0.01000218	      0.01000429	      0.01000466	      0.36178317	      0.01000090	      0.01000076	      0.01000141	      0.01000340	      0.01000033	      0.01062566	      0.02263092	      0.12684832	      0.14559857	      0.19681943	      0.01000620	      0.01000273	      0.01000063	      0.01000043	      0.01000033	      0.70960226	      0.01000162	      0.01000094	      0.99999285	      0.79689008	      0.01001114	      0.01000323	      0.99999922	      0.01001164	      0.01000491	      0.01000528	      0.99999858	      0.99999970	      0.99999473	      0.01000022	      0.01000075	      0.01000195	      0.99999882	      0.84535330	      0.60995467	      0.01828987	      0.04816942	      0.02832691	     -0.54389251	      0.08867990	     -0.05482449	      0.35311363	      0.42979308	      0.22890892	      0.00643693	      0.00264586	     -0.02806684	      0.00967106	      0.00749448	     -0.01524491	      0.14475166	     -0.11163140	      0.07036552	     -0.00031439	      0.01338681	      0.02724911	     -0.68151318	     -0.39736950	     -0.19548715	     -0.16245784	      0.12580524	     -0.08573190	     -0.00479151	     -0.03132308	      0.05562540	     -0.10728595	     -0.06486245	     -0.08799821	     -0.03388280	      0.01924880	     -0.00036084	      0.00165041	     -0.00281337
      0.70555556	      0.10391188	      0.35911881	      0.01004824	      0.01002541	      0.01643197	      0.12195436	      0.20119537	      0.09065674	      0.30074916	      0.07537327	      0.01003122	      0.01001441	      0.01001211	      0.01000651	      0.50132998	      0.66002951	      0.25444119	      0.01001478	      0.01002706	      0.01081910	      0.01008159	      0.01058012	      0.01240207	      0.15010998	      0.01063562	      0.15645985	      0.30962067	      0.13517347	      0.05337727	      0.01005355	      0.10759965	      0.16196980	      0.08993897	      0.01000184	      0.09144753	      0.25044047	      0.01000770	      0.01000795	      0.01000252	      0.01000496	      0.01000936	      0.33586427	      0.01000184	      0.01000162	      0.01000279	      0.01000571	      0.01000067	      0.01114108	      0.01115830	      0.11704657	      0.15174114	      0.21617342	      0.01000772	      0.01000353	      0.01000131	      0.01000103	      0.01000068	      0.77770342	      0.01000318	      0.01000173	      0.99764566	      0.43625341	      0.01001511	      0.01000668	      0.99999816	      0.01001137	      0.01000483	      0.01000837	      0.99999520	      0.99999933	      0.87066570	      0.01000048	      0.01000160	      0.01000225	      0.99999697	      0.80316943	      0.63620490	      0.01466063	      0.02925186	      0.01818780	     -0.53758978	      0.08303265	     -0.03064071	      0.33009236	      0.43697036	      0.24099696	      0.00579691	      0.00295337	     -0.02737705	      0.00838405	      0.00790651	     -0.01522036	      0.07079532	     -0.05319740	      0.05823118	     -0.00019715	      0.01242129	      0.02789387	     -0.66696229	     -0.39912042	     -0.18711934	     -0.17318520	      0.12078751	     -0.08939041	     -0.00518962	     -0.03302644	      0.05612252	     -0.11134052	     -0.06255265	     -0.08702911	     -0.03245408	      0.01844984	     -0.00035247	      0.00154441	     -0.00266240
      0.71111111	      0.09854747	      0.34875073	      0.01004931	      0.01002540	      0.01809111	      0.11734092	      0.20478989	      0.08875102	      0.29710277	      0.07560170	      0.01003281	      0.01001467	      0.01001236	      0.01000657	      0.50184081	      0.66021183	      0.26166900	      0.01001507	      0.01002830	      0.01194260	      0.01012086	      0.01138651	      0.01390064	      0.14742755	      0.01079297	      0.15314039	      0.30184541	      0.13180977	      0.04389495	      0.01004644	      0.10404610	      0.17364274	      0.09308021	      0.01000180	      0.09199541	      0.25526195	      0.01000787	      0.01000762	      0.01000240	      0.01000474	      0.01000946	      0.30344197	      0.01000198	      0.01000178	      0.01000294	      0.01000578	      0.01000073	      0.01232420	      0.01332189	      0.11967362	      0.15107065	      0.21370994	      0.01000708	      0.01000331	      0.01000145	      0.01000120	      0.01000074	      0.79827279	      0.01000353	      0.01000187	      0.96271849	      0.41371997	      0.01001645	      0.01000718	      0.99999792	      0.01001144	      0.01000483	      0.01000900	      0.99999393	      0.99999926	      0.80266382	      0.01000053	      0.01000176	      0.01000206	      0.99999645	      0.81427356	      0.63257449	      0.01566014	      0.02627089	      0.01809484	     -0.55067609	      0.09962294	     -0.00881105	      0.32530268	      0.43193563	      0.27283776	      0.00554676	      0.00289140	     -0.02707540	      0.00820382	      0.00803664	     -0.01486120	      0.06561121	     -0.04990912	      0.05820441	     -0.00016933	      0.01270263	      0.02799147	     -0.65803050	     -0.40369956	     -0.18669161	     -0.18294291	      0.12572956	     -0.09567725	     -0.01033448	     -0.03712619	      0.05451024	     -0.11831495	     -0.05851790	     -0.08701965	     -0.03025029	      0.01782062	     -0.00032649	      0.00144753	     -0.00242890
      0.71666667	      0.08570990	      0.32797285	      0.01004959	      0.01002722	      0.01248862	      0.10616229	      0.21106327	      0.09212724	      0.28796712	      0.07418333	      0.01003248	      0.01001476	      0.01001199	      0.01000637	      0.50299183	      0.65499300	      0.25078493	      0.01001545	      0.01002904	      0.01263339	      0.01009183	      0.01093388	      0.01347542	      0.14462174	      0.01024528	      0.14795925	      0.29062234	      0.13144249	      0.03635152	      0.01003247	      0.10465206	      0.20093652	      0.10028910	      0.01000177	      0.09425025	      0.25362269	      0.01000803	      0.01000783	      0.01000248	      0.01000488	      0.01000803	      0.24233414	      0.01000182	      0.01000164	      0.01000266	      0.01000526	      0.01000069	      0.01100322	      0.02745998	      0.12992570	      0.14506255	      0.19549916	      0.01000659	      0.01000308	      0.01000136	      0.01000114	      0.01000069	      0.77897530	      0.01000341	      0.01000181	      0.96646660	      0.42510893	      0.01001716	      0.01000653	      0.99999807	      0.01001127	      0.01000476	      0.01000895	      0.99999483	      0.99999931	      0.84378951	      0.01000050	      0.01000164	      0.01000188	      0.99999670	      0.85629125	      0.60591779	      0.01659406	      0.03737908	      0.02250052	     -0.56787615	      0.12888241	      0.00459479	      0.34393863	      0.41857626	      0.30433173	      0.00539020	      0.00259896	     -0.02663322	      0.00851404	      0.00800797	     -0.01428995	      0.06834807	     -0.05329127	      0.05749013	     -0.00024243	      0.01374548	      0.02755276	     -0.64975108	     -0.40909587	     -0.19168615	     -0.19041673	      0.13614428	     -0.10292948	     -0.01848647	     -0.04261877	      0.05099141	     -0.12644073	     -0.05385737	     -0.08710427	     -0.02777361	      0.01738792	     -0.00029253	      0.00137429	     -0.00216867
      0.72222222	      0.07362892	      0.31150459	      0.01004583	      0.01002644	      0.01098008	      0.09530371	      0.21192841	      0.09701692	      0.28061203	      0.07273884	      0.01003311	      0.01001497	      0.01001263	      0.01000667	      0.50614055	      0.64976466	      0.23245045	      0.01001647	      0.01003168	      0.01939603	      0.01013608	      0.01320149	      0.01736882	      0.14278772	      0.01059290	      0.14484327	      0.28402421	      0.13312393	      0.03357006	      0.01002488	      0.10788352	      0.22017191	      0.10526329	      0.01000175	      0.09980915	      0.25001088	      0.01000819	      0.01000744	      0.01000235	      0.01000463	      0.01000779	      0.16687000	      0.01000192	      0.01000175	      0.01000275	      0.01000527	      0.01000073	      0.01144269	      0.05440196	      0.14161437	      0.13894736	      0.17599433	      0.01000583	      0.01000277	      0.01000147	      0.01000130	      0.01000074	      0.79484236	      0.01000377	      0.01000194	      0.91581567	      0.40838019	      0.01001928	      0.01000684	      0.99999784	      0.01001130	      0.01000475	      0.01000959	      0.99999361	      0.99999924	      0.77771292	      0.01000054	      0.01000177	      0.01000164	      0.99999620	      0.90557548	      0.57878817	      0.01841163	      0.04385135	      0.02608381	     -0.58784688	      0.16544922	      0.01558972	      0.37304926	      0.40351791	      0.34769589	      0.00539784	      0.00227970	     -0.02641470	      0.00896166	      0.00795358	     -0.01390876	      0.06300921	     -0.05038950	      0.05583027	     -0.00028441	      0.01492439	      0.02712670	     -0.63320516	     -0.40903620	     -0.19027973	     -0.19525417	      0.14557095	     -0.10877480	     -0.02548957	     -0.04741473	      0.04803235	     -0.13365451	     -0.04928436	     -0.08735950	     -0.02544962	      0.01704031	     -0.00026176	      0.00130820	     -0.00193053
      0.72777778	      0.06176443	      0.29277686	      0.01004317	      0.01002604	      0.01017501	      0.08450847	      0.21378939	      0.10106233	      0.27038563	      0.07020481	      0.01003413	      0.01001542	      0.01001372	      0.01000722	      0.50410524	      0.63947982	      0.21462974	      0.01001777	      0.01003492	      0.02690093	      0.01012425	      0.01281396	      0.01876118	      0.14015445	      0.01021229	      0.14028917	      0.27501818	      0.13292416	      0.03030245	      0.01002032	      0.10985464	      0.24025526	      0.11018663	      0.01000179	      0.10272858	      0.24150611	      0.01000846	      0.01000717	      0.01000226	      0.01000447	      0.01000772	      0.09165222	      0.01000206	      0.01000190	      0.01000289	      0.01000537	      0.01000079	      0.01033440	      0.08048141	      0.15179131	      0.13159935	      0.15515937	      0.01000531	      0.01000255	      0.01000162	      0.01000150	      0.01000080	      0.80043268	      0.01000422	      0.01000212	      0.85701059	      0.38879824	      0.01002199	      0.01000726	      0.99999751	      0.01001147	      0.01000479	      0.01001039	      0.99999138	      0.99999915	      0.70530528	      0.01000059	      0.01000193	      0.01000147	      0.99999545	      0.94642756	      0.54664529	      0.01850886	      0.05037235	      0.02966622	     -0.60979531	      0.20360409	      0.02474672	      0.39861694	      0.38153477	      0.38708381	      0.00534750	      0.00196270	     -0.02593098	      0.00932517	      0.00771916	     -0.01341192	      0.05712802	     -0.04693717	      0.05344842	     -0.00035940	      0.01589563	      0.02640299	     -0.61228374	     -0.41208870	     -0.18542493	     -0.20016341	      0.15210256	     -0.11344819	     -0.03062572	     -0.05134008	      0.04603731	     -0.13994971	     -0.04772780	     -0.08641717	     -0.02465867	      0.01630946	     -0.00027516	      0.00119353	     -0.00186248
      0.73333333	      0.05869679	      0.28215425	      0.01004580	      0.01002743	      0.01021664	      0.08169773	      0.22028618	      0.09903963	      0.26042209	      0.06794355	      0.01003537	      0.01001598	      0.01001433	      0.01000754	      0.49551215	      0.63073747	      0.21988327	      0.01001809	      0.01003560	      0.02679052	      0.01014087	      0.01425024	      0.01913950	      0.13770416	      0.01025713	      0.13434259	      0.26297215	      0.12717418	      0.02381765	      0.01001943	      0.10555399	      0.25396525	      0.11375342	      0.01000185	      0.09800180	      0.23464326	      0.01000879	      0.01000734	      0.01000232	      0.01000457	      0.01000880	      0.03763364	      0.01000258	      0.01000246	      0.01000353	      0.01000606	      0.01000100	      0.01057896	      0.10592894	      0.16037889	      0.12247693	      0.13205802	      0.01000497	      0.01000242	      0.01000210	      0.01000220	      0.01000102	      0.80726837	      0.01000550	      0.01000260	      0.74136637	      0.33698067	      0.01002659	      0.01000903	      0.99999630	      0.01001184	      0.01000492	      0.01001215	      0.99996219	      0.99999883	      0.53630958	      0.01000076	      0.01000250	      0.01000135	      0.99999237	      0.97755142	      0.50707418	      0.01907441	      0.05075344	      0.02989419	     -0.62435624	      0.23905106	      0.03428678	      0.41253150	      0.35012627	      0.41148798	      0.00509018	      0.00194265	     -0.02535252	      0.00912205	      0.00747702	     -0.01288042	      0.04406797	     -0.03728972	      0.04945142	     -0.00032866	      0.01668182	      0.02533760	     -0.57451185	     -0.41794884	     -0.16469366	     -0.20461168	      0.15152169	     -0.11557966	     -0.03146339	     -0.05319357	      0.04642339	     -0.14414003	     -0.06512194	     -0.08234255	     -0.03371940	      0.01651840	     -0.00049532	      0.00118724	     -0.00286739
      0.73888889	      0.06174060	      0.29074888	      0.01004401	      0.01002687	      0.01050951	      0.08369106	      0.22460288	      0.10158183	      0.25389400	      0.06594429	      0.01003609	      0.01001635	      0.01001619	      0.01000846	      0.50077210	      0.63599229	      0.22110243	      0.01001813	      0.01003589	      0.02817982	      0.01028975	      0.01686785	      0.02132456	      0.14105231	      0.01070506	      0.13185603	      0.25867884	      0.12731308	      0.02579074	      0.01001886	      0.10755548	      0.26334837	      0.11738421	      0.01000191	      0.10076786	      0.22650121	      0.01000896	      0.01000718	      0.01000226	      0.01000447	      0.01000762	      0.01001636	      0.01000296	      0.01000286	      0.01000382	      0.01000641	      0.01000120	      0.01082420	      0.13024712	      0.16842004	      0.11341534	      0.10958763	      0.01000487	      0.01000235	      0.01000263	      0.01000290	      0.01000122	      0.77188180	      0.01000834	      0.01000353	      0.62275515	      0.33146787	      0.01008768	      0.01000961	      0.99999387	      0.01001238	      0.01000511	      0.01001696	      0.85413499	      0.99999846	      0.44573673	      0.01000092	      0.01000299	      0.01000130	      0.99998593	      0.99714061	      0.46789500	      0.01811791	      0.04541155	      0.02687698	     -0.64522327	      0.28010369	      0.04813648	      0.42930609	      0.32691988	      0.44689370	      0.00521358	      0.00200213	     -0.02573757	      0.00934205	      0.00723523	     -0.01265417	      0.03467592	     -0.03439719	      0.03684034	     -0.00029358	      0.01737089	      0.02422374	     -0.52651514	     -0.42164824	     -0.13079497	     -0.21041575	      0.14370168	     -0.11608440	     -0.02908359	     -0.05356562	      0.04846215	     -0.14676680	     -0.08231479	     -0.07914063	     -0.04273416	      0.01729212	     -0.00069919	      0.00124977	     -0.00387064
      0.74444444	      0.06336589	      0.32354639	      0.01003363	      0.01002146	      0.01010446	      0.08318654	      0.21755098	      0.12130767	      0.25914074	      0.06540827	      0.01003469	      0.01001587	      0.01001984	      0.01001042	      0.54351503	      0.66821807	      0.18281899	      0.01001912	      0.01003867	      0.04685301	      0.01022001	      0.02857216	      0.03267052	      0.15501636	      0.01287760	      0.14057385	      0.27862963	      0.14643870	      0.04739719	      0.01001611	      0.13043820	      0.27199208	      0.12258394	      0.01000191	      0.12861396	      0.21790819	      0.01000860	      0.01000604	      0.01000190	      0.01000376	      0.01000594	      0.01000595	      0.01000330	      0.01000325	      0.01000390	      0.01000644	      0.01000149	      0.01035527	      0.16883014	      0.18984759	      0.11030692	      0.09000429	      0.01000423	      0.01000201	      0.01000349	      0.01000398	      0.01000149	      0.77157576	      0.01002163	      0.01000603	      0.51382921	      0.35734822	      0.08949306	      0.01000950	      0.99998275	      0.01001200	      0.01000491	      0.01003247	      0.59310955	      0.99999787	      0.37388578	      0.01000113	      0.01000360	      0.01000110	      0.99995377	      0.99995942	      0.45302683	      0.01317503	      0.03310747	      0.01975551	     -0.70321009	      0.35202385	      0.08561894	      0.49092692	      0.29537770	      0.54999995	      0.00635898	      0.00180536	     -0.02820714	      0.01114478	      0.00713675	     -0.01339572	      0.02543765	     -0.03424361	      0.02088562	     -0.00022707	      0.01939968	      0.02454227	     -0.50426547	     -0.41107495	     -0.10812310	     -0.22561909	      0.13887371	     -0.12165080	     -0.02999835	     -0.05696583	      0.04952314	     -0.15458555	     -0.06304172	     -0.08305140	     -0.03274682	      0.01705501	     -0.00048423	      0.00123904	     -0.00279632
      0.75000000	      0.06499034	      0.34942143	      0.01002847	      0.01001866	      0.01007898	      0.08375149	      0.22085667	      0.13757799	      0.26381300	      0.06512747	      0.01003364	      0.01001548	      0.01002558	      0.01001341	      0.58285258	      0.70278589	      0.16133118	      0.01001969	      0.01004079	      0.06139379	      0.01113384	      0.04034099	      0.04261645	      0.16749897	      0.02845142	      0.14763245	      0.29471337	      0.16193264	      0.06224619	      0.01001396	      0.14811900	      0.29161882	      0.13101320	      0.01000190	      0.14866897	      0.21157632	      0.01000832	      0.01000533	      0.01000167	      0.01000332	      0.01000692	      0.01000747	      0.01000389	      0.01000400	      0.01000453	      0.01000694	      0.01000175	      0.01045713	      0.17943458	      0.19863514	      0.11241531	      0.08925801	      0.01000409	      0.01000197	      0.01000423	      0.01000642	      0.01000177	      0.79744021	      0.01002408	      0.01000625	      0.49729574	      0.32063577	      0.05124535	      0.01001134	      0.99995475	      0.01001170	      0.01000479	      0.01002874	      0.44412030	      0.99999715	      0.29971939	      0.01000138	      0.01000441	      0.01000106	      0.95883276	      0.99997173	      0.46113709	      0.01262244	      0.02194849	      0.01438085	     -0.76568141	      0.42571237	      0.12421651	      0.54821901	      0.28718438	      0.64552880	      0.00721850	      0.00170111	     -0.03032666	      0.01263864	      0.00708442	     -0.01400956	      0.02110561	     -0.02842026	      0.02570630	     -0.00013994	      0.02015506	      0.02516298	     -0.50215752	     -0.39763785	     -0.10070295	     -0.24783505	      0.13929370	     -0.12959260	     -0.03349131	     -0.06188701	      0.04981047	     -0.16471429	     -0.04870823	     -0.08569605	     -0.02505749	      0.01752119	     -0.00030480	      0.00134058	     -0.00196005
      0.75555556	      0.06273876	      0.35040735	      0.01002742	      0.01001814	      0.01007370	      0.08164741	      0.22764514	      0.14300315	      0.26401527	      0.06471231	      0.01003351	      0.01001547	      0.01002932	      0.01001542	      0.59509634	      0.71335562	      0.15665686	      0.01002016	      0.01004238	      0.06748612	      0.01129695	      0.04476215	      0.04648867	      0.17053185	      0.03136907	      0.14866501	      0.29749775	      0.16675797	      0.06343003	      0.01001276	      0.15261318	      0.31032976	      0.13722992	      0.01000192	      0.15342426	      0.20831343	      0.01000828	      0.01000512	      0.01000161	      0.01000318	      0.01001298	      0.01352920	      0.01000471	      0.01000516	      0.01000592	      0.01000789	      0.01000183	      0.01046174	      0.15372405	      0.18574218	      0.11499089	      0.10357505	      0.01000446	      0.01000223	      0.01000434	      0.01001250	      0.01000193	      0.82672340	      0.01001084	      0.01000411	      0.54790799	      0.24324358	      0.01003470	      0.01001661	      0.99997909	      0.01001184	      0.01000489	      0.01001595	      0.41761150	      0.99999669	      0.24164026	      0.01000158	      0.01000522	      0.01000117	      0.90751788	      0.99995380	      0.47274509	      0.01145452	      0.01512425	      0.01195693	     -0.79620166	      0.46545553	      0.14638148	      0.54381109	      0.28895025	      0.68076073	      0.00738204	      0.00163216	     -0.03077921	      0.01313574	      0.00700357	     -0.01414180	      0.02159182	     -0.01960151	      0.04500245	     -0.00008976	      0.01878454	      0.02504767	     -0.50118492	     -0.38310321	     -0.10125336	     -0.26844468	      0.14315478	     -0.13590968	     -0.03800714	     -0.06627739	      0.04931701	     -0.17305334	     -0.05499392	     -0.08394973	     -0.02794341	      0.01805705	     -0.00037505	      0.00143153	     -0.00227139
      0.76111111	      0.06816328	      0.35549041	      0.01002898	      0.01001887	      0.01008442	      0.08607813	      0.23094418	      0.13987022	      0.26458547	      0.06486482	      0.01003335	      0.01001543	      0.01002726	      0.01001445	      0.59406939	      0.71576610	      0.17130946	      0.01001914	      0.01003953	      0.06261203	      0.01045595	      0.04272284	      0.04490596	      0.17086789	      0.02668498	      0.14839318	      0.29711810	      0.16589839	      0.06015813	      0.01001326	      0.14903126	      0.31004533	      0.13796685	      0.01000193	      0.15148924	      0.20854660	      0.01000824	      0.01000524	      0.01000164	      0.01000326	      0.01001336	      0.03708684	      0.01000495	      0.01000555	      0.01000614	      0.01000792	      0.01000193	      0.01058629	      0.14663164	      0.18163699	      0.11511864	      0.10690960	      0.01000461	      0.01000230	      0.01000464	      0.01001834	      0.01000204	      0.82722017	      0.01001144	      0.01000424	      0.53757192	      0.23409629	      0.01003496	      0.01001756	      0.99997352	      0.01001187	      0.01000491	      0.01001631	      0.37776883	      0.99999632	      0.22399567	      0.01000170	      0.01000560	      0.01000120	      0.86698617	      0.99994316	      0.47328593	      0.01045117	      0.01027640	      0.01037514	     -0.78212541	      0.47152940	      0.15791538	      0.50709352	      0.27519371	      0.67000012	      0.00726372	      0.00182744	     -0.03078005	      0.01285173	      0.00699981	     -0.01419905	      0.02041181	     -0.01829839	      0.04590563	      0.00001769	      0.01836209	      0.02492260	     -0.48840936	     -0.36843575	     -0.09792067	     -0.28282676	      0.14695276	     -0.14039719	     -0.04332450	     -0.07040671	      0.04716124	     -0.17951298	     -0.07645318	     -0.07966776	     -0.03884913	      0.01793062	     -0.00065450	      0.00138720	     -0.00345950
      0.76666667	      0.07981888	      0.36551620	      0.01003214	      0.01002034	      0.01021280	      0.09617688	      0.23597881	      0.13115648	      0.26602701	      0.06558572	      0.01003362	      0.01001545	      0.01002633	      0.01001369	      0.58760355	      0.71864869	      0.20379162	      0.01001739	      0.01003525	      0.04885294	      0.01123943	      0.03532243	      0.03862058	      0.17060323	      0.01838021	      0.14763404	      0.29532224	      0.16093139	      0.05311661	      0.01001485	      0.13990031	      0.30126928	      0.13659063	      0.01000193	      0.14395467	      0.21207110	      0.01000823	      0.01000555	      0.01000174	      0.01000345	      0.01001416	      0.07073148	      0.01000511	      0.01000581	      0.01000634	      0.01000801	      0.01000198	      0.01740191	      0.16018661	      0.19001669	      0.11595254	      0.10302158	      0.01000451	      0.01000221	      0.01000481	      0.01002438	      0.01000211	      0.80858696	      0.01001154	      0.01000429	      0.52504853	      0.22337499	      0.01003425	      0.01001832	      0.99996735	      0.01001157	      0.01000478	      0.01001663	      0.36646194	      0.99999567	      0.22001297	      0.01000177	      0.01000585	      0.01000114	      0.83285426	      0.99995525	      0.47590856	      0.01041815	      0.01016031	      0.01026899	     -0.75550331	      0.46461549	      0.16838969	      0.45259943	      0.26518764	      0.63502164	      0.00695077	      0.00224045	     -0.03063108	      0.01204307	      0.00705364	     -0.01420520	      0.02001808	     -0.01745416	      0.04639334	      0.00116553	      0.01927705	      0.02543670	     -0.47292159	     -0.36033458	     -0.09261667	     -0.29482928	      0.14842012	     -0.14354983	     -0.04738299	     -0.07380995	      0.04549080	     -0.18497197	     -0.10150746	     -0.07539467	     -0.05182871	      0.01674662	     -0.00100729	      0.00114964	     -0.00487435
      0.77222222	      0.09133733	      0.37383182	      0.01003877	      0.01002287	      0.01041586	      0.10684431	      0.24803902	      0.12215720	      0.26832278	      0.06678963	      0.01003311	      0.01001529	      0.01001921	      0.01001028	      0.58406949	      0.72794176	      0.24376444	      0.01001535	      0.01002979	      0.03315363	      0.01023079	      0.02599298	      0.03056848	      0.17092191	      0.01131870	      0.14670731	      0.29280275	      0.15501956	      0.04341823	      0.01001712	      0.12965839	      0.30096576	      0.13790500	      0.01000190	      0.13343790	      0.21824143	      0.01000817	      0.01000600	      0.01000188	      0.01000374	      0.01001466	      0.11349814	      0.01000494	      0.01000552	      0.01000620	      0.01000797	      0.01000190	      0.01085611	      0.18090447	      0.20353901	      0.11826758	      0.09830148	      0.01000394	      0.01000197	      0.01000457	      0.01001643	      0.01000202	      0.77679992	      0.01001071	      0.01000413	      0.51722275	      0.21461188	      0.01003216	      0.01001807	      0.99997671	      0.01001100	      0.01000452	      0.01001649	      0.40053834	      0.99999636	      0.22581996	      0.01000166	      0.01000552	      0.01000102	      0.83861021	      0.99997561	      0.48435456	      0.01174718	      0.01395590	      0.01196999	     -0.74053724	      0.46463151	      0.18844973	      0.42296209	      0.25365473	      0.61878745	      0.00656844	      0.00269640	     -0.03054142	      0.01120520	      0.00716977	     -0.01418618	      0.02100123	     -0.01755842	      0.04677595	     -0.00008497	      0.02076933	      0.02639546	     -0.45666138	     -0.35610166	     -0.08104373	     -0.30790720	      0.14828004	     -0.14680915	     -0.05009657	     -0.07703254	      0.04535405	     -0.19139908	     -0.12081154	     -0.07285596	     -0.06194400	      0.01516079	     -0.00130063	      0.00084215	     -0.00597990
      0.77777778	      0.10239367	      0.38578437	      0.01004409	      0.01002456	      0.01266759	      0.11666667	      0.25855695	      0.11695282	      0.27093096	      0.06785349	      0.01003293	      0.01001518	      0.01001732	      0.01000928	      0.58672365	      0.74076537	      0.27427418	      0.01001402	      0.01002669	      0.02156515	      0.01015605	      0.02012761	      0.02502948	      0.17337110	      0.01047059	      0.14679570	      0.29254635	      0.15229471	      0.03859911	      0.01001904	      0.12372263	      0.30268546	      0.14006312	      0.01000188	      0.12731187	      0.22318800	      0.01000812	      0.01000628	      0.01000197	      0.01000391	      0.01001541	      0.15348509	      0.01000494	      0.01000555	      0.01000623	      0.01000793	      0.01000188	      0.01088595	      0.18911752	      0.21026151	      0.12155131	      0.09989595	      0.01000377	      0.01000188	      0.01000456	      0.01001712	      0.01000201	      0.77330738	      0.01001041	      0.01000404	      0.51533325	      0.20883223	      0.01003057	      0.01001844	      0.99997775	      0.01001059	      0.01000435	      0.01001628	      0.40231837	      0.99999632	      0.22418649	      0.01000166	      0.01000553	      0.01000098	      0.82722926	      0.99997936	      0.49736841	      0.01169086	      0.01431963	      0.01187293	     -0.73063786	      0.47268708	      0.21889529	      0.40056066	      0.23966511	      0.63250098	      0.00639904	      0.00309865	     -0.03080657	      0.01071998	      0.00728082	     -0.01423268	      0.02117093	     -0.01712280	      0.04801812	     -0.00008367	      0.02159434	      0.02724309	     -0.42429911	     -0.35175620	     -0.04986233	     -0.32385620	      0.13789219	     -0.14889480	     -0.04693346	     -0.07845632	      0.04959303	     -0.19800563	     -0.13154118	     -0.07220281	     -0.06753401	      0.01389400	     -0.00148220	      0.00059397	     -0.00659276
      0.78333333	      0.10900010	      0.39644411	      0.01004519	      0.01002456	      0.01555620	      0.12172438	      0.26285223	      0.11802076	      0.27291059	      0.06830345	      0.01003272	      0.01001508	      0.01001732	      0.01000929	      0.59477367	      0.75110147	      0.28190188	      0.01001350	      0.01002552	      0.01965242	      0.01020201	      0.02063732	      0.02514148	      0.17705278	      0.01088320	      0.14807751	      0.29520442	      0.15498512	      0.04129524	      0.01001942	      0.12481118	      0.30641676	      0.14251176	      0.01000186	      0.12893079	      0.22448901	      0.01000807	      0.01000623	      0.01000195	      0.01000388	      0.01001641	      0.18452913	      0.01000523	      0.01000611	      0.01000653	      0.01000789	      0.01000211	      0.03991559	      0.18095945	      0.20805321	      0.12569025	      0.10937141	      0.01000443	      0.01000214	      0.01000493	      0.01004270	      0.01000213	      0.80702648	      0.01001086	      0.01000408	      0.51848421	      0.20614089	      0.01002955	      0.01002237	      0.99997119	      0.01001032	      0.01000426	      0.01001607	      0.34933544	      0.99999430	      0.21411141	      0.01000202	      0.01000676	      0.01000099	      0.77747679	      0.99997843	      0.51464182	      0.01003139	      0.01001167	      0.01001947	     -0.72417986	      0.49608640	      0.25061521	      0.39748324	      0.22100544	      0.67324770	      0.00652973	      0.00329457	     -0.03131067	      0.01081082	      0.00732702	     -0.01434719	      0.01986727	     -0.01572328	      0.05022119	      0.00343645	      0.02148110	      0.02786644	     -0.38149900	     -0.33644720	     -0.00881116	     -0.33801968	      0.12274999	     -0.14905809	     -0.04083276	     -0.07846758	      0.05542674	     -0.20318643	     -0.13262496	     -0.07320541	     -0.06828823	      0.01241564	     -0.00155207	      0.00034072	     -0.00668115
      0.78888889	      0.10777842	      0.39404410	      0.01004359	      0.01002393	      0.01507192	      0.12018322	      0.26820291	      0.12217500	      0.27353023	      0.06838811	      0.01003268	      0.01001505	      0.01001839	      0.01000985	      0.60309422	      0.75736060	      0.27671959	      0.01001360	      0.01002578	      0.02263684	      0.01031128	      0.02330618	      0.02768818	      0.17902615	      0.01164658	      0.14876418	      0.29665886	      0.15908515	      0.04399228	      0.01001785	      0.12821905	      0.32087133	      0.14711751	      0.01000186	      0.13140181	      0.22453444	      0.01000806	      0.01000603	      0.01000189	      0.01000375	      0.01001732	      0.21080345	      0.01000548	      0.01000664	      0.01000678	      0.01000782	      0.01000268	      0.12931369	      0.15822247	      0.19657409	      0.12856114	      0.12296089	      0.01000854	      0.01000350	      0.01000526	      0.01311857	      0.01000223	      0.83958829	      0.01001121	      0.01000408	      0.52376965	      0.20559609	      0.01002859	      0.01003798	      0.99995598	      0.01001034	      0.01000429	      0.01001577	      0.30893769	      0.99954374	      0.22357068	      0.01000334	      0.01001126	      0.01000107	      0.71786003	      0.99996600	      0.52730579	      0.01000728	      0.01000261	      0.01000444	     -0.73145293	      0.53505968	      0.28254158	      0.41107133	      0.20527406	      0.73316068	      0.00667199	      0.00326797	     -0.03155960	      0.01118299	      0.00733619	     -0.01438714	      0.01893710	     -0.01467562	      0.05219729	      0.01122233	      0.02033867	      0.02789504	     -0.34173358	     -0.31098392	      0.02889489	     -0.34963618	      0.11052151	     -0.14866519	     -0.03642541	     -0.07871106	      0.05968625	     -0.20748262	     -0.12402020	     -0.07672760	     -0.06455984	      0.01117103	     -0.00150560	      0.00015341	     -0.00629146
      0.79444444	      0.10071481	      0.37711822	      0.01004236	      0.01002367	      0.01346293	      0.11366927	      0.27415771	      0.12542353	      0.27090015	      0.06803051	      0.01003312	      0.01001523	      0.01001971	      0.01001054	      0.60208121	      0.75159936	      0.26558960	      0.01001412	      0.01002692	      0.02721885	      0.01045434	      0.02576929	      0.03006922	      0.17721274	      0.01225726	      0.14660413	      0.29195121	      0.16037187	      0.04372734	      0.01001578	      0.12964038	      0.34125842	      0.15209992	      0.01000187	      0.12997916	      0.22448361	      0.01000818	      0.01000588	      0.01000184	      0.01000366	      0.01001780	      0.21491806	      0.01000558	      0.01000679	      0.01000689	      0.01000791	      0.01000270	      0.13144345	      0.12933535	      0.17848027	      0.12724719	      0.13294314	      0.01001061	      0.01000426	      0.01000540	      0.01578341	      0.01000226	      0.83420269	      0.01001145	      0.01000413	      0.51495137	      0.20248801	      0.01002883	      0.01003590	      0.99993992	      0.01001075	      0.01000450	      0.01001589	      0.29665083	      0.98850838	      0.21854689	      0.01000326	      0.01001093	      0.01000123	      0.69581778	      0.99970352	      0.52285517	      0.01000716	      0.01000257	      0.01000437	     -0.73124902	      0.57374236	      0.30417674	      0.43143241	      0.18737655	      0.78684278	      0.00663914	      0.00309613	     -0.03113040	      0.01147147	      0.00730396	     -0.01416844	      0.01850752	     -0.01423148	      0.05180480	      0.01140585	      0.01845189	      0.02698388	     -0.30421181	     -0.28037497	      0.05853876	     -0.35738612	      0.10019588	     -0.14704315	     -0.03364773	     -0.07881218	      0.06169611	     -0.20955894	     -0.11965755	     -0.08013157	     -0.06313444	      0.01151255	     -0.00148364	      0.00018153	     -0.00616285
      0.80000000	      0.09693995	      0.36528841	      0.01004090	      0.01002322	      0.01327217	      0.10940016	      0.27401311	      0.12712226	      0.26748391	      0.06745694	      0.01003372	      0.01001544	      0.01002263	      0.01001195	      0.59660582	      0.74049317	      0.25341917	      0.01001466	      0.01002810	      0.03025887	      0.01091385	      0.02816503	      0.03206949	      0.17523155	      0.01403696	      0.14423186	      0.28688669	      0.16058514	      0.04575993	      0.01001474	      0.13045206	      0.34987688	      0.15364526	      0.01000188	      0.12912493	      0.22353163	      0.01000831	      0.01000577	      0.01000181	      0.01000359	      0.01001763	      0.19528134	      0.01000570	      0.01000698	      0.01000700	      0.01000798	      0.01000274	      0.12422237	      0.11281821	      0.16809105	      0.12638381	      0.13858145	      0.01001379	      0.01000522	      0.01000563	      0.02254643	      0.01000232	      0.82928037	      0.01001212	      0.01000426	      0.50384978	      0.20159779	      0.01003030	      0.01003555	      0.99981558	      0.01001111	      0.01000468	      0.01001629	      0.27910250	      0.97361804	      0.21042199	      0.01000329	      0.01001106	      0.01000140	      0.67597461	      0.99710572	      0.51972254	      0.01000766	      0.01000275	      0.01000468	     -0.72372936	      0.60887274	      0.32039143	      0.43152566	      0.17588099	      0.81366564	      0.00663836	      0.00298671	     -0.03066352	      0.01161957	      0.00725196	     -0.01392652	      0.01786056	     -0.01395320	      0.05071419	      0.01077605	      0.01736028	      0.02644895	     -0.27209024	     -0.26454726	      0.08116259	     -0.36546966	      0.09299298	     -0.14583458	     -0.03318719	     -0.07965330	      0.06170307	     -0.21137170	     -0.12633873	     -0.08184793	     -0.06703514	      0.01250478	     -0.00157732	      0.00025464	     -0.00660836
      0.80555556	      0.10381949	      0.37999885	      0.01003775	      0.01002175	      0.01184298	      0.11260439	      0.25893190	      0.13197584	      0.26613370	      0.06657341	      0.01003362	      0.01001545	      0.01002250	      0.01001207	      0.59873602	      0.73326977	      0.23140998	      0.01001478	      0.01002797	      0.03186383	      0.01084630	      0.03273189	      0.03583109	      0.17908434	      0.02032940	      0.14561310	      0.29033345	      0.16627245	      0.06085697	      0.01001542	      0.13772314	      0.33357456	      0.14963573	      0.01000189	      0.13911353	      0.21872958	      0.01000831	      0.01000561	      0.01000175	      0.01000349	      0.01001622	      0.15529063	      0.01000566	      0.01000700	      0.01000684	      0.01000775	      0.01000277	      0.12438393	      0.10321416	      0.16557347	      0.13055121	      0.14876412	      0.01001370	      0.01000510	      0.01000580	      0.05873989	      0.01000234	      0.85785075	      0.01001296	      0.01000434	      0.50753896	      0.21003633	      0.01003227	      0.01003412	      0.99970625	      0.01001075	      0.01000454	      0.01001645	      0.25632304	      0.93613376	      0.20648530	      0.01000340	      0.01001136	      0.01000138	      0.67152023	      0.99629484	      0.53716729	      0.01000758	      0.01000273	      0.01000463	     -0.70519139	      0.64260639	      0.35299559	      0.39491177	      0.15097373	      0.84588006	      0.00713249	      0.00304516	     -0.03117090	      0.01205710	      0.00716706	     -0.01398653	      0.01733475	     -0.01416207	      0.05073165	      0.01078726	      0.01712690	      0.02703878	     -0.23753220	     -0.25344872	      0.11042670	     -0.37955738	      0.08604994	     -0.14658367	     -0.03398012	     -0.08181353	      0.06120830	     -0.21538247	     -0.14106992	     -0.08320629	     -0.07489530	      0.01456597	     -0.00174235	      0.00042368	     -0.00749277
      0.81111111	      0.11064050	      0.38934674	      0.01003584	      0.01002081	      0.01144881	      0.11558954	      0.24045199	      0.13344252	      0.26188207	      0.06523858	      0.01003406	      0.01001566	      0.01002360	      0.01001271	      0.58910017	      0.71358282	      0.21014275	      0.01001500	      0.01002799	      0.03043735	      0.01095150	      0.03591315	      0.03794772	      0.18012584	      0.03145896	      0.14466947	      0.28878942	      0.16774822	      0.07437189	      0.01001654	      0.14145076	      0.31029569	      0.14295535	      0.01000191	      0.14500058	      0.21337599	      0.01000843	      0.01000554	      0.01000173	      0.01000345	      0.01001532	      0.10584050	      0.01000580	      0.01000728	      0.01000689	      0.01000774	      0.01000288	      0.11889065	      0.10051124	      0.16431696	      0.13149158	      0.15157858	      0.01001200	      0.01000466	      0.01000621	      0.09566734	      0.01000243	      0.86478056	      0.01001456	      0.01000459	      0.49750175	      0.21352376	      0.01003588	      0.01003344	      0.98296133	      0.01001062	      0.01000450	      0.01001711	      0.22477511	      0.88492822	      0.19594959	      0.01000359	      0.01001195	      0.01000136	      0.64944575	      0.99516089	      0.54085904	      0.01000793	      0.01000285	      0.01000484	     -0.66518347	      0.65978445	      0.36637255	      0.35865691	      0.12362088	      0.84310030	      0.00747041	      0.00312352	     -0.03113960	      0.01218523	      0.00703715	     -0.01383097	      0.01627409	     -0.01401180	      0.04924498	      0.01030783	      0.01705470	      0.02718858	     -0.18205392	     -0.23687111	      0.15089230	     -0.38435201	      0.06844906	     -0.14229153	     -0.02894586	     -0.08040926	      0.06250992	     -0.21385262	     -0.15991482	     -0.08395258	     -0.08501604	      0.01782613	     -0.00193224	      0.00071768	     -0.00865085
      0.81666667	      0.10490559	      0.37018941	      0.01003555	      0.01002086	      0.01113494	      0.10942976	      0.23594536	      0.13328782	      0.25526364	      0.06406195	      0.01003504	      0.01001607	      0.01002515	      0.01001351	      0.57312285	      0.68933991	      0.19282110	      0.01001578	      0.01002939	      0.03217300	      0.01139793	      0.03718958	      0.03880124	      0.17524286	      0.03541340	      0.14013924	      0.27911005	      0.16481638	      0.07577508	      0.01001583	      0.14033538	      0.31402569	      0.14213142	      0.01000194	      0.14132820	      0.21121727	      0.01000869	      0.01000556	      0.01000174	      0.01000346	      0.01001504	      0.07330109	      0.01000596	      0.01000753	      0.01000701	      0.01000786	      0.01000298	      0.11306307	      0.10345307	      0.16418826	      0.12996989	      0.14860686	      0.01001087	      0.01000434	      0.01000658	      0.10399807	      0.01000252	      0.85603333	      0.01001605	      0.01000483	      0.48294505	      0.21283817	      0.01003927	      0.01003326	      0.93251460	      0.01001060	      0.01000449	      0.01001773	      0.20354914	      0.84417392	      0.18703578	      0.01000373	      0.01001239	      0.01000133	      0.62479980	      0.99082260	      0.53405456	      0.01000833	      0.01000300	      0.01000509	     -0.63690083	      0.68325485	      0.37373063	      0.35165038	      0.08900470	      0.84615871	      0.00736448	      0.00296032	     -0.03015427	      0.01216508	      0.00693312	     -0.01337539	      0.01541126	     -0.01372808	      0.04743795	      0.00979945	      0.01712986	      0.02700808	     -0.10718209	     -0.21061320	      0.20870266	     -0.38402821	      0.04424846	     -0.13597222	     -0.02001087	     -0.07738717	      0.06601711	     -0.21104070	     -0.18273211	     -0.08510082	     -0.09725786	      0.02234798	     -0.00214813	      0.00114325	     -0.01006262
      0.82222222	      0.09457866	      0.34824608	      0.01003338	      0.01002015	      0.01052589	      0.09975185	      0.23625310	      0.13818018	      0.25073174	      0.06316217	      0.01003573	      0.01001634	      0.01003027	      0.01001611	      0.56985785	      0.67635539	      0.16827852	      0.01001710	      0.01003223	      0.04120377	      0.01290288	      0.04190898	      0.04310981	      0.17202041	      0.04157012	      0.13765113	      0.27381707	      0.16690584	      0.07774555	      0.01001403	      0.14387225	      0.33253029	      0.14558708	      0.01000195	      0.14159109	      0.20905386	      0.01000886	      0.01000536	      0.01000168	      0.01000334	      0.01001460	      0.04585874	      0.01000603	      0.01000769	      0.01000702	      0.01000784	      0.01000305	      0.11232346	      0.10066773	      0.16376482	      0.13279822	      0.15431572	      0.01001058	      0.01000423	      0.01000687	      0.11887475	      0.01000258	      0.86584326	      0.01001748	      0.01000498	      0.47867425	      0.21627574	      0.01004226	      0.01003316	      0.90016194	      0.01001033	      0.01000438	      0.01001795	      0.18530523	      0.79829340	      0.18192250	      0.01000390	      0.01001291	      0.01000132	      0.61137041	      0.98832208	      0.54554762	      0.01000840	      0.01000303	      0.01000513	     -0.62714239	      0.73119113	      0.40719688	      0.35532255	      0.03933649	      0.89352041	      0.00739899	      0.00264641	     -0.02957017	      0.01260521	      0.00686197	     -0.01309359	      0.01482831	     -0.01364760	      0.04669693	      0.00973234	      0.01723560	      0.02753313	     -0.02747034	     -0.16880713	      0.28035915	     -0.39196840	      0.02414041	     -0.13385728	     -0.01384864	     -0.07730969	      0.06969627	     -0.21430790	     -0.21057140	     -0.08720797	     -0.11204658	      0.02787724	     -0.00241297	      0.00165481	     -0.01176698
      0.82777778	      0.08607378	      0.32189871	      0.01003297	      0.01002042	      0.01066586	      0.09125896	      0.23100544	      0.13616123	      0.24171315	      0.06165651	      0.01003795	      0.01001707	      0.01004294	      0.01002209	      0.54644260	      0.64379288	      0.14955508	      0.01001863	      0.01003569	      0.04295767	      0.01467770	      0.04227336	      0.04320609	      0.16425425	      0.04343069	      0.13121358	      0.25999936	      0.16122644	      0.07621462	      0.01001348	      0.14044817	      0.33650186	      0.14382773	      0.01000201	      0.13494355	      0.20644543	      0.01000930	      0.01000543	      0.01000170	      0.01000338	      0.01001537	      0.01050475	      0.01000628	      0.01000811	      0.01000725	      0.01000805	      0.01000323	      0.10707810	      0.10680724	      0.16375668	      0.12961658	      0.14771068	      0.01000956	      0.01000392	      0.01000747	      0.12051236	      0.01000272	      0.85172758	      0.01002296	      0.01000553	      0.45622743	      0.22072032	      0.01004656	      0.01003669	      0.82455798	      0.01001036	      0.01000439	      0.01001937	      0.15633880	      0.74184142	      0.17463291	      0.01000415	      0.01001370	      0.01000129	      0.58242356	      0.97848487	      0.53162780	      0.01000892	      0.01000322	      0.01000545	     -0.59539916	      0.75114820	      0.42413428	      0.34479497	     -0.00583924	      0.90545578	      0.00713933	      0.00241142	     -0.02812550	      0.01241510	      0.00672877	     -0.01246580	      0.01355496	     -0.01396693	      0.04284324	      0.00927435	      0.01739440	      0.02713243	      0.05787175	     -0.13521030	      0.34805130	     -0.39168168	     -0.00086258	     -0.12815620	     -0.00466711	     -0.07481323	      0.07405540	     -0.21336313	     -0.23414017	     -0.08688601	     -0.12430179	      0.03316052	     -0.00261772	      0.00214313	     -0.01321150
      0.83333333	      0.07163157	      0.26511964	      0.01004189	      0.01002523	      0.01127281	      0.07884444	      0.23041672	      0.11649525	      0.22410155	      0.05957290	      0.01004137	      0.01001846	      0.01002951	      0.01001541	      0.48022523	      0.57624415	      0.15795365	      0.01001983	      0.01003719	      0.03055438	      0.01244247	      0.03037677	      0.03202871	      0.14234449	      0.02577438	      0.11451501	      0.22346444	      0.13504353	      0.05410626	      0.01001447	      0.11655507	      0.33291651	      0.13636586	      0.01000208	      0.10505461	      0.20791600	      0.01001025	      0.01000633	      0.01000198	      0.01000394	      0.01000849	      0.01000920	      0.01000580	      0.01000700	      0.01000605	      0.01000763	      0.01000360	      0.09304317	      0.13286010	      0.16391557	      0.11115997	      0.11036754	      0.01000807	      0.01000335	      0.01000915	      0.04241231	      0.01000292	      0.79217688	      0.01397939	      0.01001036	      0.38678155	      0.25076469	      0.04393166	      0.01002098	      0.62281634	      0.01001133	      0.01000477	      0.01003769	      0.09950030	      0.70594395	      0.17866661	      0.01000407	      0.01001240	      0.01000122	      0.53569300	      0.94891396	      0.45344307	      0.01001010	      0.01000365	      0.01000618	     -0.54460424	      0.71530021	      0.40574059	      0.34155414	     -0.04285493	      0.86469035	      0.00581561	      0.00219382	     -0.02423473	      0.01061408	      0.00655141	     -0.01098716	      0.01045291	     -0.01785103	      0.02737538	      0.00805569	      0.01750169	      0.02426410	      0.14539967	     -0.13186142	      0.40268851	     -0.37479574	     -0.04000619	     -0.11411772	      0.01348953	     -0.06594752	      0.08127740	     -0.20216557	     -0.23235184	     -0.08300018	     -0.12300742	      0.03515091	     -0.00254498	      0.00234792	     -0.01315672
      0.83888889	      0.05401707	      0.19967278	      0.01006581	      0.01003600	      0.01258552	      0.06544516	      0.24315826	      0.09171916	      0.20809392	      0.05837448	      0.01004525	      0.01002012	      0.01001820	      0.01000970	      0.41378817	      0.51774573	      0.18903878	      0.01002036	      0.01003716	      0.01669739	      0.01043453	      0.01622051	      0.01836179	      0.11757867	      0.01105646	      0.09670601	      0.18392197	      0.10403805	      0.02205578	      0.01001587	      0.08604254	      0.34024011	      0.13133200	      0.01000215	      0.06768773	      0.21406378	      0.01001144	      0.01000808	      0.01000254	      0.01000504	      0.01000814	      0.01000723	      0.01000584	      0.01000648	      0.01000612	      0.01000858	      0.01000374	      0.08468342	      0.15668236	      0.16176174	      0.09081035	      0.07080716	      0.01000725	      0.01000307	      0.01000913	      0.01002297	      0.01000300	      0.62998532	      0.04713122	      0.01001500	      0.30591555	      0.23223152	      0.08730582	      0.01001922	      0.52177831	      0.01001280	      0.01000534	      0.01006031	      0.12999332	      0.70479036	      0.18800160	      0.01000367	      0.01001116	      0.01000117	      0.47456253	      0.90716741	      0.36756810	      0.01001111	      0.01000402	      0.01000680	     -0.51544689	      0.67884872	      0.40398600	      0.36377964	     -0.06660811	      0.86725102	      0.00410208	      0.00199649	     -0.01999918	      0.00834361	      0.00646785	     -0.00945252	      0.00974387	     -0.01866056	      0.01614435	      0.00732791	      0.01731224	      0.02095973	      0.20377009	     -0.13398267	      0.43644175	     -0.36547544	     -0.06970463	     -0.10332167	      0.02716836	     -0.05945560	      0.08744329	     -0.19476024	     -0.19677796	     -0.07967813	     -0.10417328	      0.03480540	     -0.00208422	      0.00250299	     -0.01115776
      0.84444444	      0.02569700	      0.10434646	      0.01143001	      0.01008439	      0.02220789	      0.04456313	      0.27570005	      0.05701187	      0.19307678	      0.05801635	      0.01005207	      0.01002223	      0.01001323	      0.01000704	      0.34349344	      0.46818337	      0.25233852	      0.01002054	      0.01003724	      0.01139440	      0.01018356	      0.01084696	      0.01160497	      0.08332396	      0.01009154	      0.07720851	      0.14015599	      0.06529203	      0.01024758	      0.01001766	      0.04285990	      0.36556518	      0.12886308	      0.01000222	      0.02040675	      0.22472443	      0.01001304	      0.01001230	      0.01000392	      0.01000773	      0.01000810	      0.01000638	      0.01000555	      0.01000544	      0.01000607	      0.01001029	      0.01000361	      0.08805907	      0.17809175	      0.15672412	      0.06803811	      0.02946940	      0.01000747	      0.01000309	      0.01000766	      0.01000721	      0.01000278	      0.38092296	      0.03105053	      0.01002707	      0.20508042	      0.19500042	      0.11665070	      0.01001776	      0.47336295	      0.01001506	      0.01000621	      0.01131174	      0.23058576	      0.74366367	      0.22058885	      0.01000296	      0.01000915	      0.01000117	      0.41404976	      0.84952697	      0.27178910	      0.01001056	      0.01000382	      0.01000646	     -0.50872637	      0.64012594	      0.41159295	      0.41804486	     -0.06395223	      0.90970784	      0.00158300	      0.00166355	     -0.01467225	      0.00517246	      0.00647059	     -0.00782683	      0.01077040	     -0.01967762	      0.00346691	      0.00762031	      0.01674926	      0.01710950	      0.22857224	     -0.12833358	      0.44273582	     -0.36146616	     -0.08736701	     -0.09535207	      0.03540057	     -0.05530703	      0.09185545	     -0.19047584	     -0.11941939	     -0.07759834	     -0.06402313	      0.03004059	     -0.00118286	      0.00243245	     -0.00676122
      0.85000000	      0.01002699	      0.01001569	      0.04656845	      0.09264446	      0.01008796	      0.01004223	      0.33376508	      0.01092962	      0.16967725	      0.05741172	      0.01006367	      0.01002660	      0.01000866	      0.01000464	      0.26769837	      0.40391310	      0.27113662	      0.01041600	      0.03266266	      0.07412441	      0.01011823	      0.01013651	      0.01043533	      0.01010339	      0.01002437	      0.04608176	      0.07056208	      0.02133966	      0.01002144	      0.01001298	      0.01009539	      0.48599848	      0.12483498	      0.01000236	      0.01005682	      0.24160108	      0.01001669	      0.01387947	      0.03004667	      0.01676356	      0.01000994	      0.01000700	      0.01000537	      0.01000437	      0.01000663	      0.01001896	      0.01000326	      0.09583265	      0.22651610	      0.15194422	      0.02456004	      0.01006893	      0.01000716	      0.01000297	      0.01000554	      0.01000315	      0.01000245	      0.01003670	      0.01005609	      0.01003811	      0.01983164	      0.10451288	      0.13455232	      0.01001777	      0.43832589	      0.01002386	      0.01000934	      0.07413190	      0.44953375	      0.84946864	      0.28260545	      0.01000216	      0.01000693	      0.01000110	      0.30477051	      0.76582124	      0.08691271	      0.01000986	      0.01000356	      0.01000603	     -0.51877971	      0.56350028	      0.37656294	      0.52694664	     -0.08349240	      0.92541427	     -0.00460026	     -0.00251384	     -0.00073722	     -0.00014117	      0.00644693	     -0.00527690	      0.01374346	     -0.02036308	     -0.01730289	      0.00829140	      0.01604937	      0.00976967	      0.23264407	     -0.14075338	      0.41797357	     -0.34127913	     -0.11126936	     -0.08131295	      0.04857984	     -0.04653049	      0.09704211	     -0.17757714	      0.01060779	     -0.07593590	      0.00270015	      0.01618004	      0.00020039	      0.00163747	      0.00069087
      0.85555556	      0.01001804	      0.01001005	      0.04045711	      0.11603920	      0.01004573	      0.01002554	      0.35851733	      0.01034400	      0.16364577	      0.05976445	      0.01007166	      0.01002888	      0.01000847	      0.01000453	      0.22166437	      0.33210180	      0.20239469	      0.11759858	      0.12207160	      0.12918483	      0.01019715	      0.01018154	      0.01097865	      0.01005200	      0.01002204	      0.02947084	      0.03202259	      0.01349147	      0.01001753	      0.01000902	      0.01007320	      0.59761259	      0.13829816	      0.01000236	      0.01004381	      0.26322439	      0.01001909	      0.02242596	      0.07093511	      0.03575175	      0.01001149	      0.01000600	      0.01000478	      0.01000314	      0.01000689	      0.06741941	      0.01000303	      0.13371546	      0.35712664	      0.15694093	      0.01005573	      0.01001741	      0.01000665	      0.01000271	      0.01000383	      0.01000161	      0.01000201	      0.01000459	      0.01002216	      0.12945287	      0.01001429	      0.01010027	      0.20135941	      0.01001626	      0.34516759	      0.04757697	      0.01479365	      0.25362834	      0.79936887	      0.89100737	      0.40172789	      0.01000155	      0.01000507	      0.01000092	      0.11743022	      0.66014509	      0.01001401	      0.01000711	      0.01000256	      0.01000434	     -0.50579884	      0.50495597	      0.34851172	      0.56688338	     -0.09542371	      0.90940638	     -0.00650088	     -0.00478646	      0.00546279	     -0.00033818	      0.00671072	     -0.00397833	      0.01810737	     -0.02345848	     -0.05592657	      0.01156815	      0.01607032	     -0.00561307	      0.24951662	     -0.16053601	      0.40706259	     -0.32054204	     -0.13328460	     -0.06847930	      0.06005616	     -0.03873079	      0.10092102	     -0.16555814	      0.07958914	     -0.07527220	      0.03782578	      0.00606167	      0.00086080	      0.00095306	      0.00467088
      0.86111111	      0.01001789	      0.01000983	      0.04190089	      0.12105960	      0.01004507	      0.01002488	      0.34652906	      0.01049594	      0.12791861	      0.05549569	      0.01011154	      0.01004111	      0.01000967	      0.01000510	      0.17555423	      0.26940485	      0.16981827	      0.13983388	      0.13287955	      0.12739140	      0.01032897	      0.01023257	      0.01197105	      0.01004877	      0.01002319	      0.01055947	      0.01009982	      0.01156340	      0.01001804	      0.01000889	      0.01007070	      0.60113754	      0.13581542	      0.01000274	      0.01004259	      0.26588960	      0.01003183	      0.02667956	      0.08460438	      0.04260768	      0.01001091	      0.01000523	      0.01000458	      0.01000287	      0.01000674	      0.14158861	      0.01000307	      0.14822562	      0.39014933	      0.16385138	      0.01004637	      0.01001522	      0.01000654	      0.01000261	      0.01000356	      0.01000141	      0.01000193	      0.01000359	      0.01002177	      0.26383945	      0.01001061	      0.01005536	      0.24680700	      0.01001524	      0.27985238	      0.08293631	      0.08629423	      0.33582878	      0.87904401	      0.85470659	      0.43853728	      0.01000145	      0.01000475	      0.01000087	      0.05472924	      0.66977043	      0.01001153	      0.01000643	      0.01000231	      0.01000392	     -0.46696188	      0.47489582	      0.33222037	      0.54584290	     -0.11282831	      0.85308581	     -0.00662288	     -0.00492650	      0.00724723	     -0.00040628	      0.00623882	     -0.00097698	      0.01868228	     -0.02517001	     -0.06962503	      0.01281681	      0.01668605	     -0.00807108	      0.29665244	     -0.16823783	      0.42822195	     -0.30047801	     -0.15221440	     -0.05825978	      0.06857084	     -0.03316551	      0.10306128	     -0.15662770	      0.05865402	     -0.07448199	      0.02679657	      0.00629652	      0.00057211	      0.00091965	      0.00344513
      0.86666667	      0.01002076	      0.01001118	      0.04595392	      0.11818879	      0.01005478	      0.01002852	      0.30939840	      0.01052004	      0.06592754	      0.04886074	      0.01302992	      0.01015667	      0.01001270	      0.01000643	      0.11250155	      0.18663694	      0.13842479	      0.12541096	      0.11490830	      0.10149003	      0.01036497	      0.01023062	      0.01119995	      0.01005396	      0.01002703	      0.01005560	      0.01002308	      0.01043598	      0.01002097	      0.01000980	      0.01007420	      0.55018927	      0.12383157	      0.01000365	      0.01004470	      0.27557847	      0.03324308	      0.02780147	      0.08834713	      0.04451054	      0.01001008	      0.01000460	      0.01000467	      0.01000284	      0.01000680	      0.17470357	      0.01000342	      0.14763876	      0.43656550	      0.17641490	      0.01003861	      0.01001306	      0.01000549	      0.01000227	      0.01000369	      0.01000138	      0.01000203	      0.01000324	      0.01002921	      0.42597739	      0.01000915	      0.01004641	      0.29425902	      0.01001467	      0.17227699	      0.12134817	      0.16075296	      0.40648584	      0.85882409	      0.75376987	      0.43738355	      0.01000149	      0.01000482	      0.01000079	      0.01079453	      0.70179522	      0.01000950	      0.01000646	      0.01000232	      0.01000394	     -0.39828368	      0.43747969	      0.30425242	      0.50997901	     -0.15732655	      0.75897326	     -0.00598696	     -0.00419718	      0.00774521	     -0.00042734	      0.00556753	      0.00437507	      0.01711151	     -0.02575301	     -0.07807908	      0.01277146	      0.01803021	     -0.01083847	      0.36825147	     -0.16914803	      0.46527230	     -0.26818770	     -0.17979618	     -0.04500459	      0.08135799	     -0.02503654	      0.10584268	     -0.14319177	      0.00316143	     -0.07134100	     -0.00165962	      0.01185881	     -0.00003747	      0.00124727	      0.00019833
      0.87222222	      0.01002379	      0.01001248	      0.04603106	      0.11366069	      0.01006324	      0.01003174	      0.26019925	      0.01091072	      0.05717928	      0.04938359	      0.01795117	      0.01065719	      0.01001288	      0.01000643	      0.03941606	      0.08566890	      0.08738644	      0.12929490	      0.10899984	      0.08299847	      0.01111073	      0.01050411	      0.01182541	      0.01005635	      0.01003309	      0.01004730	      0.01001983	      0.01032651	      0.01002501	      0.01001076	      0.01007872	      0.49024182	      0.10764496	      0.01000374	      0.01004744	      0.28683642	      0.06369908	      0.03109675	      0.09867518	      0.04972089	      0.01000819	      0.01000339	      0.01000384	      0.01000218	      0.01000578	      0.34171424	      0.01000343	      0.22251449	      0.44555053	      0.17042493	      0.01003408	      0.01001202	      0.01000892	      0.01000283	      0.01000290	      0.01000101	      0.01000168	      0.01000211	      0.01002515	      0.76264446	      0.01000577	      0.01002423	      0.42701854	      0.01001224	      0.06563719	      0.16495237	      0.25563561	      0.63678017	      0.99996402	      0.62736242	      0.57403630	      0.01000125	      0.01000403	      0.01000078	      0.01003000	      0.65053692	      0.01000836	      0.01000430	      0.01000154	      0.01000262	     -0.32484741	      0.35420414	      0.25535785	      0.47726393	     -0.19988218	      0.59963244	     -0.00543215	     -0.00372665	      0.00897582	     -0.00048065	      0.00564433	      0.00548819	      0.02039731	     -0.03264697	     -0.11589566	      0.01925337	      0.01758458	     -0.01360195	      0.43177618	     -0.21973946	      0.48440810	     -0.21928351	     -0.21611341	     -0.02650154	      0.10025122	     -0.01213278	      0.10966887	     -0.12101685	     -0.05265382	     -0.06521494	     -0.02948566	      0.01875661	     -0.00059896	      0.00170260	     -0.00302088
      0.87777778	      0.07405766	      0.01003866	      0.17016393	      0.24985343	      0.10721506	      0.01116448	      0.03506474	      0.01045751	      0.07221372	      0.06138779	      0.01940400	      0.01027979	      0.01000998	      0.01000511	      0.01000449	      0.01000358	      0.01001075	      0.26364114	      0.10504849	      0.01003248	      0.01563540	      0.01010511	      0.01008337	      0.01006346	      0.09495251	      0.01003893	      0.01001611	      0.01002111	      0.08888774	      0.01000608	      0.01004868	      0.46572993	      0.09200272	      0.01000297	      0.01002170	      0.35557206	      0.07632941	      0.03988614	      0.12782632	      0.06439931	      0.01000510	      0.01000192	      0.01000315	      0.01000160	      0.01000460	      0.65787706	      0.01000477	      0.28976152	      0.38550056	      0.13624354	      0.01003415	      0.01001274	      0.06224020	      0.01000497	      0.01000244	      0.01000070	      0.01000152	      0.01000125	      0.04606785	      0.99999483	      0.01000318	      0.01001313	      0.80575552	      0.01000837	      0.01001011	      0.19309446	      0.33345856	      0.99997933	      0.99998988	      0.39999779	      0.76154256	      0.01000102	      0.01000317	      0.01000092	      0.01000887	      0.48717521	      0.01000842	      0.01000331	      0.01000118	      0.01000201	     -0.27437637	      0.23571373	      0.18847643	      0.43889205	     -0.19503575	      0.38905245	     -0.00549552	      0.00018462	      0.03818148	     -0.00062698	      0.00704773	      0.00674408	      0.01957111	     -0.04623155	     -0.20049313	      0.02507935	      0.01420175	     -0.01484643	      0.45781165	     -0.36792859	      0.46339312	     -0.15853997	     -0.25573592	     -0.00362928	      0.12405422	      0.00532019	      0.11435991	     -0.09025966	     -0.08937692	     -0.05752835	     -0.04676755	      0.02427676	     -0.00091461	      0.00213168	     -0.00506073
      0.88333333	      0.36122993	      0.07209420	      0.30591837	      0.43599189	      0.27522020	      0.10139072	      0.01001048	      0.01057973	      0.03895823	      0.05912533	      0.04083113	      0.03068498	      0.01001033	      0.01000552	      0.01000171	      0.01000131	      0.01000320	      0.67913092	      0.25408907	      0.01001323	      0.08024165	      0.01014853	      0.01005533	      0.01003569	      0.44940740	      0.01002860	      0.01001211	      0.01000963	      0.46313914	      0.01000346	      0.01003059	      0.38070681	      0.02946562	      0.01000334	      0.01001235	      0.36890853	      0.17296636	      0.05808740	      0.18657021	      0.09401523	      0.01000303	      0.01000087	      0.01000262	      0.01000091	      0.01000441	      0.99999643	      0.33039684	      0.28535607	      0.40319804	      0.12974773	      0.01002876	      0.01001120	      0.25176327	      0.01000281	      0.01000165	      0.01000033	      0.01000152	      0.01000046	      0.50877152	      0.99999906	      0.01000112	      0.01000374	      0.99999521	      0.01000437	      0.01000185	      0.26219282	      0.48306258	      0.99999806	      0.99999731	      0.30492063	      0.99998260	      0.01000055	      0.01000169	      0.01000091	      0.01000213	      0.42411880	      0.01000705	      0.01000335	      0.01000120	      0.01000204	     -0.24140578	      0.15159352	      0.13270105	      0.44821709	     -0.20365785	      0.25861495	     -0.00682286	      0.00251352	      0.09082775	     -0.00092209	      0.00689931	      0.01003430	      0.01363287	     -0.07740570	     -0.51211643	      0.02470547	      0.01361474	     -0.01917115	      0.47506187	     -0.53916938	      0.43652911	     -0.09642987	     -0.29935265	      0.01959416	      0.15090792	      0.02408040	      0.12039318	     -0.05797540	     -0.09697710	     -0.04927578	     -0.04886950	      0.02742997	     -0.00087750	      0.00253197	     -0.00539668
      0.88888889	      0.64883721	      0.01002599	      0.51977642	      0.86033431	      0.41376466	      0.02861245	      0.01000322	      0.01035552	      0.01003481	      0.02688791	      0.12244136	      0.21093712	      0.01003813	      0.01004175	      0.01000073	      0.01000054	      0.01000116	      0.99999534	      0.89085252	      0.01000880	      0.29155038	      0.04168094	      0.01005782	      0.01001087	      0.99997033	      0.01001628	      0.01000727	      0.01000469	      0.99995779	      0.01000155	      0.01001535	      0.49960034	      0.01004608	      0.02339193	      0.01000616	      0.28314232	      0.52140096	      0.07751255	      0.24912018	      0.12563526	      0.01000111	      0.01000017	      0.01000103	      0.01000017	      0.09022411	      0.99999975	      0.99999926	      0.34650470	      0.87601595	      0.30954174	      0.01001536	      0.01000553	      0.82400275	      0.01000043	      0.01000030	      0.01000004	      0.01000059	      0.01000006	      0.47910403	      0.99999988	      0.01000015	      0.01000042	      0.99999953	      0.01000094	      0.01000025	      0.45552810	      0.78469146	      0.99999979	      0.99999972	      0.99999584	      0.99999915	      0.01000008	      0.01000028	      0.01000039	      0.01000026	      0.99995355	      0.01000365	      0.01000276	      0.01000099	      0.01000168	     -0.21689701	      0.08403988	      0.06227298	      0.47405384	     -0.20275563	      0.16016595	     -0.01530264	     -0.00157751	      0.22264249	     -0.00124272	      0.00335231	      0.02015299	      0.03492254	     -0.31724703	     -3.29764279	      0.03000717	      0.03320239	     -0.03462268	      0.47907738	     -0.72091262	      0.39824012	     -0.03169395	     -0.34825723	      0.04344357	      0.18152529	      0.04445628	      0.12817533	     -0.02384999	     -0.07249146	     -0.03934234	     -0.03453374	      0.02690781	     -0.00047667	      0.00278929	     -0.00386396
      0.89444444	      0.99999945	      0.01000012	      0.99999939	      0.99999982	      0.01451860	      0.01000029	      0.01000005	      0.01016064	      0.18624851	      0.24484875	      0.15467650	      0.09542569	      0.01000084	      0.37615356	      0.01000001	      0.01000000	      0.01000001	      0.99999997	      0.99999992	      0.01000120	      0.99999974	      0.99999933	      0.99999738	      0.01000017	      0.99999992	      0.01000730	      0.01000298	      0.01000013	      0.99999990	      0.01000003	      0.01000046	      0.62539507	      0.01000036	      0.01000074	      0.01000018	      0.99999086	      0.65703741	      0.11816455	      0.37990989	      0.19181282	      0.01000028	      0.01000005	      0.01000022	      0.01000005	      0.01000073	      0.99999991	      0.98390435	      0.01077091	      0.99999247	      0.62212770	      0.01000990	      0.01000327	      0.99866400	      0.01000013	      0.01000008	      0.01000001	      0.01000011	      0.01000001	      0.30765744	      0.99999997	      0.01000004	      0.01000014	      0.99999986	      0.01000025	      0.01000009	      0.59527782	      0.88895623	      0.99999994	      0.99999992	      0.99999979	      0.99999977	      0.01000002	      0.01000007	      0.01000020	      0.01000009	      0.99999668	      0.01000231	      0.01226899	      0.02306718	      0.01468227	     -0.18135083	      0.01939057	      0.00767309	      0.47198215	     -0.19587016	      0.07266002	     -0.63847145	     -0.58350987	      9.64442092	     -0.00191698	      0.02926851	      0.03990102	      0.19499116	     -1.09739110	     -9.51439062	     -0.00014993	      0.06775330	     -0.04889697	      0.46022298	     -0.88242390	      0.35425592	      0.01533652	     -0.38930845	      0.06255207	      0.20846208	      0.06157860	      0.13566708	      0.00410448	     -0.03900188	     -0.03208599	     -0.01642306	      0.02436626	     -0.00002268	      0.00287826	     -0.00186559
      0.90000000	      0.99999958	      0.01000009	      0.99999952	      0.99999986	      0.01433948	      0.01000023	      0.01000004	      0.01021223	      0.21933729	      0.30514000	      0.20746735	      0.14356662	      0.01000067	      0.41150382	      0.01000001	      0.01000000	      0.01000001	      0.99999997	      0.99999994	      0.01000135	      0.99999978	      0.99999944	      0.99999800	      0.01000013	      0.99999994	      0.01000552	      0.01000225	      0.01000011	      0.99999992	      0.01000002	      0.01000038	      0.73842365	      0.01000029	      0.01000058	      0.01000015	      0.99999476	      0.88084809	      0.12798777	      0.41145382	      0.20802850	      0.01000043	      0.01000005	      0.01000022	      0.01000004	      0.17427617	      0.99999994	      0.76696779	      0.01111885	      0.99999547	      0.79654290	      0.01000834	      0.01000267	      0.97757856	      0.01000011	      0.01000006	      0.01000000	      0.01000009	      0.01000001	      0.01000042	      0.99999997	      0.01000003	      0.01000010	      0.99999987	      0.01000024	      0.01000007	      0.65913230	      0.91378451	      0.99999995	      0.99999994	      0.99999983	      0.99999982	      0.01000001	      0.01000006	      0.01000015	      0.01000006	      0.99999782	      0.01000193	      0.01361554	      0.03096672	      0.01869145	     -0.11558531	     -0.03893256	      0.01800488	      0.39261716	     -0.17669773	      0.00072868	     -0.77279005	     -0.70629063	     11.65149224	     -0.00210136	      0.03716090	      0.05232681	      0.33141700	     -1.14736216	    -11.74581185	     -0.00020282	      0.08751864	     -0.05597132	      0.42633638	     -0.99188417	      0.32748346	      0.02529198	     -0.41024643	      0.07183263	      0.22411590	      0.07034328	      0.14096992	      0.01708695	     -0.03796097	     -0.03213036	     -0.01552226	      0.02478536	      0.00001323	      0.00299936	     -0.00177881
      0.90555556	      0.99999943	      0.01000013	      0.99999934	      0.99999980	      0.23449620	      0.01000032	      0.01000006	      0.01034006	      0.07220645	      0.22333781	      0.22611566	      0.24478388	      0.01000091	      0.40371603	      0.01000001	      0.01000001	      0.01000002	      0.99999996	      0.99999991	      0.01000242	      0.99999968	      0.99999915	      0.99999645	      0.01000018	      0.99999991	      0.01000586	      0.01000244	      0.01000017	      0.99999989	      0.01000004	      0.01000052	      0.78339437	      0.01000040	      0.01000082	      0.01000021	      0.99998951	      0.96024737	      0.13273500	      0.42664317	      0.21598341	      0.01000078	      0.01000009	      0.01000037	      0.01000006	      0.53672211	      0.99999989	      0.49485011	      0.16017043	      0.99998656	      0.50954111	      0.01001121	      0.01000377	      0.92549546	      0.01000018	      0.01000010	      0.01000001	      0.01000015	      0.01000002	      0.01000053	      0.99999994	      0.01000006	      0.01000015	      0.99999976	      0.01000041	      0.01000012	      0.55942545	      0.87322910	      0.99999992	      0.99999989	      0.99999969	      0.99999969	      0.01000002	      0.01000010	      0.01000024	      0.01000011	      0.99999497	      0.01000262	      0.01000598	      0.01000215	      0.01000364	     -0.02928652	     -0.07750566	      0.03499955	      0.26084618	     -0.15315520	     -0.06959260	     -0.56783819	     -0.51234561	      8.53418976	     -0.00220117	      0.02799336	      0.04984100	      0.21436377	     -0.69519409	     -7.20378977	      0.01387707	      0.05628762	     -0.04458030	      0.37848718	     -1.09013025	      0.30031173	      0.02265988	     -0.43539644	      0.07960977	      0.24056739	      0.07827436	      0.14721654	      0.02762846	     -0.05203425	     -0.03441963	     -0.02246060	      0.02432403	     -0.00018451	      0.00280200	     -0.00250791
      0.91111111	      0.90694685	      0.01000258	      0.82910500	      0.99999409	      0.37268513	      0.01000719	      0.01000116	      0.01021098	      0.01001603	      0.05408388	      0.28986721	      0.51438754	      0.01002174	      0.01005334	      0.01000034	      0.01000024	      0.01000044	      0.99999884	      0.99999708	      0.01001295	      0.79313380	      0.26582160	      0.04368946	      0.01000327	      0.99999742	      0.01000661	      0.01000292	      0.01000269	      0.99999691	      0.01000071	      0.01000722	      0.73641448	      0.01000958	      0.15029496	      0.01000313	      0.58956570	      0.99998053	      0.09337073	      0.29996808	      0.15200750	      0.21200734	      0.01000597	      0.01000500	      0.01000148	      0.01095909	      0.99999278	      0.01000506	      0.30567733	      0.33059118	      0.09477180	      0.01002935	      0.01001198	      0.38247165	      0.01001105	      0.01000163	      0.01000048	      0.01000146	      0.01000066	      0.01000345	      0.99998057	      0.01000177	      0.01000363	      0.30257121	      0.01001944	      0.01001031	      0.28963552	      0.55552306	      0.99999275	      0.99999631	      0.30893546	      0.86453754	      0.01000079	      0.01000268	      0.01000113	      0.01000342	      0.26397317	      0.01000723	      0.01000313	      0.01000112	      0.01000190	      0.05762839	     -0.06741692	      0.09620188	      0.10662561	     -0.14209731	     -0.06416972	     -0.03901444	     -0.02371695	      0.54119733	     -0.00155704	      0.00751604	      0.04756734	      0.03156754	     -0.02512235	     -0.25245768	      0.02649398	      0.01021749	     -0.02007110	      0.32290415	     -1.14431240	      0.28454590	     -0.00587137	     -0.46015161	      0.08249602	      0.25305312	      0.08186585	      0.15289734	      0.02967181	     -0.05873150	     -0.03848061	     -0.02579397	      0.02023996	     -0.00036801	      0.00217376	     -0.00273255
      0.91666667	      0.54854418	      0.24277775	      0.40296264	      0.52634455	      0.40117385	      0.19734017	      0.01001232	      0.01036956	      0.01001993	      0.04246094	      0.23454579	      0.41916723	      0.01024628	      0.01002007	      0.01000181	      0.01000135	      0.01000331	      0.49698214	      0.17576006	      0.01001429	      0.04486543	      0.01007793	      0.01005341	      0.01004543	      0.45470187	      0.01000804	      0.01000357	      0.01001189	      0.50900604	      0.01000374	      0.01002767	      0.48147075	      0.06493506	      0.13791874	      0.01001265	      0.46241860	      0.99399315	      0.07590143	      0.24371177	      0.12357720	      0.01523689	      0.01001911	      0.01001469	      0.01000540	      0.01007183	      0.35961932	      0.01001318	      0.08758660	      0.07438817	      0.01877809	      0.01009461	      0.01004302	      0.19059541	      0.06952113	      0.01000609	      0.01000192	      0.01000487	      0.01000277	      0.01001358	      0.26423773	      0.01000742	      0.01001540	      0.08057309	      0.01005424	      0.01006396	      0.09181680	      0.18452878	      0.40466370	      0.56761917	      0.12182617	      0.23605469	      0.01000296	      0.01000987	      0.01000574	      0.01001548	      0.02436806	      0.01002487	      0.01001075	      0.01000391	      0.01000659	      0.14774665	      0.00406485	      0.20797900	     -0.05751780	     -0.14928422	      0.03860440	     -0.00696905	      0.00491167	      0.09183373	     -0.00126757	      0.00599726	      0.03843108	      0.00881102	     -0.00799196	     -0.06095485	      0.00758808	      0.00163903	     -0.00610034	      0.27216335	     -1.09854136	      0.29450242	     -0.06466523	     -0.47678238	      0.07828519	      0.25700736	      0.07848898	      0.15676163	      0.01840328	     -0.05870911	     -0.04587261	     -0.02646110	      0.01481130	     -0.00052416	      0.00139568	     -0.00261519
      0.92222222	      0.35435988	      0.56282985	      0.17796450	      0.12156261	      0.27397780	      0.28394394	      0.18495802	      0.01102815	      0.01002356	      0.03588347	      0.19933692	      0.35797983	      0.03253360	      0.01002187	      0.01006911	      0.01181101	      0.35954651	      0.01001290	      0.01001718	      0.01002069	      0.01005504	      0.01005952	      0.01006712	      0.14601870	      0.01083244	      0.01000933	      0.01000416	      0.01010700	      0.08969582	      0.08312874	      0.01045075	      0.10792030	      0.07949762	      0.12241465	      0.01012593	      0.38676133	      0.84740788	      0.04977030	      0.15920305	      0.08078125	      0.10355636	      0.29993795	      0.01019547	      0.01260541	      0.01294808	      0.01012129	      0.01001691	      0.03075020	      0.01007474	      0.01871370	      0.06369647	      0.11988633	      0.12360149	      0.15479722	      0.01003572	      0.03657168	      0.01001847	      0.27137225	      0.01002628	      0.01001079	      0.15886754	      0.03122332	      0.01003429	      0.04666765	      0.24297226	      0.01002376	      0.01001130	      0.01002083	      0.05601509	      0.06936307	      0.01952650	      0.01014883	      0.01284115	      0.01426297	      0.13155128	      0.14856951	      0.26475655	      0.01004562	      0.01001653	      0.01002794	      0.23651893	      0.11666979	      0.34079891	     -0.23768914	     -0.16364245	      0.19186314	      0.00164312	      0.00813766	     -0.00835008	     -0.00082675	      0.00506274	      0.03267641	      0.00418908	      0.00193056	      0.01912888	      0.00257336	      0.00193116	      0.01110930	      0.23488301	     -0.98900512	      0.32476900	     -0.13566148	     -0.48942276	      0.07054205	      0.25581806	      0.07136804	      0.15899388	     -0.00004073	     -0.05956836	     -0.05557140	     -0.02833797	      0.00878939	     -0.00073557	      0.00048600	     -0.00261307
      0.92777778	      0.46878621	      0.84393673	      0.17957580	      0.07195806	      0.33868050	      0.39834139	      0.23656359	      0.01160247	      0.01003220	      0.02681183	      0.14202660	      0.25555346	      0.03228616	      0.01002840	      0.14119375	      0.35156304	      0.61747365	      0.01000810	      0.01001122	      0.01001559	      0.01003814	      0.01004515	      0.01004962	      0.22886469	      0.01011880	      0.01001289	      0.01000580	      0.01041295	      0.10600026	      0.33023258	      0.01462110	      0.01162007	      0.07955736	      0.09127258	      0.01278643	      0.27581356	      0.60323285	      0.03313618	      0.10344741	      0.05257832	      0.24600039	      0.69542148	      0.01006131	      0.05284024	      0.02723784	      0.01003870	      0.01000783	      0.06093478	      0.01004361	      0.04292996	      0.14434369	      0.26439556	      0.17931990	      0.18178318	      0.01001544	      0.17699109	      0.01000747	      0.61937333	      0.01001326	      0.01000505	      0.35124345	      0.06769978	      0.01001707	      0.11430101	      0.51962717	      0.01001066	      0.01000496	      0.01000942	      0.09597273	      0.10825677	      0.02176306	      0.01046452	      0.03774153	      0.01001430	      0.27918778	      0.38637121	      0.59899888	      0.01001518	      0.01000557	      0.01000934	      0.32871173	      0.21553438	      0.44748771	     -0.37432440	     -0.21221664	      0.33383814	      0.00441537	      0.01136277	     -0.02444460	     -0.00053438	      0.00358239	      0.02331154	      0.00836638	      0.00520583	      0.04315466	      0.00527457	      0.00546847	      0.02562448	      0.21749049	     -0.85544869	      0.36546424	     -0.19854652	     -0.49467619	      0.06159037	      0.25000077	      0.06264523	      0.15846387	     -0.02029392	     -0.05050424	     -0.06402561	     -0.02529294	      0.00206478	     -0.00082943	     -0.00038731	     -0.00206311
      0.93333333	      0.46097582	      0.86487343	      0.17102320	      0.05423967	      0.33537592	      0.40527025	      0.27758485	      0.01066738	      0.01005130	      0.01738403	      0.08441150	      0.15155193	      0.02180550	      0.01004086	      0.26825418	      0.52852757	      0.71123331	      0.01000706	      0.01001001	      0.01001489	      0.01003445	      0.01004252	      0.01004656	      0.24443914	      0.01006374	      0.01002119	      0.01000966	      0.01062379	      0.08473509	      0.40335534	      0.01596977	      0.01074459	      0.08781606	      0.05040421	      0.01836952	      0.16763807	      0.35798316	      0.02089107	      0.06372130	      0.03248203	      0.20780036	      0.72817166	      0.01001962	      0.01006987	      0.01004730	      0.01002109	      0.01000496	      0.06798273	      0.01003592	      0.05548129	      0.18117943	      0.33040291	      0.18051749	      0.14005781	      0.01001135	      0.15880961	      0.01000491	      0.82304176	      0.01001285	      0.01000436	      0.45028405	      0.12603847	      0.01001686	      0.08497571	      0.67412701	      0.01000849	      0.01000395	      0.01000797	      0.12428644	      0.31171783	      0.04846382	      0.01001283	      0.01007424	      0.01001168	      0.41206237	      0.49786323	      0.75093953	      0.01001377	      0.01000503	      0.01000846	      0.39854839	      0.28256271	      0.50539031	     -0.46010203	     -0.26975134	      0.41718916	      0.00491746	      0.01175319	     -0.03018059	     -0.00032650	      0.00213882	      0.01389430	      0.01093871	      0.00298797	      0.05159639	      0.00588796	      0.00702366	      0.03229352	      0.22674499	     -0.72866585	      0.40906009	     -0.22884250	     -0.48594383	      0.05353200	      0.23909590	      0.05435837	      0.15333808	     -0.03598635	     -0.06589476	     -0.07286899	     -0.03451089	      0.00259506	     -0.00111313	     -0.00058673	     -0.00306312
      0.93888889	      0.47956724	      0.90656611	      0.18147312	      0.05721930	      0.35339458	      0.42658595	      0.31325265	      0.01113574	      0.01010131	      0.01533454	      0.04369878	      0.07588392	      0.01106075	      0.01009637	      0.32135215	      0.61178428	      0.77979611	      0.01000617	      0.01000881	      0.01001329	      0.01003062	      0.01003809	      0.01004100	      0.26171952	      0.01005282	      0.01003796	      0.01001762	      0.01146035	      0.08170973	      0.45035187	      0.01776189	      0.01817089	      0.09970952	      0.01029668	      0.02237843	      0.10238909	      0.18460939	      0.01826519	      0.05027197	      0.02604422	      0.15058763	      0.63903271	      0.01001595	      0.01003563	      0.01002919	      0.01001848	      0.01000467	      0.06411975	      0.01003643	      0.05763577	      0.18253030	      0.33187024	      0.15420023	      0.07868584	      0.01001120	      0.10948516	      0.01000464	      0.80591774	      0.01001498	      0.01000473	      0.43448448	      0.14036086	      0.01002001	      0.05369700	      0.67015702	      0.01000836	      0.01000389	      0.01000846	      0.12608664	      0.38828960	      0.06146271	      0.01000940	      0.01004283	      0.01001036	      0.42851062	      0.51156936	      0.75558721	      0.01001457	      0.01000533	      0.01000896	      0.41714595	      0.31743707	      0.48474785	     -0.47696749	     -0.31450673	      0.40624875	      0.00527615	      0.01264340	     -0.03360782	     -0.00025512	      0.00143402	      0.00738496	      0.01088691	      0.00107956	      0.04856241	      0.00555290	      0.00726134	      0.03269506	      0.24388755	     -0.67632951	      0.42719637	     -0.21043177	     -0.46945942	      0.04962248	      0.22758578	      0.05003384	      0.14422215	     -0.03890811	     -0.10915684	     -0.07877007	     -0.05687977	      0.00971377	     -0.00161614	     -0.00025206	     -0.00571100
      0.94444444	      0.48053993	      0.90112495	      0.18961044	      0.06607319	      0.35950034	      0.42813844	      0.32301686	      0.01122833	      0.17094377	      0.06282155	      0.01007023	      0.01002673	      0.01000687	      0.01000347	      0.31530944	      0.60850226	      0.78707292	      0.01000577	      0.01000824	      0.01001229	      0.01002881	      0.01003553	      0.01003727	      0.26329033	      0.01005135	      0.02844429	      0.02089565	      0.01095075	      0.08384080	      0.45870348	      0.01660435	      0.03439050	      0.10528924	      0.01000188	      0.01974784	      0.27171969	      0.01001864	      0.01961887	      0.05560387	      0.02857262	      0.05435555	      0.41474233	      0.01001502	      0.01002510	      0.01002253	      0.01001877	      0.01000520	      0.05235436	      0.01004380	      0.05135247	      0.15604043	      0.28270275	      0.10871173	      0.01312289	      0.01001296	      0.03578653	      0.01000511	      0.65895040	      0.01002225	      0.01000631	      0.34897896	      0.13303542	      0.01003089	      0.01519587	      0.55172982	      0.01000963	      0.01000450	      0.01001111	      0.10741003	      0.39587960	      0.06774627	      0.01000849	      0.01003338	      0.01001146	      0.37535895	      0.44652305	      0.64505460	      0.01001771	      0.01000651	      0.01001092	      0.39545234	      0.33950146	      0.44036836	     -0.42294821	     -0.34255297	      0.38115506	      0.00525738	      0.01300781	     -0.03377639	     -0.00027957	      0.00766763	     -0.00392558	      0.00908051	     -0.00133000	      0.03718478	      0.00453031	      0.00646516	      0.02813376	      0.25849680	     -0.67922089	      0.42508048	     -0.16914415	     -0.44083916	      0.04647746	      0.21235337	      0.04640431	      0.13176818	     -0.03648226	     -0.15264938	     -0.08058604	     -0.07834281	      0.01912324	     -0.00203731	      0.00040210	     -0.00834996
      0.95000000	      0.46139791	      0.85003641	      0.19335654	      0.07867976	      0.35129383	      0.40905498	      0.31148979	      0.01141974	      0.33076991	      0.11479181	      0.01003660	      0.01001376	      0.01000372	      0.01000192	      0.26048928	      0.53308395	      0.74027411	      0.01000579	      0.01000824	      0.01001194	      0.01002870	      0.01003466	      0.01003540	      0.24942857	      0.01005534	      0.08368753	      0.10851925	      0.01040246	      0.08634472	      0.42483351	      0.01438538	      0.05435700	      0.10537938	      0.01000101	      0.01411180	      0.48121392	      0.01000914	      0.02548641	      0.07722293	      0.03924409	      0.01005392	      0.09206557	      0.01001309	      0.01001492	      0.01001700	      0.01002143	      0.01000599	      0.04825531	      0.01017778	      0.05886155	      0.10572559	      0.17441613	      0.01012137	      0.01001568	      0.01001372	      0.01002216	      0.01000538	      0.39321825	      0.01004103	      0.01001079	      0.21384789	      0.10722119	      0.01009561	      0.01008313	      0.39453264	      0.01001309	      0.01000604	      0.01002092	      0.12215706	      0.38667289	      0.09376749	      0.01000682	      0.01002342	      0.01000450	      0.29054337	      0.41470513	      0.43339443	      0.01001912	      0.01000706	      0.01001182	      0.34246560	      0.34534728	      0.38131579	     -0.32544735	     -0.36175210	      0.35308118	      0.00482427	      0.01272685	     -0.03095740	     -0.00038501	      0.01389438	     -0.00941834	      0.00742157	     -0.00496230	      0.01912005	      0.00417114	      0.00711596	      0.02006189	      0.25742562	     -0.74819351	      0.39715680	     -0.11001984	     -0.41294784	      0.04573772	      0.19952969	      0.04528674	      0.11957553	     -0.02753060	     -0.16934950	     -0.07561565	     -0.08532358	      0.02592877	     -0.00209604	      0.00107789	     -0.00935644
      0.95555556	      0.41673845	      0.75010122	      0.18644872	      0.08892250	      0.32233513	      0.36542047	      0.27698367	      0.01027874	      0.38220394	      0.13513359	      0.01003288	      0.01001217	      0.01000322	      0.01000166	      0.17369417	      0.40417283	      0.63950606	      0.01000638	      0.01000900	      0.01001257	      0.01003091	      0.01003628	      0.01003625	      0.21854932	      0.01006546	      0.08725595	      0.10374526	      0.01011078	      0.08415150	      0.35186930	      0.01041450	      0.07018627	      0.09788864	      0.01000087	      0.01023592	      0.57275259	      0.01000815	      0.03414369	      0.10902272	      0.05516676	      0.01000746	      0.01000480	      0.01000589	      0.01000517	      0.01000631	      0.01001300	      0.01000545	      0.11369181	      0.09217368	      0.07948651	      0.03846229	      0.02180047	      0.01008337	      0.01001063	      0.01000970	      0.01000566	      0.01000336	      0.10492192	      0.15047603	      0.15485375	      0.05129917	      0.16148968	      0.22390609	      0.01001702	      0.21879631	      0.01002461	      0.01001076	      0.20240384	      0.19323547	      0.40372872	      0.24818461	      0.01000386	      0.01001124	      0.01000220	      0.29979303	      0.42224914	      0.14926182	      0.01000833	      0.01000302	      0.01000509	      0.27303717	      0.33194769	      0.28428097	     -0.19364868	     -0.35572702	      0.29452959	      0.00398074	      0.01155927	     -0.02547304	     -0.00053924	      0.01625880	     -0.01028336	      0.00741226	     -0.02099724	     -0.01583662	      0.00986416	      0.00911766	      0.00950081	      0.23384911	     -0.87109231	      0.33820096	     -0.03262980	     -0.39388229	      0.04850610	      0.19289329	      0.04782143	      0.10987117	     -0.01080971	     -0.15505031	     -0.06556316	     -0.07727594	      0.02909896	     -0.00179118	      0.00166741	     -0.00865522
      0.96111111	      0.36297744	      0.63339536	      0.17959575	      0.10233271	      0.28902093	      0.31494541	      0.25173462	      0.01166873	      0.39006542	      0.14308950	      0.01003389	      0.01001227	      0.01000310	      0.01000160	      0.09084625	      0.28053733	      0.54087715	      0.01000736	      0.01001031	      0.01001381	      0.01003417	      0.01003879	      0.01003839	      0.18378296	      0.01008108	      0.06863748	      0.05904135	      0.01011726	      0.07221294	      0.25398690	      0.01136387	      0.10364857	      0.09377842	      0.01000084	      0.01031170	      0.61943840	      0.01000842	      0.04597724	      0.14658491	      0.07409524	      0.01000543	      0.01000305	      0.01000424	      0.01000320	      0.01000478	      0.01001640	      0.01000454	      0.17680898	      0.28558529	      0.11911471	      0.01005908	      0.01001918	      0.01001681	      0.01000497	      0.01000583	      0.01000252	      0.01000238	      0.01000866	      0.12681470	      0.43950868	      0.01002137	      0.09013438	      0.34320426	      0.01001177	      0.13571444	      0.08232712	      0.10148228	      0.52750789	      0.44666041	      0.46911876	      0.40882727	      0.01000239	      0.01000704	      0.01000116	      0.20945965	      0.46272976	      0.01001448	      0.01000539	      0.01000194	      0.01000328	      0.20082236	      0.32447614	      0.21932080	     -0.07761373	     -0.33557120	      0.29122153	      0.00286457	      0.01009061	     -0.01948300	     -0.00072219	      0.01708289	     -0.00918882	      0.01082430	     -0.03081174	     -0.05126926	      0.01532802	      0.01300530	     -0.00721976	      0.20068341	     -0.97253092	      0.27890826	      0.03053516	     -0.36868750	      0.04956272	      0.18408757	      0.04865215	      0.10108137	      0.00176399	     -0.12840832	     -0.05540245	     -0.06342343	      0.02959276	     -0.00137489	      0.00207200	     -0.00724491
      0.96666667	      0.30884144	      0.51654653	      0.17258161	      0.11547255	      0.25581337	      0.26466205	      0.22906638	      0.01034466	      0.37684134	      0.14832825	      0.01003889	      0.01001342	      0.01000311	      0.01000159	      0.01693197	      0.16562974	      0.44776062	      0.01000887	      0.01001229	      0.01001566	      0.01003868	      0.01004215	      0.01004171	      0.14914270	      0.01007808	      0.02618645	      0.01022653	      0.01006941	      0.05742737	      0.15401670	      0.01017254	      0.13648323	      0.08973073	      0.01000085	      0.01008139	      0.66711153	      0.01000976	      0.05957603	      0.19089397	      0.09643724	      0.01000514	      0.01000264	      0.01000377	      0.01000257	      0.01000452	      0.01003783	      0.01000416	      0.21071258	      0.38603551	      0.14963157	      0.01003784	      0.01001328	      0.01001105	      0.01000357	      0.01000440	      0.01000171	      0.01000204	      0.01000394	      0.02135063	      0.59716530	      0.01000986	      0.01021552	      0.38523934	      0.01001035	      0.05897264	      0.16865905	      0.26347528	      0.76876363	      0.68611441	      0.52544260	      0.51740252	      0.01000183	      0.01000551	      0.01000090	      0.07187896	      0.54764202	      0.01000930	      0.01000453	      0.01000163	      0.01000276	      0.12117315	      0.30776999	      0.14424615	      0.04472999	     -0.31557780	      0.28806910	      0.00171716	      0.00855743	     -0.01359567	     -0.00093825	      0.01754017	     -0.00633457	      0.01370353	     -0.03522512	     -0.08006875	      0.01826861	      0.01619513	     -0.01311574	      0.14126566	     -1.07527573	      0.20082632	      0.08494909	     -0.34421280	      0.05069659	      0.17667288	      0.04968893	      0.09464009	      0.01336176	     -0.05431334	     -0.04161574	     -0.02620940	      0.01958686	     -0.00052514	      0.00175031	     -0.00296539
      0.97222222	      0.26626698	      0.41691614	      0.17437101	      0.13595475	      0.23379142	      0.22443480	      0.22208467	      0.01034274	      0.25232006	      0.15025197	      0.01086478	      0.01003490	      0.01000360	      0.01000177	      0.01006361	      0.05749467	      0.37542617	      0.01001078	      0.01001470	      0.01001749	      0.01004301	      0.01004462	      0.01004448	      0.12035244	      0.01008019	      0.01002298	      0.01000906	      0.01005724	      0.04251352	      0.04746645	      0.01011734	      0.18600570	      0.09219791	      0.01000099	      0.01005808	      0.79443935	      0.01033368	      0.07415055	      0.23772149	      0.12007344	      0.01000577	      0.01000273	      0.01000368	      0.01000229	      0.01000482	      0.08673425	      0.01000380	      0.22540151	      0.43664753	      0.16469326	      0.01003211	      0.01001145	      0.01000933	      0.01000309	      0.01000359	      0.01000134	      0.01000186	      0.01000262	      0.01002654	      0.60164317	      0.01000674	      0.01002800	      0.35899511	      0.01001033	      0.03580642	      0.21577252	      0.35226498	      0.90774680	      0.91804233	      0.60918604	      0.58883905	      0.01000152	      0.01000471	      0.01000081	      0.01005884	      0.58628160	      0.01000783	      0.01000423	      0.01000152	      0.01000258	      0.05106693	      0.30020337	      0.08865125	      0.16144393	     -0.31001083	      0.29505379	      0.00054990	      0.00732460	     -0.00806692	     -0.00116826	      0.01761474	      0.00870899	      0.01685768	     -0.03550905	     -0.10017204	      0.01954376	      0.01778224	     -0.01628485	      0.07643866	     -1.15204447	      0.12837520	      0.11952179	     -0.31643836	      0.05039670	      0.16812305	      0.04937657	      0.08979625	      0.01996615	      0.02109372	     -0.03109670	      0.01090149	      0.00669604	      0.00022905	      0.00109380	      0.00139594
      0.97777778	      0.23502933	      0.35677780	      0.17320540	      0.14398595	      0.21853259	      0.20033797	      0.23764571	      0.01020012	      0.27586127	      0.14898484	      0.01011868	      0.01002523	      0.01000363	      0.01000181	      0.01006450	      0.05625077	      0.36499383	      0.01001182	      0.01001617	      0.01001908	      0.01004496	      0.01004611	      0.01004675	      0.10743291	      0.01006674	      0.01003109	      0.01001164	      0.01005776	      0.02269229	      0.01045878	      0.01009879	      0.23011104	      0.09938055	      0.01000100	      0.01005299	      0.76784018	      0.01003374	      0.07457383	      0.23906841	      0.12076686	      0.01000464	      0.01000211	      0.01000257	      0.01000154	      0.01000359	      0.26441874	      0.01000259	      0.35789975	      0.50374315	      0.19060813	      0.01002805	      0.01000990	      0.01002620	      0.01000375	      0.01000227	      0.01000085	      0.01000123	      0.01000160	      0.01001058	      0.73270564	      0.01000423	      0.01001404	      0.45196223	      0.01000777	      0.10824523	      0.25045878	      0.40742665	      0.99998617	      0.99999070	      0.80936010	      0.89323914	      0.01000102	      0.01000320	      0.01000070	      0.01002397	      0.67668825	      0.01000679	      0.01000267	      0.01000096	      0.01000162	      0.03195429	      0.33207057	      0.08133106	      0.16429718	     -0.28373281	      0.29885714	     -0.00008136	      0.00659931	     -0.00651707	     -0.00117601	      0.01706802	      0.00528903	      0.02739342	     -0.04924284	     -0.15083787	      0.03103752	      0.02078012	     -0.01886008	      0.04037539	     -1.17291200	      0.09345354	      0.13205257	     -0.28405023	      0.04808446	      0.15720068	      0.04709678	      0.08535566	      0.02030213	     -0.00792118	     -0.03195149	     -0.00356028	      0.01303692	     -0.00010712	      0.00153983	     -0.00043659
      0.98333333	      0.23439667	      0.35293902	      0.18970685	      0.16227515	      0.23019518	      0.20526831	      0.29402800	      0.01033349	      0.19719883	      0.12621221	      0.01224854	      0.01005397	      0.01000456	      0.01000224	      0.01011758	      0.10687036	      0.42167292	      0.01001104	      0.01001528	      0.01001844	      0.01004152	      0.01004288	      0.01004430	      0.11429431	      0.01005043	      0.01002494	      0.01001009	      0.01005731	      0.01197255	      0.01009136	      0.01009131	      0.30802959	      0.12256832	      0.01000126	      0.01004764	      0.68563328	      0.01351110	      0.06821536	      0.21865767	      0.11046655	      0.01000202	      0.01000090	      0.01000091	      0.01000053	      0.01000136	      0.92154542	      0.01000047	      0.09585962	      0.58823108	      0.22787264	      0.01002492	      0.01000851	      0.01000323	      0.01000107	      0.01000074	      0.01000028	      0.01000041	      0.01000055	      0.01000263	      0.99998102	      0.01000152	      0.01000445	      0.99788296	      0.01000221	      0.76379095	      0.27336559	      0.42843291	      0.99999814	      0.99999872	      0.99999939	      0.99999653	      0.01000022	      0.01000075	      0.01000057	      0.01007344	      0.81988562	      0.01000597	      0.01000985	      0.01000358	      0.01000603	      0.04965821	      0.39732188	      0.11682738	      0.10786541	     -0.26836999	      0.30883323	     -0.00047484	      0.00682540	     -0.00741783	     -0.00107627	      0.01434864	      0.00857498	      0.08776842	     -0.13053106	     -0.40607669	      0.00830920	      0.02549814	     -0.02090025	      0.03038616	     -1.14318463	      0.09019300	      0.12722778	     -0.24916055	      0.04425638	      0.14445249	      0.04330938	      0.08079458	      0.01553017	     -0.10516413	     -0.03697692	     -0.05038265	      0.03452659	     -0.00104640	      0.00302963	     -0.00624356
      0.98888889	      0.23998533	      0.36794570	      0.19871361	      0.16857880	      0.24060169	      0.21531876	      0.33381117	      0.01078807	      0.16420234	      0.10752642	      0.01421249	      0.01008310	      0.01000535	      0.01000262	      0.01522622	      0.17108727	      0.47651348	      0.01001019	      0.01001424	      0.01001776	      0.01003900	      0.01004098	      0.01004283	      0.12455741	      0.01004291	      0.01002768	      0.01001140	      0.01006281	      0.01096341	      0.01014260	      0.01010503	      0.34945702	      0.13731869	      0.01000148	      0.01004853	      0.58700403	      0.02097783	      0.05982531	      0.19167376	      0.09684568	      0.01000016	      0.01000006	      0.01000004	      0.01000002	      0.01000007	      0.99999982	      0.01000001	      0.01089354	      0.99444971	      0.41568810	      0.01001720	      0.01000530	      0.14868772	      0.01000015	      0.01000002	      0.01000000	      0.01000001	      0.01000002	      0.01000008	      0.91121277	      0.01000007	      0.01000018	      0.99999953	      0.01000011	      0.99999984	      0.32472031	      0.41006691	      0.99999993	      0.99999996	      0.99999999	      0.99999991	      0.01000000	      0.01000003	      0.01000031	      0.29749336	      0.99999204	      0.01000401	      0.03110324	      0.08545644	      0.05061769	      0.07934857	      0.45222074	      0.15036920	      0.05006291	     -0.25288239	      0.31390710	     -0.00048022	      0.00717444	     -0.00936870	     -0.00094357	      0.01226596	      0.00778880	      2.01376522	     -2.23548271	     -7.40236529	     -0.00056483	      0.04843091	     -0.02753646	      0.02473767	     -1.10139329	      0.08890844	      0.12037289	     -0.21561985	      0.04053432	      0.13176895	      0.03967736	      0.07603669	      0.01118380	     -0.20855206	     -0.03809332	     -0.09871211	      0.06065899	     -0.00190174	      0.00504244	     -0.01233993
      0.99444444	      0.26402165	      0.42071694	      0.19959697	      0.16029718	      0.25394189	      0.23718362	      0.33630816	      0.01042375	      0.15482828	      0.10001689	      0.01257093	      0.01006805	      0.01000556	      0.01000272	      0.03958498	      0.21613130	      0.51115318	      0.01000936	      0.01001309	      0.01001673	      0.01003748	      0.01004015	      0.01004182	      0.13908731	      0.01004329	      0.01002919	      0.01001195	      0.01006532	      0.01146385	      0.01258146	      0.01010281	      0.32436604	      0.13587439	      0.01000153	      0.01005381	      0.54170322	      0.01608140	      0.05484573	      0.17568697	      0.08877819	      0.01000015	      0.01000006	      0.01000004	      0.01000002	      0.01000007	      0.99999983	      0.01000001	      0.01060843	      0.99850296	      0.42375696	      0.01001718	      0.01000517	      0.12922192	      0.01000014	      0.01000002	      0.01000000	      0.01000001	      0.01000002	      0.01000008	      0.88353803	      0.01000007	      0.01000017	      0.99999954	      0.01000011	      0.99999984	      0.31396558	      0.37298395	      0.99999993	      0.99999996	      0.99999999	      0.99999991	      0.01000000	      0.01000003	      0.01000030	      0.28909917	      0.99999244	      0.01000399	      0.03109574	      0.08587697	      0.05087254	      0.09641017	      0.47725042	      0.16338631	      0.00439441	     -0.22902974	      0.31146303	      0.00008705	      0.00779937	     -0.01193228	     -0.00086507	      0.01159998	      0.00720494	      2.07468364	     -2.30667271	     -7.63676839	     -0.00056762	      0.05087138	     -0.02711586	      0.00577981	     -1.06668457	      0.07111170	      0.11490342	     -0.18700531	      0.03745551	      0.12055781	      0.03673932	      0.07163575	      0.00852767	     -0.25787631	     -0.02978280	     -0.11864591	      0.07766044	     -0.00208406	      0.00664435	     -0.01500031
      1.00000000	      0.25381529	      0.40057666	      0.20593006	      0.17055685	      0.25355012	      0.23137658	      0.36202963	      0.01033998	      0.16264396	      0.10564622	      0.01279663	      0.01005570	      0.01000506	      0.01000247	      0.05140709	      0.23618534	      0.52998772	      0.01000937	      0.01001319	      0.01001697	      0.01003681	      0.01003937	      0.01004146	      0.13723821	      0.01003840	      0.01002614	      0.01001066	      0.01006484	      0.01023317	      0.01016537	      0.01009217	      0.36696089	      0.14650849	      0.01000139	      0.01004985	      0.56955138	      0.02373007	      0.05616212	      0.17992030	      0.09093412	      0.01000014	      0.01000005	      0.01000003	      0.01000001	      0.01000006	      0.99999984	      0.01000001	      0.01041210	      0.99994868	      0.46367794	      0.01001638	      0.01000484	      0.12308132	      0.01000013	      0.01000002	      0.01000000	      0.01000001	      0.01000001	      0.01000007	      0.59191145	      0.01000006	      0.01000015	      0.99999957	      0.01000010	      0.99999986	      0.31505274	      0.34672777	      0.99999994	      0.99999997	      0.99999999	      0.99999992	      0.01000000	      0.01000002	      0.01000027	      0.28478206	      0.99999399	      0.01000378	      0.03679686	      0.10198724	      0.06039508	      0.08467240	      0.49213965	      0.16183880	      0.02994960	     -0.23735315	      0.36132843	     -0.00029512	      0.00764205	     -0.01179037	     -0.00088774	      0.01256822	      0.00805267	      2.25928198	     -2.50562740	     -8.30574649	     -0.00067430	      0.05610962	     -0.02795749	     -0.02446143	     -1.02950053	      0.04771492	      0.10070686	     -0.15924168	      0.03401994	      0.10916923	      0.03341263	      0.06742088	      0.00336929	     -0.22018185	     -0.01540085	     -0.09570360	      0.07561336	     -0.00139452	      0.00700063	     -0.01232272
      1.00555556	      0.23235804	      0.35244866	      0.22259554	      0.19713345	      0.25420607	      0.21795134	      0.41699688	      0.01065012	      0.17198523	      0.11500460	      0.01692627	      0.01005848	      0.01000448	      0.01000219	      0.05855411	      0.25626867	      0.56131538	      0.01000944	      0.01001344	      0.01001734	      0.01003522	      0.01003726	      0.01003997	      0.13169131	      0.01003124	      0.01002172	      0.01000891	      0.01006083	      0.01008540	      0.01004074	      0.01007835	      0.46610455	      0.17083445	      0.01000123	      0.01004114	      0.62040041	      0.04883575	      0.05991798	      0.19198477	      0.09707476	      0.01000010	      0.01000004	      0.01000002	      0.01000001	      0.01000005	      0.99999988	      0.01000000	      0.01057674	      0.99998948	      0.62328236	      0.01001343	      0.01000385	      0.12408217	      0.01000010	      0.01000001	      0.01000000	      0.01000000	      0.01000001	      0.01000005	      0.10292505	      0.01000004	      0.01000011	      0.99999967	      0.01000008	      0.99999989	      0.34782150	      0.31773704	      0.99999996	      0.99999998	      0.99999999	      0.99999994	      0.01000000	      0.01000002	      0.01000021	      0.34537645	      0.99999672	      0.01000307	      0.04970785	      0.13807105	      0.08173171	      0.06793385	      0.53248189	      0.17914356	      0.03786895	     -0.23695399	      0.47289047	     -0.00123109	      0.00731762	     -0.01068719	     -0.00095195	      0.01409709	      0.00984659	      2.94612055	     -3.25179921	    -10.79965227	     -0.00091328	      0.07441348	     -0.03289054	     -0.04720342	     -0.98477646	      0.03752014	      0.08277384	     -0.13084981	      0.03071764	      0.09802258	      0.03025149	      0.06348596	     -0.00239608	     -0.17824138	     -0.00502101	     -0.07203571	      0.07091904	     -0.00074211	      0.00704647	     -0.00946603
      1.01111111	      0.17648480	      0.24134657	      0.22659333	      0.21862494	      0.23073952	      0.17577959	      0.45472719	      0.01028055	      0.20681271	      0.13424326	      0.01530058	      0.01004429	      0.01000365	      0.01000179	      0.05802614	      0.25449276	      0.55101870	      0.01001058	      0.01001532	      0.01001975	      0.01003616	      0.01003753	      0.01004127	      0.10934540	      0.01002645	      0.01001839	      0.01000749	      0.01005845	      0.01004712	      0.01002110	      0.01006409	      0.56270174	      0.18874647	      0.01000100	      0.01003481	      0.71401413	      0.04493519	      0.06505978	      0.20850903	      0.10549770	      0.01000017	      0.01000005	      0.01000001	      0.01000000	      0.01000003	      0.99999995	      0.01000000	      0.01024344	      0.99999591	      0.93243474	      0.01000975	      0.01000272	      0.19633064	      0.01000006	      0.01000000	      0.01000000	      0.01000000	      0.01000000	      0.01000002	      0.01000006	      0.01000002	      0.01000005	      0.21017764	      0.01000005	      0.99999996	      0.44167223	      0.32638467	      0.99999997	      0.99999999	      1.00000000	      0.99999997	      0.01000000	      0.01000000	      0.01000014	      0.76597989	      0.99999825	      0.01000220	      0.06223157	      0.17297807	      0.10238560	      0.02613741	      0.54942123	      0.15959313	      0.06295318	     -0.21166347	      0.54933291	     -0.00252848	      0.00613098	     -0.00776668	     -0.00104076	      0.01698927	      0.01136674	      5.79008750	     -4.70365909	    -17.16723044	     -0.00114448	      0.10954547	     -0.04422509	     -0.07804177	     -0.97225794	      0.01262447	      0.08582036	     -0.11370192	      0.03015489	      0.09312973	      0.02990197	      0.06232251	     -0.00109029	     -0.11624622	      0.00258123	     -0.04020082	      0.05960472	      0.00002015	      0.00646124	     -0.00547807
      1.01666667	      0.07429432	      0.04657824	      0.20371842	      0.22217870	      0.16804215	      0.09193964	      0.43768138	      0.01025454	      0.28464630	      0.17437100	      0.01235662	      0.01002980	      0.01000269	      0.01000132	      0.03267294	      0.19594426	      0.45367864	      0.01001545	      0.01002310	      0.01002890	      0.01004352	      0.01004333	      0.01004952	      0.06049001	      0.01002483	      0.01001496	      0.01000601	      0.01006018	      0.01003279	      0.01001383	      0.01005679	      0.61091464	      0.18468246	      0.01000073	      0.01003144	      0.90899460	      0.01337895	      0.07377242	      0.23648161	      0.11974119	      0.01000015	      0.01000004	      0.01000001	      0.01000000	      0.01000003	      0.99999996	      0.01000000	      0.01023078	      0.99999665	      0.99989567	      0.01000887	      0.01000248	      0.31284273	      0.01000005	      0.01000000	      0.01000000	      0.01000000	      0.01000000	      0.01000001	      0.01000006	      0.01000002	      0.01000005	      0.05512572	      0.01000004	      0.99999997	      0.49205413	      0.37114646	      0.99999998	      0.99999999	      1.00000000	      0.99999997	      0.01000000	      0.01000000	      0.01000013	      0.96062636	      0.99999849	      0.01000200	      0.06575482	      0.18277303	      0.10819069	     -0.07715980	      0.52147033	      0.08221592	      0.19487468	     -0.21406603	      0.56647127	     -0.00405596	      0.00364984	     -0.00193019	     -0.00118923	      0.02261964	      0.01336177	      6.38601094	     -5.19018230	    -18.94848986	     -0.00120938	      0.12103503	     -0.04912765	     -0.13204523	     -1.02125786	     -0.04091759	      0.10943591	     -0.11509296	      0.03270631	      0.09722629	      0.03269293	      0.06557765	      0.00644378	      0.03371344	      0.00534619	      0.03170835	      0.02020127	      0.00130443	      0.00336268	      0.00380495
      1.02222222	      0.05781672	      0.02989908	      0.17451041	      0.19107348	      0.14197042	      0.07551961	      0.36860219	      0.01019070	      0.53739416	      0.32760008	      0.01259819	      0.01001581	      0.01000144	      0.01000070	      0.03720066	      0.17983552	      0.39299153	      0.01001791	      0.01002695	      0.01003415	      0.01004944	      0.01004936	      0.01005656	      0.04860602	      0.01002758	      0.01000806	      0.01000321	      0.01006993	      0.01003573	      0.01001734	      0.01006259	      0.50686469	      0.15335238	      0.01000038	      0.01003628	      0.99999355	      0.01594843	      0.08233216	      0.26394241	      0.13376524	      0.01000019	      0.01000007	      0.01000005	      0.01000002	      0.01000009	      0.99999978	      0.01000002	      0.01026435	      0.81508536	      0.33712530	      0.01002048	      0.01000655	      0.33373896	      0.01000019	      0.01000003	      0.01000001	      0.01000001	      0.01000002	      0.01000010	      0.08397084	      0.01000008	      0.01000020	      0.99999936	      0.01000014	      0.99999980	      0.31260680	      0.43725615	      0.99999992	      0.99999995	      0.99999998	      0.99999989	      0.01000000	      0.01000003	      0.01000042	      0.16517705	      0.99997910	      0.01000482	      0.04247757	      0.11784041	      0.06979184	     -0.17085001	      0.49141396	      0.00877815	      0.29621073	     -0.21138297	      0.55143010	     -0.00358741	      0.00303238	     -0.00177346	     -0.00133813	      0.04257245	      0.02493845	      1.69798182	     -1.87049847	     -6.23232815	     -0.00077959	      0.03829961	     -0.02502081	     -0.16639792	     -1.09650601	     -0.07695372	      0.14085811	     -0.13267291	      0.03731211	      0.10916651	      0.03753826	      0.07299557	      0.01545118	      0.15177193	     -0.00109952	      0.08541929	     -0.01948830	      0.00194292	     -0.00027867	      0.01096454
      1.02777778	      0.08212151	      0.09639818	      0.15091409	      0.15385461	      0.13880450	      0.09311066	      0.30380404	      0.01020400	      0.72638050	      0.28809994	      0.01002146	      0.01000688	      0.01000147	      0.01000075	      0.06321882	      0.20042112	      0.37325352	      0.01001677	      0.01002497	      0.01003326	      0.01005179	      0.01005355	      0.01006019	      0.05734514	      0.01003192	      0.02703896	      0.01003211	      0.01008713	      0.01004588	      0.01003293	      0.01007600	      0.37530097	      0.12179586	      0.01000039	      0.01004716	      0.99998363	      0.01000519	      0.08535996	      0.27362518	      0.13880956	      0.01000761	      0.01000359	      0.01000306	      0.01000185	      0.01000467	      0.23481547	      0.01000249	      0.31159375	      0.36793184	      0.14486890	      0.01003913	      0.01001369	      0.04600314	      0.01000745	      0.01000252	      0.01000103	      0.01000137	      0.01000195	      0.01000730	      0.14840478	      0.01000547	      0.01001444	      0.22156642	      0.01001070	      0.36268902	      0.18260450	      0.28771335	      0.99935662	      0.99998798	      0.93907553	      0.78687195	      0.01000115	      0.01000372	      0.01000099	      0.01006799	      0.49827659	      0.01000962	      0.01000306	      0.01000110	      0.01000186	     -0.21717813	      0.48364810	     -0.01968338	      0.34082482	     -0.23576379	      0.53162955	     -0.00239985	      0.00339838	     -0.00449371	     -0.00139858	      0.03602814	     -0.01131187	      0.02847934	     -0.03697280	     -0.10976875	      0.02703925	      0.01610283	     -0.01361966	     -0.15657786	     -1.14653808	     -0.06625316	      0.16677932	     -0.15920347	      0.04261696	      0.12564381	      0.04298855	      0.08305333	      0.02075735	      0.18615320	     -0.01258889	      0.09771159	     -0.04058698	      0.00172770	     -0.00264394	      0.01284324
      1.03333333	      0.12947505	      0.19462865	      0.15535901	      0.14415274	      0.16415834	      0.13244008	      0.29738874	      0.01033307	      0.67512020	      0.25755604	      0.01002197	      0.01000753	      0.01000173	      0.01000089	      0.08998315	      0.24330779	      0.41595404	      0.01001346	      0.01001982	      0.01002711	      0.01004675	      0.01005001	      0.01005491	      0.08008697	      0.01003299	      0.08684875	      0.02733417	      0.01010245	      0.01005753	      0.01011230	      0.01008865	      0.32286273	      0.11587857	      0.01000047	      0.01005502	      0.99995997	      0.01000534	      0.08865460	      0.28414811	      0.14426961	      0.01000827	      0.01000412	      0.01000365	      0.01000229	      0.01000534	      0.11500926	      0.01000297	      0.24888795	      0.30527658	      0.12033401	      0.01004720	      0.01001680	      0.02155455	      0.01000922	      0.01000320	      0.01000134	      0.01000168	      0.01000263	      0.01001023	      0.13481408	      0.01000735	      0.01002159	      0.20379999	      0.01001239	      0.31369559	      0.15035098	      0.23772964	      0.81695234	      0.99992930	      0.81988257	      0.63570651	      0.01000143	      0.01000458	      0.01000124	      0.01838370	      0.41206032	      0.01001176	      0.01000383	      0.01000138	      0.01000233	     -0.20247948	      0.48880450	     -0.01697790	      0.33393802	     -0.25554967	      0.51147832	     -0.00152545	      0.00451170	     -0.00792901	     -0.00146141	      0.03034946	     -0.01384716	      0.02275956	     -0.03128614	     -0.08477892	      0.02160042	      0.01307512	     -0.01120704	     -0.13224535	     -1.19338882	     -0.03735689	      0.19182645	     -0.18253532	      0.04791508	      0.14210428	      0.04854313	      0.09372575	      0.02579425	      0.16117787	     -0.02330135	      0.08196778	     -0.04446505	      0.00108198	     -0.00353614	      0.01102080
      1.03888889	      0.16169237	      0.25596647	      0.16645299	      0.14774053	      0.18638631	      0.15973390	      0.31005765	      0.01026407	      0.57389036	      0.21878078	      0.01002625	      0.01000942	      0.01000226	      0.01000117	      0.10206068	      0.26959335	      0.45579954	      0.01001176	      0.01001720	      0.01002359	      0.01004282	      0.01004635	      0.01005020	      0.09601145	      0.01003244	      0.08706559	      0.06516014	      0.01009472	      0.01006430	      0.01099518	      0.01008755	      0.31688892	      0.11977552	      0.01000063	      0.01005642	      0.96519100	      0.01000644	      0.09230983	      0.29581390	      0.15030487	      0.01000868	      0.01000433	      0.01000378	      0.01000237	      0.01000557	      0.11272153	      0.01000302	      0.23532030	      0.29930113	      0.11795386	      0.01004871	      0.01001756	      0.01550253	      0.01000941	      0.01000332	      0.01000139	      0.01000174	      0.01000270	      0.01001039	      0.12405013	      0.01000753	      0.01002186	      0.19423287	      0.01001279	      0.30609496	      0.14650481	      0.23296126	      0.79876311	      0.99967304	      0.83273783	      0.61441175	      0.01000147	      0.01000469	      0.01000132	      0.01935125	      0.40201780	      0.01001220	      0.01000405	      0.01000146	      0.01000246	     -0.16860183	      0.49734576	     -0.01940326	      0.28846736	     -0.26637692	      0.46749206	     -0.00116141	      0.00532481	     -0.00987330	     -0.00152884	      0.02379474	     -0.01231534	      0.02211139	     -0.03009380	     -0.08183729	      0.02042613	      0.01247537	     -0.01091199	     -0.11265647	     -1.26833157	     -0.01401120	      0.22174912	     -0.20297191	      0.05318767	      0.15793548	      0.05424003	      0.10447961	      0.03347786	      0.12568358	     -0.03123939	      0.06231298	     -0.04281696	      0.00049664	     -0.00380159	      0.00860582
      1.04444444	      0.22885649	      0.38902229	      0.18111276	      0.14499067	      0.22726924	      0.21556930	      0.31947104	      0.01038916	      0.55117809	      0.20786580	      0.01002756	      0.01001033	      0.01000267	      0.01000140	      0.12966908	      0.32146821	      0.52378085	      0.01000947	      0.01001372	      0.01001901	      0.01003746	      0.01004167	      0.01004419	      0.12856598	      0.01003289	      0.09847472	      0.10688175	      0.01010863	      0.01011577	      0.07982845	      0.01011273	      0.27820841	      0.12075090	      0.01000078	      0.01006675	      0.92269299	      0.01000680	      0.09463173	      0.30319149	      0.15419121	      0.01001162	      0.01000578	      0.01000483	      0.01000301	      0.01000722	      0.10031790	      0.01000374	      0.18378465	      0.25261575	      0.10079463	      0.01006044	      0.01002151	      0.01049283	      0.01001100	      0.01000414	      0.01000174	      0.01000220	      0.01000334	      0.01001224	      0.07010643	      0.01000931	      0.01002595	      0.14218279	      0.01001637	      0.25825045	      0.11648917	      0.18275034	      0.62717408	      0.83710297	      0.70032718	      0.48938284	      0.01000183	      0.01000585	      0.01000162	      0.01727231	      0.34615707	      0.01001501	      0.01000518	      0.01000187	      0.01000316	     -0.17404862	      0.50893567	     -0.02835283	      0.27120239	     -0.30297897	      0.45054077	     -0.00017925	      0.00692902	     -0.01412952	     -0.00157641	      0.02101158	     -0.01265878	      0.01792879	     -0.02339255	     -0.06446824	      0.01595412	      0.01040538	     -0.00878231	     -0.09735755	     -1.34952020	      0.00700510	      0.24485965	     -0.22427596	      0.05782767	      0.17301385	      0.05932164	      0.11469305	      0.03925535	      0.11827460	     -0.04010320	      0.05647274	     -0.04921963	      0.00016091	     -0.00472077	      0.00800990
      1.05000000	      0.29521173	      0.52694487	      0.19421566	      0.13975474	      0.26734639	      0.27261539	      0.33342018	      0.01136267	      0.56878623	      0.20828351	      0.01002640	      0.01001026	      0.01000287	      0.01000153	      0.17574739	      0.39741588	      0.60201044	      0.01000781	      0.01001132	      0.01001605	      0.01003374	      0.01003981	      0.01004208	      0.16324233	      0.01003321	      0.12325098	      0.16572035	      0.01045168	      0.01124733	      0.17549160	      0.01051457	      0.24116106	      0.12294902	      0.01000087	      0.01023339	      0.91496100	      0.01000649	      0.09544106	      0.30569815	      0.15564298	      0.01002006	      0.01001032	      0.01000703	      0.01000445	      0.01001085	      0.06883531	      0.01000516	      0.12647836	      0.18637372	      0.07778320	      0.01026362	      0.01003485	      0.01047253	      0.01002139	      0.01000585	      0.01000255	      0.01000313	      0.01000515	      0.01001692	      0.01082394	      0.01001469	      0.01004918	      0.07232575	      0.01002401	      0.22979854	      0.06874899	      0.09891343	      0.37081781	      0.58962728	      0.52001995	      0.33479363	      0.01000268	      0.01000854	      0.01000237	      0.03387801	      0.27690048	      0.01002376	      0.01000732	      0.01000266	      0.01000448	     -0.20616669	      0.55391467	     -0.02898459	      0.29920805	     -0.35129888	      0.47037774	      0.00083536	      0.00853686	     -0.01916079	     -0.00160227	      0.02008375	     -0.01449922	      0.01303845	     -0.01507979	     -0.04021885	      0.01097870	      0.00789383	     -0.00547135	     -0.07795196	     -1.40464144	      0.03678949	      0.26063827	     -0.24076184	      0.06169148	      0.18581824	      0.06356756	      0.12385207	      0.04239223	      0.12082775	     -0.05025938	      0.05536755	     -0.05847298	     -0.00011715	     -0.00588591	      0.00802601
      1.05555556	      0.30432926	      0.55422936	      0.20184768	      0.14372697	      0.27847245	      0.28621279	      0.36290397	      0.01034384	      0.58965722	      0.21134027	      0.01002512	      0.01001000	      0.01000290	      0.01000155	      0.22119098	      0.46551836	      0.65372888	      0.01000730	      0.01001071	      0.01001562	      0.01003082	      0.01003582	      0.01003782	      0.17465307	      0.01002776	      0.14048961	      0.20285163	      0.01016839	      0.01012914	      0.19426959	      0.01013015	      0.26443737	      0.13333551	      0.01000090	      0.01008908	      0.91858006	      0.01000620	      0.09714891	      0.31109583	      0.15860020	      0.01002410	      0.01001354	      0.01000785	      0.01000513	      0.01001218	      0.04049695	      0.01000546	      0.11957028	      0.16304780	      0.07095327	      0.01013082	      0.01003741	      0.01062152	      0.01001863	      0.01000637	      0.01000290	      0.01000342	      0.01000629	      0.01001668	      0.01004149	      0.01001870	      0.01004721	      0.04944918	      0.01002977	      0.27096670	      0.04564807	      0.05645367	      0.27099628	      0.53992023	      0.50409058	      0.30539963	      0.01000305	      0.01000970	      0.01000254	      0.07455689	      0.26128000	      0.01002818	      0.01000791	      0.01000287	      0.01000483	     -0.21250304	      0.62552588	     -0.00835588	      0.30560704	     -0.39717412	      0.53227114	      0.00085760	      0.00891403	     -0.02152434	     -0.00164602	      0.02000518	     -0.01589903	      0.01255533	     -0.01324803	     -0.03144249	      0.01037897	      0.00709723	     -0.00393534	     -0.04414604	     -1.41762411	      0.08415895	      0.27073104	     -0.25295317	      0.06521940	      0.19728981	      0.06742211	      0.13261820	      0.04310521	      0.09947450	     -0.05770936	      0.04344501	     -0.05842354	     -0.00052423	     -0.00614656	      0.00653396
      1.06111111	      0.28724322	      0.52770184	      0.20791718	      0.15318993	      0.27718424	      0.27951444	      0.39662424	      0.01054469	      0.61125638	      0.21745099	      0.01002430	      0.01000964	      0.01000276	      0.01000147	      0.25677633	      0.51715328	      0.68750862	      0.01000722	      0.01001076	      0.01001616	      0.01002981	      0.01003491	      0.01003763	      0.17453722	      0.01002374	      0.14885067	      0.21595634	      0.01040137	      0.01006703	      0.17344266	      0.01014621	      0.31384128	      0.14684202	      0.01000086	      0.01009147	      0.94136820	      0.01000599	      0.10068022	      0.32231286	      0.16459772	      0.01002077	      0.01001210	      0.01000713	      0.01000478	      0.01001087	      0.02278496	      0.01000505	      0.13452769	      0.17088976	      0.07538582	      0.01019728	      0.01003763	      0.01844628	      0.01003061	      0.01000593	      0.01000273	      0.01000314	      0.01000617	      0.01001618	      0.01003664	      0.01001856	      0.01004874	      0.06090978	      0.01002713	      0.31463776	      0.04328821	      0.05022152	      0.28809556	      0.58301313	      0.56458440	      0.33776300	      0.01000289	      0.01000909	      0.01000252	      0.10923772	      0.28047185	      0.01002820	      0.01000706	      0.01000256	      0.01000431	     -0.19863512	      0.69486946	      0.01428690	      0.29725609	     -0.44297010	      0.58964374	      0.00039389	      0.00871511	     -0.02229278	     -0.00172726	      0.02071521	     -0.01659012	      0.01380881	     -0.01488160	     -0.03275955	      0.01167839	      0.00738031	     -0.00384008	     -0.00499897	     -1.42147578	      0.13589483	      0.28333833	     -0.26667030	      0.06928106	      0.21013688	      0.07183419	      0.14244293	      0.04424994	      0.06684740	     -0.06101156	      0.02711991	     -0.05231268	     -0.00091604	     -0.00575499	      0.00438242
      1.06666667	      0.28952551	      0.54139981	      0.21522529	      0.15829751	      0.28626935	      0.28882485	      0.42422160	      0.01032634	      0.67075556	      0.23896082	      0.01002249	      0.01000870	      0.01000234	      0.01000123	      0.29652640	      0.57565230	      0.73100197	      0.01000694	      0.01001049	      0.01001625	      0.01002840	      0.01003373	      0.01003701	      0.18359760	      0.01002097	      0.15863458	      0.21970436	      0.01047651	      0.01004970	      0.18465095	      0.01010578	      0.34004564	      0.15721829	      0.01000072	      0.01008253	      0.99929303	      0.01000552	      0.10456042	      0.33463364	      0.17129675	      0.01002456	      0.01001544	      0.01000778	      0.01000534	      0.01001195	      0.01385034	      0.01000539	      0.12805620	      0.15817030	      0.07230096	      0.01015592	      0.01004159	      0.02673618	      0.01002935	      0.01000636	      0.01000303	      0.01000339	      0.01000737	      0.01001699	      0.01002793	      0.01002317	      0.01005795	      0.04557360	      0.01003100	      0.33846010	      0.02915024	      0.02429047	      0.22040296	      0.54437749	      0.55087619	      0.31422790	      0.01000324	      0.01001009	      0.01000275	      0.13801719	      0.27672693	      0.01003434	      0.01000739	      0.01000268	      0.01000451	     -0.18991918	      0.75246498	      0.03123472	      0.29511479	     -0.49981561	      0.63817004	      0.00028527	      0.00892858	     -0.02426122	     -0.00182770	      0.02357403	     -0.01764611	      0.01329064	     -0.01343221	     -0.02669733	      0.01111648	      0.00692350	     -0.00288672	      0.03363091	     -1.42984477	      0.18648355	      0.29778934	     -0.28434465	      0.07399719	      0.22506511	      0.07692032	      0.15359940	      0.04565350	      0.04508233	     -0.06289564	      0.01657536	     -0.04819693	     -0.00117385	     -0.00548205	      0.00297857
      1.07222222	      0.30307819	      0.58410583	      0.22232075	      0.15859381	      0.30184537	      0.30945609	      0.45157057	      0.01047750	      0.98245540	      0.36366617	      0.01001643	      0.01000584	      0.01000136	      0.01000070	      0.35196093	      0.65593726	      0.78954686	      0.01000652	      0.01001001	      0.01001615	      0.01002682	      0.01003277	      0.01003682	      0.20079452	      0.01001855	      0.15946174	      0.13868860	      0.01190096	      0.01004226	      0.22504732	      0.01015045	      0.35145757	      0.16643957	      0.01000039	      0.01014596	      0.99999226	      0.01000399	      0.10753592	      0.34403200	      0.17665555	      0.01003653	      0.01002424	      0.01001020	      0.01000746	      0.01001591	      0.01054163	      0.01000644	      0.09914106	      0.08792467	      0.06201136	      0.01838916	      0.01180563	      0.04418703	      0.01006144	      0.01000802	      0.01000417	      0.01000430	      0.01001364	      0.01002040	      0.01001937	      0.01006217	      0.01053011	      0.01472425	      0.01004500	      0.35487135	      0.01005043	      0.01002282	      0.05604563	      0.42251075	      0.49189764	      0.23647941	      0.01000437	      0.01001353	      0.01000402	      0.17851905	      0.30212300	      0.04335386	      0.01000951	      0.01000346	      0.01000582	     -0.19665179	      0.81640122	      0.04666086	      0.30106275	     -0.55443610	      0.69628988	      0.00045837	      0.00943537	     -0.02770314	     -0.00192772	      0.03907828	     -0.02126450	      0.01117397	     -0.00926536	     -0.01256244	      0.00860476	      0.00601177	      0.00417051	      0.07534970	     -1.42781729	      0.24278567	      0.31003341	     -0.30372371	      0.07902555	      0.24100145	      0.08228272	      0.16538183	      0.04573531	      0.03335791	     -0.06467271	      0.01114931	     -0.04666838	     -0.00134200	     -0.00542690	      0.00225501
      1.07777778	      0.31653653	      0.63443722	      0.23113202	      0.15875129	      0.32060054	      0.33413896	      0.49148534	      0.01022963	      0.99999997	      0.99999990	      0.01000016	      0.01000004	      0.01000000	      0.01000000	      0.42754274	      0.76527729	      0.86847529	      0.01000605	      0.01000947	      0.01001610	      0.01002488	      0.01003132	      0.01003601	      0.22361000	      0.01001593	      0.40045105	      0.01000016	      0.01469355	      0.01003353	      0.27374782	      0.01010629	      0.37303684	      0.18052409	      0.01000000	      0.01015664	      0.99999999	      0.01000003	      0.10834262	      0.34646103	      0.17858741	      0.01071471	      0.10410781	      0.01001451	      0.01001241	      0.01002383	      0.01006448	      0.01000760	      0.07370779	      0.03818070	      0.05403996	      0.04045821	      0.05051166	      0.03489128	      0.01007536	      0.01001043	      0.01000680	      0.01000560	      0.02781378	      0.01002387	      0.01001263	      0.07900600	      0.03261038	      0.01008634	      0.01012346	      0.40950095	      0.01002795	      0.01001338	      0.01002617	      0.29224126	      0.43159920	      0.15619672	      0.01000670	      0.01002102	      0.01000543	      0.25720331	      0.31748071	      0.15603044	      0.01001273	      0.01000466	      0.01000781	     -0.20299527	      0.90754744	      0.07581259	      0.29215446	     -0.62291242	      0.79206596	      0.00067123	      0.01007012	     -0.03242798	     -0.00200547	      5.35590060	     -1.48050685	      0.00934092	     -0.00499757	      0.00504699	      0.00639476	      0.00531622	      0.00884857	      0.12064742	     -1.40658990	      0.30850748	      0.31392769	     -0.32196734	      0.08376976	      0.25624156	      0.08737606	      0.17669929	      0.04357263	      0.02314944	     -0.06569849	      0.00695331	     -0.04509375	     -0.00148092	     -0.00535695	      0.00168666
      1.08333333	      0.34093454	      0.71917201	      0.24034087	      0.15417869	      0.34672231	      0.37199454	      0.53884079	      0.01015004	      0.99999999	      0.99999997	      0.01000005	      0.01000001	      0.01000000	      0.01000000	      0.53019524	      0.91273806	      0.97252894	      0.01000547	      0.01000875	      0.01001586	      0.01002272	      0.01002992	      0.01003529	      0.25788552	      0.01001354	      0.39161669	      0.01000004	      0.03132369	      0.01002740	      0.35394212	      0.01009807	      0.38765480	      0.19678121	      0.01000000	      0.01041719	      1.00000000	      0.01000000	      0.10647525	      0.34030384	      0.17621719	      0.07883317	      0.28237525	      0.01002507	      0.01002667	      0.01005076	      0.01006789	      0.01000982	      0.04795137	      0.01010668	      0.04458943	      0.08110540	      0.13563260	      0.05099948	      0.01028836	      0.01001400	      0.01001235	      0.01000810	      0.21248477	      0.01002489	      0.01001040	      0.15864264	      0.04666939	      0.01004270	      0.01408468	      0.41803013	      0.01001685	      0.01000827	      0.01001385	      0.19691427	      0.34696266	      0.08420794	      0.01001156	      0.01003803	      0.01001006	      0.26566122	      0.35102905	      0.32302928	      0.01001926	      0.01000712	      0.01001190	     -0.21836691	      1.02898049	      0.12006610	      0.30438838	     -0.70937241	      0.93612439	      0.00119137	      0.01107137	     -0.03943614	     -0.00205073	     16.18762776	     -4.45044966	      0.00747612	     -0.00068859	      0.01629237	      0.00415374	      0.00462652	      0.01588114	      0.17042871	     -1.35944954	      0.38598094	      0.30889723	     -0.33925278	      0.08833162	      0.27096810	      0.09229092	      0.18765159	      0.03877981	      0.01670791	     -0.06634222	      0.00471526	     -0.04493192	     -0.00159770	     -0.00544475	      0.00137960
      1.08888889	      0.36243215	      0.85029036	      0.25285929	      0.14292896	      0.38313743	      0.43150804	      0.65059027	      0.01017971	      1.00000000	      0.99999998	      0.01000003	      0.01000000	      0.01000000	      0.01000000	      0.77651509	      0.99998288	      0.99997823	      0.01000453	      0.01000752	      0.01001555	      0.01001938	      0.01002795	      0.01003446	      0.32142751	      0.01001009	      0.46907618	      0.01000002	      0.08267861	      0.01001846	      0.52222531	      0.01014449	      0.43018554	      0.23221511	      0.01000000	      0.03863174	      1.00000000	      0.01000000	      0.10675698	      0.34097951	      0.17748171	      0.18173973	      0.49022393	      0.01069060	      0.06983421	      0.03725003	      0.01007374	      0.01001520	      0.01915194	      0.01003489	      0.03374123	      0.13325651	      0.24356460	      0.06655793	      0.02773138	      0.01002520	      0.02146563	      0.01001805	      0.45553370	      0.01002684	      0.01000851	      0.26419263	      0.06720637	      0.01002642	      0.06551141	      0.42288681	      0.01001117	      0.01000555	      0.01000850	      0.06262399	      0.20782513	      0.01039568	      0.01018210	      0.01647334	      0.01228727	      0.27399153	      0.39777033	      0.53666167	      0.01007979	      0.01002955	      0.01004887	     -0.26744951	      1.16946148	      0.16118435	      0.34929496	     -0.81516484	      1.08911243	      0.00209369	      0.01279300	     -0.05472568	     -0.00215617	     26.39855275	     -7.30689396	      0.00489913	      0.00468779	      0.03088479	      0.00138173	      0.00389903	      0.02491827	      0.22123018	     -1.29312190	      0.46867075	      0.30355544	     -0.35820144	      0.09331086	      0.28679287	      0.09762610	      0.19928436	      0.03350557	      0.01688038	     -0.06631448	      0.00556273	     -0.04652910	     -0.00166739	     -0.00570526	      0.00147340
      1.09444444	      0.30734087	      0.94677827	      0.25704625	      0.11735466	      0.39946042	      0.48289167	      0.89565356	      0.01020704	      1.00000000	      0.99999998	      0.01000002	      0.01000000	      0.01000000	      0.01000000	      0.99998566	      0.99999558	      0.99999331	      0.01000349	      0.01000618	      0.01001716	      0.01001558	      0.01002669	      0.01003653	      0.41866599	      0.01000635	      0.54483440	      0.01000001	      0.20082494	      0.01000979	      0.81094016	      0.01051281	      0.56728615	      0.30953063	      0.01000000	      0.14576249	      1.00000000	      0.01000000	      0.10659381	      0.34016299	      0.17803282	      0.25144782	      0.65815434	      0.02600368	      0.14228819	      0.07709730	      0.01006400	      0.01001593	      0.02185511	      0.01002649	      0.04238638	      0.17603202	      0.32247909	      0.08706274	      0.04421228	      0.01002345	      0.11823776	      0.01001933	      0.61943603	      0.01002144	      0.01000658	      0.35622895	      0.08530343	      0.01001922	      0.09898977	      0.53466371	      0.01000854	      0.01000423	      0.01000615	      0.03974486	      0.14694485	      0.01010196	      0.07806555	      0.05992936	      0.03260703	      0.33677203	      0.51805063	      0.70911154	      0.01004517	      0.01001730	      0.01002839	     -0.30781311	      1.33357929	      0.21392960	      0.38807698	     -0.93143850	      1.28227425	      0.00299032	      0.01464898	     -0.08494988	     -0.00227074	     36.13393902	    -10.08946092	      0.00529325	      0.00738367	      0.04248315	      0.00164524	      0.00498672	      0.03285182	      0.28165984	     -1.20630019	      0.56738929	      0.30054304	     -0.38031186	      0.09915795	      0.30519230	      0.10387512	      0.21258177	      0.02845081	      0.00508175	     -0.06371440	      0.00082411	     -0.04307462	     -0.00180364	     -0.00547449	      0.00076376
      1.10000000	      0.09276007	      0.99999219	      0.21354915	      0.01004984	      0.44463571	      0.76529439	      0.99999518	      0.01009241	      1.00000000	      0.99999998	      0.01000001	      0.01000000	      0.01000000	      0.01000000	      0.99999849	      0.99999906	      0.99999847	      0.01000163	      0.01000321	      0.01002915	      0.01000857	      0.01002894	      0.01008124	      0.90188040	      0.01000238	      0.66702053	      0.01000001	      0.81300681	      0.01000318	      0.99999705	      0.09247156	      0.88284750	      0.58993395	      0.01000000	      0.79003588	      1.00000000	      0.01000000	      0.13748731	      0.43831109	      0.23067998	      0.32487153	      0.84138334	      0.05834888	      0.20984793	      0.11326056	      0.01005037	      0.01001563	      0.02229471	      0.01002100	      0.05218036	      0.22301082	      0.40912273	      0.10387851	      0.05366154	      0.01002099	      0.20849266	      0.01002039	      0.80342621	      0.01001708	      0.01000517	      0.46342308	      0.10653498	      0.01001449	      0.13165725	      0.67445911	      0.01000677	      0.01000335	      0.01000460	      0.01769912	      0.10740952	      0.01005736	      0.17635553	      0.10253941	      0.05873435	      0.41738335	      0.65088625	      0.89826022	      0.01004126	      0.01001576	      0.01002600	     -0.33084598	      1.52088178	      0.27908903	      0.42712036	     -1.05657291	      1.51431601	      0.01068071	      0.02445176	     -0.23863384	     -0.00309576	     45.76001801	    -12.88604814	      0.00588174	      0.01022209	      0.05601341	      0.00184269	      0.00621420	      0.04160408	      0.34921782	     -1.11573384	      0.68299894	      0.30370622	     -0.40766566	      0.10628080	      0.32766759	      0.11148882	      0.22845901	      0.02468677	     -0.01703422	     -0.05957436	     -0.00886427	     -0.03573243	     -0.00201617	     -0.00488090	     -0.00065398
      1.10555556	      0.24904879	      0.99999993	      0.99982362	      0.01000049	      0.99999950	      0.99999982	      0.99999993	      0.01006849	      1.00000000	      0.99999997	      0.01000001	      0.01000000	      0.01000000	      0.01000000	      0.99999998	      0.99999999	      0.99999997	      0.01000004	      0.01000010	      0.99999411	      0.01000031	      0.53404391	      0.99999809	      0.99999986	      0.01000006	      0.95290172	      0.01000001	      0.99999987	      0.01000008	      0.99999996	      0.99999917	      0.99999974	      0.99999973	      0.01000000	      0.99999988	      0.99999999	      0.01000000	      0.18484098	      0.58843131	      0.31143083	      0.47525819	      0.99997692	      0.12998186	      0.33720640	      0.19320675	      0.01004480	      0.01001467	      0.02212320	      0.01001453	      0.07213359	      0.31979803	      0.58747725	      0.12654091	      0.04886460	      0.01001723	      0.35411198	      0.01002327	      0.99995250	      0.01001186	      0.01000368	      0.63971478	      0.12922477	      0.01000976	      0.19480705	      0.91306062	      0.01000476	      0.01000235	      0.01000313	      0.01018907	      0.04226045	      0.01003298	      0.33825183	      0.17660849	      0.13276563	      0.53805208	      0.92723470	      0.99998422	      0.01004248	      0.01001629	      0.01002683	     -0.34557397	      1.70632488	      0.35109008	      0.47214129	     -1.19696530	      1.74071894	      0.54435881	      0.77612408	     -8.81450051	     -0.00438670	     54.52532846	    -15.43048666	      0.00687411	      0.01592143	      0.07997178	      0.00177747	      0.00864281	      0.05962153	      0.41771937	     -1.03423196	      0.81159816	      0.31432968	     -0.44239305	      0.11476703	      0.35493644	      0.12055857	      0.24712822	      0.02226163	     -0.04085153	     -0.05502016	     -0.01964273	     -0.02815146	     -0.00226663	     -0.00429739	     -0.00224132
      1.11111111	      0.54845984	      0.99999998	      0.99999972	      0.01000048	      0.99999989	      0.99999994	      0.99999999	      0.01007915	      1.00000000	      0.99999995	      0.01000001	      0.01000000	      0.01000000	      0.01000000	      1.00000000	      1.00000000	      1.00000000	      0.01000001	      0.01000003	      0.99999930	      0.01000010	      0.18364192	      0.99999949	      0.99999996	      0.01000001	      0.99999998	      0.03239321	      0.99999996	      0.01000002	      0.99999999	      0.99999955	      0.99999997	      0.99999994	      0.01000000	      0.99999996	      0.99999997	      0.01000000	      0.20692392	      0.65745254	      0.34994218	      0.99996475	      0.99999757	      0.22327622	      0.68970634	      0.40502557	      0.01001873	      0.01000565	      0.08773965	      0.01000350	      0.34441786	      0.99998564	      0.99999697	      0.47665408	      0.01001496	      0.01000570	      0.58646388	      0.01000696	      0.99999709	      0.01000444	      0.01000144	      0.99999171	      0.29663719	      0.01000389	      0.45012062	      0.99999672	      0.01000110	      0.01000054	      0.01000123	      0.04898582	      0.12624888	      0.01001755	      0.68866680	      0.37855556	      0.10560159	      0.99998794	      0.99999859	      0.99999901	      0.01001061	      0.01000388	      0.01000652	     -0.35943336	      1.88835238	      0.42517279	      0.52405327	     -1.35177627	      1.96741621	      1.10643520	      2.30300462	    -24.26094596	     -0.00513813	     58.86701107	    -24.77405190	      0.01932015	      0.03636856	      0.19465001	      0.00761596	      0.03999581	      0.26074581	      0.47964490	     -0.98113211	      0.94680208	      0.33521376	     -0.48321052	      0.12431046	      0.38616938	      0.13079229	      0.26805417	      0.02235839	     -0.06562340	     -0.05003557	     -0.03108709	     -0.02033293	     -0.00254875	     -0.00371382	     -0.00394881
      1.11666667	      0.76263853	      0.99999999	      0.99999990	      0.99999896	      0.99999994	      0.99999997	      1.00000000	      0.01039662	      0.99999999	      0.99999994	      0.01000001	      0.01000000	      0.01000000	      0.01000000	      1.00000000	      1.00000000	      1.00000000	      0.01000000	      0.01000002	      0.99999974	      0.01000006	      0.83964549	      0.99999974	      0.99999998	      0.01000000	      0.99999998	      0.35397635	      0.99999998	      0.01000001	      0.99999999	      0.99999934	      0.99999999	      0.99999997	      0.01000000	      0.99999997	      0.99999993	      0.01000000	      0.21187712	      0.67154791	      0.35950370	      0.99999973	      0.99999992	      0.28849273	      0.99999951	      0.99999828	      0.01000053	      0.01000026	      0.99999790	      0.01000012	      0.99999945	      0.99999988	      0.99999994	      0.99999968	      0.01000053	      0.01000024	      0.99999949	      0.01000024	      0.99999993	      0.01000024	      0.01000006	      0.99999987	      0.99999940	      0.01000021	      0.99999929	      0.99999992	      0.01000003	      0.01000001	      0.01000005	      0.47846131	      0.58354477	      0.01000145	      0.99999963	      0.99999923	      0.03680184	      0.99999986	      0.99999997	      0.99999998	      0.01000030	      0.01000010	      0.01000018	     -0.40915826	      2.06677596	      0.49898746	      0.60929444	     -1.51927940	      2.20300166	      1.16953593	      3.66336455	    -36.32945809	     -0.00545295	     60.05983026	    -24.74825011	      0.41038919	      0.53584682	      3.91329293	      0.27378500	      1.04425237	      6.73744297	      0.53217826	     -0.96862994	      1.08771561	      0.36754451	     -0.52859250	      0.13462232	      0.42048267	      0.14186483	      0.29062452	      0.02524949	     -0.09352127	     -0.04468179	     -0.04417255	     -0.01115522	     -0.00287665	     -0.00300723	     -0.00592092
      1.12222222	      0.90466270	      0.99999999	      0.99999995	      0.99999987	      0.99999997	      0.99999998	      1.00000000	      0.01007220	      0.99999999	      0.99999994	      0.01000001	      0.01000000	      0.01000000	      0.01000000	      1.00000000	      1.00000000	      1.00000000	      0.01000000	      0.01000001	      0.99999986	      0.01000004	      0.40598076	      0.99999983	      0.99999999	      0.01000000	      0.99999997	      0.82033408	      0.99999999	      0.01000000	      1.00000000	      0.01000218	      1.00000000	      0.99999998	      0.01000000	      0.99999998	      0.99999995	      0.01000000	      0.19551498	      0.61781277	      0.33262964	      0.99999994	      0.99999998	      0.69206852	      0.99999988	      0.99999962	      0.01000013	      0.01000006	      0.99999959	      0.01000006	      0.99999979	      0.99999995	      0.99999998	      0.99999987	      0.12253637	      0.01000005	      0.99999987	      0.01000006	      0.99999999	      0.01000005	      0.01000001	      0.99999997	      0.99999986	      0.01000005	      0.99999983	      0.99999999	      0.01000001	      0.01000000	      0.01000001	      0.31058645	      0.57964842	      0.01000037	      0.99999992	      0.99999983	      0.01000012	      0.99999997	      0.99999999	      0.99999999	      0.01000007	      0.01000002	      0.01000004	     -0.56526532	      2.25055775	      0.58119180	      0.78942011	     -1.73059612	      2.47860565	      0.81419039	      5.04390579	    -46.92204978	     -0.00515242	     53.98595033	    -21.65249720	      1.49287042	      1.95700420	     14.83302120	      1.01948193	      2.36074786	     14.07439129	      0.56767256	     -0.98463136	      1.23396504	      0.40365708	     -0.57905480	      0.14539561	      0.45714973	      0.15329542	      0.31378842	      0.02738296	     -0.10216308	     -0.04340576	     -0.04904785	     -0.00995560	     -0.00316654	     -0.00314300	     -0.00676941
      1.12777778	      0.99999941	      0.99999992	      0.99999982	      0.99999972	      0.99999986	      0.99999986	      0.99999996	      0.01041757	      0.99999992	      0.99999968	      0.01000014	      0.01000003	      0.01000000	      0.01000000	      0.99999998	      0.99999999	      0.99999998	      0.01000003	      0.01000009	      0.88579132	      0.01000021	      0.01000092	      0.64099626	      0.99999988	      0.01000004	      0.99999990	      0.99999994	      0.99999989	      0.01000006	      0.99999986	      0.01000093	      0.99999996	      0.99999990	      0.01000000	      0.99999970	      0.99999984	      0.01000002	      0.18900541	      0.59461580	      0.32194071	      0.99999977	      0.99999991	      0.99999894	      0.99999963	      0.99999938	      0.01000122	      0.01000035	      0.99999623	      0.01000030	      0.99999880	      0.99999970	      0.99999984	      0.99999904	      0.16574524	      0.01000025	      0.99999937	      0.01000043	      0.99999990	      0.01000019	      0.01000006	      0.99999983	      0.99999863	      0.01000019	      0.99999939	      0.99999990	      0.01000009	      0.01000004	      0.01000005	      0.28781739	      0.54130933	      0.01000095	      0.99999967	      0.99999935	      0.01481787	      0.99999980	      0.99999992	      0.99999993	      0.01000070	      0.01000025	      0.01000042	     -0.81548907	      2.40529347	      0.66339415	      1.05734375	     -1.97156495	      2.76525390	     -0.55315961	      7.64928549	    -54.76389481	     -0.00501468	     35.96680456	    -28.10118274	      2.09560948	      4.51685316	     24.46683278	      0.82068521	      3.01812079	     19.56992496	      0.58366770	     -1.01464215	      1.37859946	      0.44334053	     -0.63295211	      0.15640154	      0.49488128	      0.16468475	      0.33669326	      0.02765507	     -0.09252713	     -0.04528723	     -0.04628232	     -0.01555824	     -0.00340777	     -0.00398629	     -0.00658697
      1.13333333	      0.99999999	      1.00000000	      0.99999999	      0.99999997	      0.99999999	      1.00000000	      1.00000000	      0.01005736	      0.99999999	      0.99999992	      0.01000002	      0.01000000	      0.01000000	      0.01000000	      1.00000000	      1.00000000	      1.00000000	      0.01000000	      0.01000000	      0.01000008	      0.01000002	      0.01000016	      0.92705611	      0.99999999	      0.01000000	      1.00000000	      1.00000000	      0.99999999	      0.01000000	      1.00000000	      0.01000016	      1.00000000	      0.99999999	      0.01000000	      0.99999997	      0.87935942	      0.01000000	      0.19936126	      0.62492419	      0.34003301	      0.99999999	      1.00000000	      0.99999995	      0.99999998	      0.99999996	      0.01000177	      0.01000004	      0.99998656	      0.01000003	      0.99999985	      0.99999997	      0.99999999	      0.99999914	      0.01000015	      0.01000002	      0.99999993	      0.01000009	      0.99999999	      0.01000001	      0.01000000	      0.99999999	      0.97545424	      0.01000001	      0.99999995	      1.00000000	      0.01000000	      0.01000000	      0.01000000	      0.53335293	      0.42643989	      0.01000007	      0.99999998	      0.99999994	      0.12031440	      0.99999998	      1.00000000	      1.00000000	      0.01000071	      0.01000025	      0.01000043	     -1.07063339	      2.50402530	      0.72880444	      1.38412719	     -2.13158586	      2.97091873	      1.76422870	     10.36053277	    -55.93547694	     -0.00526100	      6.02716858	    -35.43166456	      2.26087864	      7.16747551	     31.19725914	      0.11629454	      3.18552439	     20.72152214	      0.57742995	     -1.08053299	      1.50202053	      0.49444144	     -0.68236923	      0.16700386	      0.53019624	      0.17540732	      0.35828809	      0.02996041	     -0.08019959	     -0.04585606	     -0.04246988	     -0.02112323	     -0.00363350	     -0.00481803	     -0.00631014
      1.13888889	      1.00000000	      1.00000000	      0.99999999	      0.99999996	      1.00000000	      1.00000000	      1.00000000	      0.01334711	      1.00000000	      0.99999996	      0.01000001	      0.01000000	      0.01000001	      0.01000001	      1.00000000	      1.00000000	      1.00000000	      0.01000000	      0.01000000	      0.01000001	      0.01000003	      0.01000025	      0.01000029	      1.00000000	      0.01000001	      1.00000000	      1.00000000	      0.99999999	      0.54439275	      1.00000000	      0.29836802	      0.99999997	      0.99999998	      0.01000000	      0.99999998	      0.01000001	      0.01000000	      0.23412384	      0.72985364	      0.39918016	      0.99999999	      1.00000000	      0.99999995	      0.99999998	      0.99999997	      0.01000062	      0.01000003	      0.99999715	      0.01000003	      0.99999984	      0.99999996	      0.99999998	      0.99999917	      0.01000040	      0.01000001	      0.99999990	      0.01000006	      1.00000000	      0.01000001	      0.01000000	      0.99999999	      0.43501468	      0.01000001	      0.99999995	      1.00000000	      0.01000001	      0.01000000	      0.01000000	      0.59313030	      0.43422214	      0.01000007	      0.99999998	      0.99999995	      0.14951363	      0.99999998	      1.00000000	      1.00000000	      0.01000036	      0.01000012	      0.01000021	     -1.36217356	      2.51008383	      0.77621998	      1.75866656	     -2.24021399	      3.07777828	      7.60880065	     15.70392751	    -53.53756283	     -0.00609847	      4.01630841	    -46.39901094	      2.40067227	      7.41155629	     33.88523791	      0.22697215	      2.89442191	     18.89386225	      0.54590926	     -1.18384599	      1.59823276	      0.55066351	     -0.72835261	      0.17745255	      0.56350266	      0.18570467	      0.37913618	      0.03268977	     -0.04820828	     -0.04786538	     -0.02999105	     -0.03424117	     -0.00378425	     -0.00643330	     -0.00485152
      1.14444444	      1.00000000	      1.00000000	      1.00000000	      0.99999999	      1.00000000	      1.00000000	      1.00000000	      0.01002412	      1.00000000	      0.99999998	      0.01000001	      0.01000000	      0.01000001	      0.01000001	      0.99999998	      1.00000000	      1.00000000	      0.01000000	      0.01000000	      0.01000000	      0.01000001	      0.01000002	      0.01000001	      1.00000000	      0.72281577	      0.99999999	      1.00000000	      0.89847241	      1.00000000	      1.00000000	      0.01000010	      0.99999998	      0.99999999	      0.01000000	      0.68316600	      0.01000000	      0.01000000	      0.28855747	      0.90230773	      0.49277265	      0.99999999	      1.00000000	      0.99999995	      0.99999998	      0.99999997	      0.01000071	      0.01000002	      0.99999399	      0.01000004	      0.99999981	      0.99999995	      0.99999998	      0.89628646	      0.01271593	      0.01000001	      0.99999971	      0.01000005	      1.00000000	      0.01000000	      0.01000000	      0.99999999	      0.01000129	      0.01000001	      0.99999995	      1.00000000	      0.01000001	      0.01000000	      0.01000000	      0.98539263	      0.43603332	      0.01000007	      0.99999998	      0.99999995	      0.22539038	      0.99999998	      0.99999999	      1.00000000	      0.01000055	      0.01000019	      0.01000033	     -1.68346916	      2.37956350	      0.84180360	      2.09705971	     -2.32118159	      3.05818662	     12.89659289	     29.99259214	    -51.92947696	     -0.00695487	      9.15871908	    -51.86785635	      2.28226294	      7.32461472	     33.90907808	      0.16242570	      2.33759359	     15.29937437	      0.46083680	     -1.26403769	      1.64912316	      0.48758132	     -0.90379805	      0.18765575	      0.62408754	      0.18826122	      0.37334624	     -0.05226242	     -0.07422477	     -0.09239555	     -0.07751479	     -0.09711315	     -0.01901929	     -0.01940267	     -0.01434414
      1.15000000	      0.99999985	      1.00000000	      0.99999967	      0.99999938	      0.99999980	      0.99999982	      0.99999965	      0.01429544	      0.99999971	      0.99999839	      0.01000089	      0.01000067	      0.01000184	      0.01000203	      0.12401385	      0.99999954	      0.99999984	      0.01000011	      0.01000015	      0.01000018	      0.01000067	      0.01000101	      0.01000078	      0.99999973	      0.99999803	      0.99999781	      0.99999891	      0.01000438	      0.99999961	      0.99999965	      0.01000510	      0.80757121	      0.99999927	      0.01000203	      0.99994557	      0.21666472	      0.01000027	      0.34247737	      0.98736245	      0.58112205	      0.99999866	      0.99999936	      0.99999669	      0.99999842	      0.99999747	      0.01002229	      0.01000173	      0.02868771	      0.01000343	      0.99998622	      0.99999599	      0.99999774	      0.01004190	      0.55485642	      0.01000096	      0.04521884	      0.01000303	      0.99999921	      0.01000084	      0.01000033	      0.99999859	      0.01041083	      0.01000098	      0.99999647	      0.99999915	      0.01000132	      0.01000066	      0.01000028	      0.01003490	      0.30274687	      0.01000459	      0.99999867	      0.99999701	      0.21249427	      0.99999823	      0.99999899	      0.99999900	      0.04594179	      0.06465167	      0.03092602	     -1.87710067	      2.11657747	      0.90178521	      2.38695478	     -2.29329325	      2.92483477	     20.37164581	     43.94659351	    -69.38904755	     -0.00864191	      9.07520080	    -48.35752267	      1.77692210	      6.26652454	     30.29122898	      0.00053267	      1.76054149	     11.62964828	      0.45659364	     -1.41327376	      1.77090411	      0.62392920	     -0.84405328	      0.20156514	      0.63858060	      0.20853401	      0.42473930	      0.01670729	      0.03833867	     -0.05146372	      0.00600148	     -0.07466863	     -0.00408008	     -0.01138108	     -0.00017027
      1.15555556	      0.99999987	      0.99999993	      0.99999977	      0.99999959	      0.99999985	      0.99999985	      0.99999971	      0.03020025	      0.99999958	      0.99999752	      0.01000127	      0.01000104	      0.01000361	      0.01000408	      0.01000040	      0.28255134	      0.99999989	      0.01000007	      0.01000009	      0.01000011	      0.01000049	      0.01000065	      0.01000050	      0.99999978	      0.99999904	      0.99999557	      0.99999782	      0.01000083	      0.99999972	      0.99999965	      0.01000317	      0.44579449	      0.99999944	      0.01001047	      0.01000259	      0.50040685	      0.01000037	      0.46143428	      0.99627023	      0.78544171	      0.99999775	      0.99999888	      0.99999488	      0.99999759	      0.99999605	      0.01007052	      0.01000230	      0.06766514	      0.01002160	      0.99996703	      0.99998396	      0.99999034	      0.01001919	      0.99329946	      0.01000135	      0.01000776	      0.01000380	      0.99999862	      0.01000134	      0.01000053	      0.99999742	      0.01009494	      0.01000162	      0.99999416	      0.99999841	      0.01000493	      0.01000247	      0.01000043	      0.64934771	      0.42900826	      0.01000814	      0.99999807	      0.99999533	      0.01000138	      0.99999640	      0.99999709	      0.99999606	      0.09223477	      0.18700055	      0.11833028	     -2.00927680	      1.61507362	      0.94626941	      2.57761149	     -2.25278161	      2.57214906	     31.45603367	     70.66755032	    -90.05285515	     -0.01149334	      7.74688732	    -39.00125735	      1.29926110	      4.54408389	     21.95879701	     -0.00122768	      0.78332885	      3.90624063	      0.42992670	     -1.61869051	      1.86329331	      0.65251374	     -0.93378770	      0.21931240	      0.69309143	      0.22541381	      0.45826476	     -0.00074722	      0.08348767	     -0.05302134	      0.02490942	     -0.09816566	     -0.00426779	     -0.01411472	      0.00224187
      1.16111111	      0.99999213	      0.99999513	      0.99998875	      0.99998294	      0.99999147	      0.99999064	      0.99997901	      0.04970222	      0.99994195	      0.99965056	      0.01016402	      0.01013593	      0.01042225	      0.01042779	      0.01000688	      0.01000813	      0.99999203	      0.01000399	      0.01000498	      0.01000504	      0.01002531	      0.01002755	      0.01002025	      0.99998654	      0.99996898	      0.99940888	      0.99970960	      0.01001763	      0.99998709	      0.99996515	      0.01012270	      0.05324758	      0.99996905	      0.01131476	      0.01005301	      0.83609868	      0.01004744	      0.65600204	      0.99909430	      0.92600956	      0.99948755	      0.99973422	      0.99891735	      0.99951870	      0.99916949	      0.33813556	      0.01044905	      0.07826676	      0.09177111	      0.42764071	      0.39867586	      0.56837993	      0.01504997	      0.99638898	      0.01026195	      0.01077354	      0.01066629	      0.99968108	      0.01029046	      0.01011565	      0.99935806	      0.02256815	      0.01035771	      0.99866013	      0.99959896	      0.02668203	      0.01908429	      0.01009175	      0.98129803	      0.77120376	      0.01187814	      0.99962115	      0.99901065	      0.01573273	      0.99894081	      0.99374655	      0.96692538	      0.10660711	      0.17531056	      0.12804563	     -2.07897315	      0.88723361	      0.99827775	      2.50787126	     -2.10104515	      2.06228805	     48.71630779	    119.51369471	    -82.76434726	     -0.02431323	      5.01897666	    -24.22859053	      0.41092064	      1.83515242	      8.26128510	     -0.00047573	      0.01768396	      0.07602794	      0.44294645	     -1.91365095	      1.97865504	      0.68102870	     -1.04606807	      0.24022713	      0.75850641	      0.24546994	      0.49829244	     -0.02249229	      0.10233566	     -0.05117163	      0.02952117	     -0.10549899	     -0.00395733	     -0.01431091	      0.00224908
      1.16666667	      0.99999531	      0.99999690	      0.99999380	      0.99999014	      0.99999516	      0.99999442	      0.53179788	      0.01059882	      0.99994847	      0.99988153	      0.01030222	      0.01017353	      0.01012705	      0.01010682	      0.01000251	      0.01000243	      0.99999250	      0.01000233	      0.01000274	      0.01000256	      0.01001669	      0.01001697	      0.01001185	      0.99999170	      0.99998812	      0.97975503	      0.01736808	      0.01000771	      0.99999384	      0.99998197	      0.01009943	      0.01000946	      0.99996455	      0.01016476	      0.01003392	      0.99997499	      0.01007951	      0.99981193	      0.99993865	      0.99989032	      0.95422592	      0.98018317	      0.84596729	      0.91745320	      0.90169521	      0.64940770	      0.03264883	      0.22392114	      0.14322229	      0.23099547	      0.28215715	      0.33566576	      0.20115317	      0.34446626	      0.02364516	      0.02591706	      0.03773091	      0.81556624	      0.02452216	      0.01733815	      0.75301299	      0.09363835	      0.03096770	      0.78146161	      0.95252348	      0.09834947	      0.05797752	      0.01620493	      0.75037559	      0.34155629	      0.13902073	      0.61738214	      0.53830406	      0.15995846	      0.44564225	      0.64601673	      0.56637504	      0.14465094	      0.08368346	      0.12446916	     -1.89782197	     -0.03046377	      0.98565346	      2.42388988	     -1.94286964	      1.24650651	     76.98524683	    167.81921806	    -60.81081200	     -3.23362212	     12.16659607	     -4.69624394	      0.02436894	      0.05807780	      0.20175360	      0.00185627	      0.00403467	      0.02814436	      0.54470261	     -2.30618312	      2.14621967	      0.69810770	     -1.22441324	      0.27083100	      0.85527795	      0.27407022	      0.55277272	     -0.06369523	      0.12228064	     -0.03570999	      0.04518348	     -0.13156597	     -0.00471494	     -0.01838166	      0.00504337
      1.17222222	      0.99999633	      0.99999741	      0.99999548	      0.99999200	      0.99999643	      0.99999567	      0.01001014	      0.01016648	      0.99997091	      0.99995673	      0.93900484	      0.01016357	      0.01003010	      0.01002200	      0.01000151	      0.01000136	      0.99998745	      0.01000180	      0.01000203	      0.01000180	      0.01001475	      0.01001447	      0.01001037	      0.99999335	      0.99999244	      0.01017709	      0.01007569	      0.01000583	      0.99999577	      0.99998815	      0.01012093	      0.01000361	      0.90273199	      0.01002605	      0.01003185	      0.99999250	      0.01066641	      0.99994871	      0.99998307	      0.99996998	      0.73334531	      0.88576315	      0.55698699	      0.41705695	      0.76841587	      0.58845105	      0.18531310	      0.18107694	      0.21683526	      0.18942105	      0.16242900	      0.15092709	      0.14507735	      0.14021749	      0.04755138	      0.03587945	      0.17445441	      0.04105866	      0.03506743	      0.03083948	      0.12220229	      0.07319626	      0.05208379	      0.39043671	      0.30948061	      0.17940872	      0.18306410	      0.03267602	      0.39374268	      0.11235218	      0.15604916	      0.30212027	      0.27425365	      0.07176193	      0.11052284	      0.24948853	      0.13996480	      0.11112358	      0.06216980	      0.08667520	     -1.57749156	     -1.16525290	      0.92461445	      2.11733107	     -1.73014921	      0.32098472	     94.39044530	    189.22559702	    -30.35074818	     -7.54962622	     26.60252413	     15.80664779	      0.00764232	      0.02542940	      0.02139165	      0.00259059	      0.00271435	     -0.00245141	      0.80075662	     -2.71187770	      2.37293597	      0.70009678	     -1.47356637	      0.30940156	      0.98058384	      0.30976379	      0.62017188	     -0.12222490	      0.14215676	     -0.01910502	      0.05840285	     -0.14822834	     -0.00473890	     -0.02044125	      0.00701538
      1.17777778	      0.99999949	      0.99999960	      0.99999944	      0.99999904	      0.99999954	      0.99999939	      0.01000133	      0.01983297	      0.99993249	      0.99999156	      0.99998904	      0.99998806	      0.01000513	      0.01000293	      0.01000016	      0.01000014	      0.04654668	      0.01000025	      0.01000027	      0.01000022	      0.01000214	      0.01000197	      0.01000150	      0.99999904	      0.99999902	      0.01000878	      0.01000407	      0.01000085	      0.99999944	      0.99999644	      0.01001535	      0.01000060	      0.99998459	      0.01000284	      0.01000368	      0.99999886	      0.99999716	      0.57746928	      0.99663077	      0.94386535	      0.56921127	      0.74660484	      0.58871867	      0.47559273	      0.76221076	      0.50134139	      0.25402281	      0.08487047	      0.33165360	      0.15950304	      0.04016396	      0.02868132	      0.02951624	      0.02517959	      0.01548449	      0.01151912	      0.47719662	      0.01230479	      0.01323500	      0.01467389	      0.01728054	      0.01590219	      0.01589115	      0.30016573	      0.12171132	      0.20659550	      0.34462368	      0.02217683	      0.19763506	      0.03746106	      0.84678582	      0.01002299	      0.21867530	      0.02163609	      0.01921519	      0.23770282	      0.02199469	      0.06611860	      0.02727657	      0.04280388	     -0.90166509	     -2.10558623	      0.78347179	      1.85217593	     -1.24587461	     -0.66283322	     77.75134308	    166.66854356	     28.40061444	     -0.01371692	     15.90150928	     35.64388620	      0.00306870	      0.02229616	      0.01434804	     -0.00152569	      0.00530192	     -0.01650317	      1.29868499	     -2.78776742	      2.46104586	      0.87780077	     -1.51962783	      0.41005888	      1.13083970	      0.40951376	      0.82090636	     -0.09096342	      0.69591896	      0.23636832	      0.74009189	     -0.20832465	      0.02422030	     -0.01916744	      0.20141903
      1.18333333	      1.00000000	      1.00000000	      1.00000000	      1.00000000	      1.00000000	      1.00000000	      0.01000000	      0.01005067	      0.01000000	      0.99999997	      1.00000000	      1.00000000	      0.01000015	      0.01000001	      0.01000000	      0.01000000	      0.01000000	      0.01000000	      0.01000000	      0.01000000	      0.01000000	      0.01000000	      0.01000000	      1.00000000	      1.00000000	      0.01000000	      0.01000000	      0.01000000	      1.00000000	      0.78476633	      0.01000003	      0.01000000	      0.82642227	      0.29248339	      0.01000000	      1.00000000	      1.00000000	      0.26408066	      0.79175799	      0.45080460	      0.56973581	      0.65837775	      0.46340423	      0.01004493	      0.82327724	      0.82813882	      0.14769781	      0.01043722	      0.26243304	      0.05414419	      0.01004156	      0.01002340	      0.01000885	      0.01000797	      0.01001446	      0.01000402	      0.36459449	      0.01000300	      0.01000438	      0.01000935	      0.01001250	      0.01001080	      0.01001054	      0.29488897	      0.01011359	      0.18425213	      0.33914195	      0.23901731	      0.43399552	      0.06558519	      0.06640841	      0.01000474	      0.01002479	      0.01001776	      0.01001999	      0.01002499	      0.01001098	      0.01050091	      0.01065986	      0.01053211	     -0.87209675	     -3.38591924	      0.57736962	      1.49299012	     -1.29171041	     -1.47951524	     43.63358462	    101.37504953	     88.35797457	     -0.00618154	      6.93405545	     64.97538421	      0.00904025	      0.01983359	     -0.04161853	     -0.00000859	      0.00279350	     -0.01694496	      1.83088274	     -3.13406333	      2.95780168	      0.59003382	     -2.17826359	      0.40999708	      1.30861722	      0.40021649	      0.78583294	     -0.31722982	      0.18491653	      0.03795696	      0.09181300	     -0.17034130	     -0.00399722	     -0.02318811	      0.01223980
      1.18888889	      1.00000000	      1.00000000	      1.00000000	      1.00000000	      1.00000000	      0.99999999	      0.01000000	      0.01013154	      0.01000000	      0.99999997	      1.00000000	      1.00000000	      0.01000188	      0.01000001	      0.01000000	      0.01000000	      0.01000000	      1.00000000	      0.01000003	      0.01000000	      0.99999995	      0.01000004	      0.01000002	      0.99999994	      1.00000000	      0.01000000	      0.01000000	      0.01000000	      1.00000000	      0.01000000	      0.01000003	      0.36435339	      0.01000187	      0.61685781	      0.01000002	      1.00000000	      1.00000000	      0.10134737	      0.30159133	      0.17272479	      0.59396782	      0.64250356	      0.32407223	      0.01000827	      0.84392642	      0.99994585	      0.01002248	      0.01117256	      0.51532979	      0.05722954	      0.01001992	      0.01001209	      0.01001787	      0.01001158	      0.01001485	      0.01000303	      0.15396561	      0.01000238	      0.01000358	      0.01001533	      0.01000976	      0.01000978	      0.01001070	      0.28255667	      0.01006920	      0.40144117	      0.75027147	      0.96202893	      0.59828113	      0.23094124	      0.15252968	      0.01000209	      0.01000860	      0.01000628	      0.01002093	      0.01001493	      0.01000534	      0.01906850	      0.04575070	      0.02745613	     -0.42399703	     -4.15772362	      0.30053923	      1.18988753	     -0.99117276	     -2.08675125	      1.99641390	     16.47714385	    110.29484780	     -0.00234518	      8.35570742	     76.45765827	      0.01483126	      0.01851289	     -0.07566381	     -0.00030049	      0.00284519	     -0.03920221	      2.56457150	     -2.78015492	      3.21619121	      0.42328477	     -2.56649209	      0.46226779	      1.47388145	      0.44478283	      0.86424101	     -0.46012926	      0.20922341	      0.08122880	      0.11237984	     -0.16393771	     -0.00287398	     -0.02246459	      0.01551101
      1.19444444	      0.99999988	      0.01000007	      0.91775682	      0.99999999	      0.01000009	      0.01000004	      0.01000000	      0.99996770	      0.01000001	      0.99999991	      1.00000000	      1.00000000	      0.06145629	      0.01000002	      0.01000000	      0.01000000	      0.01000000	      1.00000000	      1.00000000	      0.99999993	      0.99999999	      0.99999996	      0.99999987	      0.01000002	      1.00000000	      0.01000000	      0.01000000	      0.01000001	      0.99999999	      0.01000002	      0.01000008	      0.91529607	      0.01000004	      0.35978278	      0.01000012	      1.00000000	      1.00000000	      0.01000115	      0.01000038	      0.01000067	      0.99999986	      0.99999972	      0.01000002	      0.01000000	      0.73649657	      0.99999999	      0.01000000	      0.01088901	      0.99999999	      0.13471434	      0.01000003	      0.01000002	      0.01000006	      0.01000004	      0.01000000	      0.01000000	      0.01000001	      0.01000000	      0.01000001	      0.99999999	      0.01000002	      0.01000003	      0.34141806	      0.01000016	      0.01000014	      0.99999999	      1.00000000	      1.00000000	      0.99999999	      0.99999998	      0.99999997	      0.01000000	      0.01000000	      0.01000001	      0.01000012	      0.01000001	      0.01000000	      0.04281260	      0.11838627	      0.07013757	      0.06897198	     -4.55672313	     -0.02941078	      0.91408362	     -0.66164871	     -2.44239384	     -3.51350507	     -4.91361440	     76.82629126	      0.08919467	      4.60102700	     41.33551443	      7.01534201	     -1.48627765	    -40.06040818	     -0.00077413	     -0.47112020	    -20.83762818	      3.34621178	     -1.96922662	      3.35969752	      0.17279715	     -2.92315561	      0.50857530	      1.61346492	      0.48193694	      0.92841470	     -0.62551058	      0.25670118	      0.12560572	      0.14429274	     -0.15088989	     -0.00110810	     -0.02079060	      0.02046823
      1.20000000	      0.01000000	      0.01000000	      0.01000000	      0.01000000	      0.01000000	      0.01000000	      0.01000001	      0.99999999	      0.99999994	      0.99999994	      0.99999990	      0.69711274	      0.99999914	      0.22299057	      1.00000000	      0.42405512	      0.01000000	      1.00000000	      1.00000000	      1.00000000	      1.00000000	      1.00000000	      1.00000000	      0.01000000	      0.17645667	      0.01000001	      0.01000000	      0.99999999	      0.01000000	      0.01000000	      0.99999955	      1.00000000	      0.99999995	      0.01000000	      0.99999996	      1.00000000	      0.99999998	      0.01000000	      0.01000000	      0.01000000	      0.69587371	      0.99999993	      0.01000000	      0.01000000	      0.01000000	      1.00000000	      0.01000000	      0.01002259	      1.00000000	      0.58683569	      0.01000001	      0.01000000	      0.01000003	      0.01000001	      0.01000000	      0.01000000	      0.01000000	      0.01000000	      0.01000000	      0.99999996	      0.01000001	      0.01000002	      0.99999984	      0.01000001	      0.99999998	      1.00000000	      1.00000000	      1.00000000	      1.00000000	      1.00000000	      1.00000000	      0.01000000	      0.01000000	      0.01000000	      0.99999965	      0.01000000	      0.01000000	      0.07409388	      0.23951045	      0.12134962	      0.22125213	     -4.56664557	     -0.28361968	      1.00942374	     -0.30044944	     -2.49719084	    -21.86447090	    -57.55871002	     93.45200722	     14.41544427	      9.85463988	     10.88850606	     27.85125513	    -11.65770528	    -77.84863991	     -0.00143028	     -0.79642335	    -40.97795994	      3.96382894	     -0.88307893	      3.34951929	     -0.14000672	     -3.21018204	      0.54424664	      1.71516423	      0.50801852	      0.97408311	     -0.80028744	      0.31151711	      0.16855494	      0.17892015	     -0.12616347	      0.00273451	     -0.01862710	      0.02458675
      1.20555556	      0.01000000	      0.01000000	      0.01000000	      0.01000000	      0.01000000	      0.01000000	      0.17949093	      1.00000000	      0.99999999	      0.99999998	      0.99999928	      0.01000001	      1.00000000	      0.35597058	      1.00000000	      1.00000000	      0.01000000	      1.00000000	      1.00000000	      1.00000000	      1.00000000	      1.00000000	      1.00000000	      0.01000000	      0.01000000	      0.01000000	      0.01000000	      1.00000000	      0.01000000	      0.01000000	      0.99999999	      1.00000000	      0.99999994	      0.01000000	      1.00000000	      1.00000000	      0.01000001	      0.01000000	      0.01000000	      0.01000000	      0.01000001	      0.90423763	      0.01000000	      0.01000000	      0.01000000	      0.90814397	      0.01000000	      0.01005604	      1.00000000	      0.25992502	      0.01000002	      0.01000001	      0.01000004	      0.01000002	      0.01000000	      0.01000000	      0.01000000	      0.01000000	      0.01000000	      0.01000001	      0.01000005	      0.01000117	      0.99999998	      0.01000000	      1.00000000	      0.99999999	      1.00000000	      1.00000000	      1.00000000	      1.00000000	      1.00000000	      0.01000000	      0.01000000	      0.01000001	      0.99999996	      0.01000000	      0.01000000	      0.08830612	      0.24262528	      0.14373902	      0.51177353	     -3.81103342	     -0.53500609	      2.49257711	      0.17893015	     -2.48232625	    -38.24651864	   -157.36824764	     78.71893187	     53.98135721	     31.46924252	     19.68450240	     53.19349282	    -30.61924980	    -75.53600582	     -0.00152360	     -0.54928596	    -32.03137983	      3.92933138	      0.64866788	      2.54743647	     -0.26077254	     -3.00700177	      0.55255410	      1.46398987	      0.41729061	      0.55950902	     -1.22552218	     -0.12619697	      0.35890490	      0.05114257	      0.34444887	      0.04093767	     -0.01853613	     -0.07561268
      1.21111111	      0.01000000	      0.01000000	      0.01000000	      0.01000000	      0.01000000	      0.01000000	      1.00000000	      1.00000000	      1.00000000	      0.99999999	      0.01000005	      0.01000000	      1.00000000	      0.40668909	      1.00000000	      1.00000000	      0.01000000	      1.00000000	      1.00000000	      1.00000000	      1.00000000	      1.00000000	      1.00000000	      0.01000000	      0.01000000	      0.01000000	      0.01000000	      1.00000000	      0.01000000	      0.01000000	      0.99999997	      1.00000000	      1.00000000	      0.01000000	      1.00000000	      1.00000000	      0.01000000	      0.01000000	      0.01000000	      0.01000000	      0.01000000	      0.93754965	      0.01000000	      0.01000000	      0.01000000	      0.01000000	      0.01000000	      0.18876421	      0.99999999	      0.01430321	      0.01000003	      0.01000002	      0.01000007	      0.01000002	      0.01000000	      0.01000000	      0.01000000	      0.01000005	      0.01000000	      0.01000000	      0.99999992	      0.99999998	      0.99999999	      0.01000000	      1.00000000	      0.99999998	      0.99999999	      1.00000000	      1.00000000	      1.00000000	      1.00000000	      0.01000000	      0.01000000	      0.01000002	      0.99999999	      0.01000001	      0.01000000	      0.20377906	      0.22544939	      0.19244415	     -0.92843544	     -4.31501063	     -0.50842795	      3.67551110	     -0.81579043	     -2.31158700	    -98.73363317	   -228.97214236	     64.29957118	     97.11368868	     55.17818496	     22.13773773	    100.20289871	    -60.72037178	    -67.89444323	     -0.00163301	     -0.26209142	    -18.50395916	      3.56187690	      0.86529757	      3.01080818	     -0.85274882	     -3.46244406	      0.57767899	      1.83941836	      0.50292219	      1.00913783	     -1.13518673	      0.37363050	      0.16785000	      0.23806606	      0.00420481	     -0.01395965	     -0.03131296	      0.00727532
      1.21666667	      0.01000005	      0.01000004	      0.01000007	      0.01000036	      0.01000004	      0.01000007	      0.99999998	      0.99999984	      0.99999958	      0.99999927	      0.01000172	      0.01000030	      0.99999977	      0.32725933	      0.99999999	      0.99999999	      0.99999902	      0.99999999	      0.99999999	      0.99999999	      0.99999993	      0.99999994	      0.99999995	      0.01000016	      0.01000010	      0.01000041	      0.01000014	      0.99999995	      0.01000005	      0.01000009	      0.99999081	      0.99999999	      0.99999994	      0.01000000	      0.99999919	      0.99999987	      0.01000035	      0.01000003	      0.01000000	      0.01000001	      0.44223365	      0.99999975	      0.01000002	      0.01000002	      0.01000005	      0.01000065	      0.01000001	      0.01174451	      0.99999000	      0.01003288	      0.01001325	      0.01000992	      0.01002690	      0.01000224	      0.01000002	      0.01000001	      0.01000001	      0.01000000	      0.01000036	      0.01000010	      0.99999707	      0.99999835	      0.99999786	      0.01000015	      0.99999987	      0.99999092	      0.99999550	      0.99999995	      0.99999993	      0.99999991	      0.99999983	      0.01000000	      0.01000002	      0.09407836	      0.99999891	      0.01000303	      0.01000351	      0.98063255	      0.08550843	      0.11186574	     -2.41599740	     -4.38538219	     -0.28418544	      5.01861224	     -1.34465141	     -2.67956053	   -109.06555655	   -215.89500445	     66.00557739	    134.54699873	     74.81657347	     22.78118257	    153.51235649	    -61.32299488	    -53.40352583	     -0.00116882	     -0.87667783	     -5.79177313	      2.24463583	      1.28070700	      2.69975555	     -0.77968131	     -3.13209276	      0.62616435	      1.89201373	      0.64494311	      1.31818730	     -0.99097346	      0.74999049	      0.06981431	      0.51638110	      0.49897421	      0.03638650	      0.13450022	      0.11830507
      1.22222222	      0.01003132	      0.01002572	      0.01156872	      0.99994737	      0.01003944	      0.01004975	      0.99999569	      0.99994591	      0.99977782	      0.99958412	      0.01144973	      0.01015705	      0.99990418	      0.01316705	      0.99999244	      0.99999505	      0.99998324	      0.99999793	      0.99999031	      0.99998927	      0.99994369	      0.99995626	      0.99997010	      0.01043629	      0.01003102	      0.01017911	      0.01004119	      0.99997645	      0.01002392	      0.01002007	      0.01053583	      0.99999915	      0.99998668	      0.01000000	      0.01029317	      0.99995920	      0.01024055	      0.01000694	      0.01000026	      0.01000211	      0.99978741	      0.99996662	      0.01000787	      0.01000562	      0.01001780	      0.98826748	      0.01000064	      0.99454065	      0.55902758	      0.02919027	      0.01613546	      0.01446581	      0.04339055	      0.01166819	      0.01000215	      0.01000000	      0.01000024	      0.01097556	      0.01013780	      0.01002070	      0.99675140	      0.99814822	      0.99356818	      0.01005271	      0.99996787	      0.97278831	      0.99699353	      0.01000000	      0.99998079	      0.99997563	      0.99994805	      0.01000000	      0.01000783	      0.16213859	      0.99929347	      0.01155544	      0.01157989	      0.01630150	      0.01274411	      0.01253253	     -2.77653403	      2.64661295	     -0.43526524	     -3.74079925	     -0.51365368	      0.80868819	     59.45604393	     64.31723546	    -19.44492560	    -70.88559462	    -37.23333806	    -11.93987477	    -90.43881297	     26.56235330	     22.59426953	      0.13630174	      0.58237157	      3.20014142	      1.53453426	      1.92385345	     -0.33523079	      0.46027493	      1.44703788	      0.58537592	     -0.21320588	      0.35825457	      0.24042116	     -0.34918815	      0.46493922	     -1.06359930	     -0.66942650	      1.52219612	     -0.07993584	      0.50039417	     -0.30822901
      1.22777778	      0.01050627	      0.01032198	      0.99973825	      0.99985070	      0.81109997	      0.01080528	      0.99995458	      0.99967517	      0.99915862	      0.99866973	      0.01690043	      0.01071709	      0.99957051	      0.21219456	      0.99991179	      0.99994005	      0.99991164	      0.99975048	      0.99978797	      0.99982805	      0.77087194	      0.99674900	      0.99915813	      0.99904447	      0.01020488	      0.01068650	      0.01025752	      0.99961046	      0.01018627	      0.01010867	      0.01091390	      0.99997385	      0.99991366	      0.01002266	      0.01025192	      0.99973923	      0.01124018	      0.01007660	      0.01002697	      0.01004594	      0.99989844	      0.99992957	      0.01006856	      0.01004689	      0.01023130	      0.99982443	      0.01002631	      0.28363400	      0.97723703	      0.24914383	      0.04536410	      0.03466984	      0.03473291	      0.01361138	      0.01003580	      0.01002236	      0.01002554	      0.01062680	      0.01023027	      0.01007859	      0.03067023	      0.01585222	      0.01229568	      0.01059104	      0.99983874	      0.97570936	      0.98807908	      0.01012382	      0.99991291	      0.99988024	      0.99975318	      0.01001754	      0.01005764	      0.05272731	      0.99791509	      0.02041768	      0.01894265	      0.38780388	      0.27198893	      0.33608219	     -5.03168775	     -6.36653656	     -1.76694186	      5.15166984	      1.79036869	     -4.44206133	   -111.35918856	    -44.04327050	     29.67617907	    153.97890608	     86.49149987	     35.45345330	    273.13685095	     27.87957321	    -65.94358314	      0.00578264	     -0.52181838	     -5.21992904	     -1.41254748	      0.20958890	      2.06538419	     -2.42271594	     -1.97639569	      0.28118760	      0.93593165	      0.21093156	      0.58453033	     -1.50116161	      0.23220323	      0.00641364	      0.17761844	      0.03050857	      0.00454856	      0.00232662	      0.02762982
      1.23333333	      0.99999964	      0.99999911	      0.99999997	      0.99999998	      0.99999990	      0.99999919	      1.00000000	      1.00000000	      0.99999998	      0.99999997	      0.99999919	      0.01000002	      1.00000000	      0.18773178	      0.68367035	      0.99999988	      0.99999998	      0.99999996	      0.99999987	      0.01000086	      0.99999982	      0.30964925	      0.01000038	      0.99999998	      0.01000012	      0.01000001	      0.01000000	      0.01000006	      0.01000009	      0.01000000	      0.99999993	      1.00000000	      1.00000000	      0.01000000	      0.01000001	      1.00000000	      0.80214279	      0.01000000	      0.01000000	      0.01000000	      1.00000000	      1.00000000	      0.01000000	      0.01000000	      0.01000005	      1.00000000	      0.01000000	      0.01352563	      0.71744403	      0.09192294	      0.01004263	      0.01002187	      0.01000021	      0.01000004	      0.01000000	      0.01000000	      0.01000000	      0.01000000	      0.01000000	      0.01000000	      0.01000011	      0.01000003	      0.01000002	      0.47780719	      1.00000000	      0.39022705	      0.76914241	      0.01000000	      1.00000000	      1.00000000	      1.00000000	      0.01000000	      0.01000000	      0.01000371	      0.99999997	      0.01052026	      0.01000931	      0.15144168	      0.43263226	      0.24704691	     -4.30962790	     -6.16183095	     -1.79926537	      3.53170985	      2.99894618	     -4.67658538	     -5.22268131	      2.96736899	     10.52193032	     76.54172348	     42.89907254	     25.18548431	    300.66149758	    100.76336770	    -44.92607226	     -0.00218067	      0.00689212	     -0.04580063	     -3.39814731	     -0.34218286	      1.37788462	     -3.23802522	     -0.99784280	      0.07075508	      0.34608054	     -0.00832497	      0.26048107	     -1.69001291	      0.13344109	     -0.05325298	      0.13064398	      0.07723504	      0.00405110	      0.00775555	      0.02148587
      1.23888889	      0.99999997	      0.99999998	      0.99999997	      0.99999997	      0.99999997	      0.99999995	      0.01000012	      0.99999954	      0.01000010	      0.99999949	      0.99999996	      0.99999998	      0.99999992	      0.08935603	      0.01000000	      0.01000000	      0.01000006	      0.01000002	      0.01000001	      0.01000000	      0.24386906	      0.01000005	      0.01000002	      0.99999994	      0.99999998	      0.01000002	      0.01000000	      0.01000001	      0.99999998	      0.01000015	      0.01000044	      0.99999990	      0.99999990	      0.17151133	      0.01000007	      0.99999997	      1.00000000	      0.01000009	      0.01000003	      0.01000005	      1.00000000	      1.00000000	      0.01000000	      0.01000000	      0.01000006	      1.00000000	      0.01000000	      0.03778311	      0.06477185	      0.05883859	      0.04120981	      0.03456155	      0.01000019	      0.01000005	      0.01000000	      0.01000000	      0.01000000	      0.01000000	      0.01000000	      0.01000000	      0.01000125	      0.01000008	      0.01000003	      0.99999970	      1.00000000	      0.05859926	      0.03933833	      0.01000000	      1.00000000	      1.00000000	      1.00000000	      0.01000000	      0.01000000	      0.01302070	      0.99999996	      0.09476656	      0.02732806	      0.14897920	      0.35484885	      0.20104663	      0.13264577	     -5.83169053	     -1.52712710	     -1.65998012	      2.88679896	     -3.63777745	      4.59872204	     15.42732962	     14.12475814	      1.61695321	      3.06644979	     23.58075489	    244.58355465	     89.97321044	      1.92768988	     -0.00171433	      0.00157299	     -0.00104023	     -2.32303937	     -1.21560102	      2.66345485	     -3.71335200	     -2.22417845	      0.22664133	      0.97463202	      0.12941739	      0.71376426	     -1.99173675	      0.09252540	     -0.09123186	      0.11319592	      0.12092198	      0.00465806	      0.01309941	      0.01911842
      1.24444444	      1.00000000	      1.00000000	      0.01000000	      0.01000000	      0.99999998	      1.00000000	      0.01000000	      0.01023222	      0.01002860	      0.02854310	      0.30008329	      0.53744388	      0.01000012	      0.01000002	      0.01000000	      0.01000000	      0.01000000	      0.01000000	      0.01000000	      0.01000000	      0.01000001	      0.01000000	      0.01000000	      0.99999995	      1.00000000	      0.01000781	      0.01000346	      0.01000000	      1.00000000	      1.00000000	      1.00000000	      0.01000000	      0.01000000	      0.25058845	      1.00000000	      0.36833763	      0.99998354	      0.04436937	      0.12433730	      0.07334042	      1.00000000	      1.00000000	      0.01000000	      0.01000000	      0.01000000	      0.97142449	      0.01000000	      0.01027134	      0.01005187	      0.01602035	      0.06541853	      0.10533256	      0.01000029	      0.01000004	      0.01000000	      0.01000000	      0.01000000	      0.99999998	      0.01000003	      0.01000000	      0.99999994	      0.99999996	      0.99999985	      0.01000000	      1.00000000	      0.01003753	      0.01001901	      0.01000000	      1.00000000	      1.00000000	      1.00000000	      0.01000000	      0.01000000	      0.05445995	      0.99999996	      0.20929640	      0.26593551	      0.07239304	      0.21082834	      0.11719042	      4.57276928	     -5.10690911	     -1.24572951	     -5.97912353	      2.65322929	     -2.88243365	     49.94999662	     29.36116798	    -15.00714858	     -0.00083703	      0.00474237	      0.04175978	    144.58600785	    -14.48046032	     22.96597782	     -0.00097500	      0.00126975	      0.01075425	     -0.60644833	     -1.00880847	      3.61601646	     -4.12541609	     -3.38087219	      0.34361452	      1.54679174	      0.24696832	      1.15914419	     -2.26427701	      0.14662991	     -0.10816178	      0.13740308	      0.16711532	      0.00011288	      0.01974812	      0.02230841
      1.25000000	      0.01000000	      0.01000002	      0.01000000	      0.01000000	      0.01000000	      0.01000000	      0.01000000	      0.01006499	      0.99999936	      0.99999829	      0.01000111	      0.01000037	      0.99998100	      0.01000000	      0.01000000	      0.01000000	      0.01000000	      1.00000000	      0.14695188	      0.56740990	      1.00000000	      1.00000000	      1.00000000	      0.01000000	      1.00000000	      0.99998492	      0.64562599	      1.00000000	      1.00000000	      1.00000000	      1.00000000	      0.01000000	      0.01000000	      0.01000002	      1.00000000	      0.99999970	      0.01000025	      0.27629830	      0.77058918	      0.45520293	      0.01000000	      0.01000002	      0.01000000	      0.01000000	      0.01000000	      0.01000000	      0.01000000	      0.01017472	      0.26293894	      0.09554955	      0.01006118	      0.01002678	      0.99999119	      0.01000007	      0.01000000	      0.01000000	      0.01000000	      0.99999999	      1.00000000	      1.00000000	      0.99999988	      0.99999995	      0.99999991	      0.01000000	      1.00000000	      0.06377252	      0.10182444	      1.00000000	      1.00000000	      1.00000000	      1.00000000	      0.01000000	      0.01000000	      0.01000302	      0.99999983	      0.39582895	      0.01001621	      0.03714165	      0.11687270	      0.06360476	      6.40609672	     -4.80649943	     -1.81083538	     -7.09466681	      2.28430051	     -3.91629362	    166.04525181	    -91.26723450	   -142.51930169	     -0.00514155	      0.54556652	     -0.25221303	     86.03360748	    -45.79032689	      8.79355560	     -0.00051116	      0.00755828	     -0.00655761	      1.09640774	     -0.31276266	      3.75116490	     -4.22449268	     -3.91170240	      0.32039225	      1.77190097	      0.26558591	      1.38400351	     -2.39390425	      0.23268429	     -0.12221035	      0.16261125	      0.21026588	      0.00817957	      0.02618575	      0.02098236
      1.25555556	      0.01000002	      0.01000004	      0.01000000	      0.01000000	      0.01000000	      0.01000003	      0.01000000	      0.01308254	      0.99999922	      0.93789688	      0.01000026	      0.01000022	      0.76493127	      0.01000002	      0.01000000	      0.01000000	      0.01000000	      0.99999999	      0.99999996	      0.99999996	      0.99999998	      0.99999999	      0.99999999	      0.01000000	      1.00000000	      0.99999991	      0.99999996	      1.00000000	      1.00000000	      1.00000000	      1.00000000	      0.01000000	      0.01000000	      0.01000009	      1.00000000	      0.99937142	      0.01000006	      0.25625174	      0.71558265	      0.42147395	      0.01000000	      0.01000001	      0.01000000	      0.01000000	      0.01000000	      0.01000000	      0.01000000	      0.99999276	      0.20899804	      0.09167495	      0.01005672	      0.05830782	      0.99999902	      0.11126206	      0.99999999	      0.01000026	      0.01000000	      0.99999988	      0.99999997	      0.99999999	      0.99999897	      0.99999964	      0.99999915	      0.01000001	      0.99999992	      0.01000071	      0.01000000	      1.00000000	      0.99999991	      0.99999999	      0.99999997	      0.01000000	      0.01000000	      0.20234600	      0.99999723	      0.43849122	      0.01585945	      0.01000030	      0.01000009	      0.01000018	      6.43064856	     -3.01955104	     -1.95785798	     -6.21603203	     -0.67474901	     -5.46484135	    185.10233562	   -132.18831719	   -161.35873661	     -0.00638939	      0.29014941	     -1.65212764	     54.16142914	    -92.67526841	     11.69813712	      1.49491179	      0.00922877	     -0.00331444	      1.62403778	     -0.09425732	      2.59677289	     -4.79019379	     -3.67177823	      0.08536049	      1.57635501	      0.38117189	      1.66371387	     -1.45996792	      1.87356843	     -2.18228625	      1.06513563	     -0.53590301	      0.08715861	     -0.05621377	      0.54006198
      1.26111111	      0.01000006	      0.01000008	      0.01000000	      0.01000000	      0.01000001	      0.01000010	      0.01000000	      0.01002045	      0.99999804	      0.99999630	      0.01000128	      0.01000069	      0.99966678	      0.01000007	      0.01000002	      0.01000000	      0.01000000	      0.99999993	      0.99999991	      0.99999994	      0.99999986	      0.99999995	      0.99999995	      0.01000002	      0.99999998	      0.99999927	      0.99999968	      0.99999998	      0.99999998	      0.99999999	      0.99999997	      0.01000000	      0.01000000	      0.01000037	      1.00000000	      0.57160727	      0.01000030	      0.15573661	      0.39273412	      0.19834294	      0.01000008	      0.01000010	      0.01000002	      0.01000003	      0.01000002	      0.01000004	      0.01000003	      0.99999813	      0.27591353	      0.40859295	      0.03236807	      0.01000000	      0.99999934	      0.99999961	      0.99999992	      0.01000948	      0.01000001	      0.99999948	      0.99999983	      0.99999992	      0.99999530	      0.99999780	      0.99993884	      0.01000009	      0.99999956	      0.01000212	      0.01000078	      0.99999990	      0.99999907	      0.99999979	      0.99999971	      0.01000002	      0.01000006	      0.01000024	      0.99998352	      0.99999949	      0.11681004	      0.01000011	      0.01000003	      0.01000006	      4.82177251	     -6.31901631	     -2.67135838	     -4.70287818	     -1.04710528	      0.10363357	    114.50807115	   -108.41560476	   -119.03608861	     -0.00388609	      0.92884836	     -3.36339041	     16.25225730	    -31.82436160	     28.96002541	      6.20304652	      0.08923022	      0.05474689	      0.85505561	     -1.73697902	      4.33949579	     -4.05483467	     -0.35368064	     -1.64589299	     -2.05612368	     -1.00371073	     -1.49195751	     -0.22404191	     -1.90724739	     -3.69425758	     -2.12621203	     -2.90966450	     -0.09208815	     -0.54527366	      0.11795487
      1.26666667	      0.01000002	      0.99999999	      0.01000000	      0.01000000	      0.01000000	      0.01000001	      0.01000000	      0.01020104	      0.99999993	      0.01000031	      0.01000004	      0.01000002	      0.01000012	      0.01000000	      0.01000000	      0.01000000	      0.01000000	      0.03609082	      0.01000000	      0.01000000	      1.00000000	      1.00000000	      0.99999999	      0.01000000	      1.00000000	      0.99999999	      1.00000000	      0.99999999	      1.00000000	      1.00000000	      1.00000000	      0.01000000	      0.01000000	      0.12078589	      1.00000000	      0.01000002	      0.01000000	      0.45978701	      0.99994063	      0.75664317	      0.01000001	      0.01000001	      0.01000000	      0.01000004	      0.01000000	      0.01000000	      0.01000000	      0.99999984	      0.99999985	      0.99999982	      0.99999942	      0.10125386	      0.85037924	      0.99999962	      1.00000000	      0.54109397	      0.01000000	      0.99999998	      1.00000000	      1.00000000	      0.99999985	      0.99999988	      0.99999588	      0.01000001	      0.99999995	      0.01000012	      0.01000004	      0.99999999	      0.01000008	      0.01000004	      0.12794938	      0.35275914	      0.01000006	      0.01000000	      0.99999915	      0.99999998	      0.99999987	      0.01000000	      0.01000000	      0.01000000	      7.34897056	     -0.41007037	     -0.35110274	    -10.45416672	     -1.47491797	     -1.05976033	    303.62543344	   -117.17573813	   -179.78033838	     -0.00844954	     -4.44516782	    -31.32770054	     -3.40022509	    -26.14572690	    104.93987735	      7.64682051	      4.44809054	      4.14920312	      2.27968281	      1.63369792	      3.52787367	     -4.52663176	     -4.05655202	     -0.33240491	      1.63406837	      0.07401390	      1.59166559	     -2.74120134	      0.33213078	     -0.26580719	      0.20191419	      0.28466646	      0.01337693	      0.03723409	      0.02576675
      1.27222222	      0.99997061	      0.99997637	      0.99998480	      0.01002480	      0.99996862	      0.99996033	      0.01001590	      0.02087657	      0.99967049	      0.01003324	      0.01026705	      0.01014015	      0.01016214	      0.01008824	      0.01000588	      0.01000488	      0.01002386	      0.01000487	      0.01000854	      0.01000988	      0.01001555	      0.01001582	      0.01002024	      0.99992097	      0.99997208	      0.99985325	      0.99993192	      0.01001764	      0.99998441	      0.99995351	      0.99993799	      0.01000828	      0.01002848	      0.01005339	      0.01004736	      0.01023451	      0.01006386	      0.08953295	      0.25466991	      0.14953419	      0.99995041	      0.99997605	      0.01000668	      0.01000632	      0.01001068	      0.01005999	      0.01000470	      0.01923180	      0.01025820	      0.99893106	      0.99976725	      0.99986739	      0.99430463	      0.01038332	      0.01000700	      0.01000365	      0.01000365	      0.99991523	      0.99993470	      0.99991432	      0.99967951	      0.99972722	      0.99533486	      0.01002614	      0.99997758	      0.01011208	      0.01005082	      0.99984536	      0.99998713	      0.99998639	      0.99996955	      0.01000303	      0.01000818	      0.03373373	      0.99958890	      0.99990671	      0.99994491	      0.17234369	      0.44880039	      0.24206398	      4.28307687	      1.09934296	      1.19239667	     -5.91281449	     -1.03824657	      1.13231470	     64.16403953	     82.66296067	    -76.37880024	     -0.00129310	     -0.26554145	    -17.94240325	    129.64824235	     -1.07890160	     89.05811363	     -0.00186493	      3.98164788	     26.08534306	      0.31103898	      1.63600076	      2.21733652	     -3.04100106	     -1.82761038	     -0.39873237	      0.73246880	     -0.01162685	      0.98135397	     -1.74983091	     -0.02099436	     -0.65971157	     -0.09973150	      0.14763233	      0.04015407	      0.01838878	      0.01735894
      1.27777778	      0.01000016	      0.01000004	      0.01000000	      0.01000000	      0.59950930	      1.00000000	      0.01000000	      0.01016969	      1.00000000	      0.99999999	      0.01000000	      0.01000000	      0.01000000	      0.01000000	      0.01000000	      0.91786984	      0.99999999	      0.01000000	      0.01000000	      0.01000000	      0.01000000	      0.01000000	      0.01000000	      0.01000001	      0.01000000	      1.00000000	      1.00000000	      1.00000000	      1.00000000	      1.00000000	      1.00000000	      0.01000000	      0.01000000	      0.01000000	      0.01000000	      0.39214557	      0.01000000	      0.07885310	      0.21929875	      0.12957313	      0.01000000	      0.01000000	      0.01000000	      0.01000000	      0.01000000	      0.01000000	      0.01000000	      0.01012911	      0.01000001	      0.99999991	      0.99999999	      1.00000000	      0.99999996	      0.01000000	      0.01000000	      0.01000000	      0.01000000	      1.00000000	      1.00000000	      1.00000000	      1.00000000	      1.00000000	      0.99999999	      0.01000000	      1.00000000	      0.01000000	      0.01000000	      1.00000000	      1.00000000	      1.00000000	      1.00000000	      0.01000000	      0.01000000	      0.40949618	      1.00000000	      1.00000000	      1.00000000	      0.28308231	      0.90288146	      0.45718943	      6.38642207	      4.82109074	      3.37674695	     -8.05509288	     -0.77737656	      5.32852358	     27.21577273	     -6.53445832	   -206.09581249	     -0.00144347	     20.95516485	   -115.86431571	    670.74971039	   -328.24382269	    252.94919103	     -0.00354755	      4.83140710	     31.75333594	     -1.07551424	      4.99594149	      3.36454209	     -5.81360234	     -3.24191439	     -1.54188303	      0.98234629	     -0.40829010	      1.50000956	     -3.67713235	     -0.10681831	     -0.22809190	     -0.04770640	      0.34294647	      0.00792080	      0.03899378	     -0.00426605
      1.28333333	      0.01000061	      0.01000028	      0.01000013	      0.01000003	      0.09552511	      0.99999975	      0.01000059	      0.03178488	      0.99999997	      0.99999982	      0.01000004	      0.01000001	      0.01000000	      0.01000000	      0.70740774	      0.99999986	      0.99999983	      0.01000000	      0.01000003	      0.01000019	      0.01000001	      0.01000003	      0.01000008	      0.01000022	      0.01000009	      0.99999998	      1.00000000	      0.99999993	      0.99999988	      0.99999986	      0.99999989	      0.01000002	      0.01000007	      0.01000000	      0.01000004	      0.45461276	      0.01000000	      0.12007959	      0.30469063	      0.18580096	      0.01000000	      0.01000000	      0.01000000	      0.01000000	      0.01000000	      0.01000000	      0.01000000	      0.03173955	      0.01000015	      0.99999938	      0.99999987	      0.99999993	      0.99999952	      0.01000013	      0.01000004	      0.01000000	      0.01000000	      1.00000000	      1.00000000	      1.00000000	      0.99999995	      0.99999997	      0.99999987	      0.01000000	      1.00000000	      0.01000006	      0.01000002	      1.00000000	      1.00000000	      1.00000000	      1.00000000	      0.01000000	      0.01000000	      0.36144828	      0.99999991	      0.99999995	      0.99999998	      0.41344113	      0.90877353	      0.78998644	      4.38846645	      7.21667629	      4.80303162	     -3.23362126	      0.94107277	      8.11079811	     27.78563666	    -17.35280613	   -292.93677622	     -0.00126464	     31.84881322	   -176.70986955	    831.57904210	   -435.47685281	    393.37225228	     -0.00686854	      9.36260946	     61.63818715	     -3.50306478	      6.69218616	      3.09603255	     -5.93803862	     -2.62248226	     -2.22893029	      0.65947985	     -0.68958036	      1.43682090	     -4.06357339	     -0.47475964	     -0.20624278	     -0.25867663	      0.33313807	      0.00169446	      0.03402697	     -0.02745427
      1.28888889	      0.01000021	      0.01000013	      0.01000010	      0.01000002	      0.01000040	      0.99999966	      0.01000031	      0.04792802	      0.99999995	      0.99999968	      0.01000007	      0.01000003	      0.01000002	      0.01000000	      0.99999967	      0.99999990	      0.99999968	      0.01000000	      0.01000002	      0.56579718	      0.01000001	      0.01000002	      0.01000009	      0.01000016	      0.01000006	      0.99999996	      0.99999999	      0.99999995	      0.99999987	      0.99999988	      0.99999990	      0.01000001	      0.01000006	      0.01000000	      0.01000003	      0.42383809	      0.01000001	      0.12010622	      0.29760932	      0.17808183	      0.01000000	      0.01000000	      0.01000000	      0.01000000	      0.01000000	      0.01000000	      0.01000000	      0.03408303	      0.01000012	      0.99999964	      0.99999990	      0.99999995	      0.01000217	      0.01000010	      0.01000005	      0.01000000	      0.01000000	      1.00000000	      1.00000000	      1.00000000	      0.99999996	      0.99999998	      0.99999992	      0.01000000	      1.00000000	      0.01000004	      0.01000001	      1.00000000	      1.00000000	      1.00000000	      1.00000000	      0.01000000	      0.01000000	      0.01000007	      0.99999993	      0.99999997	      0.99999998	      0.66657080	      0.99940010	      0.98147750	      1.40473719	      8.75558892	      5.30300549	      1.52082259	      1.50380478	      9.49073381	     25.24780182	    -35.23059802	   -305.44167652	     -0.00194798	     33.13544856	   -184.48201725	    861.65246588	   -429.56782617	    632.70455962	     -0.00830544	     29.45385038	    160.35400108	     -5.97988559	      8.15961146	      3.02286561	     -5.35499635	     -2.10329073	     -2.73421812	      0.51203937	     -0.90463516	      1.40224124	     -4.17311299	     -0.93841064	     -0.17782032	     -0.51124079	      0.28826034	     -0.00642366	      0.02495372	     -0.05371739
      1.29444444	      0.01000369	      0.01000248	      0.01000508	      0.01000143	      0.01000778	      0.99992551	      0.99998337	      0.05052561	      0.99999785	      0.99998819	      0.01000320	      0.01000151	      0.01000097	      0.01000054	      0.99999732	      0.99999827	      0.99999331	      0.01000046	      0.01000193	      0.99999528	      0.01000090	      0.01000163	      0.01000622	      0.01000576	      0.01000175	      0.99999812	      0.99999906	      0.99999760	      0.01075194	      0.99999307	      0.99999487	      0.01000142	      0.01000344	      0.01000024	      0.01000157	      0.63989760	      0.01000075	      0.24899990	      0.64123599	      0.40609605	      0.01000083	      0.01000095	      0.01000020	      0.01000021	      0.01000022	      0.01000042	      0.01000021	      0.03707583	      0.01001447	      0.99997450	      0.99999215	      0.99999421	      0.01221497	      0.01000678	      0.99999395	      0.01000038	      0.01000014	      0.99999950	      0.99999955	      0.99999961	      0.99999724	      0.99999815	      0.99999612	      0.01000067	      0.99999946	      0.01000398	      0.01000184	      0.99999937	      0.99999924	      0.99999978	      0.99999933	      0.01000015	      0.01000039	      0.01000819	      0.99999386	      0.99999757	      0.99999701	      0.28570673	      0.94740208	      0.43201492	     -3.81799431	      8.63347460	      4.88952341	      6.55501155	      0.23897985	      9.35133318	      8.91169473	    -94.60870308	   -465.32238457	     -0.00456178	     53.92718927	   -300.98912461	    624.67470317	   -367.15392451	    740.70770388	     -0.00358426	     36.68392242	    219.98724382	     -6.96612926	      8.72447001	      3.80744027	     -3.75245102	     -1.32701437	     -2.80934231	      0.41289996	     -1.04878473	      1.34389211	     -4.04190706	     -0.68851461	     -0.14579125	     -1.41387991	     -0.98313659	     -0.25248831	     -0.60847153	     -0.53907952
      1.30000000	      0.01020960	      0.01011587	      0.86496297	      0.01024619	      0.01540389	      0.07218421	      0.99967593	      0.56238292	      0.99933755	      0.89781398	      0.01057620	      0.01027565	      0.01201304	      0.01000380	      0.99991223	      0.99993753	      0.99979754	      0.01000031	      0.01022586	      0.99966913	      0.01003584	      0.01013611	      0.01183115	      0.01169522	      0.01007800	      0.99979176	      0.99994504	      0.99953003	      0.01000262	      0.70323198	      0.99750646	      0.01053417	      0.01202872	      0.01045117	      0.01007042	      0.01018940	      0.01006725	      0.33488445	      0.07566717	      0.33535160	      0.01081055	      0.01051748	      0.01003442	      0.01009285	      0.01007814	      0.01016116	      0.01003984	      0.46590518	      0.01133241	      0.98518306	      0.99867191	      0.99943019	      0.96522806	      0.02318236	      0.99574601	      0.01005689	      0.01000002	      0.99998459	      0.99999404	      0.99999992	      0.99945462	      0.99962880	      0.99938260	      0.01039747	      0.99987606	      0.01047719	      0.01017792	      0.99994588	      0.99974471	      0.97283892	      0.99877893	      0.01000669	      0.01029237	      0.22650794	      0.99181618	      0.99967685	      0.99980584	      0.32560497	      0.29426278	      0.34058141	     -7.87356048	     11.32677104	      8.32266204	     13.10574702	     -1.70489006	     13.24658338	    -46.50200073	   -151.93231128	   -716.84459764	     -0.03516623	     83.40017713	   -466.76814309	    229.47549213	   -355.95889375	    951.26152003	      0.01128240	     49.15539448	    323.57379211	     -6.43079163	     13.56928237	      4.82825251	     -2.19125321	      0.89572243	      0.63375941	     -1.56931110	      0.09744466	     -2.21228033	      2.33517517	     -2.65706665	     -1.50103454	      0.46159155	      3.40537592	      0.67006507	      1.07046794	      0.66859377
      1.30555556	      0.01000263	      0.01000176	      0.49240124	      0.01000336	      0.01002269	      0.99977663	      0.99999563	      0.01010186	      0.99999703	      0.99998463	      0.01000495	      0.01000233	      0.01000141	      0.01000079	      0.99999693	      0.99999813	      0.99999696	      0.01000073	      0.01000418	      0.99999468	      0.01000134	      0.01000259	      0.01001356	      0.01000938	      0.01000164	      0.99999721	      0.99999860	      0.99999282	      0.01000601	      0.99630902	      0.99998496	      0.01000555	      0.01001095	      0.01000036	      0.01000176	      0.99996630	      0.01000117	      0.99997891	      0.99999250	      0.99998724	      0.01000494	      0.01000285	      0.01001145	      0.99997398	      0.01000453	      0.01000305	      0.01000924	      0.99273557	      0.01000838	      0.99996760	      0.99999177	      0.99999515	      0.99920795	      0.01000508	      0.99999815	      0.99999656	      0.01000215	      0.99999883	      0.99999907	      0.99999927	      0.99999247	      0.99999507	      0.99999389	      0.01000706	      0.99998832	      0.01000428	      0.01000196	      0.99999895	      0.01000561	      0.01000300	      0.01001547	      0.99992730	      0.01002645	      0.30279724	      0.99633376	      0.99999721	      0.99999805	      0.01071805	      0.01021958	      0.01044728	    -16.89225160	      8.22175696	      4.07226614	     20.93862559	     -2.56667588	      7.52101185	    -84.14202322	   -220.98919700	  -1022.79118585	    -26.66095555	    139.02984253	   -689.77291328	   -130.33206285	   -290.07381092	   1135.92505175	      4.66643491	     67.47334437	    442.49114069	     -9.08316358	     11.95769290	      6.78111880	     -0.77012715	     -1.97410724	     -1.19211556	      1.55516404	     -0.21074738	      1.58608244	     -1.73421519	     -2.58595905	      0.36069358	     -1.26412414	     -0.05110828	     -0.03371295	     -0.01620490	     -0.12709942
      1.31111111	      0.01000227	      0.01000144	      0.32450276	      0.01000205	      0.01001129	      0.99997397	      0.99996375	      0.01001520	      0.99999753	      0.99998027	      0.01000437	      0.01000190	      0.01000081	      0.01000047	      0.99999490	      0.99999762	      0.99999639	      0.01000057	      0.01000340	      0.99999354	      0.01000108	      0.01000217	      0.01001422	      0.01000488	      0.01000159	      0.99999782	      0.99999898	      0.99999038	      0.01001534	      0.99999566	      0.99998253	      0.01000078	      0.01000253	      0.01000030	      0.01000168	      0.99994803	      0.01000089	      0.99999888	      0.99999970	      0.99999943	      0.01000480	      0.01000186	      0.99999836	      0.99999876	      0.99999294	      0.01000428	      0.99999868	      0.99998165	      0.01000784	      0.99993750	      0.99999182	      0.99999570	      0.99999522	      0.99999723	      0.99999933	      0.99999943	      0.99999836	      0.99999896	      0.99999933	      0.99999953	      0.99998678	      0.99999190	      0.99999421	      0.99995777	      0.01000202	      0.01000420	      0.01000173	      0.99999892	      0.01000099	      0.01000042	      0.01000245	      0.99999933	      0.99999820	      0.27224630	      0.01001997	      0.99999759	      0.99999849	      0.01000124	      0.01000036	      0.01000075	    -23.94545843	      6.24541553	      3.25335478	     27.96861715	     -3.53553642	      3.83346082	    -78.10054663	   -243.78985404	  -1311.57705332	   -145.58236828	    196.75982824	   -893.95988614	   -659.46242254	   -266.01257231	   1266.40259076	    232.52874540	     83.22050841	    543.86199549	     -8.40090680	     13.09417651	      8.33354833	      0.28687433	     -1.85808087	      0.38734297	      2.02913806	      0.52091288	      1.52007403	     -0.18468969	     -2.38378339	      0.67588988	     -1.12484652	     -0.15355346	     -0.03181016	     -0.02267237	     -0.11184787
      1.31666667	      0.01000677	      0.01000373	      0.01029269	      0.01000536	      0.99978025	      0.99997272	      0.66441625	      0.01002115	      0.99999516	      0.99997067	      0.01000922	      0.01000408	      0.01000143	      0.01000093	      0.73512930	      0.99999281	      0.99999370	      0.01000129	      0.01000704	      0.99998528	      0.01000243	      0.01000468	      0.01002803	      0.01001086	      0.01000420	      0.99999486	      0.99999751	      0.99997982	      0.01102209	      0.99998254	      0.99995080	      0.01000235	      0.01000617	      0.01000061	      0.01000462	      0.99996754	      0.01000200	      0.99999659	      0.99999886	      0.99999802	      0.01010843	      0.01000724	      0.99999856	      0.99999875	      0.99999708	      0.38722126	      0.99999887	      0.99998515	      0.01001916	      0.99988491	      0.99998181	      0.99998965	      0.99999444	      0.99999683	      0.99999820	      0.99999883	      0.99999876	      0.99999481	      0.99999761	      0.99999835	      0.99926774	      0.01010983	      0.99993615	      0.99999285	      0.01000252	      0.01001103	      0.01000466	      0.99997115	      0.01000169	      0.01000057	      0.01000303	      0.99999939	      0.99999836	      0.45718866	      0.01001765	      0.99999479	      0.99999635	      0.01000144	      0.01000043	      0.01000089	    -30.24611822	      2.93161307	      1.56683832	     32.93190920	     -4.36929658	     -1.67130407	    -55.99970763	   -244.81117692	  -1537.70423297	   -232.00281792	    242.75521464	  -1055.10576424	  -1316.36807718	   -116.35027013	   1264.70776407	    477.88619971	     89.51658441	    580.06446734	     -8.31967660	     13.33093986	      8.35014076	      0.46540966	     -1.10914568	      1.91894282	      2.16522347	      1.23044446	      1.27918540	      1.19463141	     -1.75171524	      0.98666930	     -0.79193024	     -0.21297840	     -0.02394364	     -0.02474451	     -0.07736240
      1.32222222	      0.01010783	      0.01001301	      0.79510330	      0.01000926	      0.99952099	      0.99985456	      0.87440561	      0.01051188	      0.99998509	      0.99977426	      0.01005636	      0.01001484	      0.01000656	      0.01000110	      0.01004549	      0.96427286	      0.99991653	      0.01000000	      0.01002470	      0.99977937	      0.01000000	      0.01001258	      0.01023782	      0.01015291	      0.01004361	      0.99997123	      0.99998931	      0.99980496	      0.99946357	      0.99944354	      0.99961721	      0.01000229	      0.01005873	      0.01000000	      0.01005017	      0.81399298	      0.01000515	      0.99994108	      0.99999895	      0.99998263	      0.99960846	      0.01000000	      0.99998571	      0.99998780	      0.99996170	      0.99966662	      0.99998744	      0.99535979	      0.01033794	      0.99882578	      0.99966238	      0.99980608	      0.99815970	      0.62703863	      1.00000000	      1.00000000	      0.99999532	      0.99988435	      0.99996010	      0.99997226	      0.01000051	      0.01070493	      0.82981534	      0.99983058	      0.01006388	      0.01024420	      0.01008340	      0.01000000	      0.01003641	      0.01001342	      0.01005770	      0.99999700	      0.99997339	      0.99987676	      0.01061587	      0.99990611	      0.99995632	      0.01713064	      0.76965566	      0.02003627	   -157.88649890	    111.00375217	     87.09052372	    -86.17287498	   -223.16289194	   -138.97903279	    -50.56719648	   -212.84973779	  -1411.54001926	   -185.90977734	    199.19195688	   -934.32944754	  -1542.88116910	     54.08277649	   1158.15203514	    448.34814413	    192.94335553	    668.51346307	    -96.09216893	     75.04304630	     50.47831815	    -77.97592791	   -206.26897333	    -19.90925410	     18.40733194	    -26.72193493	    -83.04203243	     15.93308504	     63.73319198	   -205.01955783	    134.25424774	    243.93189076	     37.94600016	     86.58626820	     55.81348641
      1.32777778	      0.01003338	      0.01003580	      0.99999614	      0.01027436	      0.99999762	      0.99980831	      0.99137810	      0.01002791	      0.99998710	      0.99993828	      0.01002552	      0.01001179	      0.01000165	      0.01000247	      0.01041543	      0.05407001	      0.99999836	      0.01000635	      0.01007882	      0.99994065	      0.01001178	      0.01004375	      0.01044655	      0.01030082	      0.01006776	      0.99998373	      0.99999307	      0.99981780	      0.99175656	      0.99950513	      0.99749804	      0.01003173	      0.01019515	      0.01000072	      0.01016003	      0.99996609	      0.01000485	      0.99999587	      0.99999852	      0.99999749	      0.99999306	      0.01033913	      0.99999938	      0.99999941	      0.99999907	      0.99999462	      0.99999935	      0.99998562	      0.01001182	      0.99949774	      0.99995706	      0.99997570	      0.99999906	      0.99999994	      0.99999673	      0.99999879	      0.99999935	      0.01001771	      0.04016335	      0.99999945	      0.01003566	      0.01001254	      0.01001959	      0.99999737	      0.01000214	      0.01003898	      0.01001812	      0.01000262	      0.01000152	      0.01000087	      0.01000192	      0.99999970	      0.99999917	      0.99973127	      0.01003633	      0.99998070	      0.99998980	      0.01000186	      0.01000056	      0.01000117	    -30.15746970	     36.24842068	    -35.88114364	     21.08162207	     -3.86753022	     -9.01368753	    -49.82835918	   -171.66376963	  -1541.91050229	   -246.42613111	    246.47166628	  -1092.34309019	  -2000.06270643	    343.37552233	   1105.00793644	    517.49734385	    103.28718561	    522.87545867	     -9.74829468	     -8.42568423	    -46.70894417	     -1.60856984	     48.12653160	     -1.81329588	    -21.29327832	     -3.42437655	     -6.82034992	     -0.32321327	     10.19760877	    -15.82722928	      2.36960541	     14.83412369	      0.61311405	      3.25262341	     -0.43182056
      1.33333333	      0.01004343	      0.01000017	      0.99999166	      0.01000007	      0.99999971	      0.99999987	      0.01000021	      0.01000052	      0.99999992	      0.99999959	      0.01000016	      0.01000007	      0.01000003	      0.01000001	      0.01000004	      0.01000005	      0.99999933	      0.01000001	      0.01000007	      0.99996752	      0.01000004	      0.01000007	      0.01000021	      0.01000023	      0.01000026	      0.99999990	      0.99999995	      0.99999982	      0.99999975	      0.99999880	      0.99999950	      0.01000004	      0.01000010	      0.01000000	      0.01000027	      0.99999955	      0.01000003	      0.99999990	      0.99999997	      0.99999994	      0.99999990	      0.99999970	      1.00000000	      1.00000000	      0.99999999	      0.99999994	      1.00000000	      0.99999982	      0.01000038	      0.99999860	      0.99999965	      0.99999978	      0.99999993	      0.99999996	      0.99999994	      0.99999999	      1.00000000	      0.01000007	      0.01000008	      0.01000018	      0.01000036	      0.01000016	      0.01000020	      0.99999997	      0.01000003	      0.01000030	      0.01000013	      0.01000002	      0.01000002	      0.01000001	      0.01000003	      1.00000000	      1.00000000	      0.18409595	      0.01000157	      0.99999989	      0.99999993	      0.01000002	      0.01000000	      0.01000001	    -34.23306786	    -13.54082526	    -12.28179653	     27.15670861	     -5.39060545	    -21.06874141	     34.47095623	    -96.99262911	  -1380.65933642	   -186.69430284	    214.00022938	   -955.92223695	  -2133.87509796	    486.38659218	    846.20819131	    589.01469060	     68.21909428	    427.28878476	    -18.60731400	      3.94777460	      0.43221885	     -1.44101767	      2.43594296	      2.59074825	      1.43643623	      1.64736535	      1.04808137	      1.84849683	      0.97579229	      0.84349860	      0.58541784	     -0.11573676	      0.01168029	     -0.02015837	      0.06414394
      1.33888889	      0.01000355	      0.01000255	      0.99999212	      0.99999330	      0.79508203	      0.01000962	      0.99999713	      0.99994169	      0.99997548	      0.99992047	      0.01005021	      0.01002373	      0.01004910	      0.01001802	      0.99999777	      0.99999842	      0.99999715	      0.01001756	      0.99999169	      0.99999517	      0.01002736	      0.01101514	      0.99997938	      0.99992312	      0.01000748	      0.99996766	      0.99998411	      0.99999478	      0.01000584	      0.01005515	      0.01002723	      0.99999758	      0.99999364	      0.01000331	      0.01004014	      0.99997372	      0.01001188	      0.01001210	      0.01000433	      0.01000736	      0.99996754	      0.99996039	      0.99999019	      0.99999016	      0.99998919	      0.99996199	      0.99998285	      0.99772814	      0.01009415	      0.99953001	      0.99980602	      0.99986391	      0.99977680	      0.99988203	      0.01001314	      0.01001578	      0.99999518	      0.99997717	      0.99998675	      0.99998621	      0.99976994	      0.99977812	      0.99984068	      0.99996760	      0.99637403	      0.01015063	      0.01006608	      0.99985174	      0.01001134	      0.01002524	      0.01003360	      0.99999265	      0.99998185	      0.73175499	      0.01560264	      0.99995181	      0.99995555	      0.01009409	      0.01001731	      0.01005179	    -20.51020207	    -23.26508699	    -25.12515525	      9.08119627	    -18.60240444	    -45.04276699	  -1047.74676495	   -726.19153693	   -724.08005195	    210.15327194	    101.64077266	   -494.49871677	   -226.51970230	    146.24405019	    571.13069696	     10.51825501	     33.58652743	    198.38803406	    -25.06485502	     -9.66432335	     -0.45078376	     -3.83233572	     -2.49740113	      4.59158583	      5.91268814	      2.81755357	      3.72582722	      1.96009165	      0.61963529	      1.08621111	      1.25287451	     -0.17775026	      0.15575442	      0.18853533	      0.47383611
      1.34444444	      0.01000081	      0.01000057	      0.99999899	      0.99999883	      0.01022469	      0.01000204	      0.99999944	      0.99998889	      0.99998353	      0.99996731	      0.01010617	      0.01002773	      0.99999496	      0.99999748	      0.99999960	      0.99999971	      0.99999951	      0.99999738	      0.99999850	      0.99999901	      0.01003913	      0.99999377	      0.99999608	      0.99999415	      0.01000142	      0.99953884	      0.99911293	      0.99999884	      0.01000102	      0.01001489	      0.01000419	      0.99999956	      0.99999893	      0.01000147	      0.01000851	      0.99999449	      0.01002036	      0.01000215	      0.01000076	      0.01000130	      0.99973853	      0.99977065	      0.99888093	      0.01445495	      0.99973383	      0.99964549	      0.01024668	      0.56269660	      0.41006034	      0.57957077	      0.64253976	      0.69546965	      0.26361756	      0.27164629	      0.01005386	      0.01004954	      0.01019222	      0.99967531	      0.99967563	      0.57077039	      0.99660197	      0.99757418	      0.99619578	      0.99872513	      0.99965665	      0.30967523	      0.20689371	      0.01054633	      0.99982459	      0.99884283	      0.99677333	      0.01012964	      0.01042032	      0.13190821	      0.48671899	      0.85737487	      0.83605803	      0.17968011	      0.07261019	      0.12797313	    -17.63869984	    -23.45277231	    -24.11764652	      3.07285825	     -6.67204682	    -31.04127861	  -1273.13534196	   -825.53197361	   -146.52979377	    345.54901454	    145.24810702	    -79.91348277	     38.03328265	     53.17919157	     51.22052284	      1.05817329	      1.39742554	     -0.27175457	    -25.52131000	    -12.70730907	    -10.04008768	     -0.67967616	      6.06905806	      0.16773156	     -1.42828851	     -0.06951796	     -0.15521824	      0.03931384	      1.58220240	     -0.03832197	      0.95644414	     -0.04067389	      0.01981200	     -0.02053385	      0.10538550
      1.35000000	      0.01001358	      0.01000970	      0.99997726	      0.99998155	      0.81276207	      0.01003074	      0.99999051	      0.99991233	      0.01092366	      0.99676892	      0.99911323	      0.99948257	      0.99997387	      0.99998184	      0.99999274	      0.99999460	      0.99999017	      0.99996783	      0.99997462	      0.99998157	      0.99971112	      0.99992096	      0.99993427	      0.99993096	      0.01002218	      0.01041584	      0.01019872	      0.99997432	      0.01001552	      0.01027875	      0.01007053	      0.99999262	      0.99998291	      0.97252206	      0.01011955	      0.99974157	      0.99978581	      0.01001839	      0.01000667	      0.01001124	      0.01099672	      0.01662055	      0.01013835	      0.01011813	      0.01024399	      0.99860740	      0.01034273	      0.57325464	      0.99966417	      0.99774026	      0.01057162	      0.01030105	      0.01031371	      0.01018939	      0.83984511	      0.01722140	      0.99861157	      0.01005057	      0.01003451	      0.01003306	      0.01050453	      0.01028849	      0.01019420	      0.01174352	      0.98695890	      0.99944774	      0.99973961	      0.01006563	      0.99954764	      0.99983606	      0.99971744	      0.01009826	      0.01027728	      0.01007756	      0.51675022	      0.01748918	      0.01013264	      0.16722293	      0.14028632	      0.10761046	     -8.08389851	    -24.53282471	    -25.12668971	     -7.66124536	    -11.61941067	    -35.30903252	   -977.47257799	   -579.59596798	     79.34123550	    514.00940004	     15.53390951	     98.88161561	    105.98548106	     11.60475329	   -429.37301517	      0.04302679	     17.87421784	   -106.71390727	    -21.64718010	    -17.86487573	    -12.88729719	     -0.87187354	      6.66774795	      0.24407450	     -2.44795852	     -0.29185006	     -0.91070565	      0.09935705	      1.39917782	     -0.24893357	      0.87631031	     -0.09849834	      0.01141423	     -0.02674470	      0.09343861
      1.35555556	      0.01000070	      0.01000053	      0.99999798	      0.99999878	      0.01000376	      0.01000128	      0.99999938	      0.99999617	      0.01001150	      0.99995967	      0.99998860	      0.99999338	      0.99999885	      0.99999919	      0.99999960	      0.99999968	      0.99999926	      0.99999911	      0.99999870	      0.99999873	      0.99999740	      0.99999740	      0.99999565	      0.99999588	      0.01000113	      0.01000500	      0.01000240	      0.99999716	      0.01000069	      0.01002251	      0.01000396	      0.99999956	      0.99999900	      0.67678802	      0.01001459	      0.99999674	      0.99999725	      0.01000079	      0.01000028	      0.01000048	      0.01004374	      0.99981479	      0.01000631	      0.01000491	      0.01001441	      0.99998137	      0.01003308	      0.01435009	      0.99999189	      0.99994620	      0.01001408	      0.01000731	      0.01000731	      0.01000438	      0.60184998	      0.99996920	      0.99999262	      0.01000089	      0.01000071	      0.01000070	      0.01000789	      0.01000420	      0.01000369	      0.99983356	      0.01002480	      0.99998770	      0.99999421	      0.01000128	      0.99998405	      0.99999731	      0.99999273	      0.01000527	      0.01001620	      0.01000169	      0.02913321	      0.01000156	      0.01000326	      0.09114415	      0.07500375	      0.09657848	      1.19568399	    -22.51429794	    -22.24937286	    -15.71757845	    -14.95215782	    -35.36124797	   -391.52245656	   -281.93761937	    262.26499989	    298.58606499	     32.93408929	    207.59927221	     87.33900346	     25.34710834	   -485.12609979	      0.01690485	     19.74836578	   -116.49503439	    -15.74830855	    -18.10685589	     -9.36930533	     -1.60086281	      4.47640346	      1.18312371	     -0.97473905	      0.48716447	     -0.24641215	      0.82994405	      1.01425249	     -0.21716669	      0.67961085	     -0.19918791	      0.00771537	     -0.03721418	      0.07679502
      1.36111111	      0.01000000	      0.22637972	      0.01000000	      0.99999998	      0.01000000	      0.01000000	      0.01000000	      1.00000000	      0.01000000	      1.00000000	      1.00000000	      1.00000000	      1.00000000	      1.00000000	      1.00000000	      1.00000000	      0.01000000	      1.00000000	      1.00000000	      0.99999999	      1.00000000	      1.00000000	      1.00000000	      0.99999984	      1.00000000	      0.01000000	      0.01000000	      0.01000001	      0.01000000	      0.99999972	      0.28724767	      1.00000000	      0.99999999	      0.14023889	      1.00000000	      1.00000000	      1.00000000	      0.01000000	      0.01000000	      0.01000000	      0.99999945	      0.99999999	      0.01000000	      0.01000000	      0.77008020	      1.00000000	      0.99999999	      0.01032766	      1.00000000	      0.99999997	      0.01000000	      0.01000000	      0.01000000	      0.01000000	      0.09475151	      1.00000000	      1.00000000	      0.01000000	      0.01000000	      0.01000000	      0.01000000	      0.01000000	      0.01000000	      1.00000000	      0.01000000	      1.00000000	      1.00000000	      0.01000000	      0.99999997	      1.00000000	      1.00000000	      0.01000001	      0.01001119	      0.01000000	      0.09968948	      0.01000002	      0.01000000	      0.04194270	      0.13457499	      0.06604080	     10.06073721	    -19.47757184	    -18.91000167	    -19.89387264	    -16.45443943	    -31.33834463	     22.75761460	    -15.07220465	    270.03270370	     29.41107761	     33.21559406	    208.77157719	     43.55247721	     33.63233887	   -397.54932024	     -0.00053465	     10.21521757	    -75.21834447	    -10.66913190	    -17.59744958	     -3.57238671	     -1.10312311	      2.25871689	      1.00375935	      1.29429780	      0.64874565	      1.02980947	      0.39738133	      0.65902285	      0.03259398	      0.49855809	     -0.29143621	      0.00195373	     -0.03938096	      0.05684634
      1.36666667	      0.24355141	      1.00000000	      0.01000000	      1.00000000	      0.01000000	      0.01000000	      0.01000000	      1.00000000	      0.01000000	      1.00000000	      1.00000000	      1.00000000	      1.00000000	      1.00000000	      1.00000000	      1.00000000	      0.01000000	      1.00000000	      1.00000000	      0.32925680	      1.00000000	      1.00000000	      1.00000000	      1.00000000	      1.00000000	      0.01000000	      0.01000000	      0.01000001	      0.01000000	      0.01000017	      0.01000001	      1.00000000	      1.00000000	      0.25249070	      1.00000000	      1.00000000	      1.00000000	      0.01000000	      0.01000000	      0.01000000	      0.99999861	      1.00000000	      0.01000000	      0.01000000	      0.91704699	      1.00000000	      0.99999999	      0.01030520	      1.00000000	      0.99999999	      0.01000000	      0.01000000	      0.01000000	      0.01000000	      1.00000000	      1.00000000	      1.00000000	      0.01000000	      0.01000000	      0.01000000	      0.01000000	      0.01000000	      0.01000000	      1.00000000	      0.01000000	      1.00000000	      1.00000000	      0.01000000	      0.65796693	      1.00000000	      1.00000000	      0.01000001	      0.99999962	      0.01000000	      0.99999912	      0.01000011	      0.01000000	      0.03558951	      0.12176943	      0.05717355	     16.41715498	    -16.24338071	    -15.05744491	    -28.83413388	    -23.79504057	    -21.32903071	     40.13517728	     29.97356487	    411.82975403	     68.76106878	     46.36145538	    291.14041277	     53.03660568	     40.90241823	   -490.52964127	     -0.00050270	     15.41795984	    -96.16997857	     -3.49598173	    -17.28905747	     -2.93313496	     -1.31567390	      2.15932390	      1.11969794	      1.34584415	      0.67704923	      1.03674285	      0.43317245	      0.33989298	      0.34791439	      0.33928512	     -0.35822244	     -0.00318567	     -0.04057911	      0.03902488
      1.37222222	      0.01000901	      0.99999967	      0.01000115	      0.99999705	      0.01000067	      0.01000038	      0.01000813	      0.99999885	      0.01000080	      0.99999726	      0.99999915	      0.99999951	      0.99999964	      0.99999973	      0.99999952	      0.99999916	      0.01000092	      0.99999987	      0.99999924	      0.01473468	      0.99999983	      0.99999950	      0.99999611	      0.99999830	      0.99999978	      0.01000031	      0.01000015	      0.01001091	      0.01000206	      0.01000898	      0.01003684	      0.99999842	      0.99999814	      0.72156741	      0.99999984	      0.99999978	      0.99999980	      0.01000023	      0.01000008	      0.01000014	      0.01000158	      0.01000158	      0.01000219	      0.01000209	      0.01000321	      0.99999096	      0.99999012	      0.80526777	      0.99999903	      0.99999318	      0.01000186	      0.01000091	      0.01000085	      0.01000050	      0.99999966	      0.99999967	      0.99999903	      0.01000007	      0.01000007	      0.01000008	      0.01000059	      0.01000034	      0.01000029	      0.99997135	      0.01000041	      0.99999886	      0.99999947	      0.01000015	      0.01000049	      0.99999976	      0.99999910	      0.01001114	      0.01003798	      0.01000016	      0.99998792	      0.49575683	      0.01000043	      0.33047691	      0.49896577	      0.32969046	     23.43886366	    -11.24772585	     -9.07988267	    -37.28502834	    -33.38075343	     -9.82964353	     71.30769450	     45.71506911	    725.36970944	    168.26887564	     77.90358644	    489.28752414	     52.61294661	    -26.16933268	   -769.37804308	     -0.06116470	     28.57529614	   -169.85676040	      7.13372978	    -16.02354271	     -6.44941133	     -3.36835053	      3.44638901	      2.03330858	     -0.40192148	      0.89456036	      0.34408732	      1.43124400	      0.03157395	     -0.16357817	      0.27542295	      0.19001053	     -0.33242946	     -0.47825010	      0.29284575
      1.37777778	      0.01000131	      0.99999995	      0.01000027	      0.99999939	      0.01000016	      0.01000006	      0.01000246	      0.99999978	      0.01000011	      0.99999863	      0.99999984	      0.99999992	      0.99999996	      0.99999997	      0.99999991	      0.99999985	      0.01000023	      0.99999998	      0.99999984	      0.01001694	      0.99999997	      0.99999990	      0.99999901	      0.99999962	      0.99999997	      0.01000006	      0.01000002	      0.01000430	      0.01000023	      0.01000082	      0.99019858	      0.99999957	      0.99999959	      0.99999998	      0.99999998	      0.99999995	      0.99999997	      0.01000004	      0.01000001	      0.01000002	      0.01000015	      0.01000011	      0.01000040	      0.01000045	      0.01000042	      0.01000068	      0.99999800	      0.80926596	      0.99999982	      0.99999862	      0.01000037	      0.01000017	      0.01000016	      0.01000009	      0.99999996	      0.99999996	      0.99999980	      0.01000001	      0.01000001	      0.01000001	      0.01000010	      0.01000006	      0.01000005	      0.01000257	      0.01000005	      0.99999979	      0.99999991	      0.01000003	      0.01000004	      0.99999997	      0.99999982	      0.01000673	      0.21753058	      0.01000002	      0.99999926	      0.05674084	      0.01000008	      0.04057581	      0.02037040	      0.02957512	     28.41668669	     -2.34787832	     -2.33506914	    -41.72434419	    -37.19227216	      0.90486613	     91.38180960	     52.73067117	    932.14918264	    227.59856162	     64.77367000	    622.00719145	     22.81981158	   -126.56852710	   -950.87651551	      0.06512509	     35.65712968	   -213.85961645	     16.14578371	    -12.53147811	     -9.02624215	     -5.88145887	      2.95194353	      3.50949295	     -1.72175031	      1.23940107	     -0.35179906	      2.43078991	      0.04616094	      1.13065143	      0.27648217	     -0.55069736	     -0.04089096	     -0.09388911	      0.00997266
      1.38333333	      0.01375475	      0.99997411	      0.01015547	      0.99886374	      0.01009593	      0.01003474	      0.01301502	      0.99985004	      0.01006000	      0.99957875	      0.99993606	      0.99997157	      0.99998954	      0.99999950	      0.99992939	      0.99984096	      0.01008884	      0.99999271	      0.99984943	      0.01910463	      0.99998795	      0.99992414	      0.99848717	      0.99948419	      0.99999074	      0.01001801	      0.01000636	      0.02726314	      0.01033949	      0.01000071	      0.77673055	      0.99926014	      0.99937718	      0.99999985	      0.99999498	      0.99999020	      0.99999136	      0.01000265	      0.01000000	      0.01000041	      0.01008057	      0.01003370	      0.01033543	      0.01038387	      0.01041398	      0.01008024	      0.99647703	      0.80729642	      0.99991533	      0.99963240	      0.01021625	      0.01009030	      0.01002228	      0.01003173	      0.99998185	      0.99998289	      0.99997409	      0.01000000	      0.01000060	      0.01000251	      0.01003585	      0.01001639	      0.01001232	      0.01074804	      0.01001263	      0.99987826	      0.99996242	      0.01000693	      0.01000487	      0.99999045	      0.99990370	      0.52785869	      0.99804902	      0.01000000	      0.99968467	      0.05847536	      0.01002797	      0.04219702	      0.04576719	      0.03679477	     27.85463441	      5.32151501	      2.29126593	    -41.18049701	    -32.30451494	      8.97945782	     92.80491974	     46.95365954	    908.76678552	    218.80428165	     53.01744240	    609.20312486	     -9.72524326	   -157.93429178	   -920.78451283	     33.44488954	     31.90882389	   -203.52994532	     21.07047242	     -8.53252262	    -10.82630161	     -7.57034719	      2.63829990	      4.12028231	     -3.01001071	      1.27619404	     -1.14404401	      3.22311915	     -0.37045782	      0.71879802	     -0.09547161	     -0.23379616	     -0.02845070	     -0.01305415	     -0.04113074
      1.38888889	      0.01000000	      1.00000000	      0.01000000	      0.01000003	      0.01000000	      0.01000000	      0.01000000	      1.00000000	      0.01000000	      1.00000000	      1.00000000	      1.00000000	      1.00000000	      1.00000000	      1.00000000	      1.00000000	      0.01000000	      1.00000000	      1.00000000	      0.01000000	      1.00000000	      1.00000000	      1.00000000	      1.00000000	      1.00000000	      0.01000000	      0.01000000	      0.01000001	      1.00000000	      1.00000000	      1.00000000	      0.99999998	      0.99999999	      1.00000000	      1.00000000	      1.00000000	      1.00000000	      0.01000000	      0.01000000	      0.01000000	      0.01000000	      0.01000000	      0.01000000	      0.01000000	      0.01000000	      0.01000000	      1.00000000	      1.00000000	      1.00000000	      0.99999999	      0.01000000	      0.01000000	      0.01000000	      0.01000000	      1.00000000	      1.00000000	      1.00000000	      0.01000000	      0.01000000	      0.01000000	      0.01000000	      0.01000000	      0.01000000	      0.01000001	      0.01000000	      1.00000000	      1.00000000	      0.01000000	      0.01000000	      1.00000000	      1.00000000	      1.00000000	      1.00000000	      0.01000000	      1.00000000	      0.01000000	      0.01000000	      0.01000000	      0.01000000	      0.01000000	     22.13953563	     14.03146276	      6.90575959	    -31.42717325	    -19.75593303	     15.41983542	    121.14335264	     21.42425175	    758.40382897	    130.56005809	     68.31826526	    499.21488008	    -48.02913240	   -184.17954447	   -752.24264899	     63.56387427	     20.14355842	   -158.77008704	     22.67819093	     -2.49013866	    -10.96778969	     -7.98805905	      1.72463985	      3.81209770	     -3.81858511	      1.03194232	     -1.50861283	      3.33203127	     -0.05537013	      0.86944088	      0.17351492	     -0.02471796	      0.00355213	      0.00203564	      0.02305316
      1.39444444	      0.01000129	      0.01000381	      0.01000145	      0.01000305	      0.01000121	      0.01000090	      0.01000254	      0.99919868	      0.01000338	      0.99998395	      0.99999631	      0.99999782	      0.99998434	      0.94052818	      0.99999661	      0.01000678	      0.01000114	      0.99999924	      0.99999595	      0.01001139	      0.99999891	      0.99999767	      0.99998526	      0.01000417	      0.99999943	      0.01000207	      0.01000098	      0.01001718	      0.99999789	      0.99999898	      0.99999775	      0.01000289	      0.01000376	      0.99999583	      0.99999957	      0.99999887	      0.99999912	      0.01015064	      0.01005386	      0.01009160	      0.01000091	      0.01000069	      0.01000829	      0.01000982	      0.01000451	      0.01000280	      0.99999153	      0.99998906	      0.99999557	      0.99996892	      0.01000842	      0.01000425	      0.01002761	      0.35826402	      0.99999932	      0.99999936	      0.99999725	      0.01000039	      0.01000051	      0.01000090	      0.01000222	      0.01000162	      0.01000159	      0.01002964	      0.01000073	      0.99999424	      0.99999729	      0.01000462	      0.01000053	      0.99893168	      0.99999398	      0.99999277	      0.99999086	      0.01000089	      0.99998497	      0.36654245	      0.01000197	      0.01000149	      0.01000046	      0.01000095	     16.36324077	     18.54047783	      8.26557242	    -16.47560883	     -8.33760415	     18.18337814	    192.56856377	   -135.27962223	    593.77725437	      1.69838439	     49.62227100	    371.28255779	    -71.57426546	   -195.27793433	   -599.28564653	     71.04839945	     21.59209046	   -129.16521775	     21.48076116	      3.17462833	    -10.18209174	     -7.50963068	      0.61155827	      3.10694939	     -4.26583499	      0.73384787	     -1.75897191	      3.22471852	      0.00945866	      0.85926046	      0.16516824	      0.12880153	      0.00901343	      0.01884404	      0.01986995
      1.40000000	      0.99999853	      0.99999984	      0.01000067	      0.99999667	      0.01000056	      0.01000026	      0.01000117	      0.99999901	      0.01000051	      0.99999828	      0.99999951	      0.99999971	      0.99999966	      0.99999972	      0.99999975	      0.99999931	      0.01000041	      0.99999988	      0.99999942	      0.01000166	      0.99999980	      0.99999960	      0.99999780	      0.99999841	      0.99999988	      0.01000030	      0.01000013	      0.01000088	      0.46534509	      0.01001588	      0.99999467	      0.99999859	      0.99999810	      0.70664022	      0.99999990	      0.99999987	      0.99999989	      0.01000020	      0.01000006	      0.01000012	      0.99999914	      0.99999962	      0.04605231	      0.01000235	      0.99999826	      0.99999952	      0.99999837	      0.23835439	      0.91412072	      0.16841555	      0.08920033	      0.06365592	      0.99995850	      0.01004007	      0.99999944	      0.99999969	      0.99999965	      0.01000003	      0.01000004	      0.01000006	      0.01000025	      0.01000017	      0.01000014	      0.99999888	      0.01000029	      0.94283450	      0.96162489	      0.01000014	      0.01000077	      0.99999989	      0.99999897	      0.99999444	      0.99999713	      0.13922938	      0.99999700	      0.03649725	      0.02286397	      0.33515614	      0.51004731	      0.36774165	     11.46218604	     19.04037087	      7.57867110	     -6.87121286	     -2.76276048	     18.80814295	     67.46866464	     34.04490579	    521.19379622	     96.14627033	     56.53834156	    347.09615158	     44.18906726	     72.27356970	   -544.72754958	     -0.00234017	     -0.00861406	     -0.04707865	     19.76182478	      7.12951956	     -9.07735520	     -6.49810309	     -0.42562420	      2.21139700	     -4.15534617	      0.44141344	     -1.70695581	      2.79605121	      0.07221462	      0.88813232	      0.17328325	      0.19407282	      0.01160269	      0.02358552	      0.01954291
      1.40555556	      0.99999595	      0.99999920	      0.01000362	      0.99999108	      0.01000334	      0.01000168	      0.01000426	      0.99999396	      0.01000279	      0.99999095	      0.99999737	      0.99999840	      0.99999792	      0.99999824	      0.99999884	      0.99999663	      0.01000190	      0.99999934	      0.99999719	      0.01000585	      0.99999879	      0.99999785	      0.99999064	      0.99999334	      0.99999926	      0.01000171	      0.01000080	      0.01000216	      0.99995009	      0.12222553	      0.65218744	      0.99999493	      0.99999210	      0.41982661	      0.99999934	      0.99999926	      0.99999938	      0.01000125	      0.01000044	      0.01000076	      0.01001218	      0.06127625	      0.99999549	      0.99999142	      0.99999572	      0.99999732	      0.99999775	      0.08209499	      0.02896469	      0.10503909	      0.27983901	      0.45598187	      0.99978204	      0.01059617	      0.99999883	      0.99999925	      0.99999903	      0.01000020	      0.01000026	      0.01000038	      0.01000115	      0.01000082	      0.01000073	      0.99999611	      0.01000071	      0.02565847	      0.01674773	      0.01000084	      0.01000080	      0.99999571	      0.01001289	      0.99999802	      0.99999664	      0.66539536	      0.01000457	      0.54115656	      0.94365251	      0.15752705	      0.37163723	      0.20677328	      6.46763841	     18.39840418	      6.78164255	     -2.68519155	     -2.85703413	     18.06936637	     48.15062670	     33.59620553	    383.66955690	     60.14683463	     42.55716433	    257.74558110	    -28.50507847	     34.26822273	   -426.73737237	     -0.00164821	      0.00318201	      0.03721578	     18.03746455	      8.79370475	     -8.18022590	     -5.35757434	     -1.51672062	      1.31465438	     -3.83451353	      0.17921299	     -1.58297944	      2.25586057	      0.08038927	      0.88895435	      0.16008551	      0.20216692	      0.01182820	      0.02298058	      0.01712224
      1.41111111	      0.99999995	      0.99999999	      0.01000005	      0.99999924	      0.01000006	      0.01000004	      0.01000003	      0.99999984	      0.01000006	      0.99999979	      0.99999994	      0.99999997	      0.99999995	      0.99999996	      0.99999998	      0.56812578	      0.01000002	      0.99999999	      0.99999994	      0.01000006	      0.99999998	      0.99999996	      0.99999979	      0.99999983	      0.99999999	      0.01000003	      0.01000001	      0.01000001	      0.99999993	      0.99999990	      0.99999966	      0.87038071	      0.99999942	      0.24562844	      0.99999999	      0.99999999	      0.99999999	      0.01000003	      0.01000000	      0.01000001	      0.01000002	      0.01000001	      0.99999985	      0.99999975	      0.54848835	      0.01000021	      0.99999997	      0.01112003	      0.01000783	      0.99989375	      0.99999238	      0.99999548	      0.99999581	      0.01001107	      1.00000000	      1.00000000	      0.99999999	      0.01000000	      0.01000000	      0.01000000	      0.01000002	      0.01000001	      0.01000001	      0.99999984	      0.01000000	      0.01000467	      0.01000209	      0.01000003	      0.01000000	      0.76735696	      0.01000024	      0.99999998	      0.99999995	      0.97146714	      0.01000012	      0.99999748	      0.99999824	      0.12266696	      0.32306736	      0.17861389	      4.15644658	     17.23554845	      6.02741168	     -0.96721159	     -2.85187836	     16.84671684	     55.48067686	     32.24923116	    312.21776201	     42.15225926	     35.11056476	    209.46214346	    -50.18778961	    -31.27827925	   -358.00749541	     -0.00210281	      0.20837029	      1.24346796	     16.31492075	      8.68077029	     -7.64596814	     -4.44581232	     -2.50104259	      0.61832096	     -3.46248517	     -0.01058573	     -1.44396686	      1.76190295	      0.06759040	      0.82181087	      0.13369690	      0.18869955	      0.01166915	      0.02327118	      0.01350874
      1.41666667	      0.99999851	      0.99999952	      0.01000127	      0.99999400	      0.01000176	      0.01000124	      0.01000067	      0.99999508	      0.01000177	      0.99999458	      0.99999843	      0.99999906	      0.99999841	      0.99999856	      0.99999931	      0.01011309	      0.01000050	      0.99999962	      0.99999858	      0.01000131	      0.99999918	      0.99999874	      0.99999567	      0.99999627	      0.99999948	      0.01000101	      0.01000046	      0.01000037	      0.99999762	      0.99999644	      0.99998248	      0.02352198	      0.99998896	      0.11306026	      0.99999922	      0.99999956	      0.99999963	      0.01000102	      0.01000036	      0.01000062	      0.01000040	      0.01000036	      0.16919890	      0.01002447	      0.01000194	      0.01000116	      0.99999929	      0.01106587	      0.01074014	      0.10728797	      0.46947459	      0.77670024	      0.99968244	      0.99661973	      0.99999974	      0.99999981	      0.99999959	      0.01000018	      0.01000028	      0.01000055	      0.01000091	      0.01000071	      0.01000079	      0.99966158	      0.01000031	      0.01058991	      0.01029456	      0.01000241	      0.01000025	      0.99999623	      0.01001181	      0.99999940	      0.99999851	      0.30160042	      0.01000796	      0.99974570	      0.99999663	      0.14756451	      0.46878843	      0.23246471	      3.23996240	     15.90753573	      5.39320624	     -0.53791150	     -2.82832626	     15.42174915	     46.99447906	     32.15219381	    280.83582212	     31.74341506	     31.39244272	    184.53088642	    -48.91190303	    -62.53039273	   -297.41431074	     -0.00224782	      0.01071658	      0.06832796	     14.28744037	      7.73586065	     -7.13382613	     -3.93885542	     -3.08917154	      0.27309170	     -3.08633117	     -0.06996002	     -1.23932297	      1.45021701	      0.03606449	      0.71969203	      0.10412053	      0.13759520	      0.00890827	      0.01713419	      0.01057822
      1.42222222	      0.99999933	      0.99999972	      0.01000074	      0.99999128	      0.01000142	      0.01000109	      0.01000032	      0.99999653	      0.01000117	      0.99999643	      0.99999899	      0.99999940	      0.99999895	      0.99999905	      0.99999935	      0.01000081	      0.01000025	      0.99999975	      0.99999896	      0.01000057	      0.99999944	      0.99999913	      0.99999667	      0.99999791	      0.99999965	      0.01000061	      0.01000028	      0.01000020	      0.99999912	      0.99999802	      0.99999414	      0.01000135	      0.01001213	      0.02422374	      0.99999940	      0.99999971	      0.99999977	      0.01000073	      0.01000025	      0.01000044	      0.01000024	      0.01000024	      0.01000071	      0.01000067	      0.01000049	      0.01000053	      0.99999887	      0.03523965	      0.01862527	      0.04836946	      0.13681003	      0.23972459	      0.99993804	      0.01226349	      0.99999984	      0.99999987	      0.99999955	      0.01000019	      0.01000028	      0.01000056	      0.01000103	      0.01000087	      0.01000106	      0.01000189	      0.01000034	      0.01690191	      0.01264165	      0.01067077	      0.01000024	      0.99999977	      0.99999822	      0.47579786	      0.60815357	      0.47075954	      0.99999871	      0.24346108	      0.59907063	      0.07646254	      0.20167440	      0.10390011	      3.00358366	     14.52454955	      4.81838856	     -0.68823046	     -2.81738207	     14.02187438	     53.17365864	     39.45615125	    258.02638385	     26.59792786	     29.54611661	    171.27897914	     -7.02684784	    -69.70361220	   -253.97325027	     -0.00092936	      0.00128299	      0.01944109	     12.11380155	      6.46874187	     -6.62319815	     -3.77599714	     -3.34840193	      0.16146943	     -2.77829396	     -0.05488646	     -1.01904583	      1.27560168	      0.01629693	      0.59481012	      0.08314470	      0.07988741	      0.00618204	      0.00852734	      0.00831483
      1.42777778	      0.99997780	      0.99998560	      0.01001770	      0.01002303	      0.01002181	      0.01002349	      0.01000631	      0.99976785	      0.01002469	      0.99994159	      0.99997594	      0.99997862	      0.99992650	      0.32288124	      0.64525585	      0.01001396	      0.01000341	      0.99998708	      0.99997555	      0.01001890	      0.99997918	      0.99997686	      0.99994928	      0.54851546	      0.99998497	      0.01002109	      0.01001331	      0.01000786	      0.99997994	      0.99997699	      0.99997340	      0.01001171	      0.01002240	      0.22616226	      0.99997912	      0.99998473	      0.99998808	      0.01004705	      0.01002412	      0.01002756	      0.01001138	      0.01001104	      0.01002055	      0.01002053	      0.01001793	      0.01001815	      0.99997563	      0.08692263	      0.62725939	      0.23086315	      0.03783313	      0.03262601	      0.99900166	      0.92509241	      0.99999562	      1.00000000	      0.99998048	      0.01001236	      0.01001689	      0.01003859	      0.01002527	      0.01002504	      0.01003566	      0.01002237	      0.01001708	      0.21192135	      0.35217406	      1.00000000	      0.01001268	      0.99998709	      0.99997466	      0.02025306	      0.01003399	      0.01217685	      0.99997595	      0.84042616	      0.04396166	      0.14002134	      0.13863371	      0.10519489	      3.14500619	     12.06794233	      3.98080509	     -1.35134224	     -2.48875323	     11.60525784	     68.32596224	     25.39997078	    223.04977091	      5.23048020	     24.00806143	    137.51736464	    -19.03534314	   -100.98098712	   -201.42408174	     -0.00050566	      0.01966206	     -0.02107402	      9.43038919	      4.35010732	     -5.93976269	     -3.44440641	     -3.56052795	      0.05915177	     -2.50345461	     -0.05499089	     -0.85924675	      1.10827984	     -0.03459016	      0.42841371	      0.04084084	      0.03622546	      0.00355727	      0.00354023	      0.00418598
      1.43333333	      1.00000000	      1.00000000	      0.01000000	      0.01000000	      0.01000003	      0.99999999	      0.01000000	      0.01172804	      0.01000022	      0.99999931	      0.99999982	      0.99999990	      0.01000026	      0.01000022	      0.01000000	      0.01000000	      0.01000000	      0.01000018	      0.01000000	      0.01000000	      0.99999993	      0.01000021	      0.01000003	      0.01000008	      1.00000000	      0.01000009	      0.01000003	      0.01000000	      1.00000000	      0.99999999	      0.99999999	      0.01000000	      0.01000000	      0.65619098	      0.99999998	      0.99999995	      0.99999997	      0.11151929	      0.31142699	      0.18321555	      0.01000002	      0.01000002	      0.01000134	      0.46708620	      0.01000010	      0.01000006	      0.99999997	      0.01351235	      0.36641565	      0.17363605	      0.02071006	      0.01016751	      0.99998765	      0.12896204	      0.99999999	      1.00000000	      0.99999998	      0.01000002	      0.01000004	      0.01000009	      0.01000014	      0.01000011	      0.01000015	      0.01000054	      0.01000002	      0.01000601	      0.01005021	      0.01000194	      0.01000002	      0.01000027	      0.01000064	      0.99999998	      0.99999990	      0.01002152	      0.01000098	      0.85407879	      0.01807391	      0.03357412	      0.10407874	      0.05097584	      2.23013049	      7.89738429	      2.40265358	     -3.13717264	     -2.11940211	      7.62394677	    294.13002422	    108.01382201	    158.14587363	     -0.00258742	      9.90128440	     56.19113905	    -22.90430700	    -31.68284077	    -93.91036017	     -0.00124691	      0.01645073	      0.00026726	      6.12657511	      0.97183975	     -5.36853343	     -1.73459159	     -3.08983848	     -1.06879089	     -3.09519874	     -1.06771078	     -3.12143975	      1.15945086	      1.20661929	      1.55523448	      1.51668679	     -0.23736387	      0.03255068	     -0.08403215	      0.29197816
      1.43888889	      0.99997267	      0.99998018	      0.99996942	      0.27379928	      0.99993810	      0.99994383	      0.01007199	      0.99970125	      0.01076674	      0.99736548	      0.99938313	      0.99964876	      0.99991968	      0.99994897	      0.01003112	      0.01001934	      0.01004410	      0.99491435	      0.01009119	      0.01003708	      0.99960051	      0.01013828	      0.01020988	      0.99989565	      0.99994152	      0.01029785	      0.01013657	      0.01002425	      0.99995642	      0.99805356	      0.99964738	      0.01014654	      0.51147776	      0.08070860	      0.99940456	      0.99979428	      0.99985659	      0.01006463	      0.01002303	      0.01003910	      0.14592341	      0.36100143	      0.09727149	      0.08538009	      0.11434115	      0.22418581	      0.37408213	      0.57435611	      0.69739836	      0.41161272	      0.20665849	      0.14243821	      0.22227303	      0.20453502	      0.84319817	      0.85291755	      0.21682517	      0.09186378	      0.09709857	      0.12431119	      0.22805136	      0.21941930	      0.21008155	      0.37619915	      0.37963393	      0.45250024	      0.60659520	      0.25926998	      0.41635876	      0.50710975	      0.74850410	      0.44933481	      0.38308530	      0.02990148	      0.56289692	      0.75196537	      0.09633335	      0.05573927	      0.02515767	      0.03988727	      5.12132831	      2.08502294	      0.99158803	     -4.32678418	     -1.58893995	      1.98742016	     32.70570179	     45.57433421	     51.55659021	     18.98799396	      3.40590424	     19.20714427	     -0.00343852	      0.01531124	      0.02389406	     -0.00905066	     -0.01240625	      0.00195826	      3.05677862	     -5.50626563	     -4.76734316	      0.07653766	     -5.85496055	     -0.87692689	     -2.38493810	     -0.68053799	     -1.71778998	      0.46047601	     -0.21753886	      0.02534888	     -0.07645667	     -0.03159632	     -0.00227685	     -0.00488464	     -0.00670803
      1.44444444	      0.99999992	      0.99999993	      0.99999973	      0.01000034	      0.99999989	      0.99999992	      0.17333172	      0.99999648	      0.16030538	      0.14599881	      0.07128561	      0.04272286	      0.99999928	      0.99999892	      0.01000004	      0.01000004	      0.44526630	      0.01000007	      0.01000010	      0.01000010	      0.01000024	      0.01000025	      0.01000031	      0.99999950	      0.99999833	      0.01286599	      0.01005332	      0.01000017	      0.99999988	      0.99999266	      0.99999930	      0.01000016	      0.01000058	      0.01007217	      0.01000049	      0.80363041	      0.15716519	      0.01000074	      0.01000026	      0.01000044	      0.01092844	      0.01013613	      0.99974478	      0.99990126	      0.23147330	      0.01013894	      0.01026667	      0.04706745	      0.02195847	      0.06740262	      0.11619867	      0.17099931	      0.02041806	      0.01994164	      0.01004824	      0.01003430	      0.01004776	      0.99998141	      0.99997947	      0.99997560	      0.99982622	      0.99988604	      0.99989932	      0.01023729	      0.99971478	      0.01453772	      0.01049780	      0.99990206	      0.99343889	      0.01002573	      0.01015824	      0.99990325	      0.41484264	      0.02003280	      0.01021608	      0.30597086	      0.44431919	      0.07270438	      0.15917215	      0.08982762	      6.01757397	     -0.94739513	      0.16413078	     -5.39224436	     -1.59110987	     -0.70765561	     13.30425527	     23.46666808	    -63.27763906	      3.11151400	      0.01394695	      0.01257179	     -0.18435170	     -0.13502359	      1.47213744	     -0.00075896	      0.00322088	      0.01522916	      1.34533333	     -9.51682039	     -3.77530888	      1.95111337	     -6.40781494	     -1.12447028	     -2.19818215	     -0.96538008	     -2.16025149	      0.21619410	     -0.30103724	     -0.06700954	     -0.11242020	     -0.06275926	     -0.00436186	     -0.00848987	     -0.00974242
      1.45000000	      0.99999999	      0.01000005	      0.01000000	      0.01000000	      0.28642927	      1.00000000	      0.01000000	      0.65797864	      0.99999989	      0.01000034	      0.01000008	      0.01000004	      0.99999991	      0.01000002	      0.01000000	      0.01000000	      0.01000000	      0.01000000	      0.01000000	      0.01000000	      0.01000000	      0.01000000	      0.01000000	      0.01000001	      0.35092028	      0.99999997	      0.99999999	      0.99999993	      1.00000000	      0.99999998	      1.00000000	      0.01000000	      0.01000000	      0.22300599	      0.01000002	      0.01000002	      0.01000001	      0.01000148	      0.01000053	      0.01000090	      0.40690136	      0.01000012	      0.99999988	      0.99999995	      0.23324767	      0.01000008	      0.01000006	      0.01049197	      0.01014058	      0.06649081	      0.10697815	      0.14998749	      0.01000272	      0.11562335	      0.01000002	      0.01000001	      0.01000001	      1.00000000	      1.00000000	      1.00000000	      0.99999994	      0.99999996	      0.99999997	      0.01000012	      0.99999994	      0.01002346	      0.01000998	      0.99999997	      0.99999988	      0.01000001	      0.01000012	      0.99999990	      0.01000064	      0.01000526	      0.01000018	      0.50036481	      0.45928705	      0.05401003	      0.17185920	      0.08557332	      7.54278319	     -1.03597828	      0.55995241	     -3.66857226	      1.11372117	      0.63219082	     18.76923820	     -4.36626077	    -93.38865439	      0.05645527	     -1.57642677	     -8.73585693	     -1.78082995	     -1.41692455	     17.55838238	     -0.00086685	      0.00673183	      0.01719466	      1.54332458	    -10.43195571	     -2.62837365	      2.67734460	     -5.83051333	     -1.05725526	     -1.78237281	     -0.99802613	     -2.13479774	      0.06059725	     -0.33497929	     -0.02198951	     -0.10825330	     -0.09681654	     -0.00518606	     -0.01188013	     -0.00883258
