{
    "height_m": 1.8,
    "weight_percent": 100,
    "club_length": 1.0,
    "club_mass": 0.5,
    "control_mode": "poly",
    "live_view": true,
    "simulation_duration": 3.0,
    "two_handed": false,
    "enhance_face": false,
    "articulated_fingers": false,
    "save_state_path": "",
    "load_state_path": "",
    "polynomial_coefficients": {
        "lowerbackrx": [
            0.0014155044446392297,
            -0.03731444577950343,
            0.35408039861987667,
            -1.4474443056876194,
            2.200112875594211,
            0.253199444978684,
            0.5909196144815875
        ],
        "rfootrx": [
            0.0001285136945403019,
            -0.003467050105586295,
            0.03548458230502417,
            -0.17387013150948474,
            0.3515038605089028,
            -0.10569455182525886,
            -0.1530300576986491
        ]
    },
    "show_contact_forces": true,
    "show_joint_torques": true,
    "show_tracers": true,
    "tracer_bodies": [
        "pelvis",
        "torso",
        "head",
        "r_hand",
        "l_hand"
    ],
    "colors": {
        "shirt": [
            0.6,
            0.6,
            0.6,
            1.0
        ],
        "pants": [
            0.4,
            0.2,
            0.0,
            1.0
        ],
        "shoes": [
            0.1,
            0.1,
            0.1,
            1.0
        ],
        "skin": [
            0.8,
            0.6,
            0.4,
            1.0
        ],
        "eyes": [
            1.0,
            1.0,
            1.0,
            1.0
        ],
        "club": [
            0.8,
            0.8,
            0.8,
            1.0
        ]
    }
}