Coordinates
version=1
nRows=654
nColumns=45
inDegrees=yes

Units are S.I. units (second, meters, Newtons, ...)
If the header above contains a line with 'inDegrees', this indicates whether rotational values are in degrees (yes) or radians (no).

endheader
time	HipInputX	HipInputY	HipInputZ	TranslationInputX	TranslationInputY	TranslationInputZ	SpineInputX	SpineInputY	TorsoInput	LEInput	LFInput	LScapInputX	LScapInputY	LSInputX	LSInputY	LSInputZ	LWInputX	LWInputY	REInput	RFInput	RScapInputX	RScapInputY	RSInputX	RSInputY	RSInputZ	RWInputX	RWInputY	NeckInputX	NeckInputY	NeckInputZ	hip_flexion_r	hip_adduction_r	hip_rotation_r	knee_angle_r	ankle_angle_r	subtalar_angle_r	mtp_angle_r	hip_flexion_l	hip_adduction_l	hip_rotation_l	knee_angle_l	ankle_angle_l	subtalar_angle_l	mtp_angle_l
      0.00000000	    -88.61005578	    -11.36523863	   -177.19328985	      1.08936379	      0.81125482	     -0.04519107	      4.07215454	     15.18703985	     10.43510519	    -58.98520183	     54.94828458	     20.37929030	     -0.91199749	   -101.22362385	     -5.91195199	   -267.21577241	    102.28733205	     -8.69041025	   -109.76139724	   -161.68345240	     -5.22077319	    -21.32248023	     57.58038502	     40.42827748	    -89.15593628	    141.72314465	     20.48068389	     13.36681126	      0.03124659	    -14.72033911	     92.63005324	   -167.62651157	     71.09838686	     14.45182949	    -68.03143034	      0.00000000	      0.00000000	     95.88263145	     -5.11248661	     71.17195425	     29.87040059	   -776.51705194	      0.00000000	      0.00000000
      0.00277778	    -88.60961671	    -11.36507240	   -177.19396340	      1.08939817	      0.81123977	     -0.04521105	      4.07153465	     15.18723396	     10.43447759	    -58.98459832	     54.94876159	     20.37900826	     -0.91236950	   -101.22379596	     -5.91212401	   -267.21571635	    102.28757989	     -8.69081938	   -109.76166359	   -161.68309199	     -5.22115396	    -21.32305067	     57.58007159	     40.42893034	    -89.15617319	    141.72343303	     20.48095990	     13.36679409	      0.03131308	    -14.72047170	     92.62995965	   -167.62645140	     71.09851476	     14.45179169	    -68.03134592	      0.00000000	      0.00000000	     95.88269487	     -5.11243015	     71.17191259	     29.87046301	   -776.51698669	      0.00000000	      0.00000000
      0.00555556	    -88.60942743	    -11.36441898	   -177.19446733	      1.08942851	      0.81123498	     -0.04522938	      4.07096205	     15.18693889	     10.43393413	    -58.98414824	     54.94906204	     20.37871321	     -0.91263796	   -101.22394210	     -5.91222925	   -267.21583623	    102.28774765	     -8.69109628	   -109.76188176	   -161.68287098	     -5.22154046	    -21.32349054	     57.57975898	     40.42930528	    -89.15630205	    141.72361158	     20.48116262	     13.36677444	      0.03131565	    -14.72054468	     92.62996325	   -167.62638741	     71.09862908	     14.45180767	    -68.03129664	      0.00000000	      0.00000000	     95.88273266	     -5.11237860	     71.17180293	     29.87048990	   -776.51695036	      0.00000000	      0.00000000
      0.00833333	    -88.60930859	    -11.36358285	   -177.19490981	      1.08944756	      0.81122289	     -0.04524781	      4.07035319	     15.18652580	     10.43341067	    -58.98369552	     54.94929001	     20.37837708	     -0.91288914	   -101.22407643	     -5.91228163	   -267.21611778	    102.28784246	     -8.69131112	   -109.76209824	   -161.68272550	     -5.22197155	    -21.32390176	     57.57936757	     40.42952021	    -89.15638950	    141.72371417	     20.48132219	     13.36673435	      0.03132867	    -14.72061328	     92.63004516	   -167.62629528	     71.09873870	     14.45186036	    -68.03124513	      0.00000000	      0.00000000	     95.88281347	     -5.11233396	     71.17165146	     29.87052794	   -776.51691420	      0.00000000	      0.00000000
      0.01111111	    -88.60944381	    -11.36159107	   -177.19489920	      1.08948497	      0.81120091	     -0.04525822	      4.06891709	     15.18607124	     10.43308372	    -58.98300342	     54.94985777	     20.37773918	     -0.91321242	   -101.22423328	     -5.91246305	   -267.21643059	    102.28808266	     -8.69165223	   -109.76240120	   -161.68240381	     -5.22282553	    -21.32441704	     57.57876784	     40.43005585	    -89.15639862	    141.72393183	     20.48161899	     13.36660083	      0.03137754	    -14.72078767	     92.63051521	   -167.62594216	     71.09914107	     14.45212989	    -68.03111810	      0.00000000	      0.00000000	     95.88319828	     -5.11224600	     71.17105243	     29.87070568	   -776.51682340	      0.00000000	      0.00000000
      0.01388889	    -88.60974892	    -11.35998173	   -177.19539865	      1.08949973	      0.81118409	     -0.04527626	      4.06743091	     15.18538473	     10.43219364	    -58.98199723	     54.95024749	     20.37690558	     -0.91368605	   -101.22443526	     -5.91248796	   -267.21738207	    102.28815720	     -8.69205506	   -109.76281843	   -161.68220614	     -5.22391590	    -21.32515903	     57.57770603	     40.43016910	    -89.15647502	    141.72403030	     20.48183335	     13.36647911	      0.03146180	    -14.72096210	     92.63082420	   -167.62562378	     71.09964988	     14.45234291	    -68.03101053	      0.00000000	      0.00000000	     95.88344908	     -5.11209641	     71.17034573	     29.87081331	   -776.51674331	      0.00000000	      0.00000000
      0.01666667	    -88.60981463	    -11.35964753	   -177.19564394	      1.08952938	      0.81116953	     -0.04529696	      4.06687293	     15.18552119	     10.43180210	    -58.98148381	     54.95063427	     20.37652245	     -0.91393737	   -101.22453300	     -5.91261462	   -267.21745599	    102.28841189	     -8.69243446	   -109.76301799	   -161.68190787	     -5.22439063	    -21.32553736	     57.57733023	     40.43064064	    -89.15657626	    141.72428501	     20.48202647	     13.36642441	      0.03148813	    -14.72103582	     92.63093158	   -167.62550587	     71.09982139	     14.45242887	    -68.03096722	      0.00000000	      0.00000000	     95.88352164	     -5.11203120	     71.17009463	     29.87085328	   -776.51671044	      0.00000000	      0.00000000
      0.01944444	    -88.61024550	    -11.35746866	   -177.19614574	      1.08956335	      0.81114957	     -0.04530765	      4.06478081	     15.18457059	     10.43070673	    -58.98016571	     54.95109609	     20.37539728	     -0.91452438	   -101.22477252	     -5.91261888	   -267.21872640	    102.28852792	     -8.69302294	   -109.76355349	   -161.68164084	     -5.22581352	    -21.32644873	     57.57589271	     40.43072419	    -89.15666651	    141.72443778	     20.48226899	     13.36621556	      0.03156288	    -14.72122448	     92.63134555	   -167.62508565	     71.10055434	     14.45274769	    -68.03085695	      0.00000000	      0.00000000	     95.88379437	     -5.11181222	     71.16905467	     29.87097889	   -776.51663379	      0.00000000	      0.00000000
      0.02222222	    -88.61074204	    -11.35663248	   -177.19646050	      1.08957593	      0.81112869	     -0.04533108	      4.06345895	     15.18448511	     10.42992780	    -58.97904734	     54.95151458	     20.37445810	     -0.91498056	   -101.22489870	     -5.91262909	   -267.21973778	    102.28864983	     -8.69356608	   -109.76395512	   -161.68138229	     -5.22700474	    -21.32709542	     57.57466312	     40.43081009	    -89.15673064	    141.72459640	     20.48243013	     13.36606897	      0.03168844	    -14.72140277	     92.63170923	   -167.62475632	     71.10101097	     14.45303050	    -68.03076333	      0.00000000	      0.00000000	     95.88396264	     -5.11161952	     71.16822237	     29.87107186	   -776.51656683	      0.00000000	      0.00000000
      0.02500000	    -88.61115310	    -11.35497692	   -177.19663234	      1.08961314	      0.81111121	     -0.04534497	      4.06150337	     15.18390295	     10.42913846	    -58.97775795	     54.95199700	     20.37329533	     -0.91547952	   -101.22506891	     -5.91263366	   -267.22096929	    102.28879467	     -8.69421569	   -109.76445137	   -161.68108023	     -5.22844638	    -21.32783119	     57.57319119	     40.43087085	    -89.15676954	    141.72478561	     20.48262920	     13.36584036	      0.03177667	    -14.72159218	     92.63214640	   -167.62435558	     71.10161080	     14.45337250	    -68.03066372	      0.00000000	      0.00000000	     95.88410729	     -5.11136409	     71.16719332	     29.87113299	   -776.51649514	      0.00000000	      0.00000000
      0.02777778	    -88.61160928	    -11.35398657	   -177.19700900	      1.08963044	      0.81109394	     -0.04537056	      4.05991887	     15.18380753	     10.42822521	    -58.97643375	     54.95246180	     20.37217806	     -0.91601432	   -101.22521924	     -5.91264225	   -267.22214389	    102.28896077	     -8.69492750	   -109.76493502	   -161.68075076	     -5.22983152	    -21.32858624	     57.57172360	     40.43095502	    -89.15687264	    141.72501683	     20.48281467	     13.36564829	      0.03190260	    -14.72176374	     92.63258194	   -167.62398790	     71.10211784	     14.45370233	    -68.03057624	      0.00000000	      0.00000000	     95.88429279	     -5.11115174	     71.16624616	     29.87121379	   -776.51643041	      0.00000000	      0.00000000
      0.03055556	    -88.61214823	    -11.35297622	   -177.19709592	      1.08966355	      0.81107341	     -0.04538765	      4.05816403	     15.18411156	     10.42757640	    -58.97509927	     54.95313804	     20.37097258	     -0.91653268	   -101.22533803	     -5.91277097	   -267.22310179	    102.28931543	     -8.69575331	   -109.76540830	   -161.68026315	     -5.23134378	    -21.32928144	     57.57029091	     40.43133999	    -89.15691570	    141.72539704	     20.48307570	     13.36540906	      0.03204832	    -14.72195180	     92.63314220	   -167.62357043	     71.10266143	     14.45409642	    -68.03048564	      0.00000000	      0.00000000	     95.88460816	     -5.11094082	     71.16510752	     29.87137367	   -776.51636786	      0.00000000	      0.00000000
      0.03333333	    -88.61810722	    -11.35115624	   -177.18858829	      1.08972847	      0.81106473	     -0.04543855	      4.04926653	     15.19032172	     10.43326277	    -58.96625788	     54.95594422	     20.36207052	     -0.91680879	   -101.22341363	     -5.91145662	   -267.23517407	    102.28782891	     -8.69965354	   -109.76673475	   -161.67942372	     -5.24276011	    -21.32810006	     57.55687015	     40.42629122	    -89.15473991	    141.72483939	     20.48132163	     13.36278394	      0.03445712	    -14.72472978	     92.63762637	   -167.62024190	     71.10477920	     14.45755657	    -68.02948694	      0.00000000	      0.00000000	     95.88722766	     -5.10888571	     71.15674804	     29.87316243	   -776.51538784	      0.00000000	      0.00000000
      0.03611111	    -88.61720881	    -11.35029131	   -177.19003060	      1.08975090	      0.81105507	     -0.04546427	      4.04867146	     15.19007409	     10.43232330	    -58.96524250	     54.95622859	     20.36143349	     -0.91723886	   -101.22351588	     -5.91139951	   -267.23594223	    102.28787726	     -8.70031085	   -109.76707939	   -161.67913665	     -5.24347953	    -21.32869338	     57.55581841	     40.42631398	    -89.15497862	    141.72504538	     20.48139869	     13.36271948	      0.03446723	    -14.72490073	     92.63760168	   -167.62020306	     71.10470977	     14.45759749	    -68.02943986	      0.00000000	      0.00000000	     95.88763547	     -5.10899572	     71.15694525	     29.87341669	   -776.51530959	      0.00000000	      0.00000000
      0.03888889	    -88.61650098	    -11.34897754	   -177.19167279	      1.08978132	      0.81104480	     -0.04548802	      4.04749980	     15.18958371	     10.43094283	    -58.96387241	     54.95666476	     20.36045770	     -0.91786047	   -101.22372323	     -5.91137926	   -267.23702742	    102.28806192	     -8.70120029	   -109.76760947	   -161.67872982	     -5.24463139	    -21.32959185	     57.55438930	     40.42644848	    -89.15525652	    141.72536643	     20.48158893	     13.36262475	      0.03448496	    -14.72507878	     92.63769900	   -167.62005920	     71.10486147	     14.45772919	    -68.02938796	      0.00000000	      0.00000000	     95.88801794	     -5.10902432	     71.15678587	     29.87363721	   -776.51523182	      0.00000000	      0.00000000
      0.04166667	    -88.61792009	    -11.34708450	   -177.19344176	      1.08980302	      0.81101438	     -0.04548942	      4.04581379	     15.18939491	     10.42934918	    -58.96068474	     54.95736822	     20.35792842	     -0.91875171	   -101.22379699	     -5.91099392	   -267.24068108	    102.28786043	     -8.70297097	   -109.76861177	   -161.67821607	     -5.24769781	    -21.33070818	     57.55028362	     40.42539048	    -89.15539839	    141.72558006	     20.48150510	     13.36226026	      0.03490115	    -14.72572354	     92.63843002	   -167.61933306	     71.10574648	     14.45839653	    -68.02920393	      0.00000000	      0.00000000	     95.88891967	     -5.10877659	     71.15526389	     29.87413245	   -776.51498248	      0.00000000	      0.00000000
      0.04444444	    -88.61743055	    -11.34611857	   -177.19480130	      1.08982788	      0.81102140	     -0.04553086	      4.04469659	     15.18910417	     10.42813349	    -58.95937430	     54.95785490	     20.35686120	     -0.91931356	   -101.22402035	     -5.91106821	   -267.24177503	    102.28811710	     -8.70381234	   -109.76915167	   -161.67780084	     -5.24904791	    -21.33155479	     57.54886009	     40.42555577	    -89.15557169	    141.72591806	     20.48176197	     13.36214065	      0.03499280	    -14.72588835	     92.63861637	   -167.61918426	     71.10583080	     14.45856566	    -68.02916399	      0.00000000	      0.00000000	     95.88913939	     -5.10873843	     71.15502015	     29.87426432	   -776.51492074	      0.00000000	      0.00000000
      0.04722222	    -88.62189866	    -11.34450394	   -177.18978919	      1.08990408	      0.81102101	     -0.04554957	      4.03910433	     15.19620788	     10.43530041	    -58.95019608	     54.96218469	     20.34577263	     -0.91903679	   -101.22211945	     -5.91042259	   -267.25598960	    102.28785477	     -8.70908583	   -109.77113875	   -161.67607662	     -5.26380637	    -21.32943851	     57.53323478	     40.42034024	    -89.15186011	    141.72615061	     20.48043507	     13.35956273	      0.03830872	    -14.72920305	     92.64292917	   -167.61589066	     71.10770150	     14.46223405	    -68.02853166	      0.00000000	      0.00000000	     95.89272125	     -5.10765103	     71.15004304	     29.87661447	   -776.51362691	      0.00000000	      0.00000000
      0.05000000	    -88.62081403	    -11.34304035	   -177.19163807	      1.08992319	      0.81101860	     -0.04559850	      4.03834009	     15.19539611	     10.43407535	    -58.94907707	     54.96257397	     20.34484003	     -0.91952877	   -101.22234762	     -5.91046351	   -267.25707033	    102.28802272	     -8.70980789	   -109.77164673	   -161.67574422	     -5.26498201	    -21.33019976	     57.53194082	     40.42036650	    -89.15198681	    141.72641089	     20.48066219	     13.35952717	      0.03832770	    -14.72938108	     92.64294959	   -167.61586855	     71.10748951	     14.46229599	    -68.02850077	      0.00000000	      0.00000000	     95.89307195	     -5.10775521	     71.15028140	     29.87681502	   -776.51354605	      0.00000000	      0.00000000
      0.05277778	    -88.62083047	    -11.34084798	   -177.19399345	      1.08994657	      0.81099151	     -0.04560606	      4.03638945	     15.19442791	     10.43256637	    -58.94654764	     54.96348437	     20.34226755	     -0.92036843	   -101.22261816	     -5.91045056	   -267.26035836	    102.28819060	     -8.71135863	   -109.77273892	   -161.67514999	     -5.26831570	    -21.33131492	     57.52838144	     40.41971205	    -89.15181070	    141.72677104	     20.48094797	     13.35925311	      0.03867298	    -14.72994964	     92.64314795	   -167.61538104	     71.10829946	     14.46268866	    -68.02842252	      0.00000000	      0.00000000	     95.89372699	     -5.10763128	     71.14952459	     29.87708057	   -776.51329133	      0.00000000	      0.00000000
      0.05555556	    -88.62014885	    -11.33958204	   -177.19595350	      1.08997130	      0.81099904	     -0.04565166	      4.03497286	     15.19377878	     10.43084142	    -58.94499828	     54.96406736	     20.34091329	     -0.92111732	   -101.22298606	     -5.91059260	   -267.26177436	    102.28853915	     -8.71237792	   -109.77349053	   -161.67464374	     -5.27006304	    -21.33247186	     57.52663989	     40.41990316	    -89.15200973	    141.72720273	     20.48135830	     13.35914494	      0.03878570	    -14.73012464	     92.64327220	   -167.61522211	     71.10847408	     14.46284436	    -68.02840399	      0.00000000	      0.00000000	     95.89388896	     -5.10757204	     71.14925400	     29.87715204	   -776.51321929	      0.00000000	      0.00000000
      0.05833333	    -88.62510791	    -11.33855989	   -177.19365883	      1.09004544	      0.81099887	     -0.04565445	      4.03106225	     15.19852938	     10.43656559	    -58.93767731	     54.96888756	     20.32965013	     -0.92091869	   -101.22244636	     -5.91134183	   -267.27516273	    102.28936562	     -8.71756187	   -109.77645128	   -161.67244233	     -5.28577099	    -21.33127563	     57.51248563	     40.41571244	    -89.14787124	    141.72822111	     20.48172117	     13.35715478	      0.04236617	    -14.73325143	     92.64680217	   -167.61221146	     71.11082361	     14.46616754	    -68.02811425	      0.00000000	      0.00000000	     95.89496988	     -5.10601832	     71.14480427	     29.87757853	   -776.51192899	      0.00000000	      0.00000000
      0.06111111	    -88.62354088	    -11.33688836	   -177.19607477	      1.09006743	      0.81100092	     -0.04570817	      4.02965128	     15.19769997	     10.43474129	    -58.93619182	     54.96944328	     20.32835965	     -0.92169379	   -101.22286928	     -5.91146594	   -267.27652766	    102.28969455	     -8.71861344	   -109.77724677	   -161.67192386	     -5.28739035	    -21.33248410	     57.51081701	     40.41590700	    -89.14813307	    141.72866832	     20.48215530	     13.35706903	      0.04246843	    -14.73343234	     92.64689305	   -167.61214350	     71.11067767	     14.46626701	    -68.02809876	      0.00000000	      0.00000000	     95.89527042	     -5.10608693	     71.14494204	     29.87772284	   -776.51184464	      0.00000000	      0.00000000
      0.06388889	    -88.62359281	    -11.33465256	   -177.19949228	      1.09009816	      0.81098325	     -0.04571427	      4.02736351	     15.19705091	     10.43202656	    -58.93330239	     54.97043630	     20.32545756	     -0.92298867	   -101.22361995	     -5.91161516	   -267.28006534	    102.29000296	     -8.72069183	   -109.77890902	   -161.67103934	     -5.29106821	    -21.33442545	     57.50690284	     40.41542300	    -89.14834401	    141.72934851	     20.48288606	     13.35677998	      0.04312957	    -14.73402119	     92.64730096	   -167.61152383	     71.11165512	     14.46680219	    -68.02807183	      0.00000000	      0.00000000	     95.89589323	     -5.10588656	     71.14375570	     29.87787125	   -776.51160311	      0.00000000	      0.00000000
      0.06666667	    -88.62720364	    -11.33214565	   -177.19628086	      1.09023775	      0.81101707	     -0.04574233	      4.03003122	     15.20997143	     10.44890770	    -58.92337996	     54.97793104	     20.30649553	     -0.92075697	   -101.22381886	     -5.91128308	   -267.30470428	    102.28870965	     -8.73266810	   -109.78562847	   -161.66668520	     -5.31533702	    -21.32988865	     57.48211749	     40.40360726	    -89.14250817	    141.73119098	     20.48274958	     13.35172144	      0.05252460	    -14.74113828	     92.65422119	   -167.60646285	     71.11027511	     14.47320368	    -68.02803339	      0.00000000	      0.00000000	     95.90005448	     -5.10429018	     71.14055609	     29.87917128	   -776.50847972	      0.00000000	      0.00000000
      0.06944444	    -88.62570724	    -11.32968643	   -177.20125992	      1.09025944	      0.81100530	     -0.04576367	      4.02831352	     15.20854460	     10.44527425	    -58.92076825	     54.97873407	     20.30465832	     -0.92230886	   -101.22469292	     -5.91131380	   -267.30689652	    102.28900319	     -8.73501658	   -109.78718765	   -161.66560045	     -5.31734478	    -21.33223284	     57.47926326	     40.40375350	    -89.14353425	    141.73212328	     20.48345214	     13.35153587	      0.05256965	    -14.74155340	     92.65384726	   -167.60625601	     71.11087359	     14.47323667	    -68.02803353	      0.00000000	      0.00000000	     95.90075490	     -5.10437476	     71.14046280	     29.87938886	   -776.50825382	      0.00000000	      0.00000000
      0.07222222	    -88.62596783	    -11.32766679	   -177.20609816	      1.09028704	      0.81099598	     -0.04577774	      4.02626356	     15.20680188	     10.44080883	    -58.91753544	     54.97943121	     20.30232090	     -0.92417592	   -101.22581786	     -5.91119801	   -267.31010373	    102.28910723	     -8.73773868	   -109.78918876	   -161.66451567	     -5.31992149	    -21.33508727	     57.47552633	     40.40339725	    -89.14480907	    141.73303095	     20.48423272	     13.35123112	      0.05280348	    -14.74202525	     92.65369243	   -167.60576042	     71.11214161	     14.47344509	    -68.02804375	      0.00000000	      0.00000000	     95.90065415	     -5.10397176	     71.13941324	     29.87915120	   -776.50801853	      0.00000000	      0.00000000
      0.07500000	    -88.62622796	    -11.32622204	   -177.21035749	      1.09030573	      0.81099179	     -0.04580353	      4.02362790	     15.20540804	     10.43638374	    -58.91418794	     54.98010192	     20.29964179	     -0.92608828	   -101.22705826	     -5.91111415	   -267.31371709	    102.28920743	     -8.74044187	   -109.79136353	   -161.66348282	     -5.32296414	    -21.33806540	     57.47149535	     40.40286966	    -89.14600429	    141.73390070	     20.48512329	     13.35080654	      0.05327670	    -14.74246763	     92.65376825	   -167.60515183	     71.11350909	     14.47378893	    -68.02807014	      0.00000000	      0.00000000	     95.90015735	     -5.10339667	     71.13811624	     29.87875237	   -776.50780998	      0.00000000	      0.00000000
      0.07777778	    -88.62655770	    -11.32444149	   -177.21441368	      1.09033508	      0.81098311	     -0.04583236	      4.02031148	     15.20407772	     10.43182047	    -58.91064061	     54.98081869	     20.29653446	     -0.92809057	   -101.22851298	     -5.91107396	   -267.31776426	    102.28934043	     -8.74326306	   -109.79382263	   -161.66240790	     -5.32652040	    -21.34130225	     57.46709410	     40.40225256	    -89.14717122	    141.73480035	     20.48620321	     13.35027705	      0.05399386	    -14.74292549	     92.65420142	   -167.60438250	     71.11502370	     14.47431868	    -68.02808658	      0.00000000	      0.00000000	     95.89954257	     -5.10270084	     71.13648210	     29.87824178	   -776.50759810	      0.00000000	      0.00000000
      0.08055556	    -88.63125340	    -11.32236776	   -177.20989819	      1.09043478	      0.81100674	     -0.04589185	      4.01876593	     15.21342639	     10.44031760	    -58.90388686	     54.98323926	     20.28305173	     -0.92856587	   -101.23437106	     -5.91063544	   -267.33659695	    102.28547512	     -8.75562082	   -109.80510720	   -161.65813619	     -5.34093410	    -21.34318616	     57.44842460	     40.39062437	    -89.14878154	    141.73713732	     20.48990235	     13.34385993	      0.06355770	    -14.74773159	     92.66173065	   -167.59897051	     71.11562634	     14.47974450	    -68.02825671	      0.00000000	      0.00000000	     95.89781540	     -5.09941476	     71.13192866	     29.87656917	   -776.50513102	      0.00000000	      0.00000000
      0.08333333	    -88.62942970	    -11.31965914	   -177.21592363	      1.09045815	      0.81098164	     -0.04591233	      4.01550494	     15.21190992	     10.43543791	    -58.90055641	     54.98410746	     20.28027873	     -0.93069153	   -101.23594993	     -5.91070601	   -267.33989070	    102.28581095	     -8.75857002	   -109.80763173	   -161.65683412	     -5.34395277	    -21.34658299	     57.44454838	     40.39062629	    -89.15018203	    141.73825412	     20.49117286	     13.34345849	      0.06401266	    -14.74817263	     92.66115725	   -167.59864436	     71.11676647	     14.47975437	    -68.02831231	      0.00000000	      0.00000000	     95.89863304	     -5.09940898	     71.13123079	     29.87675526	   -776.50488507	      0.00000000	      0.00000000
      0.08611111	    -88.63321133	    -11.31039221	   -177.21747985	      1.09061243	      0.81100330	     -0.04591116	      4.03044738	     15.23072923	     10.46940442	    -58.89867042	     54.99181723	     20.25464640	     -0.92855823	   -101.25829142	     -5.91189975	   -267.37589139	    102.27438153	     -8.79251884	   -109.84331708	   -161.64190320	     -5.36655482	    -21.34804230	     57.40979922	     40.36408733	    -89.15840845	    141.74633815	     20.50719431	     13.32630210	      0.08665409	    -14.76371731	     92.66201969	   -167.58987194	     71.11553193	     14.48375239	    -68.02909829	      0.00000000	      0.00000000	     95.90493315	     -5.09609414	     71.13239041	     29.87723107	   -776.49596432	      0.00000000	      0.00000000
      0.08888889	    -88.63101167	    -11.30847322	   -177.22372116	      1.09062076	      0.81098080	     -0.04594433	      4.02642451	     15.22847733	     10.46337133	    -58.89541218	     54.99292251	     20.25202989	     -0.93120964	   -101.25996330	     -5.91214141	   -267.37872793	    102.27501356	     -8.79553793	   -109.84598248	   -161.64037853	     -5.36940464	    -21.35189862	     57.40623855	     40.36479159	    -89.16000668	    141.74765226	     20.50873373	     13.32607898	      0.08642802	    -14.76414289	     92.66142724	   -167.58958381	     71.11663903	     14.48367399	    -68.02913737	      0.00000000	      0.00000000	     95.90429461	     -5.09556329	     71.13148618	     29.87673856	   -776.49572910	      0.00000000	      0.00000000
      0.09166667	    -88.63485410	    -11.30758453	   -177.22820869	      1.09063497	      0.81095755	     -0.04596276	      4.02118353	     15.22559573	     10.45768981	    -58.89255884	     54.99604667	     20.24581626	     -0.93503703	   -101.26450103	     -5.91340981	   -267.38523615	    102.27578101	     -8.80165584	   -109.85317837	   -161.63679611	     -5.37628104	    -21.35713004	     57.39944691	     40.36474858	    -89.16180799	    141.75014831	     20.51325766	     13.32486827	      0.08708119	    -14.76634521	     92.66195918	   -167.58739279	     71.12025927	     14.48448151	    -68.02918801	      0.00000000	      0.00000000	     95.89923430	     -5.09232671	     71.12730505	     29.87375758	   -776.49464769	      0.00000000	      0.00000000
      0.09444444	    -88.63667278	    -11.30507262	   -177.23109336	      1.09065173	      0.81094335	     -0.04598859	      4.01521512	     15.22541421	     10.45610061	    -58.89167484	     55.00006415	     20.23748461	     -0.93859737	   -101.27098676	     -5.91548042	   -267.39377985	    102.27631221	     -8.80936391	   -109.86348323	   -161.63208471	     -5.38539601	    -21.36165598	     57.39124087	     40.36330313	    -89.16326880	    141.75318321	     20.51986247	     13.32284671	      0.08947265	    -14.76969271	     92.66288974	   -167.58466266	     71.12297758	     14.48554343	    -68.02935503	      0.00000000	      0.00000000	     95.89611490	     -5.08941023	     71.12322493	     29.87156000	   -776.49287880	      0.00000000	      0.00000000
      0.09722222	    -88.63341362	    -11.30264486	   -177.23699260	      1.09067503	      0.81092658	     -0.04604289	      4.01081828	     15.22435062	     10.45047216	    -58.88855937	     55.00126794	     20.23457564	     -0.94119067	   -101.27289964	     -5.91582225	   -267.39670256	    102.27710450	     -8.81240783	   -109.86640787	   -161.63050441	     -5.38858546	    -21.36556105	     57.38768088	     40.36413432	    -89.16478691	    141.75455452	     20.52164415	     13.32260833	      0.08981874	    -14.77010350	     92.66305514	   -167.58427465	     71.12346900	     14.48573187	    -68.02938367	      0.00000000	      0.00000000	     95.89616540	     -5.08915690	     71.12249955	     29.87148116	   -776.49266825	      0.00000000	      0.00000000
      0.10000000	    -88.63835354	    -11.30106810	   -177.24073661	      1.09070647	      0.81090560	     -0.04605374	      4.00493794	     15.22526920	     10.44443704	    -58.88591291	     55.00392144	     20.22567148	     -0.94589011	   -101.28061648	     -5.91692193	   -267.40775933	    102.27700164	     -8.82038776	   -109.87802452	   -161.62656364	     -5.39785524	    -21.37256323	     57.37791846	     40.36145682	    -89.16764614	    141.75711456	     20.52843789	     13.32113845	      0.09399729	    -14.77301651	     92.66616359	   -167.58090560	     71.12693413	     14.48771282	    -68.02958343	      0.00000000	      0.00000000	     95.89249960	     -5.08601618	     71.11721573	     29.86923683	   -776.49131544	      0.00000000	      0.00000000
      0.10277778	    -88.63796060	    -11.28618353	   -177.24520859	      1.09084689	      0.81090377	     -0.04604887	      4.03412870	     15.25280908	     10.50140707	    -58.94769677	     55.01927842	     20.18867740	     -0.95800826	   -101.35759686	     -5.91475865	   -267.47039866	    102.25456329	     -8.88388915	   -109.99213167	   -161.59400465	     -5.40617936	    -21.37596213	     57.34747552	     40.31785084	    -89.19662876	    141.76862355	     20.58794911	     13.29788668	      0.12439018	    -14.81217273	     92.66155889	   -167.56351526	     71.11922649	     14.48769147	    -68.03364767	      0.00000000	      0.00000000	     95.89508210	     -5.07516979	     71.12232660	     29.87133366	   -776.47099696	      0.00000000	      0.00000000
      0.10555556	    -88.64005011	    -11.28524810	   -177.25494336	      1.09086007	      0.81086294	     -0.04605191	      4.02716670	     15.24773471	     10.49011789	    -58.94489657	     55.02189883	     20.18424492	     -0.96409688	   -101.36127498	     -5.91388373	   -267.47738283	    102.25551951	     -8.88980111	   -109.99852832	   -161.59121746	     -5.41023576	    -21.38222816	     57.34193373	     40.31850486	    -89.19994373	    141.77019991	     20.59059453	     13.29741110	      0.12190928	    -14.81389306	     92.66097727	   -167.56190542	     71.12263920	     14.48774527	    -68.03380063	      0.00000000	      0.00000000	     95.89091127	     -5.07241712	     71.11824190	     29.86930089	   -776.47015793	      0.00000000	      0.00000000
      0.10833333	    -88.64122869	    -11.28424567	   -177.26171688	      1.09086830	      0.81084329	     -0.04608957	      4.01840018	     15.24525048	     10.48084146	    -58.94308898	     55.02493426	     20.17857425	     -0.97023820	   -101.36611496	     -5.91293954	   -267.48619337	    102.25652493	     -8.89621228	   -110.00670615	   -161.58826891	     -5.41560253	    -21.38830393	     57.33567522	     40.31851777	    -89.20317197	    141.77166330	     20.59411882	     13.29624589	      0.12072836	    -14.81595245	     92.66261419	   -167.55934107	     71.12567800	     14.48892309	    -68.03399862	      0.00000000	      0.00000000	     95.88657838	     -5.06944959	     71.11393669	     29.86732791	   -776.46915166	      0.00000000	      0.00000000
      0.11111111	    -88.64269880	    -11.28293871	   -177.26884421	      1.09089402	      0.81083437	     -0.04612392	      4.00981849	     15.24465432	     10.47150320	    -58.94120574	     55.02813257	     20.17215352	     -0.97659735	   -101.37200401	     -5.91161606	   -267.49643327	    102.25759907	     -8.90340514	   -110.01624624	   -161.58516797	     -5.42142306	    -21.39497269	     57.32864073	     40.31826726	    -89.20682533	    141.77317561	     20.59815063	     13.29508065	      0.12095730	    -14.81814210	     92.66502925	   -167.55641168	     71.12856726	     14.49049345	    -68.03423798	      0.00000000	      0.00000000	     95.88353951	     -5.06677566	     71.10924046	     29.86587066	   -776.46806602	      0.00000000	      0.00000000
      0.11388889	    -88.64436617	    -11.28213852	   -177.27559932	      1.09092008	      0.81082525	     -0.04616613	      4.00084804	     15.24512359	     10.46225625	    -58.93980838	     55.03114117	     20.16463820	     -0.98337247	   -101.37935703	     -5.90975231	   -267.50942231	    102.25823778	     -8.91144312	   -110.02795208	   -161.58215611	     -5.42809709	    -21.40210516	     57.32026729	     40.31650978	    -89.21099281	    141.77445965	     20.60292638	     13.29365240	      0.12250125	    -14.82064208	     92.66804699	   -167.55293404	     71.13204317	     14.49237734	    -68.03457461	      0.00000000	      0.00000000	     95.88055865	     -5.06404614	     71.10480447	     29.86461326	   -776.46685110	      0.00000000	      0.00000000
      0.11666667	    -88.63944932	    -11.26024311	   -177.32707430	      1.09093485	      0.81081613	     -0.04628996	      4.04175511	     15.28453684	     10.61164597	    -59.41571820	     55.24724022	     20.12234655	     -1.13363492	   -101.62434949	     -5.77078199	   -267.84025667	    102.29296732	     -9.17651614	   -110.43737407	   -161.45393237	     -5.36704976	    -21.32697259	     57.39242176	     40.27273748	    -89.31712720	    141.75977888	     20.70131842	     13.24593289	      0.03285467	    -15.00361776	     92.64412495	   -167.44855691	     71.13231767	     14.48983296	    -68.06222803	      0.00000000	      0.00000000	     95.85692449	     -4.99116695	     71.08952312	     29.87687774	   -776.36209335	      0.00000000	      0.00000000
      0.11944444	    -88.64189946	    -11.26100387	   -177.33725412	      1.09096221	      0.81079514	     -0.04630852	      4.03346901	     15.28188240	     10.59587074	    -59.40734784	     55.24984110	     20.11733975	     -1.13935782	   -101.62698264	     -5.76960131	   -267.85145817	    102.29396913	     -9.18299367	   -110.44071267	   -161.45178851	     -5.37510434	    -21.33648661	     57.38403001	     40.27165757	    -89.32043388	    141.76059915	     20.70138515	     13.24515463	      0.03527503	    -15.00454136	     92.64549754	   -167.44653823	     71.13523133	     14.49092635	    -68.06247129	      0.00000000	      0.00000000	     95.85411465	     -4.98887668	     71.08529401	     29.87561534	   -776.36160699	      0.00000000	      0.00000000
      0.12222222	    -88.64359982	    -11.26042332	   -177.34442871	      1.09099481	      0.81079117	     -0.04634934	      4.02405573	     15.28176545	     10.58175805	    -59.39939780	     55.25295070	     20.11201819	     -1.14492486	   -101.63037975	     -5.76866690	   -267.86306484	    102.29517508	     -9.19013435	   -110.44483252	   -161.44921368	     -5.38375166	    -21.34617591	     57.37567089	     40.27065554	    -89.32400577	    141.76163672	     20.70197326	     13.24361204	      0.03912567	    -15.00545803	     92.64975858	   -167.44356133	     71.13728752	     14.49329026	    -68.06268529	      0.00000000	      0.00000000	     95.85170241	     -4.98658538	     71.08107632	     29.87475173	   -776.36100679	      0.00000000	      0.00000000
      0.12500000	    -88.64548601	    -11.26009450	   -177.35259932	      1.09102840	      0.81079092	     -0.04638946	      4.01488905	     15.28254789	     10.56734340	    -59.39085868	     55.25598449	     20.10658520	     -1.15082892	   -101.63465640	     -5.76753189	   -267.87502147	    102.29630999	     -9.19886989	   -110.45015484	   -161.44608732	     -5.39194456	    -21.35659547	     57.36658168	     40.26951202	    -89.32886748	    141.76329919	     20.70301043	     13.24168579	      0.04338133	    -15.00621993	     92.65344411	   -167.44054993	     71.14003883	     14.49529448	    -68.06299257	      0.00000000	      0.00000000	     95.85035727	     -4.98462844	     71.07702983	     29.87426308	   -776.36039911	      0.00000000	      0.00000000
      0.12777778	    -88.64688987	    -11.25990986	   -177.36031689	      1.09106277	      0.81079975	     -0.04643830	      4.00565173	     15.28375540	     10.55158071	    -59.38171236	     55.25808051	     20.10152648	     -1.15738012	   -101.64043163	     -5.76502279	   -267.88850525	    102.29631242	     -9.20901956	   -110.45720481	   -161.44305065	     -5.39832470	    -21.36852158	     57.35675389	     40.26707707	    -89.33589097	    141.76473151	     20.70411909	     13.23911955	      0.04895939	    -15.00687519	     92.65804782	   -167.43701587	     71.14291880	     14.49788754	    -68.06328779	      0.00000000	      0.00000000	     95.84774664	     -4.98208969	     71.07265713	     29.87318952	   -776.35969846	      0.00000000	      0.00000000
      0.13055556	    -88.64858121	    -11.25874468	   -177.36812165	      1.09110476	      0.81080283	     -0.04648712	      3.99581777	     15.28497423	     10.53636125	    -59.37293789	     55.26023976	     20.09566800	     -1.16395431	   -101.64751248	     -5.76265222	   -267.90325270	    102.29631953	     -9.21935134	   -110.46581989	   -161.44003162	     -5.40569314	    -21.38096213	     57.34643056	     40.26429720	    -89.34313083	    141.76609440	     20.70625651	     13.23623713	      0.05549247	    -15.00748568	     92.66226755	   -167.43344885	     71.14617590	     14.50026102	    -68.06363507	      0.00000000	      0.00000000	     95.84624722	     -4.97980588	     71.06794797	     29.87247271	   -776.35886860	      0.00000000	      0.00000000
      0.13333333	    -88.65097817	    -11.25847359	   -177.37739984	      1.09115214	      0.81079995	     -0.04652257	      3.98618429	     15.28636067	     10.52024637	    -59.36361139	     55.26225768	     20.08908770	     -1.17114867	   -101.65582365	     -5.76044736	   -267.91943551	    102.29620941	     -9.23061203	   -110.47622535	   -161.43676358	     -5.41388857	    -21.39443737	     57.33475779	     40.26097467	    -89.35122579	    141.76774922	     20.70946728	     13.23287651	      0.06229334	    -15.00784659	     92.66670466	   -167.42975773	     71.14932521	     14.50268207	    -68.06403600	      0.00000000	      0.00000000	     95.84461410	     -4.97751258	     71.06373223	     29.87176653	   -776.35808947	      0.00000000	      0.00000000
      0.13611111	    -88.65187468	    -11.25747059	   -177.38415029	      1.09118012	      0.81081756	     -0.04659253	      3.97611219	     15.28852096	     10.50595332	    -59.35557494	     55.26428369	     20.08239934	     -1.17827426	   -101.66650907	     -5.75769651	   -267.93733715	    102.29565303	     -9.24330029	   -110.48930560	   -161.43320491	     -5.42162462	    -21.40856117	     57.32308817	     40.25668305	    -89.36082894	    141.76935521	     20.71375206	     13.22831844	      0.07098895	    -15.00810925	     92.67113825	   -167.42577252	     71.15197447	     14.50517435	    -68.06458791	      0.00000000	      0.00000000	     95.84322016	     -4.97499672	     71.05953628	     29.87100667	   -776.35701327	      0.00000000	      0.00000000
      0.13888889	    -88.65353226	    -11.25697749	   -177.39383206	      1.09123085	      0.81081784	     -0.04662955	      3.96749257	     15.29011659	     10.49035508	    -59.34759291	     55.26579699	     20.07532217	     -1.18618864	   -101.67850035	     -5.75487051	   -267.95719333	    102.29457392	     -9.25678466	   -110.50441136	   -161.42968071	     -5.42987059	    -21.42348547	     57.31020758	     40.25106030	    -89.37157859	    141.77091780	     20.71899366	     13.22358645	      0.07989810	    -15.00816890	     92.67560316	   -167.42179575	     71.15409826	     14.50757098	    -68.06526001	      0.00000000	      0.00000000	     95.84197546	     -4.97272548	     71.05637169	     29.87031905	   -776.35580155	      0.00000000	      0.00000000
      0.14166667	    -88.65554699	    -11.25565833	   -177.40214695	      1.09126015	      0.81082448	     -0.04668573	      3.95811631	     15.29224219	     10.47505355	    -59.33990916	     55.26772451	     20.06829161	     -1.19445456	   -101.69161326	     -5.75232118	   -267.97570255	    102.29395186	     -9.27121160	   -110.52088062	   -161.42537171	     -5.43727377	    -21.43904610	     57.29789513	     40.24692074	    -89.38338132	    141.77323856	     20.72539766	     13.21817420	      0.08867764	    -15.00805272	     92.67979023	   -167.41753925	     71.15758918	     14.50994523	    -68.06597568	      0.00000000	      0.00000000	     95.84071568	     -4.97021654	     71.05227013	     29.86936732	   -776.35456700	      0.00000000	      0.00000000
      0.14444444	    -88.67321526	    -11.26179096	   -177.43766970	      1.09137366	      0.81074250	     -0.04671727	      3.99762731	     15.30995703	     10.63188097	    -60.03254511	     55.66824797	     20.10901620	     -1.36597798	   -102.06271514	     -5.55453171	   -268.53717736	    102.36628647	     -9.70594651	   -110.99213372	   -161.24579499	     -5.52228139	    -21.40240428	     57.59998625	     40.17361470	    -89.71702824	    141.68205544	     20.72695367	     13.12364376	      0.04030599	    -15.10243091	     92.64611005	   -167.24598316	     71.09922481	     14.51945472	    -68.17088955	      0.00000000	      0.00000000	     95.87501967	     -4.85249296	     71.07927839	     29.88966589	   -776.21473990	      0.00000000	      0.00000000
      0.14722222	    -88.67436429	    -11.26146327	   -177.45233475	      1.09135953	      0.81073667	     -0.04676452	      3.98533617	     15.30713091	     10.60979551	    -60.02090329	     55.67143199	     20.10149516	     -1.37437200	   -102.06726933	     -5.55470250	   -268.54677655	    102.36796019	     -9.71467825	   -110.99853343	   -161.24184312	     -5.53165646	    -21.41584414	     57.58901536	     40.17560181	    -89.72237382	    141.68513641	     20.73038446	     13.12304573	      0.04183870	    -15.10268881	     92.64748816	   -167.24348162	     71.10538782	     14.52071089	    -68.17123836	      0.00000000	      0.00000000	     95.87103993	     -4.84962976	     71.07347436	     29.88741053	   -776.21451448	      0.00000000	      0.00000000
      0.15000000	    -88.67602300	    -11.26098511	   -177.46715965	      1.09138244	      0.81072185	     -0.04679966	      3.97219162	     15.30503272	     10.58554929	    -60.00819953	     55.67343835	     20.09267927	     -1.38369028	   -102.07335253	     -5.55384948	   -268.56057511	    102.36827157	     -9.72420783	   -111.00707231	   -161.23853006	     -5.54217231	    -21.43108077	     57.57553035	     40.17472296	    -89.72888651	    141.68750513	     20.73420957	     13.12183631	      0.04526189	    -15.10286489	     92.65193862	   -167.24005728	     71.11057322	     14.52324439	    -68.17162020	      0.00000000	      0.00000000	     95.86566182	     -4.84602109	     71.06701740	     29.88456685	   -776.21423956	      0.00000000	      0.00000000
      0.15277778	    -88.67776139	    -11.26072973	   -177.48076516	      1.09140857	      0.81071853	     -0.04684296	      3.95918483	     15.30533604	     10.56205586	    -59.99580292	     55.67481459	     20.08382519	     -1.39312641	   -102.08073271	     -5.55244848	   -268.57539995	    102.36782922	     -9.73464367	   -111.01726382	   -161.23523002	     -5.55194890	    -21.44678273	     57.56156039	     40.17269014	    -89.73662577	    141.68982203	     20.73859582	     13.11974316	      0.05002109	    -15.10290300	     92.65750040	   -167.23607827	     71.11578007	     14.52621200	    -68.17205911	      0.00000000	      0.00000000	     95.86114680	     -4.84263770	     71.06068766	     29.88216468	   -776.21393922	      0.00000000	      0.00000000
      0.15555556	    -88.67909099	    -11.26012383	   -177.49320695	      1.09142718	      0.81071886	     -0.04690512	      3.94489288	     15.30610569	     10.53826480	    -59.98345148	     55.67577189	     20.07427125	     -1.40313483	   -102.08984427	     -5.55038502	   -268.59207359	    102.36684924	     -9.74603548	   -111.02972295	   -161.23197058	     -5.56164870	    -21.46359889	     57.54659098	     40.16973311	    -89.74553743	    141.69206754	     20.74390633	     13.11680663	      0.05610767	    -15.10277801	     92.66337570	   -167.23174621	     71.12154480	     14.52940272	    -68.17255912	      0.00000000	      0.00000000	     95.85633598	     -4.83887943	     71.05374456	     29.87961744	   -776.21362029	      0.00000000	      0.00000000
      0.15833333	    -88.68106546	    -11.25939517	   -177.50709172	      1.09146532	      0.81070051	     -0.04694620	      3.93096799	     15.30837804	     10.51400487	    -59.97041851	     55.67710202	     20.06345567	     -1.41376626	   -102.10030480	     -5.54813145	   -268.61084862	    102.36624057	     -9.75937377	   -111.04429325	   -161.22813583	     -5.57260372	    -21.48129502	     57.52979548	     40.16642366	    -89.75545785	    141.69493927	     20.75008417	     13.11351253	      0.06293967	    -15.10246348	     92.67000380	   -167.22717191	     71.12665411	     14.53268468	    -68.17310874	      0.00000000	      0.00000000	     95.85298068	     -4.83558686	     71.04690162	     29.87785019	   -776.21321702	      0.00000000	      0.00000000
      0.16111111	    -88.68185580	    -11.25747510	   -177.51633082	      1.09149945	      0.81070296	     -0.04702911	      3.91495535	     15.31308281	     10.49397283	    -59.95994370	     55.68043145	     20.05051844	     -1.42411215	   -102.11333951	     -5.54748867	   -268.63060362	    102.36728567	     -9.77347220	   -111.06230181	   -161.22321310	     -5.58673667	    -21.49863420	     57.51296690	     40.16452711	    -89.76455178	    141.69875800	     20.75932058	     13.10918961	      0.07174688	    -15.10190735	     92.67832157	   -167.22179180	     71.13130628	     14.53645949	    -68.17380977	      0.00000000	      0.00000000	     95.85018856	     -4.83229000	     71.04044639	     29.87630865	   -776.21268263	      0.00000000	      0.00000000
      0.16388889	    -88.68439398	    -11.25190026	   -177.50809049	      1.09169496	      0.81070561	     -0.04710274	      3.92055272	     15.34230967	     10.49494136	    -59.97616091	     55.68118162	     20.02772287	     -1.43933743	   -102.17747605	     -5.53245271	   -268.70078126	    102.35347929	     -9.82143766	   -111.14672612	   -161.21340486	     -5.59608290	    -21.52762307	     57.48122727	     40.13055158	    -89.80546847	    141.70126058	     20.79431151	     13.08156359	      0.11590546	    -15.09771948	     92.69039924	   -167.20897298	     71.12861843	     14.53766794	    -68.17974793	      0.00000000	      0.00000000	     95.86442877	     -4.83081130	     71.04488403	     29.88356044	   -776.20733280	      0.00000000	      0.00000000
      0.16666667	    -88.68610662	    -11.25163213	   -177.53121414	      1.09168060	      0.81068430	     -0.04710555	      3.90839721	     15.33551919	     10.46683789	    -59.96440879	     55.68536013	     20.01801623	     -1.45173779	   -102.18756108	     -5.53164197	   -268.71528544	    102.35637771	     -9.83609250	   -111.16152278	   -161.20752878	     -5.60602114	    -21.54521249	     57.46678532	     40.13320047	    -89.81564272	    141.70635404	     20.80166335	     13.07988219	      0.11571233	    -15.09731924	     92.68920196	   -167.20706581	     71.13430925	     14.53732803	    -68.18037674	      0.00000000	      0.00000000	     95.85951448	     -4.82722114	     71.03826695	     29.88048026	   -776.20684077	      0.00000000	      0.00000000
      0.16944444	    -88.68788455	    -11.25126445	   -177.54991149	      1.09168409	      0.81066437	     -0.04714528	      3.89306425	     15.33158160	     10.43862245	    -59.95245286	     55.68931267	     20.00657855	     -1.46511423	   -102.20015249	     -5.53013618	   -268.73331755	    102.35889438	     -9.85203234	   -111.17988383	   -161.20166129	     -5.61721121	    -21.56434689	     57.45014971	     40.13462475	    -89.82707781	    141.71127581	     20.81063339	     13.07680492	      0.11769974	    -15.09663943	     92.69303867	   -167.20323724	     71.13995616	     14.53918040	    -68.18099820	      0.00000000	      0.00000000	     95.85199164	     -4.82234632	     71.03079877	     29.87629996	   -776.20636919	      0.00000000	      0.00000000
      0.17222222	    -88.69879058	    -11.24840280	   -177.55000370	      1.09173502	      0.81058174	     -0.04713154	      3.94034296	     15.35955021	     10.55263138	    -60.36974034	     55.82601611	     19.96004784	     -1.58784792	   -102.52090756	     -5.41160656	   -269.05042311	    102.40040514	    -10.09673839	   -111.67246729	   -161.12703137	     -5.58270775	    -21.52134347	     57.50161187	     40.09253917	    -90.01822342	    141.71116904	     20.97623269	     12.98313022	      0.05262438	    -15.08428070	     92.68188227	   -167.14743479	     71.10385463	     14.52122806	    -68.23211508	      0.00000000	      0.00000000	     95.86263113	     -4.77875003	     71.05450949	     29.88391949	   -776.16545725	      0.00000000	      0.00000000
      0.17500000	    -88.70058858	    -11.24771879	   -177.57431718	      1.09174090	      0.81056233	     -0.04717865	      3.92171113	     15.35691216	     10.51935122	    -60.35584032	     55.83149403	     19.94915730	     -1.60158089	   -102.52678532	     -5.40899459	   -269.06806838	    102.40466022	    -10.11064976	   -111.68211667	   -161.12210181	     -5.59596979	    -21.53908994	     57.48629002	     40.09522146	    -90.02608205	    141.71498050	     20.97891271	     12.98414609	      0.05329263	    -15.08505628	     92.68546983	   -167.14311338	     71.11307883	     14.52426507	    -68.23275647	      0.00000000	      0.00000000	     95.85775416	     -4.77465797	     71.04485476	     29.88126835	   -776.16534712	      0.00000000	      0.00000000
      0.17777778	    -88.70292024	    -11.24799076	   -177.59704198	      1.09176752	      0.81055035	     -0.04723349	      3.90279121	     15.35600718	     10.48395854	    -60.34057264	     55.83564113	     19.93780305	     -1.61638996	   -102.53461499	     -5.40472597	   -269.08932282	    102.40750617	    -10.12650231	   -111.69439756	   -161.11747795	     -5.60864145	    -21.55886747	     57.46858004	     40.09535441	    -90.03652695	    141.71834626	     20.98189546	     12.98377503	      0.05579374	    -15.08557382	     92.69279423	   -167.13756663	     71.12161245	     14.52883365	    -68.23338401	      0.00000000	      0.00000000	     95.85028154	     -4.76952318	     71.03509419	     29.87759149	   -776.16526169	      0.00000000	      0.00000000
      0.18055556	    -88.70494628	    -11.24810956	   -177.61886523	      1.09179395	      0.81053803	     -0.04729498	      3.88431498	     15.35741129	     10.44852329	    -60.32491409	     55.83888302	     19.92660644	     -1.63184069	   -102.54422557	     -5.39947677	   -269.11228451	    102.40939397	    -10.14459807	   -111.70907788	   -161.11256919	     -5.62001007	    -21.57982540	     57.44958912	     40.09383967	    -90.04944139	    141.72193723	     20.98544855	     12.98207980	      0.05990069	    -15.08564395	     92.70189837	   -167.13135218	     71.12963882	     14.53402553	    -68.23404128	      0.00000000	      0.00000000	     95.84334133	     -4.76451923	     71.02583640	     29.87428289	   -776.16512862	      0.00000000	      0.00000000
      0.18333333	    -88.70698972	    -11.24534183	   -177.62785487	      1.09201333	      0.81056713	     -0.04744583	      3.87287644	     15.38853627	     10.41926250	    -60.33033738	     55.83500505	     19.92434506	     -1.65598351	   -102.58330649	     -5.36523185	   -269.18241979	    102.39646290	    -10.19634414	   -111.76410382	   -161.10847538	     -5.60753005	    -21.60524375	     57.42553982	     40.05764700	    -90.10144569	    141.71727849	     20.98651625	     12.95750303	      0.08624636	    -15.08205761	     92.72867169	   -167.11354967	     71.13356447	     14.54692158	    -68.23908677	      0.00000000	      0.00000000	     95.84933428	     -4.75909332	     71.02118459	     29.87991188	   -776.16265960	      0.00000000	      0.00000000
      0.18611111	    -88.71029626	    -11.24601595	   -177.65572091	      1.09199363	      0.81054887	     -0.04747458	      3.85493527	     15.38169200	     10.38259107	    -60.31373894	     55.83954317	     19.91262472	     -1.67167163	   -102.59501559	     -5.36290950	   -269.20200356	    102.39987301	    -10.21553005	   -111.78109440	   -161.10170509	     -5.62010443	    -21.62788757	     57.40658880	     40.05990871	    -90.11542952	    141.72296720	     20.99373319	     12.95461549	      0.08729514	    -15.08135843	     92.72759149	   -167.11048985	     71.14305222	     14.54709884	    -68.23984702	      0.00000000	      0.00000000	     95.84335924	     -4.75440124	     71.01154795	     29.87629605	   -776.16232566	      0.00000000	      0.00000000
      0.18888889	    -88.72663063	    -11.24983463	   -177.68680583	      1.09203887	      0.81040883	     -0.04757841	      3.88217052	     15.40620680	     10.40780487	    -61.30828039	     56.42836823	     19.97644009	     -1.81678306	   -103.06924295	     -5.08069190	   -269.92132544	    102.48009736	    -10.84140325	   -112.39065066	   -160.85667337	     -5.79291024	    -21.44490594	     57.89480199	     39.94357240	    -90.62720300	    141.58769967	     20.92512088	     12.78034310	      0.04366315	    -15.06787920	     92.67872178	   -166.89348007	     71.07694701	     14.55438512	    -68.47428309	      0.00000000	      0.00000000	     95.88352924	     -4.56401168	     71.04384544	     29.90775227	   -776.05267540	      0.00000000	      0.00000000
      0.19166667	    -88.72963325	    -11.25022878	   -177.71726261	      1.09203933	      0.81039103	     -0.04761134	      3.86356772	     15.40117658	     10.36575054	    -61.28577809	     56.43057907	     19.96362282	     -1.83296869	   -103.07792318	     -5.07784001	   -269.94009699	    102.48099357	    -10.85783605	   -112.40375739	   -160.85137269	     -5.80517356	    -21.46984689	     57.87251263	     39.94474280	    -90.63949032	    141.59235162	     20.93094423	     12.77962830	      0.04524878	    -15.06739674	     92.68208059	   -166.88961174	     71.08658404	     14.55706438	    -68.47478851	      0.00000000	      0.00000000	     95.87646931	     -4.55939460	     71.03372654	     29.90380956	   -776.05277000	      0.00000000	      0.00000000
      0.19444444	    -88.73184356	    -11.25037692	   -177.73202520	      1.09215350	      0.81039836	     -0.04771303	      3.84800648	     15.41653267	     10.32545446	    -61.25600016	     56.41947861	     19.95386172	     -1.85204656	   -103.10081234	     -5.06210245	   -269.97211673	    102.46273980	    -10.88669536	   -112.43542817	   -160.84801090	     -5.79847191	    -21.50456798	     57.83811302	     39.92512258	    -90.67439190	    141.59234248	     20.93971432	     12.76290035	      0.05979327	    -15.06117423	     92.70427321	   -166.87901055	     71.09110876	     14.56754115	    -68.47728940	      0.00000000	      0.00000000	     95.87046213	     -4.55391794	     71.02646141	     29.90204251	   -776.05265052	      0.00000000	      0.00000000
      0.19722222	    -88.73489611	    -11.25033730	   -177.76397690	      1.09216096	      0.81037527	     -0.04775354	      3.82748179	     15.41246742	     10.28219591	    -61.23171346	     56.42172722	     19.94022551	     -1.86959878	   -103.11251841	     -5.05908248	   -269.99201748	    102.46374844	    -10.90625796	   -112.45241059	   -160.84163114	     -5.81069585	    -21.53230260	     57.81388043	     39.92698190	    -90.69016496	    141.59805429	     20.94771970	     12.75954787	      0.06222873	    -15.05973435	     92.70598473	   -166.87530324	     71.10167953	     14.56929655	    -68.47792122	      0.00000000	      0.00000000	     95.86556837	     -4.54973112	     71.01540004	     29.89903708	   -776.05271365	      0.00000000	      0.00000000
      0.20000000	    -88.74212062	    -11.24651123	   -177.74321928	      1.09224440	      0.81033432	     -0.04781430	      3.85202263	     15.43403227	     10.29752394	    -61.22641817	     56.39973917	     19.90552921	     -1.90154083	   -103.26413194	     -5.01219862	   -270.06271169	    102.39483890	    -10.96837183	   -112.65689399	   -160.83811131	     -5.77482220	    -21.59290277	     57.76589806	     39.89991332	    -90.84847706	    141.57196059	     21.04511700	     12.65211279	      0.07832943	    -15.00235103	     92.70148731	   -166.86345459	     71.08293517	     14.56158142	    -68.50385288	      0.00000000	      0.00000000	     95.87787722	     -4.53984798	     71.03070506	     29.90444029	   -776.04461553	      0.00000000	      0.00000000
      0.20277778	    -88.74406902	    -11.24685203	   -177.77666962	      1.09224154	      0.81030878	     -0.04785176	      3.82858216	     15.42972622	     10.25193374	    -61.20433211	     56.40396934	     19.88989441	     -1.92033255	   -103.27360852	     -5.00908947	   -270.08461069	    102.39815082	    -10.98551955	   -112.67220257	   -160.83267899	     -5.79152768	    -21.61871138	     57.74246642	     39.90326734	    -90.86120034	    141.57663566	     21.05185014	     12.65253863	      0.07853902	    -15.00185010	     92.70561759	   -166.85873213	     71.09423519	     14.56499566	    -68.50455588	      0.00000000	      0.00000000	     95.87040673	     -4.53456220	     71.01840649	     29.90014817	   -776.04477715	      0.00000000	      0.00000000
      0.20555556	    -88.74592026	    -11.24760257	   -177.79510324	      1.09242881	      0.81033160	     -0.04800425	      3.81082163	     15.45810977	     10.20830266	    -61.18729028	     56.38885601	     19.87878953	     -1.95275553	   -103.31322366	     -4.97163354	   -270.14364661	    102.37376177	    -11.02251823	   -112.73530906	   -160.83704216	     -5.77619988	    -21.65093290	     57.70612912	     39.87451837	    -90.92544783	    141.56458341	     21.06263404	     12.62871977	      0.08776145	    -14.98798803	     92.73212928	   -166.84194427	     71.10203215	     14.57853931	    -68.51185739	      0.00000000	      0.00000000	     95.87147832	     -4.52783309	     71.00779359	     29.90338550	   -776.04474619	      0.00000000	      0.00000000
      0.20833333	    -88.74964050	    -11.24837155	   -177.83008336	      1.09240102	      0.81030414	     -0.04803504	      3.78895927	     15.45237324	     10.16089939	    -61.16290027	     56.39368217	     19.86337284	     -1.97256068	   -103.32576839	     -4.96904546	   -270.16477639	    102.37777799	    -11.04395398	   -112.75420659	   -160.82963288	     -5.79187678	    -21.67962026	     57.68124098	     39.87991391	    -90.94238653	    141.57127629	     21.07174666	     12.62671990	      0.08798431	    -14.98645976	     92.73455847	   -166.83762119	     71.11321027	     14.58071806	    -68.51264163	      0.00000000	      0.00000000	     95.86339852	     -4.52220448	     70.99554044	     29.89858408	   -776.04479748	      0.00000000	      0.00000000
      0.21111111	    -88.75441843	    -11.24549392	   -177.82689626	      1.09258161	      0.81032468	     -0.04821026	      3.78704995	     15.48404701	     10.14523095	    -61.15220242	     56.36944313	     19.85461259	     -2.01061276	   -103.42146287	     -4.91372049	   -270.24747850	    102.34012182	    -11.11513112	   -112.89117758	   -160.83230792	     -5.75421047	    -21.72441976	     57.63600983	     39.84246577	    -91.07327393	    141.55552376	     21.11295630	     12.55411006	      0.10803127	    -14.94973047	     92.74755397	   -166.82126168	     71.11297425	     14.58359886	    -68.52578462	      0.00000000	      0.00000000	     95.87466752	     -4.51511747	     70.99490423	     29.90434754	   -776.04255726	      0.00000000	      0.00000000
      0.21388889	    -88.75516572	    -11.24274675	   -177.88643609	      1.09248446	      0.81022801	     -0.04824757	      3.81549843	     15.50305418	     10.20144449	    -61.51684545	     56.54349861	     19.81332131	     -2.12323387	   -103.71149178	     -4.72121571	   -270.55654463	    102.39205511	    -11.28278070	   -113.38381172	   -160.85833043	     -5.87382478	    -21.54205860	     57.82146843	     39.91074401	    -91.56079279	    141.41232561	     21.17860266	     12.50440617	      0.00511311	    -14.81866390	     92.73365345	   -166.73441440	     71.10390586	     14.59518137	    -68.65999655	      0.00000000	      0.00000000	     95.86264014	     -4.42698821	     70.98696077	     29.90239656	   -776.02720856	      0.00000000	      0.00000000
      0.21666667	    -88.75812711	    -11.24283742	   -177.92458813	      1.09247085	      0.81019642	     -0.04828741	      3.79021562	     15.49794156	     10.14817401	    -61.49031580	     56.54902482	     19.79715395	     -2.14368771	   -103.72186677	     -4.71987615	   -270.58003433	    102.39680395	    -11.30406805	   -113.39881267	   -160.85098157	     -5.89381652	    -21.57315924	     57.79493867	     39.91507292	    -91.57520874	    141.41929903	     21.18623638	     12.50355822	      0.00867787	    -14.81835055	     92.73848294	   -166.72916371	     71.11586701	     14.59860099	    -68.66066395	      0.00000000	      0.00000000	     95.85439776	     -4.42122906	     70.97413823	     29.89776665	   -776.02748046	      0.00000000	      0.00000000
      0.21944444	    -88.76254575	    -11.24412522	   -177.94271181	      1.09265461	      0.81021251	     -0.04840538	      3.77356908	     15.52247838	     10.09047625	    -61.45523268	     56.53015508	     19.79801595	     -2.16876081	   -103.75770748	     -4.69412093	   -270.63888115	    102.37034691	    -11.35700431	   -113.44320744	   -160.84949094	     -5.88458233	    -21.62124318	     57.75220266	     39.87171711	    -91.64283850	    141.41723933	     21.19078433	     12.46485714	      0.04688262	    -14.80552820	     92.76593883	   -166.71347042	     71.11942366	     14.61000830	    -68.66709872	      0.00000000	      0.00000000	     95.85575608	     -4.41500596	     70.97050414	     29.90102108	   -776.02836754	      0.00000000	      0.00000000
      0.22222222	    -88.77034313	    -11.24283449	   -177.94141267	      1.09272202	      0.81018357	     -0.04844797	      3.76882204	     15.53102452	     10.06135847	    -61.44928886	     56.53700568	     19.78021845	     -2.19354620	   -103.83553688	     -4.67837313	   -270.71775175	    102.36252151	    -11.42204892	   -113.54332694	   -160.84084929	     -5.91085117	    -21.66541421	     57.71461280	     39.85136933	    -91.72818447	    141.41868868	     21.23168271	     12.40462519	      0.08672524	    -14.77650879	     92.77108590	   -166.70064587	     71.10764035	     14.60457093	    -68.68318390	      0.00000000	      0.00000000	     95.86263118	     -4.40554786	     70.97506158	     29.90564969	   -776.02848151	      0.00000000	      0.00000000
      0.22500000	    -88.77346948	    -11.24562015	   -177.97003061	      1.09277999	      0.81015835	     -0.04853024	      3.75525154	     15.54091036	     10.01381537	    -61.45948723	     56.53601666	     19.77082115	     -2.23280024	   -103.90009836	     -4.64203774	   -270.78985232	    102.34842359	    -11.47888648	   -113.63948071	   -160.84163223	     -5.90769741	    -21.69552277	     57.69109315	     39.82984316	    -91.82087320	    141.41086437	     21.25709528	     12.36700210	      0.09004569	    -14.75045788	     92.77793084	   -166.68534597	     71.11413144	     14.60974009	    -68.69885095	      0.00000000	      0.00000000	     95.86330729	     -4.39356389	     70.97066409	     29.90507904	   -776.02831446	      0.00000000	      0.00000000
      0.22777778	    -88.77692860	    -11.24651425	   -178.00848355	      1.09270668	      0.81010872	     -0.04859671	      3.72467600	     15.53366244	      9.95782903	    -61.43257625	     56.54428887	     19.74982324	     -2.25628159	   -103.91414996	     -4.64056395	   -270.81634865	    102.35595906	    -11.50285422	   -113.66064786	   -160.83312430	     -5.93250124	    -21.72874064	     57.66177600	     39.83832015	    -91.83755278	    141.41889640	     21.26849065	     12.36561505	      0.09049258	    -14.74885372	     92.78282808	   -166.67953437	     71.12685634	     14.61307837	    -68.69983411	      0.00000000	      0.00000000	     95.85129760	     -4.38560930	     70.95447593	     29.89808952	   -776.02857680	      0.00000000	      0.00000000
      0.23055556	    -88.78887624	    -11.25194022	   -178.05153635	      1.09279239	      0.80999053	     -0.04867429	      3.73615963	     15.55846061	      9.93759230	    -62.04454582	     56.84446222	     19.76946770	     -2.36321139	   -104.26460797	     -4.41449043	   -271.29078330	    102.45484745	    -11.86887992	   -114.20102274	   -160.83631777	     -6.15722395	    -21.47636533	     58.00783524	     39.81460642	    -92.46625727	    141.31111295	     21.24362880	     12.25954472	      0.07588137	    -14.53670348	     92.77311528	   -166.53841796	     71.08754086	     14.62503915	    -68.95080445	      0.00000000	      0.00000000	     95.87849981	     -4.23660465	     70.97264373	     29.91532831	   -776.04088613	      0.00000000	      0.00000000
      0.23333333	    -88.79190982	    -11.25372501	   -178.07999162	      1.09283717	      0.80997692	     -0.04875466	      3.70910571	     15.56593052	      9.87476011	    -62.01281137	     56.84299259	     19.74665810	     -2.38868113	   -104.28917847	     -4.40572385	   -271.33033571	    102.44694243	    -11.90259663	   -114.23323497	   -160.82982564	     -6.17469191	    -21.52139043	     57.96662235	     39.80301278	    -92.49414869	    141.31783759	     21.25852982	     12.24871356	      0.08777508	    -14.53112646	     92.78997638	   -166.52664717	     71.09669650	     14.63152656	    -68.95589384	      0.00000000	      0.00000000	     95.87244376	     -4.22988952	     70.96183212	     29.91283406	   -776.04232441	      0.00000000	      0.00000000
      0.23611111	    -88.79580187	    -11.25557801	   -178.09883665	      1.09294869	      0.80996022	     -0.04884359	      3.68985792	     15.58011612	      9.81937054	    -61.98487976	     56.83426228	     19.72249482	     -2.41846579	   -104.33590481	     -4.38341323	   -271.39096026	    102.42925269	    -11.95305789	   -114.29583997	   -160.82528429	     -6.17927961	    -21.57400165	     57.91311115	     39.77595358	    -92.54292880	    141.32301687	     21.28324050	     12.21867033	      0.10885967	    -14.51579769	     92.80348804	   -166.51452379	     71.10029115	     14.63429703	    -68.96491601	      0.00000000	      0.00000000	     95.87699777	     -4.22518671	     70.95586144	     29.91659970	   -776.04485990	      0.00000000	      0.00000000
      0.23888889	    -88.80030753	    -11.25742486	   -178.11489668	      1.09298521	      0.80992644	     -0.04889539	      3.67676475	     15.58728806	      9.76631636	    -61.96719322	     56.82968277	     19.69749190	     -2.45271227	   -104.39513289	     -4.36192858	   -271.45072589	    102.41613554	    -12.00583899	   -114.37704227	   -160.81896426	     -6.18194575	    -21.62657823	     57.86332129	     39.75880797	    -92.59944301	    141.32942170	     21.32015491	     12.18398892	      0.12281013	    -14.49545197	     92.81427876	   -166.50305010	     71.09947644	     14.63486931	    -68.97496704	      0.00000000	      0.00000000	     95.87453738	     -4.21776887	     70.95324732	     29.91568762	   -776.04682809	      0.00000000	      0.00000000
      0.24166667	    -88.80602888	    -11.25986531	   -178.12142768	      1.09299631	      0.80985090	     -0.04892941	      3.68796705	     15.60250055	      9.76388546	    -62.17548637	     56.90174190	     19.63335751	     -2.54711163	   -104.59402919	     -4.27188691	   -271.64421531	    102.44103582	    -12.14150354	   -114.69732794	   -160.80770103	     -6.19115607	    -21.61656448	     57.86035845	     39.75568611	    -92.74089110	    141.33092777	     21.43115055	     12.11730067	      0.07125462	    -14.40074755	     92.80347875	   -166.46376414	     71.08673315	     14.63150412	    -69.05053291	      0.00000000	      0.00000000	     95.88869718	     -4.18635137	     70.95963455	     29.91559686	   -776.06003007	      0.00000000	      0.00000000
      0.24444444	    -88.81003444	    -11.26076702	   -178.16837851	      1.09308586	      0.80981902	     -0.04900395	      3.66239475	     15.60976054	      9.68684371	    -62.14437748	     56.89924669	     19.61906368	     -2.57751305	   -104.61579864	     -4.24786832	   -271.69520026	    102.43468334	    -12.17319522	   -114.72781881	   -160.80868479	     -6.19730072	    -21.66057421	     57.82318868	     39.74405137	    -92.77691036	    141.32857085	     21.43450907	     12.10861105	      0.08597294	    -14.39604662	     92.82830301	   -166.45083996	     71.09538602	     14.64498310	    -69.05415779	      0.00000000	      0.00000000	     95.87446255	     -4.17631251	     70.94452356	     29.90987178	   -776.06162508	      0.00000000	      0.00000000
      0.24722222	    -88.81458522	    -11.26159201	   -178.19564657	      1.09319284	      0.80981867	     -0.04915640	      3.63149593	     15.62823692	      9.62615494	    -62.11717090	     56.89860874	     19.59882797	     -2.60929004	   -104.66309150	     -4.21365895	   -271.76743675	    102.42728802	    -12.22112856	   -114.79069613	   -160.81042859	     -6.20306906	    -21.71139200	     57.77746472	     39.72938588	    -92.83400677	    141.32542061	     21.45040935	     12.07833740	      0.11475073	    -14.38004457	     92.84625560	   -166.43514915	     71.10610847	     14.65264450	    -69.06222248	      0.00000000	      0.00000000	     95.87380331	     -4.16911567	     70.93402058	     29.91120156	   -776.06394203	      0.00000000	      0.00000000
      0.25000000	    -88.82666457	    -11.26135264	   -178.24470910	      1.09318573	      0.80972522	     -0.04922301	      3.63468658	     15.64786828	      9.61500669	    -62.58933033	     57.16762925	     19.61225343	     -2.68934489	   -104.96467467	     -4.01108678	   -272.18035155	    102.52011269	    -12.52702567	   -115.25071700	   -160.81435448	     -6.30505858	    -21.55027845	     57.97636239	     39.73185875	    -93.22471683	    141.28546176	     21.46110431	     12.00848188	      0.08971493	    -14.19622369	     92.82806737	   -166.32651056	     71.08066996	     14.64961689	    -69.26175658	      0.00000000	      0.00000000	     95.87978738	     -4.08404715	     70.94391497	     29.90876320	   -776.09757967	      0.00000000	      0.00000000
      0.25277778	    -88.83085105	    -11.26407576	   -178.27772517	      1.09328187	      0.80971559	     -0.04931677	      3.60321579	     15.65876989	      9.54334992	    -62.55786855	     57.16704342	     19.58519832	     -2.71921277	   -104.99736073	     -3.99918624	   -272.24178410	    102.51114710	    -12.56557454	   -115.29314583	   -160.81072957	     -6.33383849	    -21.60304765	     57.92487566	     39.71112388	    -93.25660802	    141.28970190	     21.48041536	     11.98844454	      0.11443860	    -14.18769019	     92.84664494	   -166.31489912	     71.08945630	     14.66018368	    -69.26787466	      0.00000000	      0.00000000	     95.87923810	     -4.07739543	     70.93218351	     29.91109070	   -776.09871038	      0.00000000	      0.00000000
      0.25555556	    -88.83619413	    -11.26828025	   -178.29918565	      1.09338413	      0.80968711	     -0.04938565	      3.58422857	     15.67016122	      9.48201087	    -62.52743422	     57.16656394	     19.55665473	     -2.75281600	   -105.04437547	     -3.97824326	   -272.31551536	    102.50210874	    -12.62904834	   -115.35886301	   -160.80176012	     -6.35345058	    -21.65684731	     57.86085089	     39.68536341	    -93.30711034	    141.29907163	     21.50573046	     11.95266583	      0.13579079	    -14.16918502	     92.86283306	   -166.30445050	     71.09020799	     14.66776468	    -69.27625933	      0.00000000	      0.00000000	     95.88121416	     -4.07058585	     70.92751563	     29.91622615	   -776.10055613	      0.00000000	      0.00000000
      0.25833333	    -88.85122139	    -11.26978493	   -178.29581453	      1.09340885	      0.80959062	     -0.04942860	      3.57672371	     15.68371806	      9.45341106	    -62.65526045	     57.20773174	     19.50633334	     -2.82972530	   -105.21162262	     -3.92855134	   -272.46728022	    102.50797496	    -12.74496962	   -115.61313241	   -160.78549465	     -6.37401490	    -21.68586170	     57.82595931	     39.66586108	    -93.42443555	    141.30775168	     21.61452767	     11.87602321	      0.12393084	    -14.09476139	     92.86689792	   -166.29773802	     71.07921734	     14.64265310	    -69.32390468	      0.00000000	      0.00000000	     95.89352130	     -4.04690145	     70.93913494	     29.92597706	   -776.10541391	      0.00000000	      0.00000000
      0.26111111	    -88.84959972	    -11.27296252	   -178.35064928	      1.09349336	      0.80958771	     -0.04950578	      3.55310812	     15.68974929	      9.36886352	    -62.62882489	     57.20705912	     19.48545638	     -2.86714360	   -105.23745800	     -3.89599305	   -272.53257702	    102.50383427	    -12.79284542	   -115.65437157	   -160.78399722	     -6.38155504	    -21.73058608	     57.77957204	     39.64836816	    -93.46654459	    141.30843147	     21.61747094	     11.86842129	      0.13397167	    -14.08719901	     92.89355230	   -166.28447696	     71.08524702	     14.66075932	    -69.32905134	      0.00000000	      0.00000000	     95.87787800	     -4.03466587	     70.92344984	     29.91884346	   -776.10716205	      0.00000000	      0.00000000
      0.26388889	    -88.85493156	    -11.27569629	   -178.38132075	      1.09363359	      0.80959547	     -0.04964088	      3.52449980	     15.70895184	      9.30674521	    -62.60756584	     57.21102945	     19.45287247	     -2.90532256	   -105.28658927	     -3.85759071	   -272.62184807	    102.50342691	    -12.85999021	   -115.72799450	   -160.78025510	     -6.39925899	    -21.77804096	     57.71891964	     39.62760326	    -93.52335332	    141.31171168	     21.63485501	     11.83814814	      0.15686780	    -14.06778594	     92.91241288	   -166.26845546	     71.09922211	     14.67603904	    -69.33881697	      0.00000000	      0.00000000	     95.88049547	     -4.02626881	     70.91208836	     29.92090880	   -776.10914811	      0.00000000	      0.00000000
      0.26666667	    -88.86048583	    -11.27625681	   -178.38838002	      1.09370269	      0.80954090	     -0.04958954	      3.55806343	     15.73068991	      9.29780011	    -62.84641985	     57.30358642	     19.40423359	     -3.01047593	   -105.53445094	     -3.72346511	   -272.89482395	    102.55790968	    -13.02340378	   -116.12708205	   -160.78509138	     -6.41093384	    -21.75154754	     57.71045535	     39.63695580	    -93.72962558	    141.28710323	     21.75581076	     11.73320074	      0.11442432	    -13.94178979	     92.90000947	   -166.23260539	     71.07628926	     14.67359777	    -69.40459764	      0.00000000	      0.00000000	     95.90091222	     -3.97476272	     70.92351859	     29.92323760	   -776.11983240	      0.00000000	      0.00000000
      0.26944444	    -88.86252938	    -11.27856157	   -178.43790754	      1.09382125	      0.80954134	     -0.04973896	      3.51703991	     15.74736902	      9.20908048	    -62.82559945	     57.30016530	     19.38998012	     -3.05104365	   -105.56363994	     -3.68125648	   -272.96792875	    102.54956950	    -13.09737051	   -116.17277531	   -160.77880082	     -6.40837120	    -21.79709676	     57.66406838	     39.60407355	    -93.79169680	    141.29151319	     21.75008710	     11.72655177	      0.13086160	    -13.93260130	     92.92818499	   -166.21255083	     71.09621662	     14.68906614	    -69.41081622	      0.00000000	      0.00000000	     95.89184353	     -3.96279251	     70.90710519	     29.91998243	   -776.12261963	      0.00000000	      0.00000000
      0.27222222	    -88.87197264	    -11.27686029	   -178.46274983	      1.09389157	      0.80951557	     -0.04988396	      3.48932211	     15.76082959	      9.14412022	    -62.83087480	     57.30202062	     19.36953692	     -3.09530322	   -105.64475797	     -3.63512538	   -273.07124268	    102.54140665	    -13.19802110	   -116.28690254	   -160.76934751	     -6.41163947	    -21.84757272	     57.60872276	     39.56631946	    -93.89056938	    141.29695019	     21.78163133	     11.68291070	      0.16403750	    -13.90083984	     92.94285909	   -166.19465803	     71.10066994	     14.69307678	    -69.42378881	      0.00000000	      0.00000000	     95.89280196	     -3.95004544	     70.89889459	     29.92079649	   -776.12555177	      0.00000000	      0.00000000
      0.27500000	    -88.88536840	    -11.28888126	   -178.51847014	      1.09388154	      0.80935269	     -0.04996140	      3.48019966	     15.77397090	      9.02209892	    -63.57150659	     57.69182244	     19.38283939	     -3.16311796	   -106.02050852	     -3.38563291	   -273.58411322	    102.63106808	    -13.67410375	   -116.83375516	   -160.70914478	     -6.60864013	    -21.59941757	     57.97501929	     39.48878436	    -94.40988039	    141.24261801	     21.73090064	     11.55823047	      0.15629515	    -13.59119164	     92.89688187	   -165.98189689	     71.04604058	     14.70465789	    -69.66568177	      0.00000000	      0.00000000	     95.92428776	     -3.79209829	     70.91852555	     29.92899223	   -776.18320714	      0.00000000	      0.00000000
      0.27777778	    -88.88947322	    -11.29116152	   -178.56791176	      1.09399083	      0.80934142	     -0.05007040	      3.44523650	     15.78650750	      8.92916195	    -63.52072525	     57.68397166	     19.35507996	     -3.20057786	   -106.05008487	     -3.35545646	   -273.64903651	    102.61626610	    -13.71791379	   -116.87306202	   -160.71069128	     -6.62194493	    -21.66333875	     57.91310926	     39.46814374	    -94.45626539	    141.24038493	     21.74175330	     11.53958713	      0.17782109	    -13.58184538	     92.92405977	   -165.96706268	     71.05742868	     14.71879273	    -69.66959254	      0.00000000	      0.00000000	     95.91392387	     -3.78304444	     70.90254781	     29.92507887	   -776.18549963	      0.00000000	      0.00000000
      0.28055556	    -88.90033065	    -11.28965919	   -178.60193376	      1.09407824	      0.80930786	     -0.05020333	      3.41315447	     15.80364933	      8.84144162	    -63.46231828	     57.66168167	     19.33285703	     -3.24371145	   -106.10986837	     -3.31129657	   -273.72460122	    102.58463240	    -13.77786094	   -116.94729940	   -160.71670260	     -6.61214181	    -21.74616576	     57.83921457	     39.43535260	    -94.54233743	    141.23279611	     21.76939909	     11.48571532	      0.21047011	    -13.55640056	     92.94828805	   -165.95571074	     71.06930691	     14.71969425	    -69.67665275	      0.00000000	      0.00000000	     95.91041157	     -3.77517726	     70.89565821	     29.92536765	   -776.18853402	      0.00000000	      0.00000000
      0.28333333	    -88.91249984	    -11.29866914	   -178.61786647	      1.09418427	      0.80927872	     -0.05025910	      3.41843182	     15.82143080	      8.78966316	    -63.36793871	     57.62117336	     19.28948197	     -3.27907011	   -106.18370500	     -3.32086154	   -273.79497508	    102.53027472	    -13.84397424	   -117.04900900	   -160.70915180	     -6.65659759	    -21.82819059	     57.70215616	     39.37332507	    -94.63652000	    141.23779363	     21.85209167	     11.37963138	      0.22786077	    -13.50335374	     92.95971884	   -165.94967516	     71.05661357	     14.72278419	    -69.68940020	      0.00000000	      0.00000000	     95.92096632	     -3.77029931	     70.90086469	     29.92979285	   -776.19124339	      0.00000000	      0.00000000
      0.28611111	    -88.91903428	    -11.29836891	   -178.65562252	      1.09423861	      0.80920987	     -0.05033103	      3.39494351	     15.83491651	      8.70244445	    -63.31338375	     57.58772003	     19.25794417	     -3.33034485	   -106.26226284	     -3.29911092	   -273.85264260	    102.48681858	    -13.88003402	   -117.15832852	   -160.71736863	     -6.65929238	    -21.90604763	     57.61708973	     39.34697244	    -94.73398894	    141.22316921	     21.92354511	     11.32249352	      0.23904820	    -13.46222809	     92.97952302	   -165.93750554	     71.06590266	     14.72061446	    -69.70269882	      0.00000000	      0.00000000	     95.91180553	     -3.75653727	     70.89481268	     29.92522147	   -776.19526783	      0.00000000	      0.00000000
      0.28888889	    -88.92767703	    -11.29696029	   -178.67909367	      1.09430127	      0.80916503	     -0.05040688	      3.37741617	     15.85147607	      8.63715873	    -63.25973296	     57.56745056	     19.20758613	     -3.38012566	   -106.34532769	     -3.26469146	   -273.92952460	    102.45985182	    -13.93470511	   -117.28436163	   -160.72304592	     -6.67829913	    -21.96800652	     57.51908745	     39.33186581	    -94.83956052	    141.20987834	     21.99266630	     11.26402058	      0.24221260	    -13.41067865	     92.99727225	   -165.92647087	     71.06776944	     14.72165302	    -69.71994122	      0.00000000	      0.00000000	     95.91295769	     -3.74351046	     70.88751643	     29.92854551	   -776.20099745	      0.00000000	      0.00000000
      0.29166667	    -88.92920385	    -11.30021383	   -178.71182077	      1.09438241	      0.80913743	     -0.05048609	      3.35972384	     15.86578118	      8.56252684	    -63.22982165	     57.55376892	     19.15713008	     -3.43686773	   -106.43497066	     -3.21482901	   -274.02188660	    102.44344800	    -13.99107438	   -117.42376355	   -160.73365096	     -6.69226464	    -22.02359952	     57.43270466	     39.32208879	    -94.94776413	    141.19200108	     22.05800538	     11.22161765	      0.25074116	    -13.36200584	     93.01021544	   -165.91023686	     71.07175941	     14.73445748	    -69.73643577	      0.00000000	      0.00000000	     95.91182737	     -3.72903187	     70.87688023	     29.92788938	   -776.20622805	      0.00000000	      0.00000000
      0.29444444	    -88.93337411	    -11.30045892	   -178.75777488	      1.09449571	      0.80911537	     -0.05063376	      3.33062981	     15.88284366	      8.46256452	    -63.19711870	     57.53489402	     19.12998524	     -3.49766702	   -106.51896138	     -3.12027611	   -274.12463444	    102.42258458	    -14.03948211	   -117.54595371	   -160.76525302	     -6.65942592	    -22.09050183	     57.37442563	     39.31497100	    -95.07718626	    141.15273969	     22.08638873	     11.17088597	      0.26862296	    -13.31813867	     93.03164065	   -165.88999317	     71.08435564	     14.74721803	    -69.74920493	      0.00000000	      0.00000000	     95.90419652	     -3.71302691	     70.86139389	     29.92445324	   -776.21139377	      0.00000000	      0.00000000
      0.29722222	    -88.94170601	    -11.30320225	   -178.76593824	      1.09458153	      0.80908595	     -0.05064768	      3.33101867	     15.90658468	      8.40527631	    -63.20542517	     57.53898255	     19.06163243	     -3.56716404	   -106.68257310	     -3.01393162	   -274.28144446	    102.42411782	    -14.10589758	   -117.78503248	   -160.80643571	     -6.67895167	    -22.14527898	     57.30379263	     39.33629728	    -95.26796157	    141.10206746	     22.17766727	     11.08273526	      0.28801975	    -13.22717021	     93.03671554	   -165.87100742	     71.07392823	     14.74673993	    -69.77589313	      0.00000000	      0.00000000	     95.91178077	     -3.69536324	     70.86750865	     29.92750791	   -776.21851556	      0.00000000	      0.00000000
      0.30000000	    -88.94513783	    -11.30532744	   -178.81061339	      1.09459130	      0.80904589	     -0.05078731	      3.30237202	     15.91745552	      8.31754628	    -63.22200884	     57.53396193	     19.02896711	     -3.63775229	   -106.78863199	     -2.92892105	   -274.39875236	    102.41706399	    -14.19026073	   -117.95220698	   -160.82789757	     -6.67576835	    -22.18427660	     57.25308468	     39.32373921	    -95.43116516	    141.07513165	     22.22480352	     11.04113078	      0.27483964	    -13.16390809	     93.05113501	   -165.84700593	     71.08615612	     14.75605766	    -69.79594227	      0.00000000	      0.00000000	     95.90275553	     -3.67351133	     70.85317627	     29.92261503	   -776.22446794	      0.00000000	      0.00000000
      0.30277778	    -88.96003110	    -11.32481783	   -178.88807362	      1.09457042	      0.80882922	     -0.05087256	      3.28013658	     15.92660822	      8.13085070	    -63.89771284	     57.81006833	     19.00207630	     -3.67324635	   -107.17616157	     -2.64749503	   -274.85982247	    102.57027484	    -14.55719523	   -118.59709089	   -160.99841470	     -7.10625819	    -21.70016727	     57.73097318	     39.33844778	    -96.42637186	    140.92358784	     22.16222283	     10.91797933	      0.27045821	    -12.60543850	     93.02998896	   -165.66063788	     71.04287430	     14.77630857	    -70.16267884	      0.00000000	      0.00000000	     95.94531986	     -3.47677838	     70.86960664	     29.93418543	   -776.33584318	      0.00000000	      0.00000000
      0.30555556	    -88.96323805	    -11.32979390	   -178.94395656	      1.09468601	      0.80883272	     -0.05098179	      3.23361104	     15.93809525	      8.02124178	    -63.84678684	     57.80078853	     18.96539995	     -3.71891095	   -107.21190147	     -2.61044331	   -274.94551603	    102.55758500	    -14.61431007	   -118.64531054	   -161.00175414	     -7.12836028	    -21.77521027	     57.65128654	     39.30835583	    -96.47501625	    140.92413937	     22.17842835	     10.90214880	      0.29670949	    -12.59513665	     93.06109579	   -165.64312202	     71.05894126	     14.79143299	    -70.16812847	      0.00000000	      0.00000000	     95.92966539	     -3.46493263	     70.85131983	     29.92757342	   -776.33921095	      0.00000000	      0.00000000
      0.30833333	    -88.97272624	    -11.32847257	   -178.97397272	      1.09479521	      0.80881539	     -0.05111197	      3.20212098	     15.95745228	      7.93291749	    -63.79773485	     57.78649784	     18.92810364	     -3.76710295	   -107.29182525	     -2.56142893	   -275.05171559	    102.53756218	    -14.70318293	   -118.74962212	   -161.00455227	     -7.13345375	    -21.86298811	     57.54645614	     39.27072103	    -96.56242583	    140.92737255	     22.22614346	     10.84689512	      0.33356342	    -12.56132973	     93.08062864	   -165.62788909	     71.06568786	     14.79571071	    -70.17874852	      0.00000000	      0.00000000	     95.93654681	     -3.45838492	     70.84337715	     29.93305944	   -776.34459230	      0.00000000	      0.00000000
      0.31111111	    -88.98002594	    -11.33193598	   -179.00568155	      1.09490524	      0.80878301	     -0.05116418	      3.18057241	     15.97291206	      7.84211471	    -63.77479234	     57.78175086	     18.88335765	     -3.82758189	   -107.38830243	     -2.50744191	   -275.17534918	    102.52669749	    -14.77948654	   -118.88707821	   -161.01415962	     -7.14680865	    -21.94315319	     57.44372530	     39.24606594	    -96.65021247	    140.92239547	     22.29285995	     10.79070992	      0.35792499	    -12.51809424	     93.10120156	   -165.61234139	     71.06437711	     14.79953228	    -70.19199416	      0.00000000	      0.00000000	     95.93506311	     -3.44745987	     70.83942547	     29.93406032	   -776.35010560	      0.00000000	      0.00000000
      0.31388889	    -88.98680345	    -11.33381841	   -179.02721227	      1.09487080	      0.80870188	     -0.05119953	      3.19729832	     15.99830265	      7.78873031	    -63.99863458	     57.86334920	     18.82757467	     -3.95038307	   -107.66323635	     -2.32714581	   -275.45425388	    102.56941448	    -14.91517701	   -119.34153519	   -161.07485973	     -7.12378094	    -21.91560621	     57.39465461	     39.28171766	    -96.89938961	    140.87568942	     22.45003659	     10.68280030	      0.29013041	    -12.31550846	     93.08866018	   -165.57498663	     71.05014293	     14.79507820	    -70.27775159	      0.00000000	      0.00000000	     95.94140417	     -3.40008416	     70.84605760	     29.92740279	   -776.37723570	      0.00000000	      0.00000000
      0.31666667	    -88.99219587	    -11.33596973	   -179.09486514	      1.09503074	      0.80867880	     -0.05134205	      3.14415319	     16.01196596	      7.67070757	    -63.96740815	     57.86888984	     18.78992704	     -4.00099974	   -107.69042943	     -2.29390216	   -275.55239103	    102.57216894	    -14.98103196	   -119.39045271	   -161.07396545	     -7.16940702	    -21.97050100	     57.32067581	     39.25429741	    -96.94835426	    140.87888864	     22.45960429	     10.67861440	      0.31481500	    -12.31006098	     93.12244101	   -165.55292033	     71.07006855	     14.81271267	    -70.28537786	      0.00000000	      0.00000000	     95.92896408	     -3.38636235	     70.82463423	     29.92434604	   -776.38179103	      0.00000000	      0.00000000
      0.31944444	    -88.99760940	    -11.33943137	   -179.14368460	      1.09514085	      0.80867053	     -0.05146844	      3.10311392	     16.02345671	      7.55686462	    -63.93630777	     57.86146721	     18.75996045	     -4.05829575	   -107.74873964	     -2.24556929	   -275.66913317	    102.56171038	    -15.07242307	   -119.47865974	   -161.07579165	     -7.19079329	    -22.03989712	     57.22606033	     39.20834949	    -97.03309529	    140.88023331	     22.48858228	     10.64425483	      0.35088107	    -12.28968900	     93.15237006	   -165.53401331	     71.07647213	     14.82354534	    -70.29473421	      0.00000000	      0.00000000	     95.91720923	     -3.37157806	     70.81037340	     29.92357094	   -776.38708651	      0.00000000	      0.00000000
      0.32222222	    -89.00891899	    -11.34068306	   -179.17023633	      1.09524849	      0.80861889	     -0.05157302	      3.07417611	     16.04043010	      7.45888025	    -63.92493374	     57.85443111	     18.72874889	     -4.12661475	   -107.85233399	     -2.18284492	   -275.81330806	    102.54971853	    -15.18339816	   -119.63243605	   -161.08217304	     -7.20301790	    -22.11252995	     57.11496302	     39.16169328	    -97.15770094	    140.87552571	     22.55269331	     10.57061804	      0.39169146	    -12.24299008	     93.16923849	   -165.51439054	     71.07871689	     14.82507122	    -70.31098984	      0.00000000	      0.00000000	     95.92305048	     -3.35881392	     70.80812870	     29.93193083	   -776.39459220	      0.00000000	      0.00000000
      0.32500000	    -89.02508891	    -11.34018995	   -179.23677171	      1.09517523	      0.80847409	     -0.05166293	      3.06070851	     16.05912134	      7.34591306	    -64.68572292	     58.19589753	     18.76851938	     -4.25073823	   -108.25422803	     -1.88599207	   -276.39581956	    102.74409801	    -15.64399370	   -120.34362684	   -161.11453852	     -7.35719347	    -21.76924368	     57.35933158	     39.13605540	    -97.72677281	    140.83306569	     22.58490578	     10.45659597	      0.39437108	    -11.86703347	     93.13994032	   -165.38214277	     71.04804305	     14.83057840	    -70.56520484	      0.00000000	      0.00000000	     95.93868190	     -3.20563401	     70.82559580	     29.92743748	   -776.48657032	      0.00000000	      0.00000000
      0.32777778	    -89.03029635	    -11.34951263	   -179.29458015	      1.09525794	      0.80846877	     -0.05179300	      3.00614494	     16.07334157	      7.22449363	    -64.62894862	     58.19516881	     18.71692408	     -4.30014781	   -108.29338081	     -1.84724307	   -276.49508455	    102.73577576	    -15.69724164	   -120.38966230	   -161.11974703	     -7.40334901	    -21.86074130	     57.27427350	     39.11302780	    -97.77112483	    140.82893884	     22.60515168	     10.42834163	      0.42409379	    -11.84420004	     93.17382523	   -165.36258605	     71.06271477	     14.84666777	    -70.57106431	      0.00000000	      0.00000000	     95.92641555	     -3.19309282	     70.80494802	     29.92445711	   -776.49028256	      0.00000000	      0.00000000
      0.33055556	    -89.03987550	    -11.35512724	   -179.33385972	      1.09538378	      0.80844287	     -0.05190640	      2.96967741	     16.08989579	      7.10994903	    -64.57093939	     58.18437073	     18.66881428	     -4.35619092	   -108.36437330	     -1.79219622	   -276.61525635	    102.71592098	    -15.77662794	   -120.47459165	   -161.12729180	     -7.42993921	    -21.96908384	     57.16713249	     39.07418642	    -97.85006373	    140.82208751	     22.64501560	     10.36790954	      0.46315489	    -11.79851157	     93.20144892	   -165.34199504	     71.07129942	     14.85561145	    -70.57969525	      0.00000000	      0.00000000	     95.92746346	     -3.18392062	     70.79925046	     29.92984292	   -776.49509393	      0.00000000	      0.00000000
      0.33333333	    -89.05119612	    -11.36311199	   -179.31716160	      1.09537069	      0.80832863	     -0.05187296	      2.98700329	     16.10198618	      7.04503570	    -64.65369909	     58.21546590	     18.59078924	     -4.45764780	   -108.59956564	     -1.68836373	   -276.82599307	    102.70548642	    -15.89007685	   -120.79991239	   -161.15263013	     -7.44967219	    -22.07351638	     57.05459178	     39.06719495	    -98.01991393	    140.79405060	     22.81288849	     10.23668974	      0.45119459	    -11.60242707	     93.18868118	   -165.31773923	     71.04035231	     14.83731728	    -70.62616114	      0.00000000	      0.00000000	     95.95456863	     -3.16007602	     70.81979843	     29.93877883	   -776.51061898	      0.00000000	      0.00000000
      0.33611111	    -89.05535225	    -11.36912020	   -179.39656984	      1.09546347	      0.80830610	     -0.05201702	      2.92988525	     16.11229661	      6.91029794	    -64.61482869	     58.21622541	     18.54718780	     -4.51743176	   -108.63539756	     -1.63721996	   -276.93337807	    102.70191969	    -15.94817505	   -120.85668862	   -161.16061311	     -7.48380864	    -22.14832917	     56.97259256	     39.04269753	    -98.07402305	    140.78514157	     22.82811698	     10.22596866	      0.47009509	    -11.57941781	     93.22713572	   -165.29329849	     71.06259919	     14.85955173	    -70.63229535	      0.00000000	      0.00000000	     95.93215476	     -3.14188842	     70.79395649	     29.92923232	   -776.51479283	      0.00000000	      0.00000000
      0.33888889	    -89.06426729	    -11.37052974	   -179.44404934	      1.09558880	      0.80828833	     -0.05216073	      2.88681794	     16.13739304	      6.79961146	    -64.59257754	     58.21832464	     18.50202934	     -4.58714779	   -108.71241603	     -1.56758880	   -277.08067337	    102.69741212	    -16.04536794	   -120.97271809	   -161.16927155	     -7.51212224	    -22.22956727	     56.86360917	     39.00371469	    -98.16708342	    140.77683961	     22.86976623	     10.17381776	      0.50424559	    -11.51958024	     93.25495222	   -165.26834702	     71.07406696	     14.87151175	    -70.64433067	      0.00000000	      0.00000000	     95.93772088	     -3.12879231	     70.78094737	     29.93388577	   -776.52091970	      0.00000000	      0.00000000
      0.34166667	    -89.07356885	    -11.37594060	   -179.47564571	      1.09569254	      0.80823956	     -0.05226249	      2.85850977	     16.15425000	      6.69245805	    -64.61003789	     58.21881456	     18.46647163	     -4.68079139	   -108.84298196	     -1.48266844	   -277.25908667	    102.68841340	    -16.14566340	   -121.16949193	   -161.18885973	     -7.52242231	    -22.31605043	     56.74543282	     38.96420003	    -98.30098169	    140.75303065	     22.95979883	     10.09136728	      0.53504492	    -11.41927435	     93.26975925	   -165.24249812	     71.07408551	     14.86977567	    -70.66286188	      0.00000000	      0.00000000	     95.93970286	     -3.10803575	     70.77807421	     29.93702987	   -776.52951617	      0.00000000	      0.00000000
      0.34444444	    -89.07900403	    -11.38244538	   -179.53621542	      1.09577365	      0.80820887	     -0.05229367	      2.82940062	     16.16461733	      6.56855227	    -64.61231746	     58.22940690	     18.41772599	     -4.76451245	   -108.93333460	     -1.40694298	   -277.41747766	    102.69189221	    -16.22275555	   -121.31327307	   -161.20761809	     -7.55693151	    -22.39075694	     56.64548120	     38.94253082	    -98.39927177	    140.73205979	     23.01796210	     10.04455981	      0.55312206	    -11.34762758	     93.29893510	   -165.21671810	     71.07579754	     14.88158453	    -70.67616837	      0.00000000	      0.00000000	     95.92397462	     -3.08562688	     70.77008056	     29.93143925	   -776.53573937	      0.00000000	      0.00000000
      0.34722222	    -89.08262636	    -11.37795616	   -179.55591805	      1.09570789	      0.80810588	     -0.05239877	      2.84786607	     16.20329715	      6.52487380	    -65.08774695	     58.42093424	     18.40095374	     -4.96430716	   -109.29562464	     -1.14049350	   -277.88409217	    102.83234228	    -16.47610026	   -121.96884892	   -161.25480087	     -7.56375825	    -22.26788860	     56.63355851	     38.98773866	    -98.74552860	    140.65664096	     23.19738912	      9.96290595	      0.46760034	    -10.93269738	     93.26677828	   -165.13556813	     71.06204949	     14.87504559	    -70.77584951	      0.00000000	      0.00000000	     95.94689570	     -2.99442489	     70.77519082	     29.92565550	   -776.57045180	      0.00000000	      0.00000000
      0.35000000	    -89.08840874	    -11.38187405	   -179.64357857	      1.09582508	      0.80806233	     -0.05255054	      2.78211779	     16.20727508	      6.37392547	    -65.04779812	     58.42079753	     18.36107506	     -5.02062072	   -109.32165691	     -1.09700746	   -277.99618732	    102.82669494	    -16.55255431	   -122.01067846	   -161.25609373	     -7.61307938	    -22.34162015	     56.54738287	     38.94373480	    -98.80282328	    140.65513470	     23.20369665	      9.95585501	      0.50296234	    -10.92152743	     93.30736662	   -165.10865831	     71.08508954	     14.89857358	    -70.78224948	      0.00000000	      0.00000000	     95.92164271	     -2.97375737	     70.74704103	     29.91642079	   -776.57509526	      0.00000000	      0.00000000
      0.35277778	    -89.09930922	    -11.38433554	   -179.70364690	      1.09596186	      0.80804413	     -0.05272488	      2.72593064	     16.22395801	      6.23266415	    -65.01286997	     58.41020784	     18.33033114	     -5.08234361	   -109.38726905	     -1.02715010	   -278.14187944	    102.80772419	    -16.66176112	   -122.10005918	   -161.26534579	     -7.64052094	    -22.43063014	     56.43954282	     38.87607901	    -98.91098166	    140.64452896	     23.22922592	      9.90057968	      0.56325733	    -10.88281662	     93.33598852	   -165.08014878	     71.10173982	     14.91123833	    -70.79375476	      0.00000000	      0.00000000	     95.92127692	     -2.95742102	     70.73148200	     29.92281975	   -776.58241223	      0.00000000	      0.00000000
      0.35555556	    -89.11099786	    -11.38648594	   -179.68753916	      1.09594476	      0.80792106	     -0.05260481	      2.75532168	     16.23203040	      6.12205809	    -65.21637537	     58.50331153	     18.29174158	     -5.21066361	   -109.64285403	     -0.89543931	   -278.45186568	    102.84959962	    -16.84909832	   -122.50147944	   -161.29928895	     -7.73768737	    -22.44124476	     56.37272488	     38.86255442	    -99.20931779	    140.59663185	     23.37764879	      9.70957866	      0.59640142	    -10.65480113	     93.31037066	   -165.02575884	     71.05255864	     14.88352513	    -70.85917002	      0.00000000	      0.00000000	     95.94076035	     -2.89734469	     70.76515562	     29.93643607	   -776.61070408	      0.00000000	      0.00000000
      0.35833333	    -89.11572993	    -11.39268440	   -179.78051650	      1.09610171	      0.80793206	     -0.05282662	      2.68073848	     16.25510583	      5.96553546	    -65.20814301	     58.50268400	     18.24602745	     -5.28520188	   -109.68560398	     -0.82195553	   -278.59004419	    102.83960530	    -16.93005931	   -122.58191658	   -161.31328569	     -7.77742705	    -22.50547701	     56.28684233	     38.80943266	    -99.29205612	    140.57967171	     23.39118524	      9.70341483	      0.61427910	    -10.62116394	     93.35504104	   -164.98855622	     71.08637866	     14.91524001	    -70.87198324	      0.00000000	      0.00000000	     95.92918345	     -2.87464140	     70.73139948	     29.93218236	   -776.61897366	      0.00000000	      0.00000000
      0.36111111	    -89.13272558	    -11.39989600	   -179.88031508	      1.09609324	      0.80773565	     -0.05298062	      2.63088232	     16.27024448	      5.71784283	    -66.00943892	     58.93467624	     18.28335847	     -5.31393393	   -110.07025509	     -0.50388762	   -279.16113143	    102.94220651	    -17.43969889	   -123.22519578	   -161.35889993	     -8.03762672	    -22.10998390	     56.64383324	     38.72564573	    -99.96654327	    140.50933095	     23.32609147	      9.57960798	      0.66826305	     -9.94138456	     93.31154601	   -164.74903301	     71.02898496	     14.93363122	    -71.18094334	      0.00000000	      0.00000000	     95.97074657	     -2.62365710	     70.74158958	     29.93359195	   -776.76396035	      0.00000000	      0.00000000
      0.36388889	    -89.14120403	    -11.40485894	   -179.95311242	      1.09621059	      0.80773467	     -0.05315464	      2.56711699	     16.28471403	      5.55893674	    -65.94341854	     58.91545394	     18.23558058	     -5.37673120	   -110.11729346	     -0.44498003	   -279.27823034	    102.91201702	    -17.50746219	   -123.28288231	   -161.37484361	     -8.06805508	    -22.21980863	     56.52882982	     38.67249716	   -100.03863751	    140.49515499	     23.35741198	      9.53733889	      0.70348986	     -9.91813328	     93.35470265	   -164.71968457	     71.05894673	     14.95597701	    -71.18889127	      0.00000000	      0.00000000	     95.95784969	     -2.61006803	     70.72814665	     29.93152777	   -776.76974800	      0.00000000	      0.00000000
      0.36666667	    -89.15124038	    -11.41638925	   -179.95666898	      1.09627580	      0.80764149	     -0.05315775	      2.56764139	     16.30191459	      5.42258867	    -65.94813134	     58.90988964	     18.16593453	     -5.46752452	   -110.33408217	     -0.34173245	   -279.45977950	    102.84265494	    -17.57631182	   -123.58186486	   -161.43776913	     -8.08273479	    -22.32287336	     56.35454306	     38.64201407	   -100.25213142	    140.42883254	     23.55138651	      9.37697784	      0.69061186	     -9.74265039	     93.35444077	   -164.68366997	     71.03405297	     14.94781631	    -71.24766807	      0.00000000	      0.00000000	     95.97859283	     -2.57824239	     70.74420721	     29.93990736	   -776.79576623	      0.00000000	      0.00000000
      0.36944444	    -89.15896469	    -11.41966993	   -180.04351381	      1.09640044	      0.80764709	     -0.05334288	      2.50111088	     16.31820698	      5.26176483	    -65.88825010	     58.89148436	     18.12168393	     -5.53550626	   -110.38407932	     -0.26427851	   -279.59169730	    102.81543119	    -17.65271146	   -123.65364002	   -161.46030609	     -8.10357708	    -22.42169919	     56.23345870	     38.58702572	   -100.34346117	    140.40619547	     23.57995622	      9.33947405	      0.72517918	     -9.70771871	     93.39646413	   -164.65365835	     71.06066780	     14.97041500	    -71.25766307	      0.00000000	      0.00000000	     95.96470931	     -2.55935572	     70.71606215	     29.93523685	   -776.80320207	      0.00000000	      0.00000000
      0.37222222	    -89.17125166	    -11.42427896	   -180.06372637	      1.09642982	      0.80757802	     -0.05335663	      2.50398412	     16.34034624	      5.15730997	    -65.92774759	     58.90630946	     18.06343879	     -5.63876287	   -110.60894605	     -0.13106882	   -279.82370161	    102.79000468	    -17.74275576	   -123.98601146	   -161.53563064	     -8.13706882	    -22.49026948	     56.07028755	     38.57588374	   -100.60677071	    140.32415661	     23.76143777	      9.17921443	      0.73421598	     -9.49420982	     93.39556153	   -164.61104888	     71.03970334	     14.95797968	    -71.31117504	      0.00000000	      0.00000000	     95.97371609	     -2.51664924	     70.72917044	     29.93530811	   -776.82844781	      0.00000000	      0.00000000
      0.37500000	    -89.17290303	    -11.42802370	   -180.15749397	      1.09648713	      0.80748524	     -0.05357888	      2.46786373	     16.36128339	      5.04532113	    -66.03943152	     58.95364880	     18.03605395	     -5.73658344	   -110.80867917	      0.03333073	   -280.06834054	    102.77917750	    -17.86186291	   -124.33026365	   -161.62115108	     -8.16370703	    -22.45582069	     55.96178092	     38.56036148	   -100.92761953	    140.23116001	     23.89064146	      9.11666663	      0.72174884	     -9.22661361	     93.41843082	   -164.52945178	     71.05868391	     14.97601893	    -71.39710487	      0.00000000	      0.00000000	     95.96831446	     -2.43645597	     70.70170368	     29.92885923	   -776.87058825	      0.00000000	      0.00000000
      0.37777778	    -89.17945808	    -11.43363655	   -180.25541871	      1.09661956	      0.80748967	     -0.05374643	      2.39364292	     16.37122307	      4.87136847	    -65.98385140	     58.93991404	     17.98914966	     -5.80578125	   -110.84096330	      0.10767910	   -280.20392639	    102.76012568	    -17.93484552	   -124.38030579	   -161.64242022	     -8.20224760	    -22.55188714	     55.85096235	     38.50311134	   -101.00554460	    140.21096003	     23.90341523	      9.09476441	      0.76043560	     -9.20070550	     93.46302205	   -164.49805639	     71.08789537	     15.00018762	    -71.40471516	      0.00000000	      0.00000000	     95.94666804	     -2.41559306	     70.67360900	     29.92273754	   -776.87704847	      0.00000000	      0.00000000
      0.38055556	    -89.20311869	    -11.44056023	   -180.31502400	      1.09662957	      0.80730882	     -0.05387108	      2.32739221	     16.38903346	      4.54084124	    -66.35456432	     59.18545507	     17.99218979	     -5.74386590	   -111.15156569	      0.33896254	   -280.56028546	    102.72981532	    -18.20334169	   -124.87609348	   -161.86054695	     -8.49078052	    -22.17798529	     56.02855785	     38.46687084	   -101.82118645	    140.07598993	     23.92719976	      8.94203015	      0.84640151	     -8.39259916	     93.42227873	   -164.27129890	     71.02132394	     15.00462023	    -71.76666776	      0.00000000	      0.00000000	     96.01313601	     -2.16901401	     70.71196095	     29.93423713	   -777.05421616	      0.00000000	      0.00000000
      0.38333333	    -89.21241557	    -11.44750781	   -180.39755684	      1.09677217	      0.80730360	     -0.05403498	      2.26041102	     16.40313424	      4.36486162	    -66.28461272	     59.15052726	     17.94477778	     -5.82092133	   -111.21000279	      0.42382314	   -280.70518776	    102.68886088	    -18.27234192	   -124.95012873	   -161.89345557	     -8.50585171	    -22.30770255	     55.88334759	     38.39290781	   -101.90739227	    140.04827882	     23.97413009	      8.88612288	      0.89105436	     -8.36616230	     93.46529172	   -164.24366181	     71.04792933	     15.02573325	    -71.77315674	      0.00000000	      0.00000000	     95.99827070	     -2.15435486	     70.68839609	     29.93204897	   -777.06043919	      0.00000000	      0.00000000
      0.38611111	    -89.22370364	    -11.44915825	   -180.43646172	      1.09686564	      0.80726089	     -0.05414689	      2.21949336	     16.41872147	      4.21577714	    -66.23102193	     59.12830682	     17.88829431	     -5.90710658	   -111.33013140	      0.51255114	   -280.87630835	    102.66016757	    -18.34616615	   -125.10152554	   -161.93583591	     -8.53134544	    -22.44976063	     55.71215848	     38.34902694	   -102.03073939	    140.01246363	     24.08307910	      8.77650402	      0.93536894	     -8.29744450	     93.48879884	   -164.22159358	     71.05246612	     15.02788920	    -71.78419166	      0.00000000	      0.00000000	     95.99971437	     -2.14169335	     70.68198275	     29.93531085	   -777.06825894	      0.00000000	      0.00000000
      0.38888889	    -89.22268045	    -11.45948463	   -180.45610309	      1.09680905	      0.80716392	     -0.05411204	      2.23596701	     16.44340642	      4.08518254	    -66.30247618	     59.14697905	     17.83134878	     -6.03390832	   -111.59786208	      0.67924646	   -281.13628530	    102.65102103	    -18.38182321	   -125.50531363	   -162.05830349	     -8.52787055	    -22.52084750	     55.51551672	     38.37850948	   -102.28730844	    139.90638537	     24.33184104	      8.64285046	      0.84602401	     -8.06253810	     93.48242593	   -164.18239053	     71.03710735	     15.02490095	    -71.83526388	      0.00000000	      0.00000000	     96.00458676	     -2.10190226	     70.68689238	     29.93042632	   -777.09685858	      0.00000000	      0.00000000
      0.39166667	    -89.23161755	    -11.46460613	   -180.54581264	      1.09694756	      0.80715887	     -0.05433598	      2.15994038	     16.45752202	      3.92066682	    -66.24932968	     59.12752501	     17.78100790	     -6.10503992	   -111.65601092	      0.77136689	   -281.29806910	    102.62798532	    -18.47594452	   -125.59007407	   -162.08815803	     -8.56020403	    -22.62264816	     55.36834627	     38.30773614	   -102.39035446	    139.88094315	     24.37173261	      8.59796806	      0.89276153	     -8.01634548	     93.52364215	   -164.15157998	     71.06519797	     15.04602407	    -71.84464223	      0.00000000	      0.00000000	     95.98814987	     -2.08179736	     70.65696131	     29.92560840	   -777.10470060	      0.00000000	      0.00000000
      0.39444444	    -89.23816909	    -11.45573006	   -180.62800478	      1.09693040	      0.80706595	     -0.05443259	      2.13382817	     16.48578241	      3.76731920	    -66.54314067	     59.27128248	     17.78236283	     -6.20325137	   -111.93700289	      1.01760163	   -281.68761211	    102.69696004	    -18.66278840	   -126.11813741	   -162.25188196	     -8.64146269	    -22.42470774	     55.28803697	     38.32896100	   -102.88273320	    139.76660990	     24.52900404	      8.51884224	      0.92019233	     -7.46868038	     93.51386250	   -164.04061352	     71.05049259	     15.05308932	    -71.98171225	      0.00000000	      0.00000000	     95.98372069	     -1.95561324	     70.64987026	     29.91708311	   -777.18721212	      0.00000000	      0.00000000
      0.39722222	    -89.24785366	    -11.46603172	   -180.70788204	      1.09702763	      0.80707722	     -0.05460154	      2.05771659	     16.50113083	      3.58412939	    -66.48791834	     59.24953740	     17.72752878	     -6.28268155	   -111.99852576	      1.09968190	   -281.84687197	    102.66807573	    -18.73245830	   -126.18865122	   -162.28304069	     -8.68622883	    -22.56492677	     55.15376689	     38.25949920	   -102.96395398	    139.73992040	     24.57683100	      8.44978517	      0.97439606	     -7.41648392	     93.55662091	   -164.00945582	     71.07821490	     15.07173816	    -71.98824111	      0.00000000	      0.00000000	     95.97368477	     -1.93988519	     70.63280940	     29.91922974	   -777.19393064	      0.00000000	      0.00000000
      0.40000000	    -89.26328542	    -11.48135026	   -180.75770651	      1.09701920	      0.80692962	     -0.05467719	      2.01020624	     16.52066007	      3.23836123	    -66.78081226	     59.45513745	     17.68548279	     -6.21358268	   -112.32595262	      1.34108501	   -282.17608771	    102.61979634	    -18.89977637	   -126.63676818	   -162.49085346	     -8.85302702	    -22.36676584	     55.22439180	     38.24119439	   -103.51825701	    139.61521103	     24.67803616	      8.27997380	      1.00678718	     -6.51813878	     93.53675926	   -163.83996226	     71.02812255	     15.07009796	    -72.25216891	      0.00000000	      0.00000000	     96.03073047	     -1.75765137	     70.66142963	     29.91563622	   -777.35304607	      0.00000000	      0.00000000
      0.40277778	    -89.27114482	    -11.48574713	   -180.84769293	      1.09714855	      0.80692561	     -0.05482738	      1.93690937	     16.53051662	      3.06501575	    -66.72220149	     59.43695139	     17.62577285	     -6.29540992	   -112.38557097	      1.43032300	   -282.34211275	    102.59985135	    -18.97372028	   -126.71544315	   -162.52229375	     -8.89307250	    -22.49829411	     55.07009034	     38.18055935	   -103.59563135	    139.58789674	     24.73186341	      8.23299798	      1.05571531	     -6.49272367	     93.58098402	   -163.81329823	     71.05524848	     15.08990129	    -72.25546636	      0.00000000	      0.00000000	     96.01458865	     -1.74272151	     70.63532229	     29.91491563	   -777.35805072	      0.00000000	      0.00000000
      0.40555556	    -89.28093259	    -11.49492767	   -180.90699747	      1.09726789	      0.80690678	     -0.05492326	      1.88870939	     16.54534352	      2.90934983	    -66.69279872	     59.42494497	     17.56654214	     -6.40560981	   -112.48890773	      1.53521912	   -282.55259767	    102.58698568	    -19.05157586	   -126.86621010	   -162.56552424	     -8.93328206	    -22.63902393	     54.88088562	     38.12519985	   -103.69846382	    139.54801195	     24.83798107	      8.13731266	      1.09535435	     -6.42669883	     93.61461188	   -163.78911225	     71.06465089	     15.09501809	    -72.26038969	      0.00000000	      0.00000000	     96.00882996	     -1.72850144	     70.62621527	     29.92004488	   -777.36357642	      0.00000000	      0.00000000
      0.40833333	    -89.29016014	    -11.49882249	   -180.96297158	      1.09739978	      0.80683615	     -0.05502062	      1.84855267	     16.55668108	      2.74752612	    -66.71075395	     59.42151720	     17.51882856	     -6.54519392	   -112.61669539	      1.65510152	   -282.78230818	    102.58231639	    -19.12005880	   -127.07591452	   -162.62188248	     -8.96080351	    -22.76067672	     54.69193770	     38.08310786	   -103.82737753	    139.49311864	     24.97491833	      8.04213967	      1.10948509	     -6.35282575	     93.64385716	   -163.76092054	     71.07059412	     15.09522193	    -72.26784664	      0.00000000	      0.00000000	     96.00075510	     -1.70636661	     70.61619875	     29.92475949	   -777.37311659	      0.00000000	      0.00000000
      0.41111111	    -89.28986411	    -11.48877145	   -181.05787528	      1.09733219	      0.80673308	     -0.05516697	      1.83252177	     16.57863147	      2.67278808	    -67.14312706	     59.60480936	     17.59555950	     -6.76102277	   -112.90141569	      1.92555752	   -283.29712710	    102.73216550	    -19.36981425	   -127.70907433	   -162.70414625	     -8.95360120	    -22.57833972	     54.50930141	     38.08966182	   -104.18543033	    139.38664816	     25.19336628	      7.98653579	      1.08003001	     -6.00315714	     93.63987287	   -163.66921665	     71.08069165	     15.10018743	    -72.34164069	      0.00000000	      0.00000000	     95.98577049	     -1.58819097	     70.59587348	     29.91133410	   -777.43331947	      0.00000000	      0.00000000
      0.41388889	    -89.30107233	    -11.49521249	   -181.14848704	      1.09746032	      0.80671788	     -0.05530907	      1.75028727	     16.58589868	      2.47378416	    -67.09728911	     59.59584818	     17.52739410	     -6.84875885	   -112.94805966	      2.00982884	   -283.46755444	    102.71627977	    -19.43417232	   -127.77272749	   -162.73310712	     -9.02285630	    -22.71109700	     54.37389370	     38.02852119	   -104.25294040	    139.35755776	     25.23686896	      7.93380191	      1.12684261	     -5.97230572	     93.68660904	   -163.63570973	     71.10716557	     15.12269485	    -72.34473066	      0.00000000	      0.00000000	     95.96850887	     -1.56925453	     70.57524882	     29.91122088	   -777.43923492	      0.00000000	      0.00000000
      0.41666667	    -89.31361977	    -11.50560102	   -181.20342954	      1.09758913	      0.80667927	     -0.05542839	      1.69094847	     16.59577338	      2.28092956	    -67.07433945	     59.57788679	     17.47477467	     -6.95951293	   -113.05093297	      2.12935292	   -283.68127601	    102.68916706	    -19.51642054	   -127.91235696	   -162.78193251	     -9.05992150	    -22.86415525	     54.19912104	     37.95215986	   -104.37671941	    139.30598180	     25.33314778	      7.81881629	      1.17562035	     -5.89691584	     93.71716330	   -163.60089178	     71.11840193	     15.13343076	    -72.34993783	      0.00000000	      0.00000000	     95.96594379	     -1.54895466	     70.56772860	     29.91897491	   -777.44766399	      0.00000000	      0.00000000
      0.41944444	    -89.32212077	    -11.50401399	   -181.26408932	      1.09751354	      0.80653148	     -0.05551510	      1.66838466	     16.61870930	      2.06788649	    -67.50514739	     59.79725445	     17.51394018	     -7.06670792	   -113.38226855	      2.40891499	   -284.16773919	    102.77377143	    -19.73191949	   -128.49770192	   -162.90123674	     -9.17411410	    -22.68481652	     54.16561960	     37.95480908	   -104.88008405	    139.12811106	     25.50772280	      7.68806255	      1.15982304	     -5.27833291	     93.68058276	   -163.45320683	     71.07847608	     15.13261334	    -72.45542268	      0.00000000	      0.00000000	     95.99051624	     -1.37960987	     70.58363806	     29.91581630	   -777.53963018	      0.00000000	      0.00000000
      0.42222222	    -89.33384837	    -11.51070988	   -181.36356440	      1.09766149	      0.80650569	     -0.05565377	      1.58690125	     16.62661702	      1.85561260	    -67.45764197	     59.78685898	     17.44493776	     -7.16194063	   -113.43350689	      2.50708656	   -284.34331123	    102.74810159	    -19.77579662	   -128.56833052	   -162.94507828	     -9.23282540	    -22.82709184	     54.02505852	     37.89576786	   -104.95093990	    139.08548624	     25.56203787	      7.62488346	      1.20986799	     -5.24297022	     93.72848971	   -163.42099197	     71.09995058	     15.15481550	    -72.45955644	      0.00000000	      0.00000000	     95.97407290	     -1.35997033	     70.55729245	     29.91595412	   -777.54629575	      0.00000000	      0.00000000
      0.42500000	    -89.34478405	    -11.51762562	   -181.39967052	      1.09764501	      0.80638840	     -0.05572341	      1.55208865	     16.64067822	      1.61365635	    -67.77046752	     60.05891980	     17.44711821	     -7.24965997	   -113.70617816	      2.75883857	   -284.76449671	    102.69694992	    -19.96758461	   -129.05543030	   -163.08148756	     -9.30598331	    -22.70506268	     53.90360136	     37.87475167	   -105.32459248	    138.98047714	     25.73443002	      7.47290519	      1.21815156	     -4.67636319	     93.69849259	   -163.28603424	     71.06056214	     15.15484135	    -72.58577936	      0.00000000	      0.00000000	     96.00682959	     -1.21803174	     70.57784754	     29.92452182	   -777.64929364	      0.00000000	      0.00000000
      0.42777778	    -89.35263754	    -11.52633980	   -181.44947298	      1.09769452	      0.80633218	     -0.05579910	      1.50481143	     16.64634971	      1.42466904	    -67.81283899	     60.08542013	     17.38223851	     -7.38741305	   -113.83026946	      2.87533661	   -285.00855981	    102.69207973	    -20.04080270	   -129.24376459	   -163.13271672	     -9.38111663	    -22.85242580	     53.73822311	     37.82899357	   -105.43034031	    138.93683594	     25.86301288	      7.35856431	      1.25563176	     -4.56386550	     93.71939274	   -163.25089599	     71.06063163	     15.16088158	    -72.60065382	      0.00000000	      0.00000000	     96.00407128	     -1.19077633	     70.57073895	     29.92633343	   -777.66546923	      0.00000000	      0.00000000
      0.43055556	    -89.36171548	    -11.53448074	   -181.55690694	      1.09778445	      0.80631190	     -0.05593456	      1.42101245	     16.65160526	      1.22526002	    -67.78486975	     60.07339517	     17.31785588	     -7.49288078	   -113.87922498	      2.99043010	   -285.20644659	    102.67249808	    -20.11589798	   -129.33050154	   -163.17303100	     -9.43127007	    -22.98192102	     53.57721292	     37.74909857	   -105.50983389	    138.89706354	     25.91721967	      7.31190120	      1.29053443	     -4.52031572	     93.76945106	   -163.21759105	     71.09341991	     15.18054488	    -72.60551102	      0.00000000	      0.00000000	     95.98051549	     -1.16853547	     70.54282829	     29.92308629	   -777.67352183	      0.00000000	      0.00000000
      0.43333333	    -89.37728316	    -11.53736184	   -181.62528252	      1.09789247	      0.80628875	     -0.05596401	      1.36679480	     16.66741965	      1.03887828	    -67.81522501	     60.08670180	     17.25732239	     -7.63819364	   -113.99590168	      3.12586775	   -285.46519178	    102.67644150	    -20.18207968	   -129.51710851	   -163.23140278	     -9.49230590	    -23.13289787	     53.39566200	     37.70096907	   -105.62011350	    138.83758513	     26.04361955	      7.20170023	      1.33103902	     -4.41742119	     93.81605086	   -163.19281977	     71.10457037	     15.16015152	    -72.61546412	      0.00000000	      0.00000000	     95.96818061	     -1.14494466	     70.54447434	     29.92887419	   -777.68541491	      0.00000000	      0.00000000
      0.43611111	    -89.36819126	    -11.54576811	   -181.67242109	      1.09779776	      0.80619176	     -0.05609108	      1.37834569	     16.67229491	      0.90661972	    -68.13189266	     60.23021535	     17.28251244	     -7.86965714	   -114.28130114	      3.42746896	   -285.92800752	    102.76076176	    -20.29915394	   -130.05282394	   -163.35904151	     -9.44700335	    -23.16216518	     53.19882922	     37.72898618	   -105.88046996	    138.69965731	     26.29109536	      7.05465820	      1.27293972	     -4.03817925	     93.79643533	   -163.12383362	     71.10335375	     15.17516374	    -72.65414799	      0.00000000	      0.00000000	     95.97513477	     -1.06440180	     70.52505802	     29.92566260	   -777.72907262	      0.00000000	      0.00000000
      0.43888889	    -89.37888355	    -11.55237825	   -181.78106837	      1.09795191	      0.80621107	     -0.05626973	      1.28284888	     16.68128439	      0.70177856	    -68.11331668	     60.22940680	     17.21460713	     -7.96439514	   -114.32125532	      3.54082506	   -286.14116496	    102.75102003	    -20.39157285	   -130.12925614	   -163.39271215	     -9.52391584	    -23.28152503	     53.04383175	     37.64014685	   -105.95850564	    138.66601766	     26.33119474	      7.01593637	      1.33111708	     -3.98500148	     93.84951998	   -163.08338520	     71.13305402	     15.20368505	    -72.65884076	      0.00000000	      0.00000000	     95.95048757	     -1.03708004	     70.49470870	     29.92014033	   -777.73805281	      0.00000000	      0.00000000
      0.44166667	    -89.38198097	    -11.53847693	   -181.83281415	      1.09800209	      0.80612435	     -0.05636076	      1.27348539	     16.71051018	      0.56477049	    -68.49651670	     60.38731910	     17.26766119	     -8.24922271	   -114.55645180	      3.80599932	   -286.63105087	    102.82149199	    -20.58331305	   -130.68328015	   -163.47921603	     -9.53992933	    -23.23151089	     52.81598275	     37.59804575	   -106.25778590	    138.54669083	     26.57418333	      6.90301138	      1.34012199	     -3.54790909	     93.83201656	   -162.98215105	     71.12055954	     15.19325191	    -72.69945422	      0.00000000	      0.00000000	     95.95333155	     -0.92836437	     70.49570159	     29.91952714	   -777.79875592	      0.00000000	      0.00000000
      0.44444444	    -89.39245856	    -11.54571492	   -181.94702538	      1.09811598	      0.80612236	     -0.05651403	      1.17655365	     16.70978906	      0.35096347	    -68.46358445	     60.38674668	     17.19351937	     -8.33575517	   -114.59323511	      3.92171180	   -286.83732186	    102.80800248	    -20.67105173	   -130.74420142	   -163.51293644	     -9.61739788	    -23.36251990	     52.66464011	     37.51272491	   -106.33222038	    138.51007681	     26.60856665	      6.85643161	      1.40406343	     -3.50119732	     93.88056078	   -162.94258633	     71.15098284	     15.21923011	    -72.70392593	      0.00000000	      0.00000000	     95.92906719	     -0.90132967	     70.46773365	     29.91542704	   -777.80815798	      0.00000000	      0.00000000
      0.44722222	    -89.40433475	    -11.55397213	   -182.03027446	      1.09824698	      0.80609886	     -0.05660288	      1.10606397	     16.71514459	      0.13982607	    -68.46239720	     60.38295251	     17.13428868	     -8.44698661	   -114.68357530	      4.07050161	   -287.09123518	    102.78916719	    -20.76785135	   -130.87924635	   -163.56794154	     -9.67386366	    -23.51385919	     52.47438035	     37.41520488	   -106.45284538	    138.44993815	     26.70101909	      6.75836580	      1.46524855	     -3.41074045	     93.91836845	   -162.90364490	     71.16296279	     15.23115765	    -72.71046371	      0.00000000	      0.00000000	     95.92329845	     -0.87583610	     70.45691228	     29.92333848	   -777.82030847	      0.00000000	      0.00000000
      0.45000000	    -89.42100412	    -11.56232201	   -182.02026528	      1.09811104	      0.80593265	     -0.05658672	      1.11232544	     16.72581499	     -0.04443668	    -68.75051049	     60.51222505	     17.14883556	     -8.65435748	   -115.00153753	      4.33885741	   -287.55128519	    102.83957854	    -20.87643444	   -131.42172930	   -163.69439193	     -9.69452851	    -23.56669726	     52.21923092	     37.41814142	   -106.75877511	    138.28550664	     27.02368054	      6.54540208	      1.41730854	     -3.00971883	     93.88822735	   -162.83534234	     71.11038148	     15.20917644	    -72.74511226	      0.00000000	      0.00000000	     95.93776984	     -0.79362483	     70.48641014	     29.94339860	   -777.87154100	      0.00000000	      0.00000000
      0.45277778	    -89.42508486	    -11.56879448	   -182.16266997	      1.09822927	      0.80592604	     -0.05677303	      1.00341455	     16.72555023	     -0.27710438	    -68.73444937	     60.50626980	     17.08081593	     -8.75324657	   -115.02343311	      4.47327281	   -287.76149458	    102.82267928	    -20.95779117	   -131.48587231	   -163.73683150	     -9.75493436	    -23.68025001	     52.07286892	     37.31973619	   -106.83710395	    138.23908105	     27.04861402	      6.53010874	      1.45949795	     -2.96211716	     93.94418307	   -162.79030014	     71.15656273	     15.24758266	    -72.75012142	      0.00000000	      0.00000000	     95.90549304	     -0.76258855	     70.44589898	     29.93149825	   -777.88172554	      0.00000000	      0.00000000
      0.45555556	    -89.44059602	    -11.55341800	   -182.28918056	      1.09824568	      0.80580117	     -0.05700809	      0.91257759	     16.75656878	     -0.59032116	    -69.36398009	     60.89784621	     17.22750715	     -8.73341731	   -115.35362493	      4.85292099	   -288.40236971	    102.87373415	    -21.35821608	   -132.18342397	   -163.83230976	     -9.84224605	    -23.23780469	     51.97022214	     37.20968707	   -107.42658152	    138.01898475	     27.20043482	      6.41186385	      1.55452036	     -1.96611455	     93.89950641	   -162.53262201	     71.12336223	     15.26174389	    -72.90832974	      0.00000000	      0.00000000	     95.92812332	     -0.49077228	     70.44976247	     29.92089417	   -778.06644602	      0.00000000	      0.00000000
      0.45833333	    -89.44840822	    -11.56318649	   -182.41220601	      1.09834653	      0.80577656	     -0.05714821	      0.81949793	     16.74894575	     -0.84495821	    -69.31943884	     60.86787121	     17.14912520	     -8.83399158	   -115.39302628	      4.98704252	   -288.59813383	    102.82940545	    -21.40323429	   -132.23522902	   -163.88954104	     -9.89793034	    -23.40944186	     51.82098264	     37.10232990	   -107.50105168	    137.96006762	     27.25178809	      6.35281231	      1.60252900	     -1.92965382	     93.95231185	   -162.49403073	     71.15635103	     15.28876923	    -72.91271611	      0.00000000	      0.00000000	     95.90188218	     -0.46721015	     70.42281978	     29.91560652	   -778.07467666	      0.00000000	      0.00000000
      0.46111111	    -89.45058215	    -11.57429642	   -182.44425768	      1.09830357	      0.80565229	     -0.05727866	      0.79651556	     16.77853929	     -1.11158902	    -69.52907744	     61.03104082	     17.12997143	     -8.90218219	   -115.72328440	      5.29308767	   -288.99903712	    102.75407513	    -21.46740192	   -132.73667693	   -164.07296952	     -9.90784741	    -23.38820046	     51.54815306	     37.08155395	   -107.89731219	    137.71999239	     27.57869351	      6.14877035	      1.55368046	     -1.31412404	     93.93057641	   -162.35604503	     71.12953313	     15.29111270	    -73.02602765	      0.00000000	      0.00000000	     95.94213549	     -0.33214756	     70.42497492	     29.91405323	   -778.18707737	      0.00000000	      0.00000000
      0.46388889	    -89.45969097	    -11.58264249	   -182.57568457	      1.09839710	      0.80561696	     -0.05739353	      0.69779586	     16.76533243	     -1.36472886	    -69.48215289	     61.00011231	     17.05656331	     -9.00382407	   -115.75065323	      5.43243289	   -289.20792390	    102.71431718	    -21.53095649	   -132.78348378	   -164.12784361	     -9.96456255	    -23.55072418	     51.38211938	     36.96098876	   -107.97681835	    137.66428276	     27.62437583	      6.09520222	      1.61106111	     -1.28075543	     93.98686970	   -162.31817037	     71.16268431	     15.31908316	    -73.02980733	      0.00000000	      0.00000000	     95.90697911	     -0.30634655	     70.39665281	     29.90781645	   -778.19549410	      0.00000000	      0.00000000
      0.46666667	    -89.47963817	    -11.59519988	   -182.56193560	      1.09840033	      0.80552623	     -0.05737791	      0.69583946	     16.77561733	     -1.58160417	    -69.54653818	     61.02810573	     17.03370940	     -9.17348827	   -115.99143638	      5.67333149	   -289.58082419	    102.68115610	    -21.56750030	   -133.13384572	   -164.28016693	     -9.97746774	    -23.72923835	     51.04478330	     36.90518945	   -108.23930136	    137.49469412	     27.93705963	      5.81877649	      1.61818302	     -0.98863572	     93.98082635	   -162.27218263	     71.12031751	     15.28146874	    -73.05972980	      0.00000000	      0.00000000	     95.93430704	     -0.26145016	     70.42636951	     29.93996641	   -778.23492013	      0.00000000	      0.00000000
      0.46944444	    -89.48412038	    -11.60064883	   -182.70703509	      1.09848392	      0.80550527	     -0.05755276	      0.58879043	     16.76853774	     -1.83074733	    -69.51866145	     61.00542642	     16.96239551	     -9.28275613	   -116.01754535	      5.82931990	   -289.79693655	    102.64915936	    -21.62625493	   -133.19979467	   -164.34408366	    -10.02496362	    -23.86795284	     50.87833743	     36.79390885	   -108.33156735	    137.42755481	     27.98541405	      5.78728635	      1.65973514	     -0.93714432	     94.03962543	   -162.22648235	     71.16763727	     15.32138035	    -73.06562707	      0.00000000	      0.00000000	     95.89674284	     -0.22963294	     70.38689037	     29.92595111	   -778.24482345	      0.00000000	      0.00000000
      0.47222222	    -89.48719629	    -11.60534060	   -182.73316614	      1.09848091	      0.80538360	     -0.05761102	      0.59054895	     16.79390578	     -1.99212275	    -69.68895519	     61.08625004	     17.01756365	     -9.44245647	   -116.31640025	      6.13573516	   -290.28327595	    102.66223848	    -21.70809745	   -133.71062676	   -164.53803010	    -10.00250520	    -23.89919180	     50.44128000	     36.74912599	   -108.72064846	    137.19823400	     28.38663745	      5.60098501	      1.62110107	     -0.52961793	     94.02951603	   -162.14878150	     71.15223735	     15.31455294	    -73.10394335	      0.00000000	      0.00000000	     95.91310823	     -0.14902761	     70.38774750	     29.93411566	   -778.30223254	      0.00000000	      0.00000000
      0.47500000	    -89.49386213	    -11.61271519	   -182.88523980	      1.09854330	      0.80536752	     -0.05774754	      0.47996129	     16.78057067	     -2.24164035	    -69.66359419	     61.08228562	     16.92815471	     -9.54695999	   -116.32491083	      6.27321859	   -290.49824775	    102.64979038	    -21.75879695	   -133.76280973	   -164.58948520	    -10.08635254	    -24.02418724	     50.28541386	     36.65963892	   -108.78194985	    137.14282922	     28.42340612	      5.57831646	      1.66704418	     -0.48462190	     94.08606079	   -162.10629478	     71.19384956	     15.34724910	    -73.10869133	      0.00000000	      0.00000000	     95.86907070	     -0.11507233	     70.34902067	     29.91863197	   -778.31234856	      0.00000000	      0.00000000
      0.47777778	    -89.50242258	    -11.61135309	   -182.93282293	      1.09855907	      0.80527040	     -0.05788601	      0.44929639	     16.80149716	     -2.47282736	    -69.89480389	     61.18863065	     16.98465971	     -9.71355870	   -116.58615927	      6.61860438	   -290.97499369	    102.65075674	    -21.84680882	   -134.28470727	   -164.78669166	    -10.03790831	    -23.97004608	     49.88062999	     36.60088300	   -109.18783253	    136.89034654	     28.78426420	      5.37724160	      1.67409189	      0.06136980	     94.07549991	   -161.99340804	     71.17855091	     15.32808266	    -73.16414523	      0.00000000	      0.00000000	     95.88436816	      0.00591049	     70.35271837	     29.93579907	   -778.39707456	      0.00000000	      0.00000000
      0.48055556	    -89.51066287	    -11.61710408	   -183.07711971	      1.09863484	      0.80522006	     -0.05800059	      0.34263046	     16.78370584	     -2.71758204	    -69.85930993	     61.18201314	     16.87797223	     -9.79810676	   -116.60443162	      6.75945016	   -291.19559768	    102.63467158	    -21.91594094	   -134.33071084	   -164.83548364	    -10.13762542	    -24.10678366	     49.71137063	     36.49767053	   -109.25343511	    136.83784846	     28.82684082	      5.34980130	      1.73315092	      0.10844853	     94.13153043	   -161.95130265	     71.21511136	     15.36097248	    -73.16919292	      0.00000000	      0.00000000	     95.84236127	      0.03909435	     70.31962014	     29.92234251	   -778.40773211	      0.00000000	      0.00000000
      0.48333333	    -89.52652690	    -11.62669766	   -183.09406046	      1.09866353	      0.80511326	     -0.05799887	      0.33703002	     16.79386698	     -2.94982251	    -70.01703265	     61.24664009	     16.86332449	     -9.91269242	   -116.88458674	      7.06989357	   -291.63361517	    102.62506047	    -22.00805389	   -134.76103214	   -164.99878417	    -10.13380517	    -24.19383030	     49.31385713	     36.40829921	   -109.55643265	    136.63097470	     29.18709017	      5.09060349	      1.76866485	      0.55017399	     94.12087920	   -161.86699315	     71.17655170	     15.33458152	    -73.21171801	      0.00000000	      0.00000000	     95.87425833	      0.12558577	     70.34568211	     29.95265513	   -778.47540098	      0.00000000	      0.00000000
      0.48611111	    -89.53038340	    -11.63619379	   -183.24912250	      1.09870440	      0.80508368	     -0.05816986	      0.21909377	     16.77522400	     -3.20809612	    -69.99702780	     61.24003091	     16.77859006	    -10.01663928	   -116.89077614	      7.22366004	   -291.86233008	    102.60888514	    -22.07357601	   -134.81601759	   -165.05227021	    -10.20714350	    -24.31881546	     49.14178961	     36.29815515	   -109.62588952	    136.57128858	     29.22843265	      5.07436752	      1.80041682	      0.60728923	     94.18222286	   -161.81799106	     71.22346850	     15.37441480	    -73.21765116	      0.00000000	      0.00000000	     95.82475001	      0.16524673	     70.30180350	     29.93378589	   -778.48831517	      0.00000000	      0.00000000
      0.48888889	    -89.53923522	    -11.62170118	   -183.40082609	      1.09879353	      0.80495814	     -0.05842951	      0.09887363	     16.81248187	     -3.58409172	    -70.48458965	     61.58951999	     16.97046665	     -9.88976340	   -117.21235201	      7.62102260	   -292.50720526	    102.61735265	    -22.31951937	   -135.52737012	   -165.20408720	    -10.18977056	    -23.78578117	     48.69380863	     36.18279635	   -110.18569543	    136.20296144	     29.61202901	      4.97912383	      1.88606521	      1.85953347	     94.10917019	   -161.46558408	     71.17759957	     15.41005864	    -73.34635077	      0.00000000	      0.00000000	     95.88091416	      0.51958924	     70.30972365	     29.92925820	   -778.75506458	      0.00000000	      0.00000000
      0.49166667	    -89.55201306	    -11.63163956	   -183.52684581	      1.09879577	      0.80490472	     -0.05850707	     -0.00281392	     16.78700041	     -3.85921657	    -70.44912633	     61.57002948	     16.87218415	    -10.00469367	   -117.22644473	      7.77383190	   -292.73609571	    102.58682878	    -22.36822146	   -135.56717333	   -165.26028700	    -10.27581990	    -23.96775997	     48.52539093	     36.06116673	   -110.24517606	    136.14213734	     29.66609336	      4.91706182	      1.92802839	      1.90083888	     94.16516676	   -161.42798548	     71.20724378	     15.42726860	    -73.35128722	      0.00000000	      0.00000000	     95.84019480	      0.54881953	     70.28768625	     29.92100868	   -778.76578214	      0.00000000	      0.00000000
      0.49444444	    -89.56895041	    -11.64916425	   -183.50502437	      1.09880129	      0.80479493	     -0.05848499	      0.00088175	     16.79506451	     -4.10651427	    -70.61025702	     61.62055005	     16.86067783	    -10.21059810	   -117.48524236	      8.08844762	   -293.17947900	    102.57024218	    -22.40049952	   -135.97368226	   -165.41844988	    -10.25925116	    -24.17317228	     48.12895125	     35.96795523	   -110.47503451	    135.93446674	     30.05101427	      4.64898408	      1.88232456	      2.24522223	     94.15997865	   -161.37297264	     71.15868277	     15.38565325	    -73.39175991	      0.00000000	      0.00000000	     95.88308838	      0.60341057	     70.31984095	     29.95003385	   -778.82671587	      0.00000000	      0.00000000
      0.49722222	    -89.57537256	    -11.63891229	   -183.65445466	      1.09884031	      0.80468281	     -0.05868624	     -0.12918220	     16.80084373	     -4.43887206	    -70.78611061	     61.81875904	     16.94389972	    -10.16283505	   -117.64866593	      8.36300559	   -293.62531406	    102.51026339	    -22.52827562	   -136.34497061	   -165.47724963	    -10.25080182	    -23.95972860	     47.71298286	     35.84082920	   -110.78998127	    135.63220780	     30.32879253	      4.60950402	      1.96060471	      2.95451372	     94.15756846	   -161.18804562	     71.16562516	     15.41542473	    -73.54100147	      0.00000000	      0.00000000	     95.88495844	      0.80861878	     70.30643794	     29.93537282	   -779.04738739	      0.00000000	      0.00000000
      0.50000000	    -89.58309013	    -11.65320323	   -183.79024191	      1.09887911	      0.80464466	     -0.05878364	     -0.23575065	     16.77889410	     -4.70647157	    -70.76328256	     61.80687646	     16.83959761	    -10.28431012	   -117.65206662	      8.52140385	   -293.86886277	    102.49220052	    -22.57995766	   -136.38905384	   -165.53070708	    -10.34830609	    -24.13276306	     47.53951691	     35.71908967	   -110.84056349	    135.57279272	     30.38174585	      4.56150355	      1.99838716	      2.98982185	     94.21435245	   -161.15005733	     71.19823974	     15.44541007	    -73.54560628	      0.00000000	      0.00000000	     95.84631092	      0.83601090	     70.27384865	     29.92596151	   -779.05712492	      0.00000000	      0.00000000
      0.50277778	    -89.59624183	    -11.65153976	   -183.81605797	      1.09882662	      0.80446992	     -0.05885264	     -0.28710063	     16.79015902	     -5.07703423	    -71.09997280	     62.09082584	     16.91193101	    -10.30330026	   -117.93681826	      8.88365057	   -294.41211470	    102.40124362	    -22.74043593	   -136.90314628	   -165.51350724	    -10.32736031	    -24.04665118	     47.13419110	     35.57245387	   -111.14245817	    135.17641671	     30.75249617	      4.35778020	      2.02444802	      3.82980228	     94.14737272	   -160.96113758	     71.13300355	     15.45998779	    -73.79520994	      0.00000000	      0.00000000	     95.90890477	      1.02200324	     70.30679834	     29.91895487	   -779.40487562	      0.00000000	      0.00000000
      0.50555556	    -89.60618545	    -11.66542415	   -183.87656201	      1.09884363	      0.80438306	     -0.05885128	     -0.33357911	     16.78091402	     -5.31013534	    -71.16948802	     62.09792144	     16.87542234	    -10.50405243	   -118.03871208	      9.12156765	   -294.78418580	    102.40530789	    -22.78672241	   -137.11835543	   -165.61258766	    -10.36500760	    -24.25672641	     46.81378338	     35.44887564	   -111.26034426	    135.05161459	     30.98107441	      4.19921459	      2.02078556	      3.95809730	     94.18202771	   -160.92967079	     71.13275982	     15.45091422	    -73.81026392	      0.00000000	      0.00000000	     95.89704691	      1.04264012	     70.30362661	     29.94098558	   -779.42884332	      0.00000000	      0.00000000
      0.50833333	    -89.61080584	    -11.67475252	   -183.96610243	      1.09886964	      0.80431927	     -0.05891612	     -0.38127552	     16.77723747	     -5.50783784	    -71.30434958	     62.13821176	     16.87943055	    -10.69874587	   -118.15375659	      9.40998530	   -295.22378375	    102.44102337	    -22.87208196	   -137.40644948	   -165.71871812	    -10.36379363	    -24.39620535	     46.44019631	     35.31911581	   -111.40762547	    134.90041307	     31.23629497	      4.07474888	      2.01303498	      4.14977413	     94.21548643	   -160.88288040	     71.14995763	     15.46039418	    -73.82846352	      0.00000000	      0.00000000	     95.88138387	      1.08284247	     70.28626059	     29.94201474	   -779.46370957	      0.00000000	      0.00000000
      0.51111111	    -89.61238276	    -11.68600331	   -184.07730420	      1.09892221	      0.80423695	     -0.05909566	     -0.44597613	     16.77104981	     -5.70000940	    -71.50249246	     62.19611247	     16.92185812	    -10.87493281	   -118.29476870	      9.72029327	   -295.68815927	    102.47162956	    -22.99620955	   -137.75645854	   -165.80765482	    -10.32039432	    -24.47965830	     46.02272247	     35.15545910	   -111.56788476	    134.72745667	     31.53494103	      3.98070170	      2.01219807	      4.39717150	     94.25851568	   -160.81051403	     71.17525896	     15.47515893	    -73.85266686	      0.00000000	      0.00000000	     95.86035451	      1.14706037	     70.24811236	     29.94258771	   -779.51251230	      0.00000000	      0.00000000
      0.51388889	    -89.62195350	    -11.69449386	   -184.17506940	      1.09890826	      0.80418816	     -0.05925878	     -0.53084977	     16.74045646	     -5.94858651	    -71.55734531	     62.21588911	     16.90967896	    -11.02068253	   -118.36652044	      9.99167489	   -296.06377679	    102.46425870	    -23.09424424	   -137.94032995	   -165.89292176	    -10.30681107	    -24.63653238	     45.69028384	     34.99640680	   -111.70820963	    134.58602962	     31.71987289	      3.83592994	      2.04977624	      4.57468391	     94.28798871	   -160.75472379	     71.20024374	     15.47698572	    -73.86453151	      0.00000000	      0.00000000	     95.83370868	      1.19875404	     70.23200343	     29.94874318	   -779.54922673	      0.00000000	      0.00000000
      0.51666667	    -89.61646891	    -11.68707736	   -184.34479338	      1.09900091	      0.80410230	     -0.05938145	     -0.61406563	     16.76827701	     -6.15688715	    -71.87470974	     62.40920390	     17.02589981	    -11.13689861	   -118.51289953	     10.32099151	   -296.63584421	    102.52252934	    -23.20255049	   -138.41239941	   -165.93292274	    -10.26357389	    -24.52088165	     45.19383218	     34.86519363	   -111.86033926	    134.31004313	     32.08349131	      3.83977944	      2.05931123	      5.06876942	     94.31272549	   -160.60983011	     71.23279918	     15.51440500	    -73.91327409	      0.00000000	      0.00000000	     95.82327047	      1.34671552	     70.19708441	     29.92764666	   -779.67121439	      0.00000000	      0.00000000
      0.51944444	    -89.63774658	    -11.70037248	   -184.40869497	      1.09897346	      0.80402856	     -0.05949637	     -0.69974262	     16.72866437	     -6.44635789	    -71.88955849	     62.40431380	     16.98401052	    -11.29512949	   -118.56340072	     10.56272278	   -296.97236785	    102.48511587	    -23.27858367	   -138.53128475	   -166.00284182	    -10.28838603	    -24.74624604	     44.91377314	     34.68838875	   -111.98144690	    134.18215550	     32.23977640	      3.63862696	      2.10992848	      5.22395960	     94.33957868	   -160.56304543	     71.22510565	     15.50090745	    -73.92229199	      0.00000000	      0.00000000	     95.80582152	      1.39256022	     70.19536665	     29.94203127	   -779.70465695	      0.00000000	      0.00000000
      0.52222222	    -89.64418193	    -11.71051719	   -184.57739832	      1.09897969	      0.80398981	     -0.05946087	     -0.79712872	     16.70192876	     -6.73029306	    -71.88822346	     62.39144443	     16.87734205	    -11.41686397	   -118.55597109	     10.74879038	   -297.24674822	    102.46548722	    -23.30662171	   -138.58627962	   -166.06831213	    -10.38859621	    -24.91668085	     44.73210399	     34.53605426	   -112.02811284	    134.10014581	     32.31143119	      3.61377019	      2.15499411	      5.26930949	     94.39827430	   -160.52070526	     71.26018495	     15.54014711	    -73.92562224	      0.00000000	      0.00000000	     95.75663266	      1.42640882	     70.16837321	     29.92617786	   -779.71535850	      0.00000000	      0.00000000
      0.52500000	    -89.66119319	    -11.72592893	   -184.54159059	      1.09901850	      0.80390023	     -0.05949466	     -0.79081419	     16.71162121	     -6.94513649	    -72.12107767	     62.45532090	     16.94083907	    -11.67675882	   -118.79562254	     11.17601314	   -297.81624670	    102.48948946	    -23.36102962	   -139.04344628	   -166.23437707	    -10.30436325	    -25.14769109	     44.19769363	     34.37744881	   -112.28427646	    133.81791951	     32.78988647	      3.29743367	      2.11382668	      5.66062949	     94.37931588	   -160.46300224	     71.21355900	     15.50469084	    -73.94612675	      0.00000000	      0.00000000	     95.80992091	      1.48280350	     70.19660297	     29.97571526	   -779.77531458	      0.00000000	      0.00000000
      0.52777778	    -89.64924153	    -11.70610873	   -184.73136210	      1.09903296	      0.80378815	     -0.05967927	     -0.89376609	     16.74177191	     -7.18416768	    -72.42522406	     62.67297717	     17.13389058	    -11.70677561	   -118.96086100	     11.55473697	   -298.44400483	    102.53546890	    -23.44891363	   -139.56152234	   -166.27535580	    -10.20072957	    -24.91265037	     43.53903780	     34.22532602	   -112.55076390	    133.39349244	     33.27008576	      3.34242658	      2.11806185	      6.28324065	     94.38061723	   -160.29098807	     71.25166762	     15.56463039	    -74.00500437	      0.00000000	      0.00000000	     95.77896387	      1.66904525	     70.15282731	     29.94008102	   -779.94144171	      0.00000000	      0.00000000
      0.53055556	    -89.66611583	    -11.71736683	   -184.80958992	      1.09904951	      0.80371974	     -0.05975388	     -0.98383856	     16.70629677	     -7.49477315	    -72.44877144	     62.67219812	     17.07831460	    -11.84485175	   -118.99899557	     11.80568918	   -298.78653229	    102.48966207	    -23.51607575	   -139.67025021	   -166.32534877	    -10.23451470	    -25.13264028	     43.26520530	     34.02087967	   -112.65141417	    133.24463755	     33.42620242	      3.17791197	      2.18196495	      6.45696823	     94.40743511	   -160.23349049	     71.24976291	     15.56397410	    -74.02034501	      0.00000000	      0.00000000	     95.76689527	      1.72087960	     70.14796025	     29.95922147	   -779.98984491	      0.00000000	      0.00000000
      0.53333333	    -89.67540967	    -11.72843441	   -184.91185187	      1.09908475	      0.80365097	     -0.05984514	     -1.04086275	     16.70749913	     -7.72586108	    -72.65601940	     62.74499676	     17.12055165	    -12.05376229	   -119.11936717	     12.15052461	   -299.27433836	    102.49664428	    -23.55807574	   -140.00946934	   -166.40599820	    -10.20243455	    -25.27338838	     42.84213831	     33.84106695	   -112.80875943	    132.98942690	     33.77114200	      3.01761951	      2.14737801	      6.80331344	     94.43392743	   -160.13783237	     71.25318257	     15.56522354	    -74.04655998	      0.00000000	      0.00000000	     95.76476272	      1.80747944	     70.13954576	     29.96202926	   -780.06528819	      0.00000000	      0.00000000
      0.53611111	    -89.68034901	    -11.73337272	   -185.01675068	      1.09909639	      0.80355977	     -0.05993644	     -1.10679781	     16.70051607	     -7.94969206	    -72.86003464	     62.83569984	     17.14757345	    -12.20109810	   -119.22840698	     12.48907475	   -299.77792403	    102.52314345	    -23.68497110	   -140.33448163	   -166.45189674	    -10.19782262	    -25.35820387	     42.38178720	     33.64241835	   -112.97016915	    132.75378545	     34.09637105	      2.92099533	      2.16866198	      7.11635285	     94.44949855	   -160.04461414	     71.25988528	     15.57999563	    -74.07346101	      0.00000000	      0.00000000	     95.75480896	      1.90212558	     70.12431185	     29.96304598	   -780.14637229	      0.00000000	      0.00000000
      0.53888889	    -89.68807905	    -11.74172221	   -185.13653802	      1.09908968	      0.80348298	     -0.06005878	     -1.20008355	     16.67823384	     -8.23176880	    -72.99007528	     62.89463963	     17.18870855	    -12.33978410	   -119.28031689	     12.79678136	   -300.22634832	    102.51979994	    -23.74951881	   -140.56371485	   -166.50927802	    -10.17319325	    -25.46673893	     42.00643719	     33.43885480	   -113.10745839	    132.53075852	     34.34379902	      2.80067038	      2.17306922	      7.38439063	     94.47728525	   -159.95553755	     71.27955604	     15.59594450	    -74.09646944	      0.00000000	      0.00000000	     95.73922620	      1.98588044	     70.10573349	     29.96764667	   -780.21848115	      0.00000000	      0.00000000
      0.54166667	    -89.69220293	    -11.74244798	   -185.25446745	      1.09911797	      0.80337438	     -0.06014928	     -1.26566917	     16.68472220	     -8.48435091	    -73.19397917	     63.02268643	     17.29479269	    -12.43454091	   -119.43824424	     13.19467064	   -300.78838393	    102.50871074	    -23.77695162	   -140.95824915	   -166.57429508	    -10.08318680	    -25.49492294	     41.40893834	     33.23230203	   -113.33995848	    132.12926323	     34.81966667	      2.71128333	      2.17104480	      7.83941066	     94.48431089	   -159.82617359	     71.28116796	     15.61776788	    -74.14349140	      0.00000000	      0.00000000	     95.73601429	      2.12056282	     70.09216789	     29.95907775	   -780.34593712	      0.00000000	      0.00000000
      0.54444444	    -89.69976637	    -11.74386263	   -185.44032317	      1.09914043	      0.80335996	     -0.06027751	     -1.38971849	     16.63611025	     -8.79265920	    -73.14157641	     63.00143702	     17.18879384	    -12.54080055	   -119.38116225	     13.36479101	   -301.04263951	    102.47705696	    -23.78295891	   -140.94616526	   -166.62886287	    -10.18722369	    -25.67311133	     41.25778301	     33.07049691	   -113.38428431	    132.04390495	     34.85346332	      2.66599067	      2.23475246	      7.88205337	     94.54614399	   -159.77558715	     71.33267060	     15.65444936	    -74.14591442	      0.00000000	      0.00000000	     95.67014363	      2.16336210	     70.05503414	     29.93423599	   -780.35842857	      0.00000000	      0.00000000
      0.54722222	    -89.70646705	    -11.75525774	   -185.45569487	      1.09910545	      0.80324260	     -0.06031718	     -1.41042195	     16.64225072	     -9.06369811	    -73.20640843	     63.07577791	     17.32533990	    -12.68179505	   -119.55180442	     13.81195461	   -301.63978229	    102.44484199	    -23.69112597	   -141.27217223	   -166.81059745	    -10.07329372	    -25.86240703	     40.60534185	     32.88670423	   -113.75356197	    131.57299301	     35.39923973	      2.38945807	      2.20788812	      8.40884277	     94.52983110	   -159.65984879	     71.30201610	     15.61536905	    -74.18095597	      0.00000000	      0.00000000	     95.71041186	      2.27904773	     70.06565335	     29.96837875	   -780.47086927	      0.00000000	      0.00000000
      0.55000000	    -89.70679083	    -11.74581814	   -185.67337397	      1.09919228	      0.80314809	     -0.06053696	     -1.55320648	     16.65933356	     -9.30694849	    -73.36494972	     63.26391729	     17.48148715	    -12.65787648	   -119.65370045	     14.18401142	   -302.21238370	    102.39172983	    -23.74318390	   -141.65772082	   -166.74960712	     -9.99707100	    -25.62385187	     39.81079622	     32.65990505	   -114.13320457	    130.95839891	     35.95492655	      2.44765531	      2.23945042	      9.08898298	     94.54133863	   -159.42971216	     71.32310283	     15.66725736	    -74.25007429	      0.00000000	      0.00000000	     95.70006479	      2.51750604	     70.03451332	     29.93605731	   -780.70454587	      0.00000000	      0.00000000
      0.55277778	    -89.71908769	    -11.75951380	   -185.83208997	      1.09915091	      0.80307069	     -0.06057350	     -1.66982315	     16.60599968	     -9.62330172	    -73.34680900	     63.22799259	     17.37565211	    -12.79328102	   -119.59012115	     14.40878412	   -302.50307060	    102.34598360	    -23.80545330	   -141.66844633	   -166.80286651	    -10.07083694	    -25.82009205	     39.62666419	     32.42598674	   -114.20562401	    130.86621772	     36.00358016	      2.37569912	      2.28896767	      9.13625188	     94.60276117	   -159.38134464	     71.35896766	     15.69780173	    -74.25388325	      0.00000000	      0.00000000	     95.64789763	      2.55567063	     70.00827800	     29.92867506	   -780.72155088	      0.00000000	      0.00000000
      0.55555556	    -89.71671762	    -11.76468364	   -185.95369772	      1.09931570	      0.80296135	     -0.06081309	     -1.71957365	     16.63901374	     -9.78390577	    -73.70565574	     63.41884937	     17.60041807	    -12.90268223	   -119.80862536	     14.93330625	   -303.24226947	    102.37172635	    -23.88384063	   -142.23887940	   -166.80945473	     -9.90073825	    -25.78328321	     38.76071769	     32.14526528	   -114.55311951	    130.26759334	     36.72924290	      2.22926632	      2.21922775	      9.75596597	     94.61783052	   -159.17710709	     71.36519520	     15.68958380	    -74.30177075	      0.00000000	      0.00000000	     95.68097117	      2.74989321	     69.98426522	     29.93132898	   -780.90865600	      0.00000000	      0.00000000
      0.55833333	    -89.73740594	    -11.78101719	   -186.03114081	      1.09926409	      0.80285840	     -0.06077497	     -1.81990406	     16.57866379	    -10.13264961	    -73.72628011	     63.39841613	     17.53677187	    -13.06816975	   -119.76571907	     15.22814667	   -303.61003256	    102.32071642	    -23.97150433	   -142.30503055	   -166.86076735	     -9.92232061	    -26.00655122	     38.48723172	     31.86754170	   -114.67338370	    130.11455881	     36.85564571	      2.07431022	      2.29095237	      9.86517019	     94.64148213	   -159.13476003	     71.36002174	     15.69002321	    -74.31174486	      0.00000000	      0.00000000	     95.66749487	      2.78962467	     69.99092446	     29.96194969	   -780.94924840	      0.00000000	      0.00000000
      0.56111111	    -89.75469080	    -11.79753193	   -186.07398524	      1.09923140	      0.80277164	     -0.06077107	     -1.87033006	     16.54319707	    -10.44582843	    -73.89734251	     63.43545615	     17.55064416	    -13.28247813	   -119.82000159	     15.61033144	   -304.09250162	    102.31765648	    -24.01082852	   -142.55220845	   -166.94914240	     -9.89054266	    -26.23728367	     38.10229772	     31.61483223	   -114.82850365	    129.86973724	     37.16782591	      1.85084861	      2.29906709	     10.09660343	     94.65320686	   -159.08220534	     71.33388800	     15.68894259	    -74.33107903	      0.00000000	      0.00000000	     95.67463293	      2.84324858	     70.00842201	     29.99310307	   -781.01070436	      0.00000000	      0.00000000
      0.56388889	    -89.75939268	    -11.77170227	   -186.24842524	      1.09917094	      0.80254232	     -0.06084060	     -2.02397576	     16.55297330	    -10.86745345	    -74.21451019	     63.87587523	     17.86598314	    -13.07145990	   -119.96564457	     16.03766822	   -304.85909344	    102.18409426	    -24.06550532	   -143.11599689	   -166.32084362	     -9.68008585	    -25.76462332	     36.95167392	     31.26230766	   -115.06655777	    128.65762226	     38.01435370	      1.85945774	      2.34717058	     11.14817781	     94.58319383	   -158.75887615	     71.28632471	     15.72807384	    -74.51168164	      0.00000000	      0.00000000	     95.69226454	      3.18933923	     70.02045324	     29.96009863	   -781.52267021	      0.00000000	      0.00000000
      0.56666667	    -89.77375201	    -11.79561406	   -186.31998206	      1.09912061	      0.80245790	     -0.06089223	     -2.08097644	     16.51248226	    -11.14827404	    -74.32062478	     63.87740506	     17.80734311	    -13.29515434	   -119.98419699	     16.39116625	   -305.27480003	    102.16443332	    -24.10245602	   -143.26958090	   -166.37312438	     -9.69111934	    -26.07502347	     36.67512288	     31.01012252	   -115.18969989	    128.43846163	     38.23283214	      1.66447776	      2.33306872	     11.29915654	     94.61805817	   -158.71696170	     71.28806698	     15.74035963	    -74.52956172	      0.00000000	      0.00000000	     95.69167460	      3.21656157	     70.01258193	     29.96648008	   -781.56655058	      0.00000000	      0.00000000
      0.56944444	    -89.76048080	    -11.80209038	   -186.47003225	      1.09911484	      0.80233429	     -0.06101045	     -2.12295024	     16.52053490	    -11.28470066	    -74.58819641	     64.01233680	     17.97198485	    -13.44959112	   -120.08446790	     16.87692426	   -305.96027809	    102.20271308	    -24.16160615	   -143.66938139	   -166.34251774	     -9.57341308	    -26.17760526	     35.95876791	     30.71020779	   -115.45309293	    127.91223868	     38.81013576	      1.63147894	      2.28869697	     11.66994866	     94.64538267	   -158.61338210	     71.33213935	     15.78089049	    -74.58618796	      0.00000000	      0.00000000	     95.67075099	      3.31294197	     69.96647066	     29.93936154	   -781.70926418	      0.00000000	      0.00000000
      0.57222222	    -89.78634185	    -11.81180277	   -186.54159622	      1.09899590	      0.80208269	     -0.06087770	     -2.24013828	     16.47289203	    -11.75325732	    -74.37347494	     64.14350124	     18.02507719	    -13.37907622	   -120.13633724	     17.19730590	   -306.37550876	    101.88493623	    -23.97046599	   -143.77995538	   -165.20151981	     -9.52307664	    -26.06194992	     34.94969519	     30.40120177	   -115.99699178	    126.00716347	     39.56204894	      1.51083111	      2.32605474	     12.32028489	     94.60569417	   -158.42976477	     71.25578598	     15.80672362	    -74.88125975	      0.00000000	      0.00000000	     95.70465578	      3.45776225	     70.00975872	     29.91750309	   -782.36379430	      0.00000000	      0.00000000
      0.57500000	    -89.80016387	    -11.82812210	   -186.65949724	      1.09904525	      0.80204358	     -0.06099558	     -2.32522262	     16.43770970	    -12.01401755	    -74.49981335	     64.13355558	     18.00252625	    -13.59399583	   -120.10323903	     17.53540082	   -306.81984671	    101.90295701	    -24.03810287	   -143.91930019	   -165.28612623	     -9.53832235	    -26.33164734	     34.69109087	     30.12065386	   -116.10255941	    125.87037447	     39.74335148	      1.33640112	      2.33808764	     12.42546117	     94.66006380	   -158.38842102	     71.28250356	     15.80866933	    -74.88674879	      0.00000000	      0.00000000	     95.68007437	      3.48449249	     69.98911600	     29.93227022	   -782.37914933	      0.00000000	      0.00000000
      0.57777778	    -89.80600146	    -11.83463768	   -186.77216769	      1.09909381	      0.80200517	     -0.06113192	     -2.39407122	     16.41447991	    -12.26302377	    -74.67773818	     64.15201073	     18.05628819	    -13.79615438	   -120.09190283	     17.98994749	   -307.37023208	    101.93580996	    -24.08494111	   -144.14389058	   -165.43693634	     -9.44451375	    -26.55658854	     34.28297273	     29.79659171	   -116.28812013	    125.63909854	     40.05139155	      1.15602021	      2.32779039	     12.61522747	     94.71347635	   -158.32952964	     71.31535928	     15.80823704	    -74.89348061	      0.00000000	      0.00000000	     95.65105746	      3.53457326	     69.95959998	     29.93989699	   -782.40576430	      0.00000000	      0.00000000
      0.58055556	    -89.78963139	    -11.82129953	   -186.96946483	      1.09907576	      0.80183387	     -0.06121639	     -2.45269804	     16.44142960	    -12.37685765	    -75.01507506	     64.34581173	     18.36032725	    -13.84734513	   -120.17417775	     18.51429476	   -308.23246928	    102.05884900	    -24.13771789	   -144.61574249	   -165.51836663	     -9.29542551	    -26.51105445	     33.32775721	     29.44447842	   -116.59704233	    125.14085574	     40.81179726	      1.18230173	      2.30071375	     13.07727884	     94.74844151	   -158.19584053	     71.36645605	     15.82429746	    -74.91766138	      0.00000000	      0.00000000	     95.60265983	      3.68938602	     69.91209888	     29.91686432	   -782.51027791	      0.00000000	      0.00000000
      0.58333333	    -89.79987136	    -11.81803690	   -187.11494708	      1.09909975	      0.80172485	     -0.06127176	     -2.56175266	     16.43108115	    -12.63830816	    -75.15888699	     64.50085870	     18.52377330	    -13.94176102	   -120.15736721	     18.92128180	   -308.86849421	    102.01076294	    -24.13180652	   -144.89025871	   -165.33700987	     -9.19718544	    -26.51163790	     32.53135925	     29.09344789	   -116.85228082	    124.48226306	     41.40281033	      1.12611428	      2.32069447	     13.52489643	     94.75232380	   -158.03226983	     71.36640756	     15.84408707	    -74.95557377	      0.00000000	      0.00000000	     95.59837351	      3.86561335	     69.91118044	     29.91715263	   -782.68061321	      0.00000000	      0.00000000
      0.58611111	    -89.81745328	    -11.83259262	   -187.25078579	      1.09913831	      0.80166530	     -0.06138431	     -2.68130685	     16.36658833	    -12.98060230	    -75.13396849	     64.43948547	     18.43829657	    -14.09657483	   -120.05507376	     19.23108022	   -309.21303282	    101.93573417	    -24.16846242	   -144.88496276	   -165.40953884	     -9.19734426	    -26.77530451	     32.33605261	     28.75599910	   -116.98542543	    124.33170881	     41.49621470	      0.98187062	      2.37041649	     13.60202558	     94.81011511	   -157.98135554	     71.39524435	     15.86612460	    -74.95993608	      0.00000000	      0.00000000	     95.56590413	      3.90144021	     69.88328143	     29.93209178	   -782.70356922	      0.00000000	      0.00000000
      0.58888889	    -89.80405712	    -11.83598954	   -187.38107260	      1.09904139	      0.80148563	     -0.06143858	     -2.70277413	     16.38837261	    -13.10872499	    -75.40774821	     64.64636099	     18.72845098	    -14.15194850	   -120.17936304	     19.82357243	   -310.07915554	    101.99024033	    -24.11557365	   -145.33971204	   -165.35822607	     -9.03755152	    -26.79166323	     31.21033982	     28.39402064	   -117.48133788	    123.48729535	     42.46470481	      0.92190993	      2.28870263	     14.17147039	     94.80567282	   -157.82675234	     71.40332854	     15.88568525	    -75.01150855	      0.00000000	      0.00000000	     95.56578583	      4.07227045	     69.86119956	     29.91316075	   -782.88968433	      0.00000000	      0.00000000
      0.59166667	    -89.82175030	    -11.85181000	   -187.51802553	      1.09903983	      0.80142224	     -0.06147394	     -2.82144079	     16.32353218	    -13.46428475	    -75.40305777	     64.59840891	     18.63591454	    -14.32231546	   -120.05217630	     20.11878259	   -310.43192241	    101.93159529	    -24.14127756	   -145.34471493	   -165.41229659	     -9.06613186	    -27.03135126	     31.03005110	     28.07192395	   -117.59595068	    123.33436991	     42.54733636	      0.79055158	      2.33864483	     14.24528078	     94.86377231	   -157.77572516	     71.42737556	     15.90416139	    -75.01726797	      0.00000000	      0.00000000	     95.53215163	      4.10928369	     69.84559014	     29.93497492	   -782.91706281	      0.00000000	      0.00000000
      0.59444444	    -89.81543758	    -11.85129266	   -187.63461532	      1.09897117	      0.80122308	     -0.06150573	     -2.85715621	     16.34314218	    -13.64074436	    -75.53946917	     64.79359914	     18.96848926	    -14.33555815	   -120.13946397	     20.72633586	   -311.30687840	    101.93534127	    -23.94972468	   -145.72024220	   -165.27495941	     -8.86324903	    -26.99782320	     29.71341013	     27.69132421	   -118.24025116	    122.21410255	     43.66543882	      0.72120662	      2.27544729	     14.87722602	     94.84272291	   -157.60316612	     71.41549364	     15.91881710	    -75.09379679	      0.00000000	      0.00000000	     95.54322372	      4.30726453	     69.83633055	     29.92443421	   -783.16729909	      0.00000000	      0.00000000
      0.59722222	    -89.83340927	    -11.87180505	   -187.74007639	      1.09889176	      0.80096914	     -0.06148099	     -2.95834991	     16.28640311	    -13.98505378	    -75.63778854	     64.79394584	     19.06160573	    -14.43426216	   -120.13853817	     21.05175830	   -311.81865579	    101.85257249	    -23.95242803	   -145.98319972	   -162.26210205	     -8.77525046	    -26.95455553	     28.60814512	     27.15775987	   -118.45642286	    118.83144543	     44.55553559	      0.61218975	      2.29221738	     15.32625475	     94.82761971	   -157.37630472	     71.36096623	     15.93788705	    -75.42171080	      0.00000000	      0.00000000	     95.58765554	      4.48347556	     69.86222297	     29.89189810	   -783.97648765	      0.00000000	      0.00000000
      0.60000000	    -89.84847018	    -11.88965064	   -187.89092772	      1.09895755	      0.80091487	     -0.06158250	     -3.07993562	     16.22699246	    -14.31564868	    -75.65888497	     64.74287595	     18.98284284	    -14.60983475	   -120.00196562	     21.37705088	   -312.19795080	    101.80596455	    -23.98177648	   -146.00393689	   -162.36444543	     -8.77243635	    -27.20769501	     28.42933003	     26.80300231	   -118.57348439	    118.71981809	     44.65423822	      0.49447379	      2.31995652	     15.39711376	     94.89756614	   -157.32935566	     71.39863894	     15.97032914	    -75.42351806	      0.00000000	      0.00000000	     95.55159011	      4.51166791	     69.83074208	     29.90291804	   -783.98535292	      0.00000000	      0.00000000
      0.60277778	    -89.84167034	    -11.87893887	   -188.03397424	      1.09892808	      0.80074289	     -0.06162962	     -3.12094906	     16.26320991	    -14.42466774	    -75.82672493	     64.96931645	     19.41392521	    -14.59260327	   -120.03468704	     22.06475590	   -313.23272034	    101.86154326	    -23.79160954	   -146.36192040	   -162.61100026	     -8.49120882	    -27.23406672	     27.05526262	     26.33148697	   -119.21267937	    117.96937802	     45.82060398	      0.44815657	      2.24064070	     15.90605050	     94.91498534	   -157.20878778	     71.42682025	     15.96352039	    -75.44785572	      0.00000000	      0.00000000	     95.51615140	      4.66335864	     69.81036798	     29.90768166	   -784.08426616	      0.00000000	      0.00000000
      0.60555556	    -89.85736143	    -11.90503324	   -188.14514716	      1.09887799	      0.80055468	     -0.06165177	     -3.20087488	     16.20289565	    -14.75936274	    -75.37503756	     64.98057320	     19.47243115	    -14.61386833	   -120.00233713	     22.52556753	   -313.67078791	    101.55480529	    -23.28144936	   -146.17172532	   -161.80545090	     -8.68365825	    -27.13567627	     25.86373980	     26.20621315	   -120.80167756	    115.65875437	     46.85239578	      0.31664584	      2.24726378	     16.34463933	     94.90471773	   -157.00989601	     71.38214828	     15.99298349	    -75.55372137	      0.00000000	      0.00000000	     95.55913200	      4.85063702	     69.82008355	     29.90210432	   -784.41611018	      0.00000000	      0.00000000
      0.60833333	    -89.86405457	    -11.91999836	   -188.33660455	      1.09867369	      0.80045458	     -0.06169008	     -3.31865183	     16.12099678	    -15.09362300	    -75.38025157	     64.94787302	     19.34323828	    -14.76040689	   -119.85983248	     22.74422927	   -313.98692215	    101.53204543	    -23.29853140	   -146.16875261	   -161.85672064	     -8.78583675	    -27.34190676	     25.75033002	     25.94054386	   -120.85338768	    115.59696040	     46.89756078	      0.27976114	      2.27679317	     16.37350481	     94.96875835	   -156.96586214	     71.43638975	     16.03224913	    -75.55486834	      0.00000000	      0.00000000	     95.47972011	      4.88916168	     69.78561009	     29.87976313	   -784.42094815	      0.00000000	      0.00000000
      0.61111111	    -89.87073225	    -11.92265980	   -188.41996016	      1.09880407	      0.80026245	     -0.06173279	     -3.37468061	     16.15424365	    -15.24973109	    -75.85467733	     65.33471361	     19.81782981	    -14.85270508	   -119.85860923	     23.46347739	   -315.09321351	    101.50052178	    -23.28387497	   -146.75503321	   -160.47129853	     -8.38657234	    -27.29886953	     24.10966499	     25.20493416	   -121.17790684	    113.51011280	     48.31615164	      0.17540178	      2.20436165	     17.04119566	     94.93625793	   -156.73802824	     71.38669802	     16.04453303	    -75.75662269	      0.00000000	      0.00000000	     95.54463402	      5.10567574	     69.79790918	     29.87825078	   -784.91679324	      0.00000000	      0.00000000
      0.61388889	    -89.86675617	    -11.92515153	   -188.53892092	      1.09878701	      0.80013021	     -0.06179903	     -3.43458068	     16.14458269	    -15.45599464	    -76.03864617	     65.36308637	     20.03216851	    -14.96223081	   -119.74946024	     24.02016153	   -315.90199231	    101.61569741	    -23.24831336	   -146.94447322	   -160.52964089	     -8.27563353	    -27.50202271	     23.39437917	     24.74329663	   -121.63584772	    112.97298429	     48.94355629	      0.09490727	      2.18041911	     17.25105021	     94.98664057	   -156.70995854	     71.43375766	     16.04821389	    -75.77888635	      0.00000000	      0.00000000	     95.49601375	      5.14130914	     69.76099803	     29.89741740	   -784.95889081	      0.00000000	      0.00000000
      0.61666667	    -89.87385225	    -11.94690033	   -188.62627338	      1.09872865	      0.80002351	     -0.06184793	     -3.48269645	     16.10897014	    -15.72057334	    -76.19294802	     65.40021352	     20.13885262	    -15.12692127	   -119.66009586	     24.54858434	   -316.57252468	    101.64163623	    -23.15570911	   -147.11434152	   -160.60596473	     -8.17969725	    -27.76963736	     22.79159775	     24.30630897	   -122.02826666	    112.48098030	     49.52760615	     -0.04269020	      2.15687255	     17.51118207	     95.01794148	   -156.64583605	     71.44052721	     16.06624345	    -75.80406074	      0.00000000	      0.00000000	     95.48872873	      5.20740690	     69.75083803	     29.91136454	   -785.02586644	      0.00000000	      0.00000000
      0.61944444	    -89.88737513	    -11.95148654	   -188.81059264	      1.09866069	      0.79975788	     -0.06186416	     -3.61764503	     16.06105556	    -16.01173245	    -75.80529613	     65.50313443	     20.34762732	    -15.06973166	   -119.55503942	     25.03935422	   -317.17224943	    101.37637040	    -22.62305006	   -146.94414748	   -159.08101967	     -8.32734962	    -27.38834598	     20.97760526	     24.08932187	   -123.75584729	    109.39451139	     51.03478598	     -0.06389159	      2.14742438	     17.95034906	     95.00921538	   -156.40975459	     71.41813905	     16.09746790	    -76.01140569	      0.00000000	      0.00000000	     95.49383502	      5.45170223	     69.75373722	     29.90630283	   -785.49798804	      0.00000000	      0.00000000
      0.62222222	    -89.89863205	    -11.98161358	   -188.88087134	      1.09860491	      0.79968727	     -0.06187808	     -3.64613981	     16.01931946	    -16.27011524	    -76.04677522	     65.51898600	     20.44473144	    -15.27529755	   -119.42002202	     25.60216348	   -317.89759842	    101.47348658	    -22.60111793	   -147.13287607	   -159.18368650	     -8.21980610	    -27.76679586	     20.59243517	     23.62146943	   -124.03968661	    109.03961875	     51.45509687	     -0.25276711	      2.11523054	     18.16946970	     95.05246180	   -156.37918196	     71.42069221	     16.09739095	    -76.02788153	      0.00000000	      0.00000000	     95.48850811	      5.47332774	     69.74675889	     29.92604716	   -785.53431151	      0.00000000	      0.00000000
      0.62500000	    -89.89958851	    -11.97802567	   -189.03428510	      1.09861668	      0.79953594	     -0.06193201	     -3.71871602	     16.01990338	    -16.43717228	    -76.32861354	     65.63131854	     20.69880596	    -15.35396239	   -119.26196871	     26.20893902	   -318.81570998	    101.59654691	    -22.59987317	   -147.37369833	   -159.18148457	     -8.08763517	    -27.91178962	     19.71837917	     23.08140760	   -124.52723874	    108.44206736	     52.23374114	     -0.29398828	      2.09195581	     18.48839055	     95.09127262	   -156.30304919	     71.45400624	     16.11590243	    -76.05902371	      0.00000000	      0.00000000	     95.45013689	      5.55344455	     69.71356130	     29.91779594	   -785.61599733	      0.00000000	      0.00000000
      0.62777778	    -89.90605898	    -11.99390103	   -189.24733673	      1.09837279	      0.79940142	     -0.06199394	     -3.84706561	     15.91514367	    -16.78738147	    -76.29083483	     65.57483759	     20.56050333	    -15.47757291	   -119.06495728	     26.42049302	   -319.13139744	    101.53697545	    -22.61966841	   -147.32431240	   -159.20501833	     -8.18001501	    -28.09860720	     19.61309229	     22.75625724	   -124.62841416	    108.36470727	     52.27178111	     -0.32063165	      2.13084246	     18.51370422	     95.15324991	   -156.25277316	     71.51894723	     16.16188146	    -76.06155744	      0.00000000	      0.00000000	     95.36184995	      5.59905545	     69.67964151	     29.89310935	   -785.62600746	      0.00000000	      0.00000000
      0.63055556	    -89.91707532	    -12.00261228	   -189.34408248	      1.09854397	      0.79901466	     -0.06203390	     -3.93152823	     15.94599414	    -16.93941423	    -75.79242308	     65.58552539	     21.13745147	    -15.35444976	   -119.02134410	     27.32536411	   -320.16163279	    101.37499928	    -21.62669211	   -147.04864779	   -154.08276979	     -8.33070918	    -27.34441894	     15.74644713	     22.42796310	   -127.86749330	    100.51543163	     55.67404148	     -0.36241302	      2.02845499	     19.15376263	     95.14708501	   -156.00581501	     71.46210084	     16.18420154	    -76.52912153	      0.00000000	      0.00000000	     95.42762273	      5.80443359	     69.68780064	     29.88462796	   -786.55414251	      0.00000000	      0.00000000
      0.63333333	    -89.93054587	    -12.01327353	   -189.47628331	      1.09847286	      0.79884247	     -0.06207554	     -4.02216997	     15.91265773	    -17.20207512	    -75.66648023	     65.71596190	     21.30322587	    -15.36047239	   -118.87837494	     27.98064939	   -320.88535565	    101.19735075	    -21.24233005	   -146.94390630	   -152.53671333	     -8.29714775	    -27.24655533	     14.06421790	     21.98468753	   -129.17039919	     97.80843381	     57.17145674	     -0.43207831	      2.00627363	     19.51965549	     95.14908569	   -155.85456795	     71.44674835	     16.22081867	    -76.64402532	      0.00000000	      0.00000000	     95.43517953	      5.97779596	     69.68807451	     29.88363537	   -786.73937896	      0.00000000	      0.00000000
      0.63611111	    -89.93746252	    -12.03110285	   -189.57784728	      1.09838402	      0.79875065	     -0.06211976	     -4.06919796	     15.88492846	    -17.44060960	    -75.88180199	     65.75804990	     21.46994870	    -15.49198869	   -118.65983281	     28.60632604	   -321.73175190	    101.31105806	    -21.13863852	   -147.07740877	   -152.70612070	     -8.13524752	    -27.59074103	     13.50120309	     21.44613596	   -129.61760424	     97.40714190	     57.77971618	     -0.57361152	      1.96511860	     19.81439774	     95.18859402	   -155.81359395	     71.46738844	     16.21954881	    -76.66148067	      0.00000000	      0.00000000	     95.41180838	      6.02448587	     69.66790819	     29.89543322	   -786.78223163	      0.00000000	      0.00000000
      0.63888889	    -89.95538232	    -12.05292202	   -189.66857415	      1.09836543	      0.79865511	     -0.06208178	     -4.12599890	     15.84595181	    -17.73332564	    -75.98640972	     65.81842794	     21.62639133	    -15.59802066	   -118.39449249	     29.24500387	   -322.56230213	    101.34393483	    -20.94277146	   -147.11521145	   -152.86796906	     -7.97078780	    -27.88024495	     12.86744838	     20.91898125	   -130.21943619	     96.87441281	     58.43410264	     -0.73260627	      1.90697989	     20.08795164	     95.23335585	   -155.74801438	     71.46536691	     16.21670471	    -76.68578242	      0.00000000	      0.00000000	     95.39851090	      6.08934101	     69.67670341	     29.93301343	   -786.84653500	      0.00000000	      0.00000000
      0.64166667	    -89.95580839	    -12.05838017	   -189.89198917	      1.09832338	      0.79818181	     -0.06222468	     -4.26940287	     15.79500146	    -18.01793343	    -75.24941232	     65.97386647	     21.93296725	    -15.29976486	   -118.27173916	     30.11240714	   -323.28073071	    100.91488002	    -19.82041747	   -146.06587544	   -148.46163909	     -8.95692847	    -26.70000380	      8.92781688	     21.45120715	   -134.78580399	     89.42819308	     61.89304268	     -0.69659999	      1.92273294	     20.60131683	     95.23674263	   -155.46940947	     71.46343748	     16.28783949	    -77.07515888	      0.00000000	      0.00000000	     95.40485959	      6.33485467	     69.64512526	     29.88143370	   -787.59679475	      0.00000000	      0.00000000
      0.64444444	    -89.95695400	    -12.06239603	   -190.02866517	      1.09826227	      0.79805412	     -0.06230603	     -4.32713881	     15.78593423	    -18.18020806	    -75.56396578	     65.96893899	     22.14675970	    -15.40975826	   -117.98805550	     30.79038040	   -324.26589501	    101.15626539	    -19.79655674	   -146.26056837	   -148.31404274	     -8.71385901	    -27.02916425	      8.07493241	     20.75370069	   -135.17993457	     88.83233566	     62.75079353	     -0.77269710	      1.86264515	     20.91782488	     95.28443498	   -155.44354403	     71.50889438	     16.31066887	    -77.10589200	      0.00000000	      0.00000000	     95.36371648	      6.38474584	     69.61123952	     29.87155169	   -787.62678509	      0.00000000	      0.00000000
      0.64722222	    -89.97093302	    -12.07774715	   -190.17049693	      1.09820828	      0.79773499	     -0.06229868	     -4.42676419	     15.72962292	    -18.51619129	    -75.10245712	     65.85775007	     22.34933883	    -15.33259615	   -117.78686226	     31.73961750	   -324.95541235	    101.00896966	    -18.83809506	   -145.46749811	   -142.27903985	     -9.14156555	    -26.23266096	      4.25774085	     20.75744763	   -138.39440181	     80.71878487	     66.14975221	     -0.86236872	      1.83746076	     21.23687498	     95.32382407	   -155.32133147	     71.50596384	     16.33273929	    -77.44237342	      0.00000000	      0.00000000	     95.35764819	      6.50994423	     69.60978049	     29.87515375	   -788.08703384	      0.00000000	      0.00000000
      0.65000000	    -89.99227691	    -12.11440209	   -190.24697109	      1.09809170	      0.79767831	     -0.06229917	     -4.48246113	     15.65680261	    -18.85625158	    -75.19989333	     65.87397663	     22.42852249	    -15.51066705	   -117.42918146	     32.31719551	   -325.70880842	    101.04672292	    -18.64103487	   -145.47887502	   -142.45721894	     -8.95638136	    -26.64081303	      3.94627373	     20.22014020	   -138.80195257	     80.41268157	     66.57840633	     -1.02956143	      1.79016089	     21.48441946	     95.36355850	   -155.27630498	     71.50522594	     16.33541563	    -77.45767146	      0.00000000	      0.00000000	     95.35114339	      6.55231544	     69.61644729	     29.91134459	   -788.11719645	      0.00000000	      0.00000000
      0.65277778	    -89.99732134	    -12.09541510	   -190.43513580	      1.09815171	      0.79726849	     -0.06244872	     -4.59513308	     15.64327560	    -19.23252188	    -74.29978250	     65.63980356	     22.63258441	    -14.90440326	   -117.25305487	     33.88155149	   -326.57887189	    100.85952162	    -17.14282177	   -143.57682388	   -135.73914216	     -9.86231360	    -25.26944002	     -1.74126595	     20.96749035	   -144.19463696	     70.75362039	     71.66445187	     -1.15845479	      1.76563052	     22.17612509	     95.39160696	   -155.13507525	     71.52992139	     16.39028318	    -77.81904705	      0.00000000	      0.00000000	     95.30080322	      6.66077092	     69.58196140	     29.86814527	   -788.59686443	      0.00000000	      0.00000000
      0.65555556	    -90.01842595	    -12.15014637	   -190.54376409	      1.09801805	      0.79725875	     -0.06235274	     -4.68666487	     15.54185602	    -19.62279059	    -74.56212084	     65.73601820	     22.64564449	    -15.28681236	   -116.80048786	     34.20340125	   -327.19887169	    100.95725706	    -17.09025763	   -143.76772783	   -135.85588352	     -9.90914176	    -25.50774035	     -1.77423093	     20.63738929	   -144.33227522	     70.57822478	     71.75460061	     -1.29634480	      1.64455367	     22.34770673	     95.45808293	   -155.08239327	     71.53032459	     16.40549205	    -77.82410939	      0.00000000	      0.00000000	     95.29591562	      6.70253068	     69.58514509	     29.91494885	   -788.61757443	      0.00000000	      0.00000000
      0.65833333	    -90.00766365	    -12.11505080	   -190.71980150	      1.09803373	      0.79699491	     -0.06256253	     -4.75799561	     15.57052272	    -19.63408068	    -75.39054155	     66.26674640	     23.24268653	    -15.26541897	   -116.22102493	     35.12658081	   -328.94369436	    101.17662797	    -17.24800154	   -144.09272362	   -135.84616042	     -9.82176780	    -25.80361703	     -2.86559789	     20.00113841	   -145.30887416	     69.90571865	     72.97266011	     -1.22934292	      1.74076438	     22.82514252	     95.46489555	   -154.95248376	     71.58526182	     16.42383872	    -77.86157120	      0.00000000	      0.00000000	     95.26692603	      6.92111286	     69.54503673	     29.88899607	   -788.74706725	      0.00000000	      0.00000000
      0.66111111	    -90.02556141	    -12.13839788	   -190.86284421	      1.09796752	      0.79670783	     -0.06259571	     -4.83232285	     15.46778455	    -20.11680962	    -74.76424765	     66.41612073	     23.22100656	    -14.93706394	   -115.81908627	     36.38023439	   -329.68299567	    100.69539436	    -16.17362861	   -142.46186870	   -131.49112390	    -10.60723273	    -25.04169170	     -6.28596672	     20.82157600	   -149.05257598	     63.76220053	     76.09842423	     -1.48537798	      1.72348965	     23.25250494	     95.48520025	   -154.78395584	     71.55987196	     16.45721669	    -78.14436625	      0.00000000	      0.00000000	     95.27011852	      7.05073488	     69.54353025	     29.87605567	   -789.28771320	      0.00000000	      0.00000000
      0.66388889	    -90.02785633	    -12.18251233	   -190.95372287	      1.09781564	      0.79670589	     -0.06265075	     -4.90844402	     15.37843232	    -20.48890896	    -75.09459959	     66.52282834	     23.33766182	    -15.30942011	   -115.27430407	     36.78960360	   -330.47651078	    100.84784372	    -16.06611292	   -142.69169854	   -131.62904038	    -10.55767273	    -25.35620579	     -6.38865492	     20.38496735	   -149.30000537	     63.49334750	     76.35659241	     -1.62309898	      1.64439485	     23.50782038	     95.54024870	   -154.71624575	     71.58657909	     16.45448538	    -78.15340008	      0.00000000	      0.00000000	     95.27334712	      7.10855516	     69.52969347	     29.89348303	   -789.30911418	      0.00000000	      0.00000000
      0.66666667	    -90.02688086	    -12.15360566	   -191.16114472	      1.09784089	      0.79639866	     -0.06275391	     -4.99456952	     15.38466390	    -20.63424500	    -75.17529386	     66.93732808	     23.68045991	    -14.98256056	   -114.63944477	     38.08033674	   -331.99455997	    100.68681625	    -15.53917627	   -141.84740113	   -127.81721652	    -10.80783629	    -25.01565264	     -9.67633244	     20.45647645	   -151.87924695	     58.66155424	     79.40476081	     -1.63163233	      1.69808154	     23.96653807	     95.54420893	   -154.53380870	     71.60936118	     16.49659717	    -78.33018466	      0.00000000	      0.00000000	     95.24346733	      7.32325759	     69.50413034	     29.84724698	   -789.71261069	      0.00000000	      0.00000000
      0.66944444	    -90.06399159	    -12.20986931	   -191.19602161	      1.09759327	      0.79629131	     -0.06258528	     -5.03645421	     15.26220471	    -21.06862870	    -75.09052239	     66.91226107	     23.64308541	    -15.16193370	   -114.11297217	     38.58030949	   -332.72006683	    100.65799775	    -15.24776254	   -141.65435974	   -127.98869730	    -10.72159896	    -25.43858271	     -9.86091590	     20.05905196	   -152.41019755	     58.45391577	     79.74314231	     -1.84304367	      1.63324484	     24.18570972	     95.56636622	   -154.50524892	     71.56390489	     16.50212004	    -78.35537064	      0.00000000	      0.00000000	     95.25476656	      7.35660359	     69.54713625	     29.91403484	   -789.75732848	      0.00000000	      0.00000000
      0.67222222	    -90.04771172	    -12.18290929	   -191.41067906	      1.09767427	      0.79599332	     -0.06279903	     -5.14726536	     15.25539272	    -21.27244232	    -75.53169121	     67.57035914	     24.09680729	    -14.93189209	   -113.30282127	     39.67327147	   -334.40562459	    100.57905917	    -14.90578297	   -140.99249696	   -125.81816489	    -11.36165594	    -25.03901965	    -12.37181528	     20.58573730	   -154.89680149	     55.25557760	     82.14552980	     -1.84101577	      1.68231294	     24.69856613	     95.59152159	   -154.31777914	     71.61366919	     16.54771307	    -78.61031341	      0.00000000	      0.00000000	     95.22223478	      7.55242353	     69.49261806	     29.85180119	   -790.22973207	      0.00000000	      0.00000000
      0.67500000	    -90.04861122	    -12.18558987	   -191.57049141	      1.09763665	      0.79585769	     -0.06284788	     -5.23150373	     15.23642940	    -21.49542891	    -75.81973080	     67.77830653	     24.36887651	    -14.88575147	   -112.55802739	     40.39658528	   -335.79682747	    100.75009398	    -14.72179681	   -140.82933985	   -125.80025790	    -11.40730927	    -25.29742782	    -13.26854862	     20.33632978	   -155.94734522	     54.70873055	     83.16382699	     -1.88356568	      1.63665563	     25.10932579	     95.63014167	   -154.21311342	     71.64664519	     16.56185516	    -78.65364100	      0.00000000	      0.00000000	     95.19207942	      7.67571062	     69.46987329	     29.85145504	   -790.31924642	      0.00000000	      0.00000000
      0.67777778	    -90.06369665	    -12.20788768	   -191.71042691	      1.09754243	      0.79566750	     -0.06287434	     -5.31031831	     15.13374948	    -21.83202713	    -75.84483312	     68.15053143	     24.51134773	    -14.94504487	   -111.76515421	     41.19480596	   -336.91986281	    100.50853510	    -14.25488736	   -140.10576142	   -124.43362264	    -11.86557887	    -25.16040021	    -14.90239538	     20.77789425	   -157.73426922	     52.65529051	     84.73909046	     -2.01421840	      1.66008150	     25.35756008	     95.64028735	   -154.03977021	     71.62716934	     16.59137273	    -78.77232583	      0.00000000	      0.00000000	     95.20502007	      7.83834931	     69.46923899	     29.84035084	   -790.65230857	      0.00000000	      0.00000000
      0.68055556	    -90.08406877	    -12.25057728	   -191.82128704	      1.09735883	      0.79564049	     -0.06288281	     -5.37256086	     15.03935689	    -22.21199732	    -75.72030213	     68.10539044	     24.45522489	    -15.04322741	   -111.17606679	     41.65071904	   -337.69611089	    100.50693687	    -13.94939549	   -139.86700095	   -124.50277539	    -11.77728399	    -25.57934463	    -14.97613513	     20.42204966	   -158.27012558	     52.39554011	     85.00559239	     -2.18871619	      1.59384835	     25.62392629	     95.69405234	   -153.98534123	     71.63658462	     16.60151323	    -78.79994943	      0.00000000	      0.00000000	     95.19146081	      7.88137432	     69.46532973	     29.86996033	   -790.69340029	      0.00000000	      0.00000000
      0.68333333	    -90.07854169	    -12.24456710	   -192.02093603	      1.09739864	      0.79533571	     -0.06300844	     -5.45965020	     15.01359038	    -22.36266044	    -76.06510427	     68.73862677	     24.88673477	    -14.89735852	   -110.11218391	     42.61964526	   -339.53471690	    100.39722502	    -13.57442234	   -139.13653905	   -122.40449975	    -12.38991907	    -25.39751448	    -17.21152277	     21.08422730	   -160.42180579	     49.61000368	     87.15469265	     -2.18416855	      1.62232281	     26.06791129	     95.71606227	   -153.77150339	     71.66403018	     16.62587800	    -78.98012511	      0.00000000	      0.00000000	     95.18656790	      8.10074592	     69.43277509	     29.82592499	   -791.19603376	      0.00000000	      0.00000000
      0.68611111	    -90.09999646	    -12.29623805	   -192.11186381	      1.09723547	      0.79529249	     -0.06294429	     -5.53005072	     14.90343025	    -22.77756337	    -76.14734272	     68.73611108	     24.96540926	    -15.13090769	   -109.40597017	     42.98853839	   -340.40910253	    100.49270220	    -13.30011286	   -139.09980554	   -122.53555983	    -12.35068874	    -25.78889380	    -17.26737526	     20.71126516	   -160.91639555	     49.34085586	     87.46912072	     -2.31304244	      1.54767775	     26.36538698	     95.77581538	   -153.71612920	     71.65513032	     16.63289411	    -79.00755879	      0.00000000	      0.00000000	     95.18598044	      8.14667239	     69.44028998	     29.86400830	   -791.23641895	      0.00000000	      0.00000000
      0.68888889	    -90.08612572	    -12.25887710	   -192.31889492	      1.09725487	      0.79501091	     -0.06303377	     -5.63143325	     14.92298612	    -22.90791342	    -76.24257532	     69.01574144	     25.29583329	    -14.86824237	   -108.28411046	     43.85624790	   -342.23530720	    100.54014837	    -12.94287893	   -138.30237616	   -122.07630307	    -12.71891036	    -25.79399345	    -18.97926581	     21.16799214	   -162.72942440	     48.46366415	     89.10714704	     -2.28982200	      1.57388652	     26.87505312	     95.77794579	   -153.55297052	     71.69819948	     16.67026558	    -79.11239269	      0.00000000	      0.00000000	     95.13645638	      8.36191555	     69.40596597	     29.83936154	   -791.46851296	      0.00000000	      0.00000000
      0.69166667	    -90.10480367	    -12.30505719	   -192.41724656	      1.09704372	      0.79498814	     -0.06308404	     -5.69035091	     14.81312808	    -23.31567583	    -76.07964933	     68.99967707	     25.25060869	    -15.04271699	   -107.57309009	     44.27951039	   -343.03784544	    100.47902997	    -12.53451418	   -137.97943248	   -122.06735475	    -12.68089859	    -26.18823611	    -19.10546155	     20.94677204	   -163.38141969	     48.09781683	     89.46775194	     -2.46277797	      1.53118941	     27.12826602	     95.83397863	   -153.48039777	     71.70276081	     16.67203712	    -79.15213458	      0.00000000	      0.00000000	     95.13643816	      8.41571938	     69.40046904	     29.85319990	   -791.54128165	      0.00000000	      0.00000000
      0.69444444	    -90.11394499	    -12.33234674	   -192.52541833	      1.09692042	      0.79490455	     -0.06305233	     -5.74102935	     14.75025599	    -23.62617569	    -76.07998444	     69.09136945	     25.39348356	    -15.12126683	   -106.66532109	     44.76165686	   -344.28159086	    100.53328373	    -12.14781691	   -137.65448721	   -122.04284608	    -12.75091202	    -26.57550224	    -19.47423356	     20.84852666	   -164.25645438	     47.65263007	     90.06995325	     -2.57525283	      1.47322258	     27.53135178	     95.87135147	   -153.39889031	     71.71279212	     16.67503777	    -79.19803293	      0.00000000	      0.00000000	     95.13135333	      8.50195103	     69.40078730	     29.86461306	   -791.63897332	      0.00000000	      0.00000000
      0.69722222	    -90.08551507	    -12.28365955	   -192.75818968	      1.09692425	      0.79445993	     -0.06317486	     -5.87113893	     14.79629816	    -23.62490346	    -76.52139697	     69.68124687	     26.00916841	    -14.94178926	   -105.27595792	     45.35095634	   -346.55837743	    100.64782508	    -11.97697049	   -137.16607240	   -121.23682984	    -13.36192291	    -26.56819833	    -21.10384473	     21.50328168	   -165.83822177	     46.49759076	     91.55709077	     -2.37114753	      1.54657030	     28.03889723	     95.86479833	   -153.20072950	     71.76780023	     16.73028131	    -79.35330048	      0.00000000	      0.00000000	     95.07245215	      8.76004379	     69.34352833	     29.83756355	   -792.03516293	      0.00000000	      0.00000000
      0.70000000	    -90.12263890	    -12.35848865	   -192.85506412	      1.09674849	      0.79444050	     -0.06312256	     -5.92656152	     14.63659096	    -24.10187486	    -76.22930181	     69.60730697	     25.82663258	    -15.15337369	   -104.55634601	     45.74607176	   -347.18861358	    100.47482113	    -11.56130286	   -136.73511760	   -121.15840032	    -13.30031612	    -26.88673019	    -21.24592025	     21.29876147	   -166.48725564	     46.17261700	     91.88206690	     -2.59219091	      1.41758134	     28.17913148	     95.91152706	   -153.13760880	     71.74308942	     16.79119113	    -79.39225700	      0.00000000	      0.00000000	     95.08684529	      8.79905812	     69.36153116	     29.88640319	   -792.13442091	      0.00000000	      0.00000000
      0.70277778	    -90.10698382	    -12.34933477	   -193.03907271	      1.09668287	      0.79400985	     -0.06314114	     -5.98153437	     14.61435892	    -24.12426090	    -76.31541154	     70.33291793	     26.23702035	    -15.17450207	   -103.06313666	     46.39559821	   -349.27045037	    100.17224295	    -11.07571742	   -135.65819897	   -118.79650477	    -14.24290916	    -26.68302659	    -23.47796984	     22.71504298	   -168.39745683	     43.59606149	     93.75729784	     -2.54298538	      1.47554746	     28.27069100	     95.90254687	   -152.89895037	     71.74674864	     16.83670016	    -79.69906160	      0.00000000	      0.00000000	     95.08631276	      8.95981064	     69.32416157	     29.77826404	   -792.99839552	      0.00000000	      0.00000000
      0.70555556	    -90.09857436	    -12.34278271	   -193.18169420	      1.09656252	      0.79387958	     -0.06317795	     -6.08152370	     14.59054494	    -24.45293222	    -76.35434066	     70.35653887	     26.45841690	    -15.12415966	   -102.04513112	     46.71824195	   -350.66993301	    100.36195938	    -10.73921042	   -135.40141436	   -118.71732649	    -14.29818981	    -27.03694915	    -23.69352267	     22.59275295	   -169.17812519	     43.18368461	     94.22405459	     -2.58643927	      1.45761354	     28.81947123	     95.93391027	   -152.83379725	     71.79274663	     16.84756730	    -79.76794217	      0.00000000	      0.00000000	     95.04537004	      9.03948197	     69.29594824	     29.74855391	   -793.11788124	      0.00000000	      0.00000000
      0.70833333	    -90.10980436	    -12.37536836	   -193.33363329	      1.09645725	      0.79360580	     -0.06319390	     -6.14354551	     14.51901332	    -24.61914677	    -76.46371611	     70.72929175	     26.70687317	    -15.20570251	   -100.73686412	     47.19714569	   -352.39507470	    100.27546611	    -10.40406702	   -134.84418741	   -118.00019337	    -14.68563070	    -27.19264904	    -24.89581265	     23.10342758	   -170.37562563	     42.27393930	     95.38718290	     -2.58448340	      1.40731683	     28.93348459	     95.97586483	   -152.68209998	     71.79459760	     16.88575498	    -79.95411196	      0.00000000	      0.00000000	     95.03364912	      9.18511896	     69.28645381	     29.78264959	   -793.53172465	      0.00000000	      0.00000000
      0.71111111	    -90.10832868	    -12.39259522	   -193.46943042	      1.09630440	      0.79359953	     -0.06330300	     -6.22457591	     14.44716216	    -25.00255810	    -76.09596182	     70.63308068	     26.66455983	    -15.29185281	    -99.89704310	     47.46265723	   -353.26545930	    100.18776239	     -9.89127247	   -134.34049490	   -117.98718305	    -14.63787476	    -27.52808037	    -24.96123602	     22.99833896	   -171.02389208	     42.06643496	     95.64583000	     -2.71811773	      1.35672517	     29.23819732	     96.03178611	   -152.60214718	     71.84439587	     16.87215205	    -79.98978828	      0.00000000	      0.00000000	     95.00314817	      9.25424157	     69.25978241	     29.76869183	   -793.59712292	      0.00000000	      0.00000000
      0.71388889	    -90.11111906	    -12.38654764	   -193.62514515	      1.09624080	      0.79322909	     -0.06326355	     -6.32178948	     14.43576607	    -25.18438168	    -76.16126299	     70.89849080	     27.07296791	    -15.15630237	    -98.47123452	     47.79949768	   -355.28609152	    100.31126037	     -9.47298557	   -133.64594455	   -117.57679452	    -15.19928383	    -27.63485631	    -26.00496371	     23.77734803	   -172.30429856	     41.47378974	     96.64337749	     -2.65008741	      1.33162202	     29.81171165	     96.03479437	   -152.47030786	     71.84556924	     16.91948778	    -80.11565068	      0.00000000	      0.00000000	     94.97555083	      9.42757812	     69.24871669	     29.78616942	   -793.87884468	      0.00000000	      0.00000000
      0.71666667	    -90.12135145	    -12.40872965	   -193.76724080	      1.09608902	      0.79303633	     -0.06324552	     -6.38983030	     14.36862845	    -25.38401847	    -76.13088424	     71.08021751	     27.28688576	    -15.31916271	    -97.27833735	     48.02756214	   -356.76514509	    100.29755448	     -9.09317813	   -133.16878909	   -117.20890210	    -15.55075650	    -27.92002659	    -26.51766801	     24.17643290	   -173.17009974	     40.89572013	     97.21134029	     -2.65798779	      1.31839519	     30.04728210	     96.06798698	   -152.35420161	     71.85295966	     16.94580473	    -80.24306153	      0.00000000	      0.00000000	     94.97669379	      9.54813315	     69.24203741	     29.75505464	   -794.16457641	      0.00000000	      0.00000000
      0.71944444	    -90.12297131	    -12.42266386	   -193.91319822	      1.09596209	      0.79281050	     -0.06326656	     -6.46086034	     14.32360902	    -25.61651002	    -75.92683373	     71.21847062	     27.45811195	    -15.32394722	    -96.03963649	     48.29992022	   -358.29792212	    100.23577656	     -8.58610706	   -132.47344954	   -116.76237522	    -15.83987201	    -28.08426446	    -27.39469056	     24.67107404	   -174.14988184	     40.40921144	     98.04577632	     -2.68176990	      1.25651410	     30.33714727	     96.09669524	   -152.23330437	     71.87308538	     16.97163854	    -80.39340061	      0.00000000	      0.00000000	     94.96112456	      9.66531754	     69.22601477	     29.73669444	   -794.45550273	      0.00000000	      0.00000000
      0.72222222	    -90.13231046	    -12.46155665	   -194.05630202	      1.09583131	      0.79249423	     -0.06328365	     -6.51068692	     14.22584290	    -25.76667547	    -75.69714160	     71.49742838	     27.67891292	    -15.57841340	    -94.70305453	     48.51878573	   -359.80752492	     99.96969051	     -8.04483780	   -131.57974046	   -115.48612421	    -16.44841329	    -28.12082111	    -28.61970315	     25.71044302	   -175.20227192	     39.20660971	     99.00292105	     -2.69666165	      1.24582051	     30.30596640	     96.15415613	   -152.10272148	     71.87966720	     17.00877398	    -80.76124156	      0.00000000	      0.00000000	     94.94772279	      9.73605781	     69.21022320	     29.71736613	   -795.17211654	      0.00000000	      0.00000000
      0.72500000	    -90.15561021	    -12.50290062	   -194.18121006	      1.09559857	      0.79240728	     -0.06335153	     -6.59343785	     14.11416500	    -26.21239910	    -75.28193954	     71.32113902	     27.65501897	    -15.70630482	    -93.88636103	     48.64427833	   -360.56283773	     99.85260535	     -7.51098417	   -131.07824299	   -115.48320452	    -16.40842041	    -28.44864955	    -28.64856438	     25.62310359	   -175.79539192	     39.11788491	     99.24309294	     -2.82414915	      1.14529628	     30.60662235	     96.20512693	   -152.03667595	     71.89528211	     17.02692071	    -80.81058018	      0.00000000	      0.00000000	     94.92381944	      9.80137202	     69.20468052	     29.75196144	   -795.23826280	      0.00000000	      0.00000000
      0.72777778	    -90.14054485	    -12.48914553	   -194.34631291	      1.09550364	      0.79211595	     -0.06341264	     -6.68405748	     14.13136313	    -26.32028915	    -75.31324100	     71.50473322	     28.09437260	    -15.57700146	    -92.45104127	     48.70869143	   -362.63665649	    100.12046956	     -7.08000746	   -130.55951466	   -115.35954987	    -16.86602137	    -28.73329605	    -29.18866055	     26.23279854	   -176.71355385	     38.80413813	     99.81335791	     -2.72205217	      1.16094190	     31.18797154	     96.22254731	   -151.91319401	     71.93371566	     17.05691342	    -80.93321459	      0.00000000	      0.00000000	     94.89626686	      9.97359574	     69.17359923	     29.71560138	   -795.43188698	      0.00000000	      0.00000000
      0.73055556	    -90.16412551	    -12.50730842	   -194.50968559	      1.09541797	      0.79177589	     -0.06337939	     -6.74654602	     14.07204110	    -26.44311069	    -75.20664321	     71.75613944	     28.32655257	    -15.66797064	    -90.89208543	     48.98626505	   -364.50070959	     99.98245734	     -6.56716369	   -129.53981385	   -114.66402206	    -17.60204836	    -28.70339860	    -30.58963996	     27.56568524	   -177.97778084	     38.26569531	    100.96445318	     -2.72713431	      1.08392263	     31.27665192	     96.24495347	   -151.75344073	     71.91410967	     17.09994822	    -81.16972158	      0.00000000	      0.00000000	     94.87087050	     10.14579178	     69.18579249	     29.76607177	   -795.89122043	      0.00000000	      0.00000000
      0.73333333	    -90.18897950	    -12.56886902	   -194.63299968	      1.09518139	      0.79169017	     -0.06340765	     -6.82801347	     13.92164531	    -26.92810913	    -74.79624739	     71.60476829	     28.30691611	    -15.89809910	    -90.08201436	     49.04892043	   -365.13878437	     99.81294685	     -6.01989845	   -129.05906477	   -114.60616139	    -17.58219717	    -28.98741480	    -30.61360161	     27.51543993	   -178.54461165	     38.11735577	    101.20497364	     -2.83953887	      0.96777353	     31.46435834	     96.31185131	   -151.68530908	     71.92648967	     17.12573093	    -81.23185847	      0.00000000	      0.00000000	     94.86885684	     10.18821730	     69.18145457	     29.78046593	   -795.97408281	      0.00000000	      0.00000000
      0.73611111	    -90.16937945	    -12.53868649	   -194.79404652	      1.09510028	      0.79132216	     -0.06350611	     -6.90115410	     13.95621909	    -26.95717622	    -74.63348617	     71.86849010	     28.68900520	    -15.75820549	    -88.47234802	     49.09444754	   -367.35723045	     99.89007485	     -5.45085588	   -128.09991835	   -113.87359010	    -18.30148448	    -29.03653713	    -31.69516243	     28.79394169	   -179.61385172	     37.49881244	    101.99637349	     -2.76392097	      1.00032175	     31.87802083	     96.31827048	   -151.56097543	     71.96792905	     17.16255516	    -81.52285999	      0.00000000	      0.00000000	     94.85262053	     10.40474185	     69.14931202	     29.71127315	   -796.44680445	      0.00000000	      0.00000000
      0.73888889	    -90.18270331	    -12.56897904	   -194.93697474	      1.09495866	      0.79101384	     -0.06351184	     -6.95057328	     13.88660214	    -27.05312873	    -74.43986842	     72.00669383	     28.96353145	    -16.02083951	    -87.02522658	     49.13632042	   -368.98111216	     99.78479651	     -4.91268134	   -127.22307980	   -112.99940183	    -18.95176198	    -29.00727576	    -33.05085190	     30.00704765	   -180.48683135	     36.89349407	    102.95362149	     -2.73758790	      0.98209088	     31.98608354	     96.35437484	   -151.41991894	     71.96293587	     17.20033315	    -81.82476961	      0.00000000	      0.00000000	     94.81608743	     10.46510086	     69.13852852	     29.72316356	   -796.94310896	      0.00000000	      0.00000000
      0.74166667	    -90.17424077	    -12.59263320	   -195.11746939	      1.09484789	      0.79080568	     -0.06360702	     -7.02426395	     13.82436682	    -27.21340265	    -74.11157447	     72.07166653	     29.16573967	    -16.19552126	    -85.80272197	     49.10703200	   -370.33912253	     99.66657072	     -4.35581539	   -126.37831155	   -112.16561501	    -19.47301862	    -28.95874232	    -34.12832929	     31.01954139	   -181.18725990	     36.34026592	    103.63311772	     -2.70060379	      0.95172924	     32.11445010	     96.41558824	   -151.26502185	     72.01009373	     17.22619908	    -82.09849061	      0.00000000	      0.00000000	     94.81405570	     10.60832627	     69.09953090	     29.66416914	   -797.43754031	      0.00000000	      0.00000000
      0.74444444	    -90.18487012	    -12.60429445	   -195.26872892	      1.09473732	      0.79058166	     -0.06365785	     -7.11046824	     13.78289808	    -27.47562554	    -73.73223765	     72.03009195	     29.37600812	    -16.17092619	    -84.58404720	     49.07520872	   -371.77150378	     99.63880707	     -3.71070646	   -125.52961027	   -111.71209610	    -19.84547633	    -29.06122571	    -34.73152141	     31.79608001	   -182.01808199	     36.02915366	    104.14502541	     -2.72410017	      0.88541953	     32.52966362	     96.45377464	   -151.16995930	     72.03263634	     17.24946909	    -82.24709760	      0.00000000	      0.00000000	     94.77545065	     10.68941668	     69.08111806	     29.66504016	   -797.67262503	      0.00000000	      0.00000000
      0.74722222	    -90.18753960	    -12.63098384	   -195.39850574	      1.09451385	      0.79041454	     -0.06372063	     -7.19785305	     13.70574668	    -27.77788290	    -73.35024352	     71.98613652	     29.62376524	    -16.31308506	    -83.48086051	     48.91333227	   -372.95046905	     99.61044042	     -3.10054992	   -124.90252395	   -111.46170709	    -20.08109952	    -29.19252001	    -35.11964908	     32.25267878	   -182.63363905	     35.80434507	    104.45583745	     -2.73234071	      0.85201811	     32.80974627	     96.49519713	   -151.08113449	     72.06098670	     17.26926300	    -82.36268045	      0.00000000	      0.00000000	     94.77315719	     10.77989638	     69.06330374	     29.62056452	   -797.83602266	      0.00000000	      0.00000000
      0.75000000	    -90.20276739	    -12.67261394	   -195.56294307	      1.09440381	      0.78998704	     -0.06371082	     -7.21566701	     13.62982842	    -27.78838187	    -73.26720312	     72.24768072	     29.86131589	    -16.56196245	    -81.76291868	     49.01227257	   -374.90402414	     99.43994609	     -2.57772233	   -123.69856426	   -109.91173959	    -21.11097988	    -28.80174190	    -37.35235601	     34.34809678	   -183.53940714	     34.93019401	    105.79459812	     -2.69576118	      0.80336394	     32.71964096	     96.54549181	   -150.90563107	     72.05068559	     17.33100148	    -82.82386168	      0.00000000	      0.00000000	     94.77457374	     10.93056744	     69.05809523	     29.61762459	   -798.57107557	      0.00000000	      0.00000000
      0.75277778	    -90.21031541	    -12.69466659	   -195.68611449	      1.09419840	      0.78980790	     -0.06379018	     -7.31027154	     13.54985097	    -28.18206988	    -72.79338932	     72.13910531	     30.07546818	    -16.56723578	    -80.79130041	     48.81285047	   -375.95618274	     99.41774788	     -1.88355912	   -123.07315225	   -109.76416268	    -21.22986690	    -28.97425677	    -37.52104362	     34.64216669	   -184.17300012	     34.78807596	    106.03964758	     -2.73891296	      0.76626452	     33.08139445	     96.58963173	   -150.84321402	     72.08239329	     17.34711626	    -82.91469623	      0.00000000	      0.00000000	     94.74887049	     10.99536631	     69.03983884	     29.60889213	   -798.69026678	      0.00000000	      0.00000000
      0.75555556	    -90.22099708	    -12.72250331	   -195.85077706	      1.09408475	      0.78932795	     -0.06382498	     -7.34756444	     13.50157866	    -28.14230789	    -72.76734661	     72.37880388	     30.45366990	    -16.80543348	    -79.20746470	     48.67831020	   -377.88180634	     99.35820506	     -1.41742561	   -122.10839192	   -108.21511919	    -22.22497542	    -28.65551172	    -39.61677329	     36.54356346	   -184.73258045	     33.89915199	    107.12707256	     -2.64029725	      0.72159666	     33.11787423	     96.65682752	   -150.73398707	     72.10208081	     17.41539918	    -83.59102753	      0.00000000	      0.00000000	     94.72574896	     11.07761782	     69.02454721	     29.56085760	   -799.59787032	      0.00000000	      0.00000000
      0.75833333	    -90.25406746	    -12.77870342	   -195.98226999	      1.09395050	      0.78923567	     -0.06389767	     -7.43692149	     13.38295224	    -28.58253107	    -72.21174564	     72.16322670	     30.52246441	    -16.92233534	    -78.39280147	     48.55503867	   -378.56392282	     99.17278519	     -0.77143653	   -121.47319956	   -108.13104907	    -22.21746080	    -28.87221340	    -39.71236374	     36.70412984	   -185.35239623	     33.93670696	    107.35127881	     -2.72774111	      0.55679844	     33.36609355	     96.73480649	   -150.66295805	     72.11401441	     17.44113731	    -83.63074527	      0.00000000	      0.00000000	     94.71158519	     11.13332562	     69.02478017	     29.59920338	   -799.65447431	      0.00000000	      0.00000000
      0.76111111	    -90.22852760	    -12.73927638	   -196.14777004	      1.09376140	      0.78898255	     -0.06398711	     -7.51635716	     13.41618841	    -28.72240417	    -71.87051850	     72.19566225	     30.77778971	    -16.70315499	    -77.04889848	     48.34381714	   -380.38269322	     99.32394262	     -0.05806560	   -120.49044170	   -107.77543964	    -22.82732575	    -28.76621256	    -40.61564912	     37.95654159	   -186.10393984	     33.86399824	    107.85295984	     -2.66568932	      0.57974670	     33.96391607	     96.71831162	   -150.53701711	     72.15800256	     17.45195845	    -83.74122252	      0.00000000	      0.00000000	     94.66784489	     11.31885386	     68.98627837	     29.54227074	   -799.83434892	      0.00000000	      0.00000000
      0.76388889	    -90.25879527	    -12.79695026	   -196.31443499	      1.09362928	      0.78855956	     -0.06402362	     -7.54632879	     13.29004178	    -28.72728424	    -71.85060530	     72.39668202	     31.12425751	    -17.16403071	    -75.55028871	     48.19647430	   -381.94367460	     99.12109732	      0.39321592	   -119.49231091	   -106.05119873	    -23.86704660	    -28.10873505	    -43.37581480	     40.09557993	   -186.31232492	     33.10861438	    109.07026597	     -2.62411889	      0.59904159	     33.79279799	     96.78566005	   -150.36900547	     72.14754313	     17.52504369	    -84.23634552	      0.00000000	      0.00000000	     94.68377888	     11.43891191	     68.98549701	     29.52009274	   -800.58736480	      0.00000000	      0.00000000
      0.76666667	    -90.29160558	    -12.85322698	   -196.44053245	      1.09346112	      0.78844724	     -0.06409695	     -7.62601297	     13.18118716	    -29.15666202	    -71.27382432	     72.16739655	     31.24191285	    -17.26301123	    -74.73023904	     48.02212390	   -382.64248422	     98.92701070	      1.10280778	   -118.82387777	   -105.90520479	    -23.86290846	    -28.32862553	    -43.55618301	     40.34616258	   -186.95808103	     33.15132269	    109.37294577	     -2.70540099	      0.41132604	     34.04657712	     96.85981644	   -150.30148503	     72.15578020	     17.54667052	    -84.28612976	      0.00000000	      0.00000000	     94.67106683	     11.48780450	     68.98487588	     29.56280067	   -800.65368807	      0.00000000	      0.00000000
      0.76944444	    -90.30059768	    -12.88046853	   -196.56890442	      1.09326203	      0.78828720	     -0.06408951	     -7.69332294	     13.10754706	    -29.52062380	    -70.71356161	     72.03324195	     31.41688865	    -17.27999181	    -73.78066486	     47.74297975	   -383.62278501	     98.86318384	      1.86490537	   -118.07922073	   -105.74361064	    -24.02984508	    -28.39312487	    -43.85913112	     40.83059230	   -187.59920848	     33.13092568	    109.61500105	     -2.74319858	      0.30737003	     34.39075739	     96.90113674	   -150.22544695	     72.17621837	     17.56452863	    -84.35196855	      0.00000000	      0.00000000	     94.64914201	     11.57355016	     68.97681754	     29.57030881	   -800.74449123	      0.00000000	      0.00000000
      0.77222222	    -90.29424280	    -12.87327721	   -196.75314434	      1.09310872	      0.78771672	     -0.06419641	     -7.72006233	     13.08961300	    -29.28582057	    -71.03294733	     72.36970535	     31.84357405	    -17.55599147	    -71.99968159	     47.52909278	   -385.86069748	     98.89238914	      2.15441778	   -117.04715358	   -103.43340447	    -25.42645054	    -27.33229703	    -47.84473799	     43.65670683	   -187.33417135	     32.21759081	    111.07147926	     -2.60586593	      0.46360864	     34.40673839	     96.92136255	   -150.03467997	     72.19179892	     17.63713761	    -85.06174267	      0.00000000	      0.00000000	     94.64184574	     11.76524922	     68.95218016	     29.45749179	   -801.81067621	      0.00000000	      0.00000000
      0.77500000	    -90.33033297	    -12.93646498	   -196.88911998	      1.09295063	      0.78757469	     -0.06426153	     -7.79156734	     12.97073127	    -29.70127829	    -70.42478487	     72.13948705	     31.99410939	    -17.63918054	    -71.19585144	     47.28492155	   -386.55650460	     98.69713805	      2.90773496	   -116.35187919	   -103.27746409	    -25.44132460	    -27.52416041	    -48.05361939	     43.98149291	   -187.97773031	     32.28998760	    111.34841989	     -2.67683905	      0.25658969	     34.65128191	     96.99770207	   -149.97056133	     72.20274216	     17.68165287	    -85.11345710	      0.00000000	      0.00000000	     94.62617997	     11.81236300	     68.95051431	     29.50754270	   -801.87713722	      0.00000000	      0.00000000
      0.77777778	    -90.29386969	    -12.88225655	   -197.05422248	      1.09270949	      0.78733673	     -0.06438736	     -7.87726188	     12.98393172	    -29.90918594	    -70.05859684	     72.15572286	     32.21460775	    -17.48155844	    -69.97259383	     46.95907453	   -388.10870789	     98.83590136	      3.69235758	   -115.42061665	   -102.90387239	    -25.98172560	    -27.31647105	    -48.84425319	     45.14197359	   -188.60526801	     32.15112347	    111.68923396	     -2.68162200	      0.39499185	     35.17041674	     96.97862654	   -149.86047393	     72.26922239	     17.67421574	    -85.24892960	      0.00000000	      0.00000000	     94.56290960	     11.98663587	     68.90985556	     29.43686410	   -802.05741758	      0.00000000	      0.00000000
      0.78055556	    -90.31457699	    -12.91994751	   -197.19016065	      1.09260058	      0.78715759	     -0.06446273	     -7.92829902	     12.90852290	    -30.18887652	    -69.74588146	     72.12512687	     32.34998032	    -17.50459677	    -68.84587080	     46.74587684	   -389.36358684	     98.76991104	      4.33905065	   -114.57996349	   -102.33942786	    -26.42486143	    -27.11246800	    -50.01021389	     46.23603888	   -189.04500999	     32.08624651	    112.22198476	     -2.75672296	      0.31579368	     35.48554534	     97.02863396	   -149.73083056	     72.27847844	     17.71522554	    -85.39820985	      0.00000000	      0.00000000	     94.56920506	     12.11510739	     68.91107518	     29.43921964	   -802.28938635	      0.00000000	      0.00000000
      0.78333333	    -90.35245915	    -12.97091058	   -197.36192384	      1.09245438	      0.78667650	     -0.06452962	     -7.93555527	     12.79747039	    -30.16681792	    -70.08362664	     72.36866189	     32.59020980	    -17.84081165	    -67.30598354	     46.62141444	   -391.07414049	     98.60379274	      4.54513621	   -113.85601113	   -100.13491611	    -27.34879504	    -26.10611764	    -54.10229205	     48.34861941	   -188.32544803	     31.39450104	    113.62328097	     -2.72234640	      0.28918496	     35.53337472	     97.07811661	   -149.56121943	     72.24784508	     17.80084360	    -85.98532106	      0.00000000	      0.00000000	     94.58324869	     12.26286060	     68.91297221	     29.40456865	   -803.16505570	      0.00000000	      0.00000000
      0.78611111	    -90.36511152	    -12.99696131	   -197.48958256	      1.09224784	      0.78653037	     -0.06460382	     -8.01042075	     12.71894220	    -30.49762139	    -69.43836289	     72.18897426	     32.81809005	    -17.91221597	    -66.49497606	     46.22501393	   -391.83095086	     98.45615127	      5.36106920	   -113.14658286	    -99.86949667	    -27.39763337	    -26.14580482	    -54.54719131	     48.78400817	   -188.85687346	     31.41120761	    113.85455954	     -2.75174054	      0.21875371	     35.73204211	     97.13111742	   -149.50340193	     72.27853761	     17.81478358	    -86.07234418	      0.00000000	      0.00000000	     94.54964334	     12.31361703	     68.89916618	     29.40614042	   -803.26471321	      0.00000000	      0.00000000
      0.78888889	    -90.39968017	    -13.04456676	   -197.63719945	      1.09213626	      0.78636237	     -0.06472476	     -8.08612049	     12.62920330	    -30.83514378	    -68.98238097	     71.99113613	     33.01403141	    -17.98429733	    -65.74506309	     45.91561225	   -392.52513215	     98.29252783	      6.00561130	   -112.53073474	    -99.60072578	    -27.53066711	    -26.24650644	    -55.00459298	     49.27414421	   -189.34526466	     31.48215798	    114.14083133	     -2.77938763	      0.00885638	     35.97188135	     97.20311506	   -149.43729722	     72.29749144	     17.86279107	    -86.13898858	      0.00000000	      0.00000000	     94.52783914	     12.37482528	     68.89522186	     29.44699947	   -803.35690796	      0.00000000	      0.00000000
      0.79166667	    -90.39188085	    -13.04998197	   -197.79384532	      1.09190651	      0.78578784	     -0.06477020	     -8.08389773	     12.59050494	    -30.63804322	    -69.33165881	     72.30566476	     33.43673316	    -18.31316947	    -64.05034043	     45.50884562	   -394.58436326	     98.31332867	      6.30873505	   -111.91058783	    -97.01800555	    -28.39921466	    -25.04198160	    -59.91102897	     51.31898140	   -187.98356494	     30.48860249	    115.46622181	     -2.64833338	      0.16541014	     35.93838849	     97.24886937	   -149.31885513	     72.32611986	     17.93897109	    -87.15040021	      0.00000000	      0.00000000	     94.50800115	     12.48912553	     68.87617195	     29.30653560	   -804.60180771	      0.00000000	      0.00000000
      0.79444444	    -90.40592527	    -13.07638406	   -197.93020327	      1.09173815	      0.78564965	     -0.06489066	     -8.15680285	     12.50917956	    -31.00026771	    -68.81527997	     72.15044747	     33.62922226	    -18.30844011	    -63.23655910	     45.13545651	   -395.39069375	     98.21213979	      7.06306436	   -111.23663685	    -96.81778848	    -28.51203627	    -25.05664681	    -60.36337770	     51.84096792	   -188.54296525	     30.57742527	    115.72148705	     -2.70444625	      0.08014793	     36.20629557	     97.30150225	   -149.24298666	     72.35754443	     17.95734850	    -87.21172443	      0.00000000	      0.00000000	     94.48498901	     12.56263655	     68.85810977	     29.30655631	   -804.67406010	      0.00000000	      0.00000000
      0.79722222	    -90.45859894	    -13.13255396	   -198.02752426	      1.09147594	      0.78541519	     -0.06489949	     -8.19809784	     12.39645038	    -31.38607328	    -68.33768448	     71.93561345	     33.73333555	    -18.38966233	    -62.53682318	     44.83177925	   -396.00640578	     98.02427199	      7.69647393	   -110.63503824	    -96.58055178	    -28.63485309	    -25.16271568	    -60.81169474	     52.29028710	   -189.00839520	     30.71188903	    115.96599783	     -2.76422240	     -0.14099573	     36.44282262	     97.33914593	   -149.20648206	     72.32642730	     18.01367180	    -87.27046135	      0.00000000	      0.00000000	     94.47044650	     12.61296073	     68.89231346	     29.36700150	   -804.75175210	      0.00000000	      0.00000000
      0.80000000	    -90.45624992	    -13.14529064	   -198.20609276	      1.09136356	      0.78532253	     -0.06501218	     -8.26753926	     12.34373298	    -31.68913908	    -67.84925982	     71.79966332	     33.92289456	    -18.37279982	    -61.67928111	     44.45552133	   -396.85020942	     97.94559715	      8.49769568	   -109.91791473	    -96.31305048	    -28.80494321	    -25.07661344	    -61.44969501	     52.95096878	   -189.54625911	     30.77479368	    116.29594450	     -2.82396199	     -0.21194499	     36.75502069	     97.39462866	   -149.10215026	     72.38635016	     18.03168095	    -87.34512071	      0.00000000	      0.00000000	     94.42951828	     12.71283336	     68.85786299	     29.35474612	   -804.84484620	      0.00000000	      0.00000000
      0.80277778	    -90.45403359	    -13.15237544	   -198.38376084	      1.09114358	      0.78477988	     -0.06511007	     -8.25874543	     12.28918742	    -31.46496920	    -68.57709093	     72.25990644	     34.21504179	    -18.71645209	    -59.81991006	     44.13532743	   -399.13362736	     97.98666596	      8.56109866	   -109.53357462	    -93.53952948	    -29.65189171	    -23.65580774	    -67.43887732	     54.91221545	   -187.35916530	     29.81953803	    117.70884944	     -2.71990686	      0.00164478	     36.84288074	     97.42734615	   -148.90334902	     72.39603483	     18.10809484	    -88.26242184	      0.00000000	      0.00000000	     94.43089728	     12.91139333	     68.84291945	     29.22331451	   -806.07136666	      0.00000000	      0.00000000
      0.80555556	    -90.46479255	    -13.17614193	   -198.53835874	      1.09101546	      0.78465108	     -0.06520316	     -8.32710817	     12.22218795	    -31.80827204	    -68.05950639	     72.08285259	     34.39564072	    -18.69344562	    -59.11335463	     43.72255807	   -399.79287207	     97.86532666	      9.28773869	   -108.92857209	    -93.33268202	    -29.71415385	    -23.63619143	    -67.89674120	     55.35350273	   -187.89803663	     29.94693105	    117.92714785	     -2.77497416	     -0.10562105	     37.07103866	     97.49280584	   -148.81665374	     72.43910126	     18.11061658	    -88.31321073	      0.00000000	      0.00000000	     94.39779994	     12.98795934	     68.82272112	     29.22310253	   -806.13825862	      0.00000000	      0.00000000
      0.80833333	    -90.49541104	    -13.22101010	   -198.68209868	      1.09087364	      0.78449707	     -0.06529679	     -8.38647294	     12.14159219	    -32.16651490	    -67.65486814	     71.89730548	     34.56043092	    -18.73292542	    -58.45408204	     43.36880917	   -400.38905302	     97.71769715	      9.90524435	   -108.38936457	    -93.10577400	    -29.83463088	    -23.70969692	    -68.36733002	     55.82202546	   -188.32740170	     30.06717255	    118.16180040	     -2.80442708	     -0.34548703	     37.31341255	     97.56106371	   -148.74330156	     72.45927596	     18.14699921	    -88.35496107	      0.00000000	      0.00000000	     94.37381306	     13.05081494	     68.82076885	     29.25777548	   -806.20072296	      0.00000000	      0.00000000
      0.81111111	    -90.51167208	    -13.24850251	   -198.82476887	      1.09070307	      0.78433106	     -0.06539810	     -8.43673958	     12.06549314	    -32.50003183	    -67.17591750	     71.73574976	     34.71828406	    -18.72702566	    -57.68044778	     42.96500586	   -401.13403187	     97.60661849	     10.65440865	   -107.73367287	    -92.84071378	    -29.97231095	    -23.68405277	    -68.95745745	     56.41238152	   -188.82103109	     30.16626757	    118.41730087	     -2.84848861	     -0.47215373	     37.59202329	     97.60831666	   -148.66324311	     72.48546964	     18.17331725	    -88.41326273	      0.00000000	      0.00000000	     94.34539758	     13.13868097	     68.80989668	     29.27324582	   -806.28163923	      0.00000000	      0.00000000
      0.81388889	    -90.51240192	    -13.26129048	   -198.99238308	      1.09046435	      0.78398343	     -0.06549527	     -8.42062072	     11.95837026	    -32.71450936	    -68.00350075	     72.09776241	     34.57240713	    -18.65708300	    -55.94538384	     42.91213187	   -403.25752872	     97.81103653	     10.68471889	   -107.38750316	    -90.81040063	    -30.74105505	    -22.46288886	    -73.53926784	     58.01269420	   -187.29820995	     29.51073165	    119.56949164	     -2.98580319	     -0.25220063	     38.22539095	     97.58339616	   -148.34289788	     72.44621907	     18.23275676	    -88.98520480	      0.00000000	      0.00000000	     94.43481374	     13.52449650	     68.80812539	     29.16273735	   -807.17350774	      0.00000000	      0.00000000
      0.81666667	    -90.51661071	    -13.26692269	   -199.14604816	      1.09021893	      0.78362666	     -0.06563859	     -8.46906616	     11.93143169	    -32.57674438	    -67.64061678	     72.05858856	     35.06358076	    -19.09269788	    -55.06851618	     42.20736918	   -404.14872941	     97.62791166	     11.31434038	   -107.01620546	    -89.56968335	    -30.81014126	    -22.07673479	    -76.49099840	     58.52773319	   -186.17984372	     29.18540254	    120.01917649	     -2.82065841	     -0.26547354	     37.97669745	     97.66645379	   -148.33801348	     72.52091923	     18.28137240	    -89.59509916	      0.00000000	      0.00000000	     94.32822587	     13.45830648	     68.78202468	     29.08574058	   -807.86075493	      0.00000000	      0.00000000
      0.81944444	    -90.55534945	    -13.31438698	   -199.26106406	      1.08997752	      0.78343116	     -0.06572065	     -8.51016607	     11.83378265	    -32.96176307	    -67.17195353	     71.83881874	     35.21011662	    -19.12636578	    -54.47179179	     41.82854156	   -404.62952974	     97.42410194	     11.97658272	   -106.47542960	    -89.35940656	    -30.87092199	    -22.16916934	    -76.92857991	     58.95839481	   -186.64910508	     29.36870066	    120.23159032	     -2.87255158	     -0.49032429	     38.15667363	     97.71575699	   -148.29769833	     72.52229656	     18.32338531	    -89.63727669	      0.00000000	      0.00000000	     94.30477819	     13.49883862	     68.79124207	     29.12685987	   -807.90812398	      0.00000000	      0.00000000
      0.82222222	    -90.56264453	    -13.32708117	   -199.39202089	      1.08980506	      0.78329915	     -0.06579165	     -8.56922039	     11.76707929	    -33.31021909	    -66.69687563	     71.70079535	     35.37213220	    -19.08157547	    -53.77547810	     41.36985079	   -405.30006125	     97.33101772	     12.72015199	   -105.87838060	    -89.13453488	    -30.97691492	    -22.09810119	    -77.49359737	     59.49394902	   -187.13091104	     29.48120286	    120.42945999	     -2.91979708	     -0.56864977	     38.40446956	     97.75481234	   -148.22731677	     72.55484769	     18.34002306	    -89.69900132	      0.00000000	      0.00000000	     94.26467806	     13.57317578	     68.77514230	     29.13078249	   -807.97540137	      0.00000000	      0.00000000
      0.82500000	    -90.57503102	    -13.34557816	   -199.53475135	      1.08962364	      0.78316838	     -0.06591950	     -8.61645146	     11.70650752	    -33.62314671	    -66.22832452	     71.51632145	     35.44983591	    -19.06892955	    -53.09977299	     40.99264915	   -405.91856761	     97.18640544	     13.44281404	   -105.27742992	    -88.85215149	    -31.07397415	    -22.10289827	    -78.10897309	     60.04039574	   -187.56723193	     29.61821253	    120.67868551	     -2.95288061	     -0.71079928	     38.67140195	     97.79882490	   -148.14859934	     72.59130321	     18.36680696	    -89.76076227	      0.00000000	      0.00000000	     94.22621042	     13.65540489	     68.76338654	     29.14269210	   -808.05269058	      0.00000000	      0.00000000
      0.82777778	    -90.57027644	    -13.34974374	   -199.70294311	      1.08934975	      0.78270041	     -0.06607124	     -8.60816530	     11.63098588	    -33.56484270	    -66.83162422	     71.86510206	     35.64032501	    -19.27600815	    -51.64281158	     40.54432186	   -407.70657499	     97.26569598	     13.57604086	   -105.18987274	    -86.63355865	    -31.56325712	    -20.87976307	    -83.65276091	     61.04128377	   -184.97208283	     28.86064360	    121.58905273	     -2.93279505	     -0.48122939	     38.96933327	     97.83363774	   -147.96035575	     72.61063300	     18.44623421	    -90.83445479	      0.00000000	      0.00000000	     94.23099246	     13.84896112	     68.74790740	     28.97989796	   -809.34032718	      0.00000000	      0.00000000
      0.83055556	    -90.57334668	    -13.36155911	   -199.84811519	      1.08916715	      0.78254185	     -0.06619579	     -8.66262668	     11.56470339	    -33.89650306	    -66.34051839	     71.71040768	     35.73756716	    -19.25422217	    -50.97344391	     40.10286371	   -408.32897986	     97.15605422	     14.32463125	   -104.58960375	    -86.39897908	    -31.66400849	    -20.82838665	    -84.24525597	     61.58381470	   -185.41288996	     28.98409952	    121.76418879	     -2.95704590	     -0.57987879	     39.23454314	     97.87785880	   -147.87556762	     72.65559910	     18.46405287	    -90.90415165	      0.00000000	      0.00000000	     94.18748339	     13.93917598	     68.72770055	     28.98423719	   -809.41887795	      0.00000000	      0.00000000
      0.83333333	    -90.60530684	    -13.39693066	   -200.00020439	      1.08897505	      0.78239520	     -0.06630379	     -8.69803196	     11.48741366	    -34.22882432	    -65.90933092	     71.47648610	     35.84819162	    -19.26804787	    -50.40296421	     39.73832022	   -408.75527414	     96.94233875	     14.98438425	   -104.07710168	    -86.13937569	    -31.71412292	    -20.91605650	    -84.75973719	     62.04870492	   -185.85421005	     29.17158743	    122.01116121	     -3.02171609	     -0.81105845	     39.40701452	     97.94216190	   -147.80777977	     72.68456419	     18.50027734	    -90.94340187	      0.00000000	      0.00000000	     94.15027785	     13.99779030	     68.73242387	     29.00850200	   -809.47061797	      0.00000000	      0.00000000
      0.83611111	    -90.58370411	    -13.38693793	   -200.12106432	      1.08870930	      0.78224329	     -0.06642632	     -8.75121020	     11.43865767	    -34.57659082	    -65.42366185	     71.38420301	     35.90760407	    -19.14610250	    -49.70298954	     39.24354376	   -409.51478536	     96.93442675	     15.77938898	   -103.47482630	    -85.80455022	    -31.84143295	    -20.70348483	    -85.57512893	     62.64229154	   -186.22715501	     29.20300802	    122.20058572	     -3.06705024	     -0.75359022	     39.71523416	     97.94688416	   -147.70146300	     72.72614282	     18.49288713	    -91.03884384	      0.00000000	      0.00000000	     94.10894327	     14.13806188	     68.70073776	     28.99661930	   -809.58796908	      0.00000000	      0.00000000
      0.83888889	    -90.62450471	    -13.43076627	   -200.27775139	      1.08854561	      0.78213329	     -0.06656983	     -8.79161339	     11.35414636	    -34.91277714	    -65.06243159	     71.15529190	     36.02435073	    -19.18268875	    -49.12676139	     38.89546116	   -409.93856410	     96.72699943	     16.38593412	   -102.99330747	    -85.50975914	    -31.90487061	    -20.80307861	    -86.14440079	     63.13384134	   -186.59519122	     29.36289783	    122.45067965	     -3.09329812	     -1.05282855	     39.93508264	     98.00967200	   -147.63476168	     72.73928732	     18.53943564	    -91.08304148	      0.00000000	      0.00000000	     94.07902191	     14.20179877	     68.70103339	     29.02410223	   -809.65146681	      0.00000000	      0.00000000
      0.84166667	    -90.61293507	    -13.42187267	   -200.39498315	      1.08832857	      0.78193100	     -0.06664708	     -8.84282894	     11.28939465	    -35.24915198	    -64.59035210	     71.07296680	     36.09010398	    -19.09432362	    -48.38816491	     38.38003845	   -410.71179603	     96.73081232	     17.22275936	   -102.37568314	    -85.14125881	    -32.06443686	    -20.57541889	    -87.06088153	     63.79240169	   -186.92586415	     29.35742784	    122.67829453	     -3.17937588	     -0.97918797	     40.25542526	     98.02211342	   -147.52438238	     72.76788573	     18.52781529	    -91.17961967	      0.00000000	      0.00000000	     94.05042057	     14.34221810	     68.67593451	     29.01112442	   -809.78179356	      0.00000000	      0.00000000
      0.84444444	    -90.63311532	    -13.45234089	   -200.55668497	      1.08805416	      0.78148003	     -0.06683618	     -8.80485222	     11.19041742	    -35.11645956	    -65.39648056	     71.38810066	     36.28311538	    -19.48319906	    -46.93740310	     37.93785358	   -412.38191436	     96.74334570	     17.20374987	   -102.57520525	    -82.52621293	    -32.43620492	    -19.29536059	    -93.85648131	     64.42557764	   -183.20330830	     28.42800735	    123.61227103	     -3.11772626	     -0.84168969	     40.38539833	     98.07734800	   -147.34598981	     72.77943896	     18.64583923	    -92.43780752	      0.00000000	      0.00000000	     94.08229528	     14.51131209	     68.68921653	     28.82679862	   -811.27942017	      0.00000000	      0.00000000
      0.84722222	    -90.64733219	    -13.47117463	   -200.68034201	      1.08785546	      0.78131968	     -0.06692324	     -8.85139279	     11.11730403	    -35.46392756	    -64.92273910	     71.22488774	     36.42179840	    -19.44650968	    -46.38652976	     37.44346907	   -412.85854645	     96.62616633	     17.95069674	   -102.05608430	    -82.34385565	    -32.51876589	    -19.29786296	    -94.38623471	     64.93588440	   -183.63726011	     28.57761685	    123.78795047	     -3.15942489	     -0.95780526	     40.56538619	     98.11783800	   -147.28405838	     72.80617396	     18.66469034	    -92.48765872	      0.00000000	      0.00000000	     94.04597600	     14.57728683	     68.68253761	     28.83557500	   -811.33043686	      0.00000000	      0.00000000
      0.85000000	    -90.64839589	    -13.46775262	   -200.82447407	      1.08762273	      0.78119793	     -0.06708750	     -8.90034017	     11.06237869	    -35.79552575	    -64.46375378	     71.07168859	     36.35163816	    -19.37963208	    -45.72762744	     37.06187216	   -413.50391050	     96.55961976	     18.70377276	   -101.45713660	    -81.97948076	    -32.63538432	    -19.17481008	    -95.23000859	     65.55761075	   -183.91124389	     28.64217718	    123.97201862	     -3.17650121	     -1.01943223	     40.93649702	     98.13087855	   -147.17312951	     72.83676206	     18.68994295	    -92.61499709	      0.00000000	      0.00000000	     94.00752784	     14.72569411	     68.67159372	     28.83194507	   -811.47835511	      0.00000000	      0.00000000
      0.85277778	    -90.67894316	    -13.49011306	   -200.97573448	      1.08737585	      0.78093311	     -0.06723367	     -8.91697653	     10.93726618	    -36.15171655	    -64.50384472	     70.96566712	     36.36747187	    -19.32153137	    -44.92473407	     36.74940915	   -414.27987898	     96.55367287	     19.16655385	   -101.16972204	    -80.81242430	    -32.87049612	    -18.62408456	    -97.84728310	     66.17429467	   -182.95171566	     28.30309777	    124.40447722	     -3.28671323	     -1.03827123	     41.44251064	     98.14374831	   -146.97018867	     72.81039184	     18.75302946	    -93.19844217	      0.00000000	      0.00000000	     94.04466458	     14.95767489	     68.68795812	     28.76015027	   -812.11085650	      0.00000000	      0.00000000
      0.85555556	    -90.68695434	    -13.50696032	   -201.10027458	      1.08721716	      0.78079183	     -0.06731723	     -8.96200011	     10.87699527	    -36.46178236	    -64.01877960	     70.84411452	     36.51689831	    -19.31732200	    -44.34424578	     36.19924947	   -414.79123072	     96.42907789	     19.94357339	   -100.66958447	    -80.61440433	    -32.91755281	    -18.63354536	    -98.47693154	     66.67980151	   -183.34933111	     28.44268130	    124.60604834	     -3.29358613	     -1.14725627	     41.54161390	     98.19617083	   -146.92459141	     72.85254133	     18.76591216	    -93.25387047	      0.00000000	      0.00000000	     93.97048123	     14.97508796	     68.67142184	     28.80230011	   -812.15768489	      0.00000000	      0.00000000
      0.85833333	    -90.68969307	    -13.51127137	   -201.22267841	      1.08701172	      0.78066314	     -0.06745822	     -8.99906514	     10.82524684	    -36.75511943	    -63.52165215	     70.67394484	     36.55608047	    -19.30970813	    -43.78206348	     35.73929413	   -415.26773947	     96.28436276	     20.70851063	   -100.13912992	    -80.32174656	    -32.97327868	    -18.61617538	    -99.20369051	     67.21126168	   -183.67195479	     28.56764839	    124.79451671	     -3.32029160	     -1.23836768	     41.72328328	     98.22504269	   -146.86200165	     72.89320471	     18.78085362	    -93.32759096	      0.00000000	      0.00000000	     93.91335999	     15.03328245	     68.66054253	     28.80684428	   -812.23340654	      0.00000000	      0.00000000
      0.86111111	    -90.71873709	    -13.54465763	   -201.36712510	      1.08681082	      0.78054793	     -0.06760875	     -9.02972101	     10.75220919	    -37.06062728	    -63.12803950	     70.46362690	     36.65422437	    -19.30945494	    -43.28651576	     35.32290867	   -415.62229487	     96.09344690	     21.35432046	    -99.70007275	    -80.05195014	    -33.00662112	    -18.70941891	    -99.78279950	     67.69191490	   -184.01277449	     28.73162135	    125.00392818	     -3.33589996	     -1.47738715	     41.89591063	     98.27813007	   -146.80215154	     72.92027913	     18.81850081	    -93.37241731	      0.00000000	      0.00000000	     93.87700254	     15.08463115	     68.65683899	     28.81623022	   -812.28132028	      0.00000000	      0.00000000
      0.86388889	    -90.71959721	    -13.54937753	   -201.48121516	      1.08662472	      0.78039086	     -0.06771005	     -9.06272035	     10.69877098	    -37.38355851	    -62.62815509	     70.30597800	     36.72526717	    -19.26149898	    -42.73151350	     34.80957216	   -416.10083766	     95.98418127	     22.16509242	    -99.18028769	    -79.75801345	    -33.07083697	    -18.65974557	   -100.51191362	     68.25279648	   -184.37870059	     28.83397320	    125.22001876	     -3.39580296	     -1.53827778	     42.11233387	     98.30511439	   -146.72702371	     72.95180165	     18.82756254	    -93.43890581	      0.00000000	      0.00000000	     93.84097669	     15.16651640	     68.64460533	     28.81951232	   -812.35503026	      0.00000000	      0.00000000
      0.86666667	    -90.72555108	    -13.55750430	   -201.60894520	      1.08642058	      0.78025853	     -0.06787028	     -9.10241494	     10.63861517	    -37.70649125	    -62.17092002	     70.12380244	     36.75793697	    -19.22578682	    -42.19839577	     34.36415827	   -416.53749592	     95.85338832	     22.90586453	    -98.67877178	    -79.42781686	    -33.12900109	    -18.62489697	   -101.24480358	     68.80692056	   -184.68911687	     28.93389912	    125.41324444	     -3.41180919	     -1.64680721	     42.34687096	     98.33749252	   -146.64347442	     72.99007126	     18.85219967	    -93.50832555	      0.00000000	      0.00000000	     93.79613337	     15.25709032	     68.63828737	     28.81933185	   -812.43751199	      0.00000000	      0.00000000
      0.86944444	    -90.72780592	    -13.56335752	   -201.73975859	      1.08620404	      0.78008916	     -0.06798912	     -9.12874449	     10.57603046	    -38.00027027	    -61.75174998	     69.94313752	     36.74969709	    -19.18407191	    -41.71690588	     33.91803257	   -416.94504178	     95.73749360	     23.51218395	    -98.27265203	    -79.05549378	    -33.17800253	    -18.49745117	   -101.97711406	     69.23549897	   -184.98075542	     29.01087524	    125.50862566	     -3.45978394	     -1.67395607	     42.58885037	     98.35443253	   -146.55732752	     73.01250140	     18.87374817	    -93.59345082	      0.00000000	      0.00000000	     93.75962838	     15.36290006	     68.62046322	     28.82854071	   -812.54075763	      0.00000000	      0.00000000
      0.87222222	    -90.71770306	    -13.55361676	   -201.86097073	      1.08595134	      0.77991007	     -0.06816453	     -9.17634332	     10.50831703	    -38.35534809	    -61.26543096	     69.76883143	     36.67814025	    -19.07533530	    -41.23546458	     33.49715493	   -417.40917647	     95.68569906	     24.27176675	    -97.76674340	    -78.52261513	    -33.29500408	    -18.24703911	   -103.04940375	     69.80479795	   -185.05317698	     28.94054968	    125.63567312	     -3.46446348	     -1.61446846	     42.96950832	     98.34748110	   -146.41704971	     73.03563694	     18.88584220	    -93.76640177	      0.00000000	      0.00000000	     93.73668179	     15.54414459	     68.60764261	     28.81687873	   -812.74681248	      0.00000000	      0.00000000
      0.87500000	    -90.75222784	    -13.57949440	   -202.00895207	      1.08574958	      0.77978357	     -0.06831861	     -9.20938242	     10.42179739	    -38.71736772	    -60.88476752	     69.55139661	     36.79287604	    -19.03541566	    -40.67398156	     33.06796906	   -417.76112442	     95.51924647	     25.07860816	    -97.27715255	    -78.14014062	    -33.35131187	    -18.30538621	   -103.85491504	     70.47265026	   -185.33551021	     29.03269301	    126.00206606	     -3.52548879	     -1.85628931	     43.20424471	     98.39193694	   -146.33644103	     73.05012388	     18.92714599	    -93.85463925	      0.00000000	      0.00000000	     93.70890705	     15.63374032	     68.61358336	     28.81425743	   -812.84893781	      0.00000000	      0.00000000
      0.87777778	    -90.75743161	    -13.58762495	   -202.12623708	      1.08555240	      0.77963834	     -0.06846032	     -9.24930971	     10.35887516	    -39.07430301	    -60.46198550	     69.38452467	     36.81597926	    -18.97475522	    -40.20345530	     32.61862107	   -418.15274413	     95.41459031	     25.79837794	    -96.83507028	    -77.77017296	    -33.42524448	    -18.24969268	   -104.65934621	     71.01609600	   -185.54858524	     29.08007446	    126.20126012	     -3.52863263	     -1.96750394	     43.45481859	     98.41600361	   -146.25244495	     73.07239603	     18.95186094	    -93.95076021	      0.00000000	      0.00000000	     93.67946858	     15.73494611	     68.60727160	     28.81423865	   -812.96082305	      0.00000000	      0.00000000
      0.88055556	    -90.79962797	    -13.60759042	   -202.26245016	      1.08519570	      0.77901905	     -0.06870807	     -9.17682254	     10.23013742	    -38.83066828	    -61.27161500	     69.67195187	     36.98263580	    -19.37960940	    -38.98216901	     32.03220389	   -419.66149143	     95.48675322	     25.83458834	    -97.19657800	    -75.00576807	    -33.92877861	    -16.87410587	   -113.49303824	     71.20380526	   -179.59543953	     27.89807791	    126.73259503	     -3.51362221	     -1.67937530	     43.45561235	     98.50491509	   -146.17381412	     73.07866278	     19.16445960	    -96.57355705	      0.00000000	      0.00000000	     93.68475030	     15.75308539	     68.63334299	     28.46162378	   -815.41482717	      0.00000000	      0.00000000
      0.88333333	    -90.79888303	    -13.61181811	   -202.37349957	      1.08499103	      0.77887649	     -0.06884812	     -9.21442951	     10.17561891	    -39.17884213	    -60.76384724	     69.48309732	     37.00195743	    -19.33053370	    -38.53929928	     31.55819423	   -419.97801993	     95.34665503	     26.60810660	    -96.73570029	    -74.81588827	    -33.94850219	    -16.88673517	   -114.09257805	     71.73607340	   -179.96953891	     28.08873740	    126.91638340	     -3.52460156	     -1.78267837	     43.63811090	     98.52391210	   -146.10369620	     73.11055444	     19.18450459	    -96.63271397	      0.00000000	      0.00000000	     93.64206447	     15.83380177	     68.61774744	     28.46917614	   -815.46013237	      0.00000000	      0.00000000
      0.88611111	    -90.81162202	    -13.61580447	   -202.51101111	      1.08480409	      0.77875598	     -0.06900780	     -9.25595636	     10.10370659	    -39.54825335	    -60.24770147	     69.22397701	     36.95876666	    -19.20962138	    -38.14600806	     31.17413105	   -420.24361008	     95.21860913	     27.40482267	    -96.22200553	    -74.45866995	    -34.02557995	    -16.80008165	   -114.97167281	     72.34853649	   -180.09528260	     28.18403669	    127.05510215	     -3.59379922	     -1.86037734	     43.99529970	     98.53151280	   -145.98367805	     73.12103601	     19.22138188	    -96.78981660	      0.00000000	      0.00000000	     93.62853431	     15.98392956	     68.61439889	     28.46867943	   -815.59336612	      0.00000000	      0.00000000
      0.88888889	    -90.81258768	    -13.62483488	   -202.61964581	      1.08456547	      0.77858141	     -0.06907198	     -9.27307997	     10.04517135	    -39.87817778	    -59.79866134	     69.01944002	     37.00450112	    -19.19258327	    -37.67596091	     30.69572628	   -420.52122237	     95.06759019	     28.14177165	    -95.80083781	    -74.20165112	    -34.04357016	    -16.82303074	   -115.59407146	     72.88499377	   -180.45876126	     28.32747626	    127.26862305	     -3.62442220	     -1.96670566	     44.14213236	     98.56077397	   -145.92196115	     73.15022274	     19.23537961	    -96.84702717	      0.00000000	      0.00000000	     93.58050261	     16.05644908	     68.60952880	     28.47391341	   -815.64582245	      0.00000000	      0.00000000
      0.89166667	    -90.82688267	    -13.63769473	   -202.75248741	      1.08440554	      0.77847278	     -0.06926219	     -9.30952455	      9.98221479	    -40.18555321	    -59.35838855	     68.78665066	     37.01276046	    -19.17780994	    -37.23528504	     30.28705626	   -420.76317784	     94.87644194	     28.84176050	    -95.37955108	    -73.92715497	    -34.02110224	    -16.89961124	   -116.17799228	     73.41480753	   -180.80392407	     28.49893829	    127.47044547	     -3.60626448	     -2.16552896	     44.30741095	     98.59907289	   -145.85832787	     73.18990108	     19.27371276	    -96.89083461	      0.00000000	      0.00000000	     93.54028459	     16.12211891	     68.59808268	     28.48044711	   -815.69306550	      0.00000000	      0.00000000
      0.89444444	    -90.81039173	    -13.62198046	   -202.85688290	      1.08415730	      0.77833607	     -0.06936722	     -9.34997264	      9.93084224	    -40.53671245	    -58.73305409	     68.58010111	     36.93735152	    -19.08234297	    -36.83256596	     29.81360079	   -421.08228925	     94.79776454	     29.74317987	    -94.84461202	    -73.56354991	    -34.07970244	    -16.76871637	   -117.00298925	     74.03060497	   -181.04815267	     28.51696855	    127.60947966	     -3.64151394	     -2.12065328	     44.61839027	     98.58816336	   -145.76218459	     73.21457187	     19.27445968	    -96.99647693	      0.00000000	      0.00000000	     93.50104100	     16.25806717	     68.58242124	     28.47568424	   -815.80456759	      0.00000000	      0.00000000
      0.89722222	    -90.81482191	    -13.62577868	   -202.97595234	      1.08395994	      0.77818827	     -0.06947898	     -9.38125292	      9.86533260	    -40.89782322	    -58.25887132	     68.36338015	     36.94648220	    -18.99458661	    -36.41403819	     29.36084359	   -421.34694383	     94.68402684	     30.53351094	    -94.39649013	    -73.20520053	    -34.12341197	    -16.73873986	   -117.77747508	     74.63816626	   -181.26806059	     28.56468638	    127.81616415	     -3.68521571	     -2.20235685	     44.89085570	     98.60490207	   -145.67429504	     73.23690638	     19.29688557	    -97.09212359	      0.00000000	      0.00000000	     93.46834908	     16.36683937	     68.58325600	     28.46923449	   -815.90091320	      0.00000000	      0.00000000
      0.90000000	    -90.85704297	    -13.64151751	   -203.11105212	      1.08369956	      0.77772972	     -0.06976633	     -9.33070807	      9.74058014	    -40.94121428	    -58.56321378	     68.29782461	     36.96967708	    -19.15258195	    -35.61332231	     28.92801141	   -422.21933969	     94.74297623	     30.90377353	    -94.33969425	    -71.37597665	    -34.62864957	    -15.96712375	   -124.30925721	     74.97812943	   -176.61811790	     27.75532419	    128.04850727	     -3.73392648	     -2.13505145	     45.08419628	     98.68795007	   -145.61204434	     73.25246218	     19.50802345	    -99.28550799	      0.00000000	      0.00000000	     93.45226886	     16.37968801	     68.60163810	     28.20581458	   -817.72208209	      0.00000000	      0.00000000
      0.90277778	    -90.85527435	    -13.64224483	   -203.21646694	      1.08349193	      0.77759237	     -0.06986828	     -9.36345572	      9.68860454	    -41.27856995	    -58.05210567	     68.08908304	     36.98425448	    -19.12799547	    -35.18440436	     28.45621149	   -422.43317525	     94.57443471	     31.70543439	    -93.91782611	    -71.18573663	    -34.57572828	    -16.03582355	   -124.89488640	     75.54613449	   -177.00152351	     27.96398652	    128.29969694	     -3.75529482	     -2.22205017	     45.23041882	     98.71159550	   -145.55163606	     73.28696660	     19.51338426	    -99.32332108	      0.00000000	      0.00000000	     93.41011395	     16.44921705	     68.59243303	     28.21218266	   -817.74886522	      0.00000000	      0.00000000
      0.90555556	    -90.85245700	    -13.65608652	   -203.32202762	      1.08336780	      0.77749182	     -0.07000771	     -9.38967336	      9.63785487	    -41.61305421	    -57.56158990	     67.85484281	     36.97783244	    -19.11742990	    -34.75876826	     28.02829673	   -422.61385517	     94.38433572	     32.47311448	    -93.49217756	    -70.94829299	    -34.51842719	    -16.11443303	   -125.48603263	     76.12167870	   -177.34688925	     28.15087692	    128.52793090	     -3.74195495	     -2.38081908	     45.39951815	     98.74376140	   -145.49089575	     73.32449356	     19.53688377	    -99.35969839	      0.00000000	      0.00000000	     93.37430146	     16.51656341	     68.57091808	     28.21992570	   -817.78170634	      0.00000000	      0.00000000
      0.90833333	    -90.84088255	    -13.64528662	   -203.42058064	      1.08313409	      0.77736789	     -0.07016008	     -9.42935093	      9.58008344	    -41.97950745	    -56.90280577	     67.60252915	     36.85951415	    -19.02724273	    -34.43865432	     27.61682709	   -422.79435012	     94.25953716	     33.36327321	    -92.96824545	    -70.65704696	    -34.53459327	    -16.04731705	   -126.21458251	     76.74209925	   -177.57620616	     28.23725695	    128.64353031	     -3.75751986	     -2.38553417	     45.67855383	     98.74113258	   -145.41198573	     73.36060242	     19.54938619	    -99.43285002	      0.00000000	      0.00000000	     93.34315778	     16.63932329	     68.55761777	     28.22305499	   -817.85695909	      0.00000000	      0.00000000
      0.91111111	    -90.84622596	    -13.64856228	   -203.54161253	      1.08294822	      0.77722260	     -0.07026190	     -9.45861552	      9.51825343	    -42.33375512	    -56.41389700	     67.34918662	     36.84976416	    -18.96763904	    -34.04394654	     27.18980927	   -422.94455373	     94.10098356	     34.15670947	    -92.53455285	    -70.36525994	    -34.51838381	    -16.10005544	   -126.87570084	     77.37063109	   -177.83982797	     28.35704517	    128.87276899	     -3.78974231	     -2.50188671	     45.89891909	     98.76568011	   -145.33986840	     73.38887402	     19.56643236	    -99.48965766	      0.00000000	      0.00000000	     93.30554463	     16.73241432	     68.55498275	     28.22538368	   -817.91849186	      0.00000000	      0.00000000
      0.91388889	    -90.83975088	    -13.64402973	   -203.64902822	      1.08272011	      0.77710976	     -0.07040997	     -9.49117222	      9.45842912	    -42.70451296	    -55.84299908	     67.07087318	     36.76603878	    -18.88666625	    -33.69229708	     26.79136676	   -423.09202769	     93.97079948	     34.99732903	    -92.05642121	    -70.01654322	    -34.51779490	    -16.07438802	   -127.63437810	     78.01037379	   -178.02479535	     28.41800391	    129.04000006	     -3.79909716	     -2.55850917	     46.17160195	     98.76921136	   -145.25377700	     73.41736539	     19.58461794	    -99.57492983	      0.00000000	      0.00000000	     93.26842968	     16.85566808	     68.54661976	     28.22396990	   -818.00803840	      0.00000000	      0.00000000
      0.91666667	    -90.84780761	    -13.64543933	   -203.76638577	      1.08255350	      0.77701501	     -0.07053750	     -9.52692328	      9.39266521	    -43.05758528	    -55.33083808	     66.80178059	     36.70848120	    -18.85614651	    -33.29615262	     26.40017321	   -423.22901463	     93.80861706	     35.80247623	    -91.61292095	    -69.68962925	    -34.46647093	    -16.12246583	   -128.32204902	     78.64081678	   -178.26287227	     28.52350974	    129.26910602	     -3.81284016	     -2.68954159	     46.38383782	     98.78798147	   -145.17925708	     73.44660707	     19.60560186	    -99.64010479	      0.00000000	      0.00000000	     93.23181084	     16.94541569	     68.54544863	     28.22477906	   -818.08075803	      0.00000000	      0.00000000
      0.91944444	    -90.84136029	    -13.63482462	   -203.86502383	      1.08233507	      0.77691199	     -0.07065096	     -9.56926771	      9.32986190	    -43.44966462	    -54.71862662	     66.50987483	     36.59352574	    -18.71896299	    -32.99601420	     26.00822440	   -423.36838889	     93.70429283	     36.68210570	    -91.12702813	    -69.28849063	    -34.47014267	    -16.06723216	   -129.15895814	     79.30741903	   -178.36973573	     28.53130544	    129.42540113	     -3.82508862	     -2.70173992	     46.69047533	     98.78323968	   -145.08572549	     73.46177299	     19.61783262	    -99.74598829	      0.00000000	      0.00000000	     93.20511481	     17.07508227	     68.53714585	     28.21817233	   -818.19689720	      0.00000000	      0.00000000
      0.92222222	    -90.93131361	    -13.64419362	   -204.00038411	      1.08206466	      0.77629576	     -0.07093511	     -9.48354297	      9.15284147	    -43.37851888	    -55.31998753	     66.42853400	     36.67053537	    -18.89036242	    -32.18908601	     25.57661600	   -424.33287369	     93.88915244	     36.97059886	    -91.15766030	    -67.61688973	    -35.34949868	    -15.15971580	   -141.01248438	     79.37223317	   -168.47121479	     27.94223366	    129.53661844	     -3.95850092	     -2.55145099	     46.77315326	     98.91723860	   -145.08825721	     73.45138783	     19.96054497	   -103.50180940	      0.00000000	      0.00000000	     93.19115298	     17.04411940	     68.61382354	     27.82542835	   -820.76731282	      0.00000000	      0.00000000
      0.92500000	    -90.91373000	    -13.65695584	   -204.12352807	      1.08192431	      0.77620074	     -0.07104555	     -9.50316321	      9.13142167	    -43.67048954	    -54.85559459	     66.18359222	     36.61902503	    -18.94879212	    -31.76114647	     25.17434274	   -424.43736158	     93.66472171	     37.68415498	    -90.82387526	    -67.37427945	    -35.14687570	    -15.33817286	   -141.53545827	     79.91381182	   -168.82190007	     28.15618711	    129.83356868	     -3.93831570	     -2.74362793	     46.88117901	     98.95122449	   -145.03201967	     73.51317780	     20.00153598	   -103.51836613	      0.00000000	      0.00000000	     93.14228230	     17.09235797	     68.57495582	     27.83868661	   -820.78072402	      0.00000000	      0.00000000
      0.92777778	    -90.87490678	    -13.63040124	   -204.19337836	      1.08165030	      0.77606334	     -0.07115141	     -9.54572911	      9.10068006	    -44.02415077	    -54.06374075	     65.92087746	     36.47225393	    -18.90127449	    -31.47255089	     24.71325994	   -424.52582197	     93.51314246	     38.68417550	    -90.30690268	    -67.09846770	    -35.04290714	    -15.34650293	   -142.23238723	     80.58011790	   -169.08067510	     28.22833439	    130.01751888	     -3.93249116	     -2.68669064	     47.08224009	     98.93650095	   -144.95824191	     73.56469184	     19.98171338	   -103.56242019	      0.00000000	      0.00000000	     93.08535062	     17.19814224	     68.55391038	     27.84591525	   -820.81904449	      0.00000000	      0.00000000
      0.93055556	    -90.88142850	    -13.64307964	   -204.32594763	      1.08149205	      0.77596025	     -0.07122717	     -9.57619210	      9.04374508	    -44.35393863	    -53.58410469	     65.64887686	     36.43354241	    -18.90318833	    -31.08626384	     24.32802001	   -424.57585150	     93.30652210	     39.43582931	    -89.94498895	    -66.81821834	    -34.85282789	    -15.51175723	   -142.81248909	     81.19433483	   -169.33491865	     28.38829015	    130.31294676	     -3.91799805	     -2.87329356	     47.23791538	     98.97773677	   -144.89464386	     73.60293553	     20.02127813	   -103.58852249	      0.00000000	      0.00000000	     93.03619109	     17.26573224	     68.55118116	     27.85499876	   -820.85185710	      0.00000000	      0.00000000
      0.93333333	    -90.87193924	    -13.63655253	   -204.42596282	      1.08128177	      0.77586483	     -0.07131646	     -9.61741346	      9.00042852	    -44.68328720	    -52.96845772	     65.36325856	     36.32794782	    -18.88815915	    -30.75659472	     23.92247654	   -424.63108826	     93.12030861	     40.28769864	    -89.53124523	    -66.51793859	    -34.67632591	    -15.62011714	   -143.45021329	     81.82289406	   -169.57714318	     28.51221921	    130.56280011	     -3.91260446	     -2.94217998	     47.42261807	     98.98807141	   -144.82999519	     73.63623762	     20.02278649	   -103.62235733	      0.00000000	      0.00000000	     92.99748390	     17.34712781	     68.53654420	     27.86014357	   -820.89468755	      0.00000000	      0.00000000
      0.93611111	    -90.87333566	    -13.64356410	   -204.54461574	      1.08109704	      0.77577607	     -0.07139656	     -9.65040063	      8.94986114	    -44.99721910	    -52.42947171	     65.06621725	     36.21754579	    -18.92251126	    -30.39218617	     23.56071806	   -424.67260334	     92.91521721	     41.05947609	    -89.14937395	    -66.21126794	    -34.47184600	    -15.75351173	   -144.04639550	     82.42497991	   -169.82086684	     28.65788137	    130.81274918	     -3.86656264	     -3.09434570	     47.61812241	     99.00941525	   -144.76889237	     73.66924992	     20.04273327	   -103.65113664	      0.00000000	      0.00000000	     92.95529937	     17.42072426	     68.52718546	     27.86602035	   -820.93594230	      0.00000000	      0.00000000
      0.93888889	    -90.84724635	    -13.62002589	   -204.62975678	      1.08085608	      0.77565366	     -0.07142125	     -9.69534856	      8.90580735	    -45.36459370	    -51.68472383	     64.73977196	     36.06889065	    -18.87494995	    -30.11412911	     23.15159489	   -424.67330910	     92.77432326	     42.02666413	    -88.65707794	    -65.86814804	    -34.34296451	    -15.76075113	   -144.77481233	     83.13224656	   -169.99428369	     28.68567965	    131.01460822	     -3.90819731	     -3.02777954	     47.87879615	     99.00672287	   -144.68770489	     73.69264123	     20.02983386	   -103.69916718	      0.00000000	      0.00000000	     92.90313512	     17.54287484	     68.51445117	     27.85883977	   -821.00566794	      0.00000000	      0.00000000
      0.94166667	    -90.91744427	    -13.60683092	   -204.76305802	      1.08061962	      0.77495642	     -0.07181229	     -9.54412588	      8.73272146	    -45.40765350	    -52.35869590	     64.55673865	     36.00603406	    -18.65466211	    -29.50032407	     22.89421995	   -425.63950043	     93.10792561	     42.47770614	    -88.37989599	    -64.08917380	    -35.92828552	    -14.71043585	   -166.89030734	     82.81012563	   -149.64830794	     27.90122694	    130.79121490	     -4.25702702	     -2.85940995	     48.11586594	     99.09804686	   -144.64711316	     73.69458591	     20.49762315	   -108.07725141	      0.00000000	      0.00000000	     92.87387938	     17.45227709	     68.58727099	     27.26098423	   -824.72052873	      0.00000000	      0.00000000
      0.94444444	    -90.89662594	    -13.61320032	   -204.85473684	      1.08037207	      0.77485446	     -0.07187001	     -9.58315722	      8.70413195	    -45.63336498	    -51.70194465	     64.28183175	     35.91096053	    -18.82359730	    -29.14687724	     22.43587630	   -425.66803342	     92.90341322	     43.28798358	    -88.13354246	    -63.82221308	    -35.48935597	    -14.86426282	   -167.54696974	     83.28729453	   -149.94652109	     28.10247199	    131.14730258	     -4.17136779	     -2.89705275	     48.22263364	     99.12443242	   -144.59154419	     73.74573919	     20.50031507	   -108.13049174	      0.00000000	      0.00000000	     92.82704287	     17.51286685	     68.56540089	     27.27598835	   -824.71189815	      0.00000000	      0.00000000
      0.94722222	    -90.90221836	    -13.64018892	   -204.96322441	      1.08016023	      0.77476662	     -0.07190412	     -9.61141210	      8.65845418	    -45.85507999	    -51.12110634	     64.00470200	     35.83941490	    -19.01674735	    -28.79165572	     22.00012709	   -425.68126649	     92.68258889	     44.01851088	    -87.93594357	    -63.53736901	    -35.04261047	    -15.02082022	   -168.17627952	     83.71700983	   -150.24127884	     28.30678068	    131.48663446	     -4.07041424	     -3.09224622	     48.33265090	     99.16406675	   -144.54108869	     73.78014447	     20.53496795	   -108.16273481	      0.00000000	      0.00000000	     92.79723177	     17.56288846	     68.55744566	     27.30047035	   -824.72296464	      0.00000000	      0.00000000
      0.95000000	    -90.68813719	    -13.33620255	   -205.26289717	      1.08211732	      0.77804498	     -0.07171218	     -9.43276081	      8.33704599	    -51.36688073	   -113.45775428	     84.55367666	     33.55819599	    -11.77649888	     -1.84214871	     23.17507248	   -460.70552720	     94.63082475	     10.98730151	   -138.90620818	   -420.06207354	     -8.81295538	    -17.60148547	   -380.24109646	     43.28662962	    115.55220085	    525.23760060	    239.70586130	     -7.28233796	     -4.14975214	     53.58744826	     98.23804617	   -143.74033630	     73.48403835	     31.04882893	   -179.44804140	      0.00000000	      0.00000000	     90.89959625	     14.65602686	     69.02387345	     17.76285276	   -536.60462392	      0.00000000	      0.00000000
      0.95277778	    -90.68432180	    -13.34038469	   -205.37203885	      1.08196498	      0.77781638	     -0.07177754	     -9.43514184	      8.29371658	    -51.49122243	   -112.88477694	     84.34296586	     33.59885374	    -11.82549711	     -1.43942700	     22.56870159	   -460.97326144	     94.46660148	     12.02744540	   -138.27128891	   -419.94431537	     -8.70000374	    -17.38668188	   -380.40097161	     42.96481301	    115.27214478	    525.31734706	    239.85664345	     -7.27331955	     -4.14888953	     53.65567238	     98.26245815	   -143.69215013	     73.52074176	     31.07555039	   -179.41387033	      0.00000000	      0.00000000	     90.85142567	     14.71241376	     69.01597479	     17.77745728	   -536.58292455	      0.00000000	      0.00000000
      0.95555556	    -90.67704050	    -13.33967146	   -205.48652592	      1.08185185	      0.77761540	     -0.07187461	     -9.45567863	      8.26044839	    -51.65980021	   -112.24814604	     84.12716707	     33.55548274	    -11.76918719	     -1.08612991	     21.95039670	   -461.26982154	     94.35238538	     13.12308781	   -137.65674689	   -419.84538411	     -8.44536346	    -17.16375584	   -380.61821016	     42.48245207	    115.04144825	    525.31735965	    239.97765410	     -7.23234985	     -4.21148792	     53.75038822	     98.27941765	   -143.60979124	     73.54739675	     31.08416495	   -179.34947393	      0.00000000	      0.00000000	     90.81146899	     14.81578748	     68.99990790	     17.81526696	   -536.51071358	      0.00000000	      0.00000000
      0.95833333	    -90.67727882	    -13.33997222	   -205.58948481	      1.08169152	      0.77740068	     -0.07196558	     -9.46778409	      8.22006072	    -51.82153425	   -111.59701036	     83.89729739	     33.54372274	    -11.71026694	     -0.78700055	     21.36369587	   -461.51764393	     94.22769382	     14.20628424	   -137.04630403	   -419.73583308	     -8.22703864	    -16.96215926	   -380.80495931	     42.01100373	    114.82505383	    525.31978405	    240.14033219	     -7.20894781	     -4.28941199	     53.86274641	     98.28874299	   -143.53131659	     73.56588647	     31.09618020	   -179.27237563	      0.00000000	      0.00000000	     90.78118036	     14.92778139	     68.99246529	     17.84673963	   -536.41018455	      0.00000000	      0.00000000
      0.96111111	    -90.67351567	    -13.34142952	   -205.70018834	      1.08154375	      0.77717051	     -0.07200068	     -9.47786571	      8.18816502	    -51.97791963	   -110.96082877	     83.69264574	     33.56046607	    -11.64990373	     -0.48476552	     20.74023382	   -461.74971573	     94.11853509	     15.32202226	   -136.42948121	   -419.64458495	     -8.05871976	    -16.74763956	   -380.96789482	     41.59603856	    114.52139442	    525.31497537	    240.30793801	     -7.18993484	     -4.33296009	     53.95932389	     98.30416682	   -143.45525926	     73.58828083	     31.10936455	   -179.19717712	      0.00000000	      0.00000000	     90.75195941	     15.03066886	     68.99336120	     17.86813987	   -536.31559388	      0.00000000	      0.00000000
      0.96388889	    -90.66773531	    -13.33379161	   -205.80530994	      1.08138067	      0.77698510	     -0.07207912	     -9.50727103	      8.17816089	    -52.24445670	   -110.16038217	     83.38049505	     33.47814809	    -11.34285818	     -0.38848540	     20.22002771	   -461.95688745	     94.06557781	     16.47017936	   -135.86902061	   -419.48157619	     -7.62945102	    -16.54856385	   -381.19616504	     40.81761110	    114.46040706	    525.14662272	    240.48114017	     -7.15931161	     -4.50123879	     54.25949873	     98.28381310	   -143.28445680	     73.57298015	     31.08873397	   -178.94844152	      0.00000000	      0.00000000	     90.78311073	     15.30224218	     68.99868723	     17.92616473	   -535.93611423	      0.00000000	      0.00000000
      0.96666667	    -90.66686851	    -13.33631125	   -205.91785136	      1.08129133	      0.77674912	     -0.07215167	     -9.51208303	      8.13481489	    -52.33413251	   -109.54127091	     83.15614619	     33.51624721	    -11.38963737	     -0.05537296	     19.65690463	   -462.14572559	     93.91352814	     17.53216403	   -135.23002504	   -419.37787217	     -7.53630965	    -16.33586663	   -381.34952129	     40.52749113	    114.13004122	    525.18671596	    240.62565566	     -7.14215082	     -4.50909267	     54.32780779	     98.30917747	   -143.23193498	     73.60456032	     31.11344055	   -178.87735267	      0.00000000	      0.00000000	     90.74222460	     15.37068036	     68.99049912	     17.95078612	   -535.83936237	      0.00000000	      0.00000000
      0.96944444	    -90.66476608	    -13.33730018	   -206.03118294	      1.08115502	      0.77649493	     -0.07217318	     -9.51234431	      8.10408154	    -52.43266049	   -108.88277869	     82.92642347	     33.50776935	    -11.41127148	      0.26561006	     19.09424954	   -462.34374327	     93.77115640	     18.62838744	   -134.58459991	   -419.29086451	     -7.39559444	    -16.11767422	   -381.51940130	     40.15953355	    113.81587363	    525.19810350	    240.77441918	     -7.12868837	     -4.54883489	     54.40542117	     98.32924700	   -143.17008727	     73.63008267	     31.12430591	   -178.80334575	      0.00000000	      0.00000000	     90.69892666	     15.45198068	     68.98413459	     17.97950985	   -535.73542150	      0.00000000	      0.00000000
      0.97222222	    -90.66107071	    -13.33838565	   -206.13643903	      1.08097695	      0.77626163	     -0.07216771	     -9.51569988	      8.07467208	    -52.56279143	   -108.23939996	     82.72134944	     33.49796241	    -11.39126341	      0.54568986	     18.51347101	   -462.52836215	     93.66374655	     19.70534952	   -133.98324849	   -419.22328365	     -7.22847316	    -15.90769563	   -381.69407674	     39.76627341	    113.48837551	    525.17886944	    240.90705353	     -7.09995275	     -4.59473708	     54.50526391	     98.34603213	   -143.10011941	     73.65149952	     31.13428611	   -178.72247349	      0.00000000	      0.00000000	     90.65861588	     15.54880691	     68.98234612	     18.01644860	   -535.61398714	      0.00000000	      0.00000000
      0.97500000	    -90.64738622	    -13.32523868	   -206.24298272	      1.08083352	      0.77606452	     -0.07222861	     -9.55239335	      8.08015626	    -52.80906540	   -107.36849904	     82.38203693	     33.41981192	    -11.02479238	      0.53365255	     18.01815853	   -462.66689059	     93.65105156	     20.90339902	   -133.43993440	   -419.09974020	     -6.75703174	    -15.72249480	   -381.92356371	     38.93614704	    113.41160787	    524.96187844	    241.07221375	     -7.05002770	     -4.75017017	     54.85119721	     98.31597018	   -142.90809109	     73.63139497	     31.10414862	   -178.38016124	      0.00000000	      0.00000000	     90.69893190	     15.84365108	     68.98581042	     18.09746184	   -535.02342407	      0.00000000	      0.00000000
      0.97777778	    -90.65143006	    -13.32654170	   -206.34004237	      1.08069469	      0.77581454	     -0.07223226	     -9.54620982	      8.03625668	    -52.89260854	   -106.76396505	     82.15973861	     33.45853999	    -11.12996638	      0.86249407	     17.51507254	   -462.79336667	     93.48131042	     21.91165041	   -132.80318416	   -419.02161819	     -6.71900993	    -15.51921185	   -382.04150358	     38.69731862	    113.03636170	    525.00662857	    241.22002364	     -7.05395848	     -4.77085117	     54.89835028	     98.33593273	   -142.87576396	     73.65231717	     31.12184171	   -178.32678641	      0.00000000	      0.00000000	     90.65796960	     15.88578426	     68.98538153	     18.11139139	   -534.94393330	      0.00000000	      0.00000000
      0.98055556	    -90.64532629	    -13.32380276	   -206.45143664	      1.08060070	      0.77557944	     -0.07228133	     -9.54944437	      7.99986925	    -52.98195981	   -106.11567974	     81.94537110	     33.43700421	    -11.15416534	      1.14663556	     16.99881745	   -462.94690787	     93.34525511	     22.97333084	   -132.17815323	   -418.96400350	     -6.60071265	    -15.30216747	   -382.19272180	     38.38164694	    112.67717029	    525.01028841	    241.33864169	     -7.02860407	     -4.77991340	     54.94977643	     98.35550257	   -142.82261216	     73.68387624	     31.13880371	   -178.25888490	      0.00000000	      0.00000000	     90.60802572	     15.95088081	     68.97643574	     18.14451287	   -534.84128955	      0.00000000	      0.00000000
      0.98333333	    -90.62556576	    -13.31871447	   -206.56035793	      1.08044917	      0.77537281	     -0.07230519	     -9.56888309	      7.98881334	    -53.14367156	   -105.35570964	     81.72419677	     33.32771507	    -10.94853718	      1.26264754	     16.44111517	   -463.12570924	     93.30328884	     24.12890788	   -131.62190636	   -418.91740074	     -6.28518138	    -15.06136259	   -382.44554261	     37.85468787	    112.40929500	    524.91885217	    241.39967167	     -6.95120126	     -4.83594562	     55.07324624	     98.36646764	   -142.71540046	     73.71014501	     31.13195353	   -178.10481522	      0.00000000	      0.00000000	     90.56926147	     16.09667301	     68.96684022	     18.21777736	   -534.57776971	      0.00000000	      0.00000000
      0.98611111	    -90.62442596	    -13.31605137	   -206.64461304	      1.08036156	      0.77516404	     -0.07234103	     -9.56674364	      7.95851395	    -53.23573661	   -104.71243292	     81.47019074	     33.32758325	    -11.01701265	      1.50877294	     16.03364254	   -463.21845953	     93.12329301	     25.09438004	   -130.99872324	   -418.84093492	     -6.19868529	    -14.90357398	   -382.53333822	     37.54771277	    112.11420680	    524.94407372	    241.56470344	     -6.95904043	     -4.90034805	     55.15340343	     98.37363370	   -142.67189824	     73.72415396	     31.13820817	   -178.03606084	      0.00000000	      0.00000000	     90.54823894	     16.16567209	     68.96171722	     18.22544079	   -534.46516601	      0.00000000	      0.00000000
      0.98888889	    -90.60807393	    -13.30934110	   -206.74997661	      1.08022177	      0.77498241	     -0.07233465	     -9.59899809	      7.96163293	    -53.43643968	   -103.88186491	     81.20454185	     33.21953334	    -10.69934268	      1.50434966	     15.50374409	   -463.35553515	     93.12798903	     26.27801570	   -130.47525879	   -418.79090802	     -5.79916364	    -14.67378015	   -382.78627462	     36.88812758	    111.90072177	    524.78487891	    241.64654283	     -6.88704654	     -5.00782703	     55.36497554	     98.37051680	   -142.53004497	     73.73143856	     31.11903631	   -177.79420661	      0.00000000	      0.00000000	     90.55108721	     16.39037817	     68.96031267	     18.31549274	   -534.00758223	      0.00000000	      0.00000000
      0.99166667	    -90.60020025	    -13.30713711	   -206.85430948	      1.08008015	      0.77472141	     -0.07234491	     -9.59643537	      7.93032688	    -53.52796411	   -103.21001070	     80.95354415	     33.21200660	    -10.67009171	      1.66909509	     15.08026956	   -463.42023540	     93.00938565	     27.27961049	   -129.89949506	   -418.72261051	     -5.68240985	    -14.48407211	   -382.91295346	     36.54918795	    111.58959617	    524.75771510	    241.77758072	     -6.85817840	     -5.00925775	     55.47150763	     98.37600525	   -142.46177684	     73.74730416	     31.13249286	   -177.65426392	      0.00000000	      0.00000000	     90.52446954	     16.49830963	     68.95395121	     18.35569039	   -533.75127244	      0.00000000	      0.00000000
      0.99444444	    -90.59170046	    -13.29950482	   -206.94015893	      1.07996576	      0.77449091	     -0.07229161	     -9.59043269	      7.90646309	    -53.60677303	   -102.57970440	     80.72659776	     33.18221837	    -10.73927222	      1.90823488	     14.66802923	   -463.50298627	     92.85073613	     28.23816588	   -129.29351124	   -418.66639232	     -5.62695526	    -14.30351089	   -383.00667978	     36.27414208	    111.24920777	    524.77026687	    241.92836189	     -6.87437655	     -5.03429150	     55.53626828	     98.38760597	   -142.42136437	     73.75633348	     31.13996009	   -177.58446078	      0.00000000	      0.00000000	     90.48290676	     16.56627852	     68.95384554	     18.36721056	   -533.63078584	      0.00000000	      0.00000000
      0.99722222	    -90.57241610	    -13.28934987	   -207.04772858	      1.07984096	      0.77425631	     -0.07232569	     -9.60484015	      7.88318838	    -53.73154552	   -101.82101015	     80.53273216	     33.05999078	    -10.59213074	      1.99667884	     14.19554394	   -463.62705709	     92.77131924	     29.33987931	   -128.75122156	   -418.63655305	     -5.38618819	    -14.04021028	   -383.25155584	     35.82705216	    110.97233556	    524.69819943	    242.00612035	     -6.83232660	     -5.03606977	     55.63294876	     98.38941893	   -142.33304310	     73.79520399	     31.14811969	   -177.45227005	      0.00000000	      0.00000000	     90.44702876	     16.69382821	     68.94412838	     18.43947643	   -533.38185411	      0.00000000	      0.00000000
      1.00000000	    -90.56981801	    -13.28404182	   -207.13020412	      1.07972794	      0.77408532	     -0.07225898	     -9.60692289	      7.85963843	    -53.81772105	   -101.18510297	     80.31471126	     33.03456238	    -10.64598460	      2.20085483	     13.80066922	   -463.69549098	     92.61345758	     30.27938692	   -128.16644791	   -418.58653345	     -5.29601392	    -13.87002703	   -383.34860942	     35.53793035	    110.64589231	    524.70055932	    242.14683451	     -6.83292050	     -5.11084928	     55.71804701	     98.39493031	   -142.29261260	     73.80089931	     31.14909058	   -177.38410034	      0.00000000	      0.00000000	     90.42321611	     16.76572264	     68.94798162	     18.45508693	   -533.25075330	      0.00000000	      0.00000000
      1.00277778	    -90.55004231	    -13.27564531	   -207.22724134	      1.07954443	      0.77374342	     -0.07220854	     -9.63462018	      7.85982756	    -54.07479369	   -100.23236307	     79.88637893	     33.03079910	    -10.22391073	      2.00230704	     13.51670358	   -463.61482315	     92.63657595	     31.43520069	   -127.68343647	   -418.35428905	     -4.95626610	    -13.54342040	   -383.64020975	     34.91369766	    110.54583547	    524.42291829	    242.26700719	     -6.75153666	     -5.21945326	     56.14268801	     98.38030665	   -142.10927366	     73.78142018	     31.06259360	   -176.62066587	      0.00000000	      0.00000000	     90.51032989	     17.09181039	     68.94086381	     18.61855950	   -531.49505090	      0.00000000	      0.00000000
      1.00555556	    -90.54138173	    -13.27485312	   -207.30430308	      1.07943544	      0.77351573	     -0.07215458	     -9.62968651	      7.82637565	    -54.14408875	    -99.64900356	     79.72028243	     32.99409112	    -10.29972443	      2.23909803	     13.08886382	   -463.69500617	     92.49412324	     32.37469642	   -127.11402279	   -418.36013846	     -4.88876365	    -13.38567523	   -383.71047437	     34.67040833	    110.12710139	    524.41638807	    242.36317005	     -6.73206284	     -5.20080235	     56.15112394	     98.39469037	   -142.09242404	     73.80333099	     31.07977081	   -176.58991699	      0.00000000	      0.00000000	     90.46491515	     17.11472844	     68.93719656	     18.64094210	   -531.44510136	      0.00000000	      0.00000000
      1.00833333	    -90.53502822	    -13.26873687	   -207.37925425	      1.07935962	      0.77332812	     -0.07212244	     -9.63224082	      7.79860530	    -54.21026153	    -99.06292586	     79.53570335	     32.93468713	    -10.37759144	      2.45109683	     12.70848141	   -463.77441893	     92.33725419	     33.25685781	   -126.55663622	   -418.33789828	     -4.80101214	    -13.23738736	   -383.79349199	     34.43397131	    109.77247402	    524.43281070	    242.44909099	     -6.71866772	     -5.24724701	     56.18223638	     98.40287856	   -142.06678340	     73.82706561	     31.09390482	   -176.55869790	      0.00000000	      0.00000000	     90.42619530	     17.15043889	     68.93410212	     18.66530279	   -531.39530675	      0.00000000	      0.00000000
      1.01111111	    -90.51620892	    -13.26278790	   -207.45137942	      1.07925123	      0.77311599	     -0.07210316	     -9.63033436	      7.77664496	    -54.27815571	    -98.44318137	     79.35171580	     32.84446046	    -10.40406861	      2.62111301	     12.33455039	   -463.85993758	     92.19498127	     34.17759589	   -126.00350432	   -418.32620308	     -4.69011937	    -13.07660311	   -383.88825079	     34.17047185	    109.42768039	    524.43209268	    242.52699842	     -6.69048898	     -5.25737174	     56.21454122	     98.40985270	   -142.03607809	     73.84678739	     31.11094003	   -176.52019682	      0.00000000	      0.00000000	     90.37777149	     17.20212044	     68.92292246	     18.70027135	   -531.32943462	      0.00000000	      0.00000000
      1.01388889	    -90.48626489	    -13.24367998	   -207.53623580	      1.07904118	      0.77290123	     -0.07200661	     -9.65223908	      7.81892433	    -54.48129460	    -97.47575371	     79.09563930	     32.70863120	     -9.91519634	      2.29289306	     12.00745945	   -463.83927730	     92.12714333	     35.30052240	   -125.57780784	   -418.32509203	     -4.28238915	    -12.87663041	   -384.14071949	     33.43235913	    109.38344520	    524.30317535	    242.64433957	     -6.65204739	     -5.39583363	     56.43266609	     98.37721181	   -141.91571059	     73.84152009	     31.09303250	   -176.27629860	      0.00000000	      0.00000000	     90.38606339	     17.44041109	     68.92190653	     18.79225901	   -530.75583394	      0.00000000	      0.00000000
      1.01666667	    -90.47120631	    -13.24207506	   -207.61329896	      1.07895712	      0.77265557	     -0.07191347	     -9.64764329	      7.79044260	    -54.53761535	    -96.92406776	     78.92541519	     32.66088956	     -9.99216629	      2.51202966	     11.63275690	   -463.89882745	     92.00242292	     36.15621233	   -125.05663976	   -418.31136244	     -4.21124942	    -12.68560987	   -384.23833969	     33.22997193	    108.98399182	    524.29932942	    242.70060215	     -6.63028498	     -5.36571295	     56.46875224	     98.38931868	   -141.88729560	     73.86312191	     31.10752531	   -176.22742731	      0.00000000	      0.00000000	     90.34207929	     17.48313150	     68.91550823	     18.83039441	   -530.65446400	      0.00000000	      0.00000000
      1.01944444	    -90.45562604	    -13.23597003	   -207.68043043	      1.07885131	      0.77245687	     -0.07181087	     -9.64586350	      7.77213512	    -54.59865934	    -96.36805595	     78.73668531	     32.58549097	    -10.06558285	      2.69213771	     11.31728402	   -463.95033166	     91.85801176	     36.96546429	   -124.54010051	   -418.27877580	     -4.13920893	    -12.53737027	   -384.31248401	     33.02514373	    108.65116140	    524.30551937	    242.76888511	     -6.61078925	     -5.38535911	     56.51346416	     98.39341036	   -141.86259278	     73.87694381	     31.11607926	   -176.18551511	      0.00000000	      0.00000000	     90.30006368	     17.52833552	     68.91673267	     18.86204653	   -530.56567402	      0.00000000	      0.00000000
      1.02222222	    -90.43282396	    -13.22239883	   -207.76204452	      1.07874080	      0.77222569	     -0.07169895	     -9.65279337	      7.76365110	    -54.67727789	    -95.73050581	     78.55532354	     32.46283664	     -9.98936281	      2.76257235	     10.97247194	   -464.01165509	     91.75676840	     37.85379381	   -124.06227973	   -418.26131045	     -3.98405578	    -12.33915703	   -384.44914731	     32.70427255	    108.34786700	    524.26616803	    242.81269267	     -6.58907830	     -5.36326139	     56.57185198	     98.39399663	   -141.81650158	     73.89671025	     31.12685499	   -176.11255804	      0.00000000	      0.00000000	     90.24684559	     17.60675806	     68.91214878	     18.92704982	   -530.39826378	      0.00000000	      0.00000000
      1.02500000	    -90.41546673	    -13.20840576	   -207.82512769	      1.07864857	      0.77200530	     -0.07159781	     -9.65619664	      7.75127080	    -54.74808565	    -95.12259649	     78.35448091	     32.36670016	     -9.99276794	      2.86282502	     10.68290978	   -464.03595426	     91.62325627	     38.68250059	   -123.57159305	   -418.23633684	     -3.87902549	    -12.18159540	   -384.54695680	     32.42872363	    108.06507511	    524.25155302	    242.88820660	     -6.57565163	     -5.38912929	     56.64301014	     98.38702671	   -141.78402251	     73.90852787	     31.12729723	   -176.05396031	      0.00000000	      0.00000000	     90.21300508	     17.66934408	     68.91031242	     18.96189319	   -530.25575268	      0.00000000	      0.00000000
      1.02777778	    -90.38968061	    -13.19289828	   -207.89078610	      1.07854073	      0.77180929	     -0.07150237	     -9.66270587	      7.75273911	    -54.84426431	    -94.48076043	     78.14388758	     32.23188043	     -9.88736905	      2.83422556	     10.45684653	   -464.04214006	     91.51637717	     39.41914871	   -123.18706706	   -418.17657520	     -3.69399661	    -11.97007598	   -384.75564915	     32.05910861	    107.95392693	    524.23142458	    242.95844040	     -6.57327170	     -5.41719120	     56.73375539	     98.37433641	   -141.73852709	     73.92080666	     31.13572341	   -175.96351177	      0.00000000	      0.00000000	     90.17139942	     17.75277505	     68.90633691	     19.02909307	   -530.02790426	      0.00000000	      0.00000000
      1.03055556	    -90.37490542	    -13.18468717	   -207.93951465	      1.07846697	      0.77157069	     -0.07136043	     -9.66446878	      7.73955233	    -54.92029146	    -93.90702118	     77.94333015	     32.15711902	     -9.91638059	      2.92772617	     10.22007313	   -464.03873954	     91.37993076	     40.17237600	   -122.73306419	   -418.14669516	     -3.58566699	    -11.82141179	   -384.85669684	     31.79902101	    107.71455781	    524.21784865	    243.03643592	     -6.55045346	     -5.45323855	     56.81185549	     98.36797942	   -141.71577361	     73.92439708	     31.14197173	   -175.90473036	      0.00000000	      0.00000000	     90.14620480	     17.80390872	     68.90648533	     19.06889190	   -529.88143325	      0.00000000	      0.00000000
      1.03333333	    -90.34918103	    -13.17529492	   -207.99304207	      1.07833417	      0.77136137	     -0.07120331	     -9.66317979	      7.73425455	    -55.00054923	    -93.27508842	     77.73458292	     32.07036392	     -9.88995386	      2.98415810	      9.97691136	   -464.03840946	     91.25664795	     41.01709309	   -122.25978253	   -418.12931286	     -3.44901165	    -11.65060074	   -384.96706481	     31.52518922	    107.44692698	    524.18234516	    243.09520741	     -6.52415916	     -5.45143170	     56.89175003	     98.35928828	   -141.69183835	     73.92939304	     31.15513544	   -175.83069476	      0.00000000	      0.00000000	     90.10641946	     17.86612220	     68.90181891	     19.12559102	   -529.69628477	      0.00000000	      0.00000000
      1.03611111	    -90.32426024	    -13.16330440	   -208.03946083	      1.07816580	      0.77113372	     -0.07106080	     -9.65870640	      7.73018088	    -55.08093820	    -92.66637281	     77.53734087	     31.97313637	     -9.85729280	      3.01270451	      9.75505103	   -464.03096133	     91.14208663	     41.79146803	   -121.83764602	   -418.10635407	     -3.31233614	    -11.47325623	   -385.10838578	     31.24428712	    107.23512361	    524.15464339	    243.15653473	     -6.50845083	     -5.47879920	     56.97413947	     98.34582220	   -141.66557919	     73.94288000	     31.16251861	   -175.75700823	      0.00000000	      0.00000000	     90.05929392	     17.92777975	     68.91432966	     19.18527945	   -529.50328883	      0.00000000	      0.00000000
      1.03888889	    -90.30080240	    -13.14881553	   -208.08578246	      1.07811390	      0.77090251	     -0.07088442	     -9.67055426	      7.72979275	    -55.15444539	    -92.08275994	     77.33306794	     31.87856319	     -9.81796779	      3.03871631	      9.55574352	   -464.01258240	     91.02629674	     42.51987562	   -121.43136832	   -418.07911112	     -3.17178784	    -11.30714401	   -385.23158340	     30.95862896	    107.03620191	    524.13010569	    243.20925645	     -6.49400261	     -5.48742283	     57.05640205	     98.33075044	   -141.65046522	     73.94091713	     31.16248203	   -175.68285413	      0.00000000	      0.00000000	     90.03086254	     17.97642334	     68.90439573	     19.25089405	   -529.30128695	      0.00000000	      0.00000000
      1.04166667	    -90.27090009	    -13.13719840	   -208.13168561	      1.07799017	      0.77070010	     -0.07066166	     -9.67390404	      7.73785567	    -55.24609086	    -91.47202558	     77.13097471	     31.78125871	     -9.73358811	      3.01801942	      9.36831974	   -463.98997241	     90.92739113	     43.25773766	   -121.05144754	   -418.05370205	     -3.00512303	    -11.10935348	   -385.39084136	     30.64533245	    106.87049038	    524.09226317	    243.26849947	     -6.47033651	     -5.50110742	     57.15434873	     98.31405582	   -141.63283503	     73.94563760	     31.17063817	   -175.59111136	      0.00000000	      0.00000000	     89.98847282	     18.02804365	     68.90793400	     19.32556761	   -529.04240813	      0.00000000	      0.00000000
      1.04444444	    -90.25725195	    -13.13224026	   -208.15746983	      1.07790738	      0.77053039	     -0.07056373	     -9.67253941	      7.72315086	    -55.31039661	    -91.02604335	     76.93860007	     31.68229010	     -9.80847600	      3.10317760	      9.25580547	   -463.99939733	     90.78246506	     43.79875602	   -120.66837653	   -418.00142808	     -2.89192233	    -11.03128722	   -385.44789192	     30.49982048	    106.72301702	    524.12606692	    243.29866098	     -6.39498013	     -5.61165145	     57.23144566	     98.30691391	   -141.62653189	     73.94837672	     31.17434197	   -175.54707760	      0.00000000	      0.00000000	     89.96910453	     18.04762960	     68.90510268	     19.36931416	   -528.91877975	      0.00000000	      0.00000000
      1.04722222	    -90.20755638	    -13.09925321	   -208.18349368	      1.07770496	      0.77029214	     -0.07028109	     -9.72175984	      7.78022383	    -55.57128125	    -89.98991826	     76.58451738	     31.58083379	     -9.24584463	      2.56360038	      9.20665702	   -463.80196774	     90.79177310	     44.76051885	   -120.43882983	   -417.95712024	     -2.48947876	    -10.64043473	   -385.90545458	     29.81115499	    106.89345215	    523.98015871	    243.41386737	     -6.36114637	     -5.70608332	     57.59986414	     98.26315044	   -141.61932278	     73.94646819	     31.14212118	   -175.22436079	      0.00000000	      0.00000000	     89.92376939	     18.11429965	     68.90537334	     19.53410473	   -527.84109729	      0.00000000	      0.00000000
      1.05000000	    -90.18335098	    -13.09698985	   -208.20797535	      1.07767207	      0.77004300	     -0.07005231	     -9.71133105	      7.76271580	    -55.62381888	    -89.58975340	     76.40824114	     31.55704661	     -9.34525608	      2.73278180	      9.07197520	   -463.76768884	     90.66575596	     45.34084024	   -120.03110660	   -417.94640974	     -2.44908737	    -10.51820170	   -385.89829686	     29.67177695	    106.62333793	    523.96346099	    243.48437643	     -6.35662183	     -5.64711437	     57.64797620	     98.26534558	   -141.62404433	     73.95146795	     31.15070193	   -175.16178709	      0.00000000	      0.00000000	     89.90175305	     18.10966683	     68.90227297	     19.58142325	   -527.63460506	      0.00000000	      0.00000000
      1.05277778	    -90.15684363	    -13.08471186	   -208.22494644	      1.07760545	      0.76982484	     -0.06980530	     -9.70979561	      7.75709893	    -55.68625484	    -89.15861565	     76.25219712	     31.46665515	     -9.39760133	      2.83003492	      8.92387714	   -463.77536478	     90.57041112	     45.92011767	   -119.67334044	   -417.93718522	     -2.37179857	    -10.37612858	   -385.96707286	     29.50558057	    106.41920205	    523.94691433	    243.53928983	     -6.35294586	     -5.62753647	     57.70008049	     98.25406397	   -141.63846752	     73.95430145	     31.15140033	   -175.10007797	      0.00000000	      0.00000000	     89.86373066	     18.10414855	     68.90603425	     19.65404570	   -527.43274232	      0.00000000	      0.00000000
      1.05555556	    -90.13339826	    -13.08120179	   -208.23595595	      1.07753018	      0.76963001	     -0.06960052	     -9.70454305	      7.75611430	    -55.73487053	    -88.76171705	     76.09467419	     31.36640524	     -9.47753211	      2.92081043	      8.81660543	   -463.79686297	     90.45172373	     46.42170389	   -119.33138837	   -417.90501334	     -2.26374635	    -10.28412468	   -386.02682298	     29.37996994	    106.26788899	    523.96358796	    243.56557482	     -6.29594708	     -5.68252087	     57.75426416	     98.24480137	   -141.65291426	     73.94879769	     31.16204727	   -175.05489303	      0.00000000	      0.00000000	     89.83326798	     18.09795716	     68.90359103	     19.71068400	   -527.29684957	      0.00000000	      0.00000000
      1.05833333	    -90.07498922	    -13.03720901	   -208.20203340	      1.07728654	      0.76940045	     -0.06932660	     -9.76096554	      7.80627686	    -56.02799947	    -87.84433789	     75.72366920	     31.32636558	     -8.98261381	      2.43728866	      8.91206320	   -463.55681143	     90.44635744	     47.24381065	   -119.11314270	   -417.86172614	     -1.91434979	     -9.92536531	   -386.37818556	     28.81119221	    106.45631039	    523.82751036	    243.70132444	     -6.26866212	     -5.74965494	     58.06967725	     98.19857184	   -141.79732171	     73.97463152	     31.12337323	   -174.65593947	      0.00000000	      0.00000000	     89.72256296	     17.91506143	     68.89257674	     19.88968359	   -525.82784405	      0.00000000	      0.00000000
      1.06111111	    -90.05470376	    -13.04223154	   -208.20140153	      1.07728259	      0.76919444	     -0.06902106	     -9.74407257	      7.80855020	    -56.05934635	    -87.57030313	     75.59001952	     31.25888919	     -9.11586270	      2.60066751	      8.81218285	   -463.57090316	     90.32757278	     47.63543977	   -118.79573299	   -417.83147442	     -1.85738177	     -9.86713186	   -386.37496730	     28.75144064	    106.26137744	    523.85386261	    243.70482626	     -6.19895037	     -5.79278342	     58.10092133	     98.20043731	   -141.80660044	     73.96526510	     31.13113834	   -174.62847209	      0.00000000	      0.00000000	     89.72216067	     17.90338579	     68.89182544	     19.93528786	   -525.74655344	      0.00000000	      0.00000000
      1.06388889	    -90.01791918	    -13.03650235	   -208.18748125	      1.07724868	      0.76901044	     -0.06869567	     -9.73526955	      7.82144413	    -56.09637612	    -87.22724045	     75.46580711	     31.16730416	     -9.20418981	      2.72808455	      8.70230259	   -463.60359569	     90.23043774	     48.11818571	   -118.46675716	   -417.82707057	     -1.78556295	     -9.75022801	   -386.40813926	     28.64653643	    106.07416127	    523.85058184	    243.74858606	     -6.17984751	     -5.75550344	     58.11718653	     98.18130544	   -141.83048738	     73.95828452	     31.12893968	   -174.59493086	      0.00000000	      0.00000000	     89.70363747	     17.88735414	     68.89168620	     20.01164583	   -525.63662955	      0.00000000	      0.00000000
      1.06666667	    -89.95494415	    -12.98512234	   -208.13056239	      1.07699558	      0.76883931	     -0.06837461	     -9.78079256	      7.86415880	    -56.30563177	    -86.60103982	     75.32056345	     30.91522828	     -8.94923593	      2.52888050	      8.57739883	   -463.69364416	     90.25033211	     48.78727643	   -118.25751669	   -417.83651171	     -1.52095725	     -9.42447261	   -386.71995783	     28.28524048	    106.08485510	    523.78231567	    243.78500406	     -6.17142974	     -5.74547953	     58.23032962	     98.10394627	   -142.00577393	     73.96812839	     31.14451821	   -174.36939542	      0.00000000	      0.00000000	     89.55888696	     17.74508808	     68.88971605	     20.21210063	   -524.77915547	      0.00000000	      0.00000000
      1.06944444	    -89.93220282	    -12.98518257	   -208.10365406	      1.07698691	      0.76866232	     -0.06807882	     -9.77166220	      7.86583793	    -56.33899763	    -86.35364842	     75.19651901	     30.86904592	     -9.05401857	      2.64649792	      8.54979958	   -463.70442890	     90.13382305	     49.13153684	   -117.96323607	   -417.81129905	     -1.45024133	     -9.39679550	   -386.67546092	     28.24849650	    105.95099361	    523.79958108	    243.81808229	     -6.10496190	     -5.77301482	     58.26083342	     98.09705789	   -142.02605314	     73.95273563	     31.13109644	   -174.34549537	      0.00000000	      0.00000000	     89.56817332	     17.72355274	     68.88842498	     20.24200798	   -524.69131752	      0.00000000	      0.00000000
      1.07222222	    -89.89396492	    -12.97360182	   -208.05410138	      1.07696208	      0.76848608	     -0.06772583	     -9.76556314	      7.88631665	    -56.38725316	    -86.04867099	     75.08400989	     30.79043175	     -9.11880467	      2.73357716	      8.50002382	   -463.72894807	     90.03686241	     49.54520243	   -117.67349479	   -417.80762782	     -1.36493588	     -9.31267440	   -386.68245843	     28.15861636	    105.82364540	    523.79297103	    243.86688264	     -6.08523316	     -5.73802704	     58.27609167	     98.06744964	   -142.06909676	     73.93173806	     31.11639773	   -174.31500022	      0.00000000	      0.00000000	     89.56008037	     17.69464382	     68.88762197	     20.30602377	   -524.57891344	      0.00000000	      0.00000000
      1.07500000	    -89.82603859	    -12.92952731	   -207.95078914	      1.07678413	      0.76830094	     -0.06732154	     -9.79044218	      7.93028445	    -56.56008751	    -85.58254138	     74.97570639	     30.64125726	     -8.99731453	      2.67014098	      8.43177181	   -463.77331626	     90.00284797	     50.09724740	   -117.43487552	   -417.83589257	     -1.19526269	     -9.07514182	   -386.83471035	     27.90144121	    105.77300144	    523.72508307	    243.94331239	     -6.12831197	     -5.62822650	     58.28912365	     97.97965685	   -142.21815039	     73.92085781	     31.12176428	   -174.21335670	      0.00000000	      0.00000000	     89.47586762	     17.59592472	     68.88868848	     20.45020079	   -524.20199401	      0.00000000	      0.00000000
      1.07777778	    -89.80625543	    -12.93374444	   -207.92926842	      1.07687828	      0.76822195	     -0.06690987	     -9.80162035	      7.96591421	    -56.58644639	    -85.40806419	     74.87335939	     30.58903762	     -9.06440089	      2.73216903	      8.43977021	   -463.82182596	     89.90658685	     50.29062348	   -117.22949740	   -417.77857076	     -1.08778881	     -9.06313909	   -386.81729682	     27.90873035	    105.73381242	    523.78013815	    243.95285113	     -6.03529698	     -5.70965831	     58.31820901	     97.98145190	   -142.24359407	     73.89157261	     31.12254075	   -174.19624041	      0.00000000	      0.00000000	     89.49771831	     17.56751418	     68.90035292	     20.49310375	   -524.15217510	      0.00000000	      0.00000000
      1.08055556	    -89.76942196	    -12.92236813	   -207.86064097	      1.07691284	      0.76815052	     -0.06656753	     -9.80650991	      7.99460975	    -56.62351834	    -85.17749118	     74.78064901	     30.52387208	     -9.12256463	      2.80082127	      8.43650483	   -463.88289969	     89.82535880	     50.60105905	   -116.98685903	   -417.76232848	     -0.97080247	     -9.01012180	   -386.80661350	     27.88706787	    105.65843088	    523.79284178	    243.98249769	     -5.96360862	     -5.73667259	     58.33368849	     97.94734600	   -142.28630613	     73.87130033	     31.10293653	   -174.17768397	      0.00000000	      0.00000000	     89.50874711	     17.53423623	     68.89529007	     20.55135682	   -524.08519976	      0.00000000	      0.00000000
      1.08333333	    -89.66458509	    -12.83842893	   -207.64284555	      1.07661929	      0.76794725	     -0.06615971	     -9.85080840	      8.07399336	    -56.86906577	    -84.68804487	     74.70551068	     30.35033743	     -8.97012008	      2.70780810	      8.36490790	   -463.96713691	     89.81949466	     51.22614743	   -116.74007263	   -417.83984113	     -0.79751962	     -8.76583814	   -386.94149356	     27.62566980	    105.59798864	    523.68933306	    244.08481851	     -6.02952376	     -5.56520088	     58.29609383	     97.79093214	   -142.50734662	     73.84670145	     31.07837069	   -174.08775482	      0.00000000	      0.00000000	     89.40573025	     17.39275655	     68.87646669	     20.69599743	   -523.73205118	      0.00000000	      0.00000000
      1.08611111	    -89.58791158	    -12.73637343	   -207.41568097	      1.07630936	      0.76785598	     -0.06575012	     -9.97313194	      8.16487954	    -57.35766625	    -84.06354601	     74.49992549	     30.17600164	     -8.39828250	      2.26210994	      8.58395082	   -463.93170285	     89.80238554	     51.71913671	   -116.63753516	   -417.82414511	     -0.43098409	     -8.41224198	   -387.15792179	     27.22722284	    105.87045583	    523.62145317	    244.15204239	     -5.95785102	     -5.81129776	     58.43209134	     97.67637842	   -143.10032208	     73.89763056	     31.11055712	   -173.73298195	      0.00000000	      0.00000000	     89.15151964	     16.75969248	     68.86322918	     20.85478189	   -522.34518636	      0.00000000	      0.00000000
      1.08888889	    -89.55311611	    -12.74156734	   -207.33208406	      1.07637289	      0.76781686	     -0.06532731	     -9.97560597	      8.19852793	    -57.37064346	    -83.92909343	     74.43543045	     30.17872748	     -8.46674211	      2.32614368	      8.61072340	   -464.00081825	     89.74164290	     51.92552376	   -116.44299036	   -417.80233254	     -0.31897076	     -8.40480079	   -387.10684630	     27.29462015	    105.80923912	    523.64261964	    244.17901363	     -5.88445933	     -5.79449208	     58.43991176	     97.66881430	   -143.11953847	     73.87548388	     31.07262038	   -173.71958123	      0.00000000	      0.00000000	     89.19665126	     16.71944355	     68.86631671	     20.90949372	   -522.28097646	      0.00000000	      0.00000000
      1.09166667	    -89.47269184	    -12.69933297	   -207.10338202	      1.07625301	      0.76768578	     -0.06485693	     -9.98765645	      8.27408919	    -57.49812579	    -83.71216376	     74.38284934	     30.12509131	     -8.48950289	      2.36313713	      8.59063258	   -464.08605263	     89.71142138	     52.27040587	   -116.21928776	   -417.82540295	     -0.24187699	     -8.34444128	   -387.07292595	     27.29290164	    105.70959264	    523.61133689	    244.24971399	     -5.86525980	     -5.62184636	     58.37909984	     97.56531705	   -143.24010980	     73.82992912	     30.98626371	   -173.67819872	      0.00000000	      0.00000000	     89.20378487	     16.61370903	     68.85559013	     21.01453491	   -522.07074874	      0.00000000	      0.00000000
      1.09444444	    -89.43312088	    -12.68687600	   -206.99550074	      1.07631264	      0.76765067	     -0.06437950	    -10.00383679	      8.32753145	    -57.52517532	    -83.58439807	     74.33148430	     30.09659078	     -8.52656094	      2.39721137	      8.63117143	   -464.18415876	     89.66542150	     52.45025487	   -116.05548665	   -417.80175181	     -0.10971926	     -8.32474420	   -387.04495975	     27.35760124	    105.68981973	    523.63338044	    244.26838577	     -5.80178465	     -5.64876568	     58.37065880	     97.52560959	   -143.30004301	     73.79328100	     30.97344130	   -173.65706892	      0.00000000	      0.00000000	     89.23535714	     16.55468486	     68.85987424	     21.08117767	   -521.99679991	      0.00000000	      0.00000000
      1.09722222	    -89.34126743	    -12.63367110	   -206.70993183	      1.07611335	      0.76754308	     -0.06403617	    -10.01697386	      8.41462835	    -57.67446139	    -83.38228225	     74.29082389	     30.00041613	     -8.53339932	      2.38527753	      8.66675095	   -464.31763693	     89.63946834	     52.74785841	   -115.86329224	   -417.81118487	      0.01501939	     -8.29732251	   -387.02460550	     27.40537930	    105.66849651	    523.61851254	    244.30800048	     -5.74330461	     -5.55137535	     58.30055208	     97.37140341	   -143.45465102	     73.73552461	     30.91695067	   -173.61984076	      0.00000000	      0.00000000	     89.23881886	     16.44595549	     68.84034139	     21.18535892	   -521.84537804	      0.00000000	      0.00000000
      1.10000000	    -89.18081739	    -12.52356057	   -206.19880857	      1.07584729	      0.76727764	     -0.06341257	    -10.11170123	      8.62506279	    -58.29487221	    -83.10135960	     74.23652824	     29.86311746	     -8.08027148	      2.16086210	      8.74792360	   -464.42842968	     89.66058004	     53.06286683	   -115.74509976	   -417.76784833	      0.13732647	     -8.03394861	   -387.00063982	     27.30241895	    105.67333312	    523.53897807	    244.37235238	     -5.76309484	     -5.64479409	     58.32068590	     97.41292447	   -144.73816292	     74.00804826	     30.79389397	   -172.55152581	      0.00000000	      0.00000000	     88.74208061	     14.67095575	     68.67395131	     21.51380103	   -517.88753492	      0.00000000	      0.00000000
      1.10277778	    -89.13540555	    -12.50390166	   -206.04678312	      1.07586840	      0.76724105	     -0.06283335	    -10.12476737	      8.69824568	    -58.29812682	    -83.00666766	     74.20358398	     29.84825592	     -8.11248081	      2.17398166	      8.81831341	   -464.54405914	     89.62783577	     53.20915843	   -115.60283534	   -417.75087317	      0.27690956	     -8.04350518	   -386.95317114	     27.40844617	    105.68080271	    523.55789474	    244.39482275	     -5.69219212	     -5.62541728	     58.30017341	     97.34309789	   -144.77260000	     73.94517363	     30.75737104	   -172.54448525	      0.00000000	      0.00000000	     88.81567158	     14.66510420	     68.69099143	     21.59086042	   -517.86099697	      0.00000000	      0.00000000
      1.10555556	    -89.04791413	    -12.44515683	   -205.73131428	      1.07572720	      0.76719387	     -0.06229930	    -10.15232157	      8.81641198	    -58.39786264	    -82.87117880	     74.18299545	     29.79024962	     -8.11924145	      2.13195956	      8.88056187	   -464.70104809	     89.61070796	     53.40862080	   -115.45298238	   -417.74408590	      0.41834182	     -8.07432653	   -386.90695739	     27.52404876	    105.70420475	    523.56638117	    244.43538780	     -5.60974882	     -5.50468443	     58.22036910	     97.16695078	   -144.87593280	     73.84352387	     30.68617302	   -172.53388355	      0.00000000	      0.00000000	     88.88909066	     14.64203580	     68.69662159	     21.70775067	   -517.80199653	      0.00000000	      0.00000000
      1.10833333	    -88.96749585	    -12.39272141	   -205.44451439	      1.07573479	      0.76719867	     -0.06169476	    -10.19594241	      8.93868348	    -58.48228883	    -82.76439839	     74.17586924	     29.75794689	     -8.11577213	      2.08894190	      8.94784199	   -464.86558406	     89.60476660	     53.56839873	   -115.32956058	   -417.73563050	      0.57671155	     -8.09260145	   -386.86874650	     27.64509872	    105.74274220	    523.57466125	    244.47796405	     -5.54754348	     -5.42891554	     58.13868466	     97.02192670	   -144.98886235	     73.75554973	     30.65046602	   -172.52034109	      0.00000000	      0.00000000	     88.95363973	     14.58138336	     68.70860970	     21.80657962	   -517.74413848	      0.00000000	      0.00000000
      1.11111111	    -88.80432688	    -12.20527770	   -204.85907808	      1.07529793	      0.76708325	     -0.06098235	    -10.33660591	      9.20340412	    -58.83498609	    -82.60018114	     74.20970778	     29.58787376	     -7.95462704	      1.91575037	      8.93686490	   -465.12918593	     89.63973813	     53.76578775	   -115.23341358	   -417.73044952	      0.70509958	     -8.08897896	   -386.83761534	     27.67711772	    105.81976922	    523.56501313	    244.58156302	     -5.53093422	     -5.38403321	     57.81131861	     96.57493858	   -145.47002948	     73.59048354	     30.72570609	   -172.43701136	      0.00000000	      0.00000000	     88.90844038	     14.29991910	     68.70598614	     21.92617897	   -517.47358978	      0.00000000	      0.00000000
      1.11388889	    -88.68062915	    -12.10200599	   -204.38611737	      1.07511600	      0.76688893	     -0.06025845	    -10.40117662	      9.41480774	    -59.13634244	    -82.54114052	     74.28351336	     29.53220119	     -7.72807411	      1.79538960	      8.99914234	   -465.32814216	     89.58982000	     53.93413682	   -115.10119161	   -417.70504158	      0.84096519	     -8.13138639	   -386.63163484	     27.80796690	    105.76658117	    523.53171631	    244.58118878	     -5.45044308	     -5.48372480	     57.51804772	     96.56628458	   -146.43126339	     73.74526814	     30.58392073	   -171.52901033	      0.00000000	      0.00000000	     88.61949980	     13.04647377	     68.60022651	     22.36176577	   -513.42850788	      0.00000000	      0.00000000
      1.11666667	    -88.62533919	    -12.08850354	   -204.18658687	      1.07527755	      0.76690031	     -0.05952266	    -10.41066237	      9.52726352	    -59.09520400	    -82.50468943	     74.28172628	     29.57483179	     -7.72146888	      1.77333162	      9.12341293	   -465.48082409	     89.58828647	     54.01540368	   -115.00205023	   -417.69059235	      1.02129107	     -8.14468605	   -386.56619101	     27.98504882	    105.81990163	    523.54716583	    244.61781390	     -5.39852625	     -5.43787880	     57.50051403	     96.51023159	   -146.47811089	     73.67380011	     30.54255890	   -171.53178682	      0.00000000	      0.00000000	     88.72427953	     12.99793115	     68.60207711	     22.43581472	   -513.43231673	      0.00000000	      0.00000000
      1.11944444	    -88.46628945	    -11.95574617	   -203.51875666	      1.07498388	      0.76682589	     -0.05891682	    -10.46866793	      9.78083231	    -59.34574481	    -82.43557969	     74.29072154	     29.49504510	     -7.68358784	      1.61046216	      9.22644439	   -465.72530299	     89.60465573	     54.13343576	   -114.88500471	   -417.65279110	      1.13447302	     -8.33251546	   -386.42635289	     28.26043619	    105.90122037	    523.57755863	    244.67591152	     -5.28867372	     -5.22990771	     57.32296300	     96.14434834	   -146.78582781	     73.52023112	     30.46569812	   -171.53650657	      0.00000000	      0.00000000	     88.83074566	     12.81488895	     68.58149352	     22.53319163	   -513.40304765	      0.00000000	      0.00000000
      1.12222222	    -88.33506244	    -11.75350363	   -202.94304958	      1.07471306	      0.76680453	     -0.05810333	    -10.62035336	     10.05146121	    -59.60715462	    -82.43813881	     74.36312133	     29.32797953	     -7.49351331	      1.48387023	      9.25840490	   -466.11945792	     89.64358183	     54.25388715	   -114.73988197	   -417.61014220	      1.28384098	     -8.45417941	   -386.18022435	     28.49491378	    105.89392957	    523.56933924	    244.71302115	     -5.22099243	     -5.32870830	     56.88083534	     95.78016153	   -147.58290223	     73.45153554	     30.63673415	   -171.48294290	      0.00000000	      0.00000000	     88.62571747	     12.09319027	     68.58419154	     22.57963395	   -513.22221513	      0.00000000	      0.00000000
      1.12500000	    -88.23990335	    -11.71187299	   -202.52026125	      1.07473728	      0.76685615	     -0.05739779	    -10.61785366	     10.22284130	    -59.63846548	    -82.40481717	     74.37457462	     29.32549805	     -7.46665822	      1.37216885	      9.44157598	   -466.35139572	     89.64272220	     54.34037985	   -114.62495676	   -417.57540917	      1.48700737	     -8.59609695	   -386.04741508	     28.79916808	    105.99650849	    523.59629484	    244.74175334	     -5.08455297	     -5.14590608	     56.81065216	     95.65823124	   -147.71899569	     73.37053603	     30.48542670	   -171.49613083	      0.00000000	      0.00000000	     88.74389793	     11.94029131	     68.57396111	     22.66479409	   -513.19774439	      0.00000000	      0.00000000
      1.12777778	    -88.12197946	    -11.63928259	   -202.02456546	      1.07476702	      0.76690272	     -0.05666948	    -10.64294427	     10.44206903	    -59.69179433	    -82.39348443	     74.40016860	     29.30452282	     -7.41349162	      1.23428131	      9.61706420	   -466.63549036	     89.65827827	     54.40942125	   -114.50948692	   -417.53010499	      1.67958097	     -8.76517623	   -385.88058749	     29.14383304	    106.10273217	    523.62866921	    244.79086866	     -4.94704828	     -4.98011804	     56.69431168	     95.46943558	   -147.93224016	     73.28171211	     30.38897777	   -171.49871301	      0.00000000	      0.00000000	     88.86274907	     11.74085526	     68.56063567	     22.73550132	   -513.16713404	      0.00000000	      0.00000000
      1.13055556	    -87.97563183	    -11.50158350	   -201.37835883	      1.07462994	      0.76691308	     -0.05587606	    -10.70380558	     10.73784579	    -59.83468485	    -82.41120945	     74.45606162	     29.22429407	     -7.29407084	      1.04133718	      9.74138637	   -467.00163109	     89.69001297	     54.47895021	   -114.37596053	   -417.46383933	      1.80537344	     -9.00409673	   -385.61866044	     29.54701258	    106.16467453	    523.66257145	    244.86868227	     -4.83908407	     -4.82225364	     56.45094383	     95.15926625	   -148.36766036	     73.16890152	     30.33866539	   -171.48470887	      0.00000000	      0.00000000	     88.91358829	     11.37404618	     68.54312122	     22.77729421	   -513.09572665	      0.00000000	      0.00000000
      1.13333333	    -87.88209999	    -11.42820952	   -200.90132655	      1.07471463	      0.76705342	     -0.05506506	    -10.72604094	     10.94247018	    -59.84160326	    -82.41283601	     74.49752251	     29.21254624	     -7.22386337	      0.91318271	      9.95182166	   -467.34498080	     89.71274570	     54.58002047	   -114.23019918	   -417.42444158	      2.04724875	     -9.16945767	   -385.41627363	     29.95349612	    106.25885553	    523.68213905	    244.91525893	     -4.69925346	     -4.71606796	     56.30768861	     94.98196203	   -148.62109827	     73.08487169	     30.28586010	   -171.47787167	      0.00000000	      0.00000000	     88.98923801	     11.13286689	     68.57070160	     22.86633086	   -513.05517935	      0.00000000	      0.00000000
      1.13611111	    -87.69822303	    -11.13321908	   -200.02354782	      1.07423959	      0.76703670	     -0.05413565	    -10.87025597	     11.40874838	    -60.15054798	    -82.71386473	     74.81249153	     28.78038841	     -6.81651585	      0.70211305	      9.77159125	   -468.20940958	     89.74905076	     54.61558467	   -113.98496741	   -417.22351719	      2.01332774	     -9.64353586	   -384.65495615	     30.50949102	    106.00255378	    523.59915471	    244.97390431	     -4.71766793	     -4.92694751	     55.25876790	     94.70116076	   -150.37025257	     73.25896436	     30.42340559	   -171.32682933	      0.00000000	      0.00000000	     88.37130595	      9.22608447	     68.44870061	     22.81686205	   -512.58310189	      0.00000000	      0.00000000
      1.13888889	    -87.58827637	    -11.08424036	   -199.44760771	      1.07425190	      0.76711537	     -0.05337522	    -10.83131539	     11.63100285	    -60.13079102	    -82.72880884	     74.86420574	     28.76827689	     -6.78028396	      0.52294053	     10.04248603	   -468.57507283	     89.76631732	     54.68367851	   -113.85826978	   -417.17053285	      2.27313592	     -9.89708088	   -384.45685549	     31.00102713	    106.17033101	    523.62987319	    245.02316456	     -4.52498092	     -4.62729674	     55.17302430	     94.54007842	   -150.55146249	     73.15911290	     30.24819931	   -171.32731543	      0.00000000	      0.00000000	     88.53345146	      9.04057644	     68.44588136	     22.89009935	   -512.53336578	      0.00000000	      0.00000000
      1.14166667	    -87.46590379	    -10.98694952	   -198.81245977	      1.07424736	      0.76721725	     -0.05254668	    -10.81414591	     11.91354303	    -60.09825903	    -82.74995955	     74.92552656	     28.68783547	     -6.69022642	      0.29695350	     10.29514046	   -469.02256746	     89.78903253	     54.76294076	   -113.70124891	   -417.09104518	      2.49414389	    -10.19817130	   -384.19460302	     31.55680569	    106.32121678	    523.67646652	    245.09742806	     -4.34845039	     -4.36426457	     55.00500140	     94.29455446	   -150.84820484	     73.04876721	     30.14397335	   -171.31453681	      0.00000000	      0.00000000	     88.66173865	      8.78934067	     68.46136358	     22.92767497	   -512.47137516	      0.00000000	      0.00000000
      1.14444444	    -87.34775541	    -10.86701803	   -198.14940456	      1.07417588	      0.76731974	     -0.05168256	    -10.81018530	     12.21635332	    -60.05224242	    -82.81150902	     75.00796104	     28.58020237	     -6.54236063	      0.04550991	     10.53285352	   -469.54520919	     89.82589647	     54.83539381	   -113.53144891	   -416.99561353	      2.71497262	    -10.54087082	   -383.86125025	     32.16861934	    106.44262765	    523.72112350	    245.16888873	     -4.16013340	     -4.11519774	     54.75824012	     94.01570170	   -151.23426999	     72.93353858	     30.07894871	   -171.29566272	      0.00000000	      0.00000000	     88.76672683	      8.47763509	     68.47968605	     22.97406373	   -512.40474856	      0.00000000	      0.00000000
      1.14722222	    -87.17524500	    -10.66662014	   -197.27338335	      1.07404549	      0.76746020	     -0.05071951	    -10.76545486	     12.71826720	    -59.98632496	    -83.43958774	     75.63996279	     27.93238421	     -6.38093147	      0.04435472	     10.12850231	   -470.89228867	     89.76127160	     54.79512089	   -113.17111408	   -416.67845491	      2.70899361	    -11.35343514	   -382.80184104	     32.93484232	    106.01601536	    523.49523509	    245.23580028	     -4.19479952	     -4.25667816	     53.50607011	     94.02297398	   -153.17127741	     73.27633707	     30.04826507	   -171.02970781	      0.00000000	      0.00000000	     88.20115769	      6.33558206	     68.25270339	     22.90437982	   -511.72379853	      0.00000000	      0.00000000
      1.15000000	    -87.07747019	    -10.50202526	   -196.59116581	      1.07396883	      0.76757974	     -0.04976256	    -10.76154302	     13.05769441	    -59.86208803	    -83.54517953	     75.78369663	     27.71920207	     -6.12426244	     -0.28311862	     10.33537236	   -471.57654760	     89.78349181	     54.90887432	   -112.94893341	   -416.52676640	      2.89701445	    -11.80288909	   -382.32262539	     33.67371300	    106.07109969	    523.51664934	    245.31648149	     -4.02879561	     -4.05794967	     53.16059889	     93.70285699	   -153.71225863	     73.15848296	     30.04446524	   -170.94322298	      0.00000000	      0.00000000	     88.25014198	      5.93087151	     68.29451028	     22.92767508	   -511.50960050	      0.00000000	      0.00000000
      1.15277778	    -86.97011697	    -10.41581533	   -195.95847663	      1.07402435	      0.76772867	     -0.04877156	    -10.68618638	     13.34292102	    -59.72981304	    -83.57515685	     75.81157824	     27.64517942	     -5.94968031	     -0.52861312	     10.79057028	   -472.07140086	     89.78851720	     54.98499154	   -112.76416801	   -416.44763290	      3.25845694	    -12.09346926	   -382.04064187	     34.31221943	    106.33502428	    523.56831059	    245.37544677	     -3.80443425	     -3.68705916	     53.00771930	     93.47255857	   -153.90426301	     73.02913759	     29.89078456	   -170.95307459	      0.00000000	      0.00000000	     88.41622218	      5.77805197	     68.33313119	     23.02347432	   -511.48276114	      0.00000000	      0.00000000
      1.15555556	    -86.86368789	    -10.29488151	   -195.26738745	      1.07400789	      0.76788029	     -0.04789550	    -10.61609019	     13.65406216	    -59.56249931	    -83.64937526	     75.85890537	     27.49470336	     -5.70253540	     -0.87749958	     11.25195597	   -472.67329531	     89.81009930	     55.00825084	   -112.58241193	   -416.32452466	      3.56895058	    -12.50208879	   -381.67752214	     35.05887411	    106.64288358	    523.64477855	    245.48251157	     -3.59040237	     -3.33144406	     52.77636164	     93.18422121	   -154.19917821	     72.89451329	     29.78719973	   -170.95844788	      0.00000000	      0.00000000	     88.56534989	      5.55683436	     68.36863624	     23.06913124	   -511.44832657	      0.00000000	      0.00000000
      1.15833333	    -86.79863016	    -10.03541019	   -194.45762473	      1.07364564	      0.76804594	     -0.04679934	    -10.55738910	     14.13353346	    -59.29460413	    -83.90425489	     76.15286896	     26.78183665	     -5.16821629	     -1.39318272	     11.14627671	   -473.97103435	     89.89589898	     55.25319519	   -112.16851851	   -416.07491387	      3.59191286	    -13.36573296	   -380.68428963	     35.94699442	    106.49088292	    523.58397440	    245.71706395	     -3.65703763	     -3.45830533	     51.76189831	     92.80921461	   -155.42625052	     72.84756105	     29.96858519	   -170.91802834	      0.00000000	      0.00000000	     88.35966575	      4.46577660	     68.40624995	     22.90383182	   -511.27251930	      0.00000000	      0.00000000
      1.16111111	    -86.65732960	     -9.94410077	   -193.66487806	      1.07381435	      0.76832107	     -0.04582839	    -10.36355106	     14.55950249	    -59.01711898	    -84.36672854	     76.55308355	     26.35294829	     -4.93128247	     -1.54493453	     11.26101863	   -475.07600267	     89.79476962	     55.23135366	   -111.86712751	   -415.79672729	      3.97924978	    -14.16715166	   -379.83127912	     36.68261398	    106.49451581	    523.37019671	    245.74392438	     -3.50885584	     -3.28151765	     50.80100191	     92.88983419	   -156.60198340	     73.05403921	     29.71542430	   -170.96234823	      0.00000000	      0.00000000	     88.10864349	      3.04589139	     68.23941822	     22.91449291	   -511.02818221	      0.00000000	      0.00000000
      1.16388889	    -86.57281282	     -9.84103342	   -192.99331284	      1.07389491	      0.76849914	     -0.04482232	    -10.23741827	     14.85038222	    -58.73232483	    -84.39667271	     76.55147425	     26.26370088	     -4.69721680	     -1.85113320	     11.91611917	   -475.65659969	     89.76714343	     55.31537401	   -111.63118846	   -415.68977920	      4.41505979	    -14.54740441	   -379.51918440	     37.49872088	    106.88824973	    523.44706910	    245.84523740	     -3.23182754	     -2.83467559	     50.65952284	     92.63249189	   -156.80001678	     72.90511481	     29.56717894	   -170.97870694	      0.00000000	      0.00000000	     88.29551174	      2.89246781	     68.30075907	     22.99034409	   -511.01744070	      0.00000000	      0.00000000
      1.16666667	    -86.51445830	     -9.70101536	   -192.28517371	      1.07396445	      0.76868392	     -0.04380936	    -10.10433359	     15.16896157	    -58.38410252	    -84.45449215	     76.55884403	     26.03863711	     -4.37580433	     -2.26155614	     12.57042327	   -476.36032559	     89.74538882	     55.36384039	   -111.37923939	   -415.53463392	      4.77980003	    -15.05370709	   -379.12437179	     38.38511924	    107.34234341	    523.54372173	    246.01764828	     -3.02043916	     -2.42938933	     50.42594272	     92.33078203	   -157.12446421	     72.73346632	     29.46474341	   -170.99593995	      0.00000000	      0.00000000	     88.44774985	      2.64190777	     68.39802205	     23.01224494	   -511.00019499	      0.00000000	      0.00000000
      1.16944444	    -86.46638637	     -9.55858922	   -191.57008449	      1.07395406	      0.76888199	     -0.04275917	     -9.94538711	     15.49016720	    -57.98812831	    -84.49162245	     76.60142982	     25.75065585	     -3.99803629	     -2.68891466	     13.17060174	   -477.18297909	     89.74732134	     55.56123755	   -111.06562585	   -415.40926998	      5.17858380	    -15.59774813	   -378.67264432	     39.28815119	    107.72244264	    523.58500705	    246.19638768	     -2.82359967	     -2.04973680	     50.11687015	     92.02779861	   -157.52941710	     72.57316571	     29.38650746	   -171.01624598	      0.00000000	      0.00000000	     88.57261601	      2.31240327	     68.49061289	     23.00041072	   -510.98439046	      0.00000000	      0.00000000
      1.17222222	    -86.43215874	     -9.36324182	   -190.71114729	      1.07380535	      0.76923186	     -0.04160664	     -9.68573465	     16.01263346	    -57.49690669	    -85.10643437	     77.07654057	     24.69811113	     -3.25846225	     -3.22871173	     13.08762357	   -478.96479008	     89.74377877	     55.50948971	   -110.71475786	   -414.96755458	      5.55411672	    -16.88178646	   -377.45072990	     39.97254563	    107.94272897	    523.26612410	    246.47858346	     -2.94034087	     -2.27966605	     48.47640607	     91.99981146	   -159.40015886	     72.76035333	     29.45959626	   -171.12944406	      0.00000000	      0.00000000	     88.15049431	      0.36451185	     68.36835037	     22.74278225	   -511.01488968	      0.00000000	      0.00000000
      1.17500000	    -86.37595458	     -9.22519110	   -189.92540390	      1.07388971	      0.76952678	     -0.04054766	     -9.45040334	     16.38015199	    -57.00361674	    -85.36302957	     77.35214180	     24.28733726	     -2.87731991	     -3.57614207	     13.59436478	   -480.04420446	     89.59371626	     55.58908056	   -110.40075309	   -414.66163985	      6.06360741	    -17.63949852	   -376.85536358	     40.84590164	    108.34703111	    523.09561663	    246.65543876	     -2.76251155	     -1.92471485	     47.80210977	     91.88787231	   -160.40497055	     72.78590883	     29.36315595	   -171.26971190	      0.00000000	      0.00000000	     88.00715903	     -0.76915128	     68.32318888	     22.63475139	   -511.14646894	      0.00000000	      0.00000000
      1.17777778	    -86.34223197	     -9.08504329	   -189.15933681	      1.07395060	      0.76984231	     -0.03955311	     -9.22034069	     16.72441392	    -56.54451010	    -85.53879095	     77.42164912	     23.89111702	     -2.38592613	     -3.98567211	     14.40309517	   -481.00123512	     89.47811400	     55.52834183	   -110.12884216	   -414.35877727	      6.64390540	    -18.32972696	   -376.39880607	     41.65730397	    109.11585882	    523.01566639	    246.91530234	     -2.60451914	     -1.60879464	     47.20123313	     91.70432547	   -161.18377940	     72.73551328	     29.27172280	   -171.38502956	      0.00000000	      0.00000000	     87.97454495	     -1.60240069	     68.33506505	     22.54007512	   -511.37125784	      0.00000000	      0.00000000
      1.18055556	    -86.34047624	     -8.94594042	   -188.45619231	      1.07406698	      0.77004279	     -0.03850950	     -9.00537840	     17.01992075	    -56.00532533	    -85.70069547	     77.40334251	     23.70105095	     -1.90533690	     -4.39202845	     15.29621257	   -481.83089762	     89.43035280	     55.49426653	   -109.85656073	   -414.19187065	      7.13279548	    -18.92220311	   -375.97817027	     42.66990582	    109.79190889	    523.10257495	    247.18294272	     -2.36879812	     -1.16915984	     46.97196098	     91.41424471	   -161.53725319	     72.54419744	     29.18141713	   -171.42439224	      0.00000000	      0.00000000	     88.12597065	     -1.90272553	     68.45706269	     22.51678837	   -511.43063714	      0.00000000	      0.00000000
      1.18333333	    -86.29722854	     -8.82218823	   -187.71118542	      1.07433820	      0.77024630	     -0.03745948	     -8.76732533	     17.32943186	    -55.52987572	    -85.88882387	     77.36412651	     23.60800241	     -1.39897172	     -4.68130128	     16.23400290	   -482.62477557	     89.37110210	     55.49128485	   -109.57959024	   -414.06759015	      7.76182972	    -19.44060069	   -375.59057714	     43.66827264	    110.42567264	    523.17871706	    247.32174259	     -2.02694238	     -0.64271893	     46.73459137	     91.14162487	   -161.79736483	     72.38059428	     29.03689880	   -171.45733468	      0.00000000	      0.00000000	     88.32129029	     -2.13539941	     68.55779301	     22.56178266	   -511.46424437	      0.00000000	      0.00000000
      1.18611111	    -86.34597369	     -8.66340045	   -186.99731477	      1.07431775	      0.77051273	     -0.03648766	     -8.53230858	     17.60727886	    -54.96837252	    -86.19431474	     77.36346526	     23.21055854	     -0.78557476	     -5.07758064	     17.22569123	   -483.70996734	     89.33627217	     55.28608779	   -109.32102225	   -413.88066388	      8.32801548	    -20.16661510	   -375.12570928	     44.62890263	    111.40423874	    523.23301689	    247.71523909	     -1.89339953	     -0.23987104	     46.21589811	     90.84789997	   -162.34884887	     72.20186239	     28.99402530	   -171.49705306	      0.00000000	      0.00000000	     88.40024306	     -2.65247833	     68.70708868	     22.43570736	   -511.52947070	      0.00000000	      0.00000000
      1.18888889	    -86.36630490	     -8.53310641	   -186.19701383	      1.07440017	      0.77079675	     -0.03534040	     -8.23157585	     17.90473192	    -54.46569535	    -86.53391468	     77.35423995	     22.86695448	     -0.21614202	     -5.29893235	     18.19235575	   -484.81275448	     89.28906623	     55.14696220	   -109.03228055	   -413.72920170	      9.04532498	    -20.87220389	   -374.67089698	     45.51724365	    112.30735789	    523.22244179	    247.99018422	     -1.68090353	      0.13802582	     45.65487810	     90.58710357	   -162.95239234	     72.04289596	     28.91839400	   -171.54948022	      0.00000000	      0.00000000	     88.49196806	     -3.27979905	     68.81970830	     22.35660139	   -511.62590676	      0.00000000	      0.00000000
      1.19166667	    -86.36433389	     -8.39673333	   -185.21719673	      1.07460208	      0.77157799	     -0.03427474	     -7.80660851	     18.29663900	    -53.77206521	    -87.24767408	     77.69418258	     21.99325857	     -0.03089897	     -5.16611443	     18.67336448	   -486.65857711	     89.20335176	     54.89107482	   -108.76832248	   -413.23007242	     10.23182240	    -22.14198717	   -374.14380282	     45.87050806	    113.38770219	    522.55777203	    248.24485809	     -1.56092725	      0.27221332	     43.94515120	     90.78507144	   -165.19815231	     72.33465721	     28.88571520	   -172.31333771	      0.00000000	      0.00000000	     87.78534064	     -6.08484473	     68.51548207	     21.64828771	   -515.65273099	      0.00000000	      0.00000000
      1.19444444	    -86.37356357	     -8.26373461	   -184.44852585	      1.07486628	      0.77176742	     -0.03325161	     -7.51406663	     18.58307402	    -53.18310460	    -87.57344751	     77.65297872	     22.00166753	      0.56695541	     -5.36513911	     19.74066707	   -487.58881358	     89.15678471	     54.76967966	   -108.51308515	   -413.14695289	     10.92748730	    -22.71017918	   -373.77950100	     46.95959763	    114.21367249	    522.62890605	    248.50358653	     -1.18592345	      0.83106880	     43.68599429	     90.47304788	   -165.45911892	     72.12983902	     28.75703659	   -172.33805572	      0.00000000	      0.00000000	     87.98621963	     -6.31557675	     68.65709070	     21.68133789	   -515.67272266	      0.00000000	      0.00000000
      1.19722222	    -86.42320299	     -8.12807862	   -183.68655147	      1.07504662	      0.77199411	     -0.03220055	     -7.20763960	     18.83982162	    -52.59770664	    -88.03152219	     77.60080189	     21.83754148	      1.16179741	     -5.41224076	     20.92043841	   -488.69125793	     89.09759709	     54.44634644	   -108.27696291	   -413.05165143	     11.69327681	    -23.33311409	   -373.43538114	     47.96442464	    115.30761616	    522.68125296	    248.81547359	     -0.87677461	      1.30892839	     43.27660540	     90.16389600	   -165.85479711	     71.91805597	     28.67386125	   -172.36352550	      0.00000000	      0.00000000	     88.14063188	     -6.70363868	     68.82950456	     21.65899516	   -515.70880379	      0.00000000	      0.00000000
      1.20000000	    -86.47672121	     -7.99083308	   -182.73482084	      1.07517931	      0.77277180	     -0.03108425	     -6.74407167	     19.13866738	    -51.85229690	    -88.98091984	     77.75890658	     20.90160021	      1.18809824	     -4.87898266	     21.63564984	   -490.74495527	     89.17196153	     53.86970626	   -108.11916606	   -413.00625529	     13.08010009	    -24.61225911	   -373.14520656	     48.22538757	    116.83806009	    522.38981731	    249.10409024	     -0.76358377	      1.52850573	     41.55193274	     90.27417858	   -167.80122162	     72.06619410	     28.60156752	   -172.72295037	      0.00000000	      0.00000000	     87.65850682	     -9.11097853	     68.62195601	     21.21851050	   -516.80086896	      0.00000000	      0.00000000
      1.20277778	    -86.52834805	     -7.87900067	   -181.90166598	      1.07540893	      0.77328766	     -0.03006891	     -6.33647872	     19.38970108	    -51.16615073	    -89.75246432	     77.80199898	     20.46990792	      1.58384780	     -4.57882427	     22.63905929	   -492.33558927	     89.20474109	     53.35071354	   -107.99533417	   -412.95130451	     14.17641985	    -25.47855699	   -372.94639643	     48.95958207	    118.21551319	    522.30252711	    249.36257414	     -0.48267691	      1.96257032	     40.73667061	     90.13542633	   -168.65875862	     71.97751012	     28.49297623	   -172.96798966	      0.00000000	      0.00000000	     87.61822894	    -10.15066485	     68.65877033	     20.99499491	   -517.83248737	      0.00000000	      0.00000000
      1.20555556	    -86.58978455	     -7.75606781	   -181.01707340	      1.07563790	      0.77378256	     -0.02903787	     -5.94584935	     19.61207454	    -50.59515038	    -90.64375383	     77.84868048	     20.04808224	      1.97397901	     -4.09164327	     23.70252079	   -494.02021371	     89.24715410	     52.72877211	   -107.87671618	   -412.96230452	     15.25247201	    -26.25550382	   -372.74106715	     49.76134865	    119.61530472	    522.23903438	    249.64078870	     -0.19860444	      2.41043809	     39.89505678	     89.89736416	   -169.34129308	     71.81919514	     28.40554991	   -173.15545331	      0.00000000	      0.00000000	     87.61838659	    -11.10800234	     68.73062763	     20.82279825	   -518.67204871	      0.00000000	      0.00000000
      1.20833333	    -86.68754336	     -7.61676262	   -180.21320510	      1.07589335	      0.77409838	     -0.02798628	     -5.61033069	     19.81322131	    -50.04640351	    -91.52211135	     77.86437840	     19.80476158	      2.54633053	     -3.60776880	     24.94286981	   -495.58561102	     89.22220505	     52.04302079	   -107.76058662	   -412.97073713	     16.19119196	    -26.92022729	   -372.45604147	     50.71850001	    121.02259751	    522.20361722	    249.97652866	      0.07982349	      2.80376249	     39.26352139	     89.59530436	   -169.90447331	     71.61168740	     28.39783112	   -173.22148052	      0.00000000	      0.00000000	     87.73356227	    -11.67350892	     68.91359831	     20.70956108	   -519.02698922	      0.00000000	      0.00000000
      1.21111111	    -86.71692653	     -7.52197214	   -179.25733417	      1.07618625	      0.77475803	     -0.02708126	     -5.05882133	     20.06779144	    -49.27353963	    -92.87901711	     78.02110511	     19.10265533	      2.74431730	     -2.74387164	     25.62759550	   -497.85054670	     89.35844284	     51.19252105	   -107.75615513	   -413.06980221	     17.45952362	    -28.05859797	   -372.20086950	     51.36668217	    122.43538229	    522.09735468	    250.13672277	      0.39371964	      3.20598870	     38.00732808	     89.61096040	   -171.18695417	     71.65067744	     28.21001817	   -173.55783878	      0.00000000	      0.00000000	     87.50839254	    -13.31661928	     68.79012981	     20.40550760	   -520.47567486	      0.00000000	      0.00000000
      1.21388889	    -86.82300257	     -7.36941984	   -178.35224909	      1.07639175	      0.77517115	     -0.02607982	     -4.69353102	     20.23350971	    -48.76854259	    -93.88719132	     78.04231915	     18.88178506	      3.12260364	     -1.89869577	     26.99793497	   -499.56264826	     89.30781866	     50.28177984	   -107.74116628	   -413.13670955	     18.48255742	    -28.75482991	   -372.08981373	     52.28031365	    124.09565768	    522.03873631	    250.45824159	      0.65602472	      3.66796108	     37.14279270	     89.28272081	   -171.80530329	     71.45219614	     28.15284416	   -173.64472736	      0.00000000	      0.00000000	     87.60024343	    -14.00831794	     68.97017918	     20.28008859	   -521.10963509	      0.00000000	      0.00000000
      1.21666667	    -86.90691818	     -7.27133169	   -177.43013713	      1.07665506	      0.77572383	     -0.02518769	     -4.20710460	     20.39830014	    -48.13563626	    -95.20888514	     78.11642365	     18.39779469	      3.44229765	     -0.84229887	     28.09551399	   -501.71718512	     89.36284555	     49.19752529	   -107.83848641	   -413.21913798	     19.63498118	    -29.65240534	   -372.04802513	     53.10338342	    125.84457322	    521.96410939	    250.67728447	      0.94139869	      4.08000660	     36.08317084	     89.12695662	   -172.67891543	     71.34697054	     28.04582436	   -173.79219546	      0.00000000	      0.00000000	     87.61155996	    -15.04451762	     69.02498442	     20.05063309	   -522.06012747	      0.00000000	      0.00000000
      1.21944444	    -86.95879443	     -7.17288070	   -176.46943983	      1.07716692	      0.77636670	     -0.02432598	     -3.66128908	     20.63938930	    -47.34125228	    -96.81730623	     78.26445557	     17.88024372	      3.72749368	      0.28565677	     28.81376196	   -504.11980893	     89.49551087	     48.00982816	   -108.01790644	   -413.46702665	     20.80660103	    -30.77600472	   -371.78239915	     53.86407141	    127.35188447	    521.98317404	    250.85027286	      1.36367893	      4.37471244	     34.81268925	     89.18341645	   -174.10343942	     71.39854794	     27.91533139	   -174.28350377	      0.00000000	      0.00000000	     87.32872490	    -16.70683859	     68.86996229	     19.70686698	   -524.74296354	      0.00000000	      0.00000000
      1.22222222	    -87.08442336	     -7.05564956	   -175.48697396	      1.07763486	      0.77711772	     -0.02348984	     -3.25902297	     20.76455877	    -46.87089972	    -98.28348512	     78.28000518	     17.53924929	      4.05676440	      1.74327455	     30.13052884	   -506.39266726	     89.51449554	     46.59454990	   -108.21331584	   -413.73628265	     21.85586602	    -31.49718205	   -371.79374897	     54.85703655	    129.25218343	    522.09911932	    251.08696619	      1.66725240	      4.79075572	     33.83659858	     88.97038574	   -174.99437436	     71.25382196	     27.89898854	   -174.93836755	      0.00000000	      0.00000000	     87.31423964	    -17.55968500	     68.99522105	     19.31600451	   -529.25977279	      0.00000000	      0.00000000
      1.22500000	    -87.16729004	     -6.94259633	   -174.61524846	      1.07812936	      0.77727110	     -0.02259345	     -2.86386231	     20.96935200	    -46.22052161	    -99.55268600	     78.33357823	     17.85343097	      4.65315420	      2.64363791	     31.56725710	   -508.04272911	     89.51995537	     45.19571274	   -108.56963596	   -413.77170338	     22.54343114	    -32.19365390	   -371.59798845	     56.10348539	    130.88419528	    522.05732969	    251.36653843	      2.28640583	      5.07790735	     33.23112491	     88.64977464	   -175.38019655	     71.04996600	     27.85558773	   -174.96085660	      0.00000000	      0.00000000	     87.51545309	    -17.95427798	     69.20545586	     19.32819336	   -529.34939768	      0.00000000	      0.00000000
      1.22777778	    -87.27362142	     -6.83956434	   -173.56912743	      1.07828960	      0.77828976	     -0.02177018	     -2.24566159	     21.03489304	    -45.63946082	   -101.83778370	     78.37376013	     16.67624219	      4.53072945	      5.11386617	     32.27254522	   -511.51878846	     89.76261203	     43.27261105	   -108.92775868	   -414.20657985	     23.71747853	    -33.19485931	   -371.74669650	     56.96977403	    132.82917007	    522.18770843	    251.35264225	      2.30525530	      5.52586046	     31.62304155	     88.70340825	   -177.01527983	     71.08431848	     27.67706938	   -175.28877381	      0.00000000	      0.00000000	     87.30179577	    -19.72253007	     69.13510822	     18.97882496	   -530.95441203	      0.00000000	      0.00000000
      1.23055556	    -87.37943647	     -6.70931537	   -172.56724962	      1.07872929	      0.77905210	     -0.02104615	     -1.78541628	     21.15946497	    -45.14170358	   -103.85851115	     78.37297221	     16.30178983	      4.68868941	      7.25175229	     33.45428947	   -514.33310975	     89.88028148	     41.21084313	   -109.38270370	   -414.64593454	     24.42319533	    -33.96054641	   -371.63004643	     58.31503706	    134.56238505	    522.46104753	    251.45316080	      2.62304174	      5.88649478	     30.60615866	     88.57416506	   -178.17498898	     71.03298291	     27.62935134	   -175.84166696	      0.00000000	      0.00000000	     87.16907598	    -20.93810921	     69.16151477	     18.76931055	   -533.30596402	      0.00000000	      0.00000000
      1.23333333	    -87.46882243	     -6.88920960	   -171.70797042	      1.07798757	      0.78013444	     -0.02010242	     -1.61034213	     21.44637399	    -42.94356105	    -48.00256927	     76.17887351	     12.72688088	      0.56293629	     -5.38874727	     39.32412784	   -504.61836521	     69.70097185	    154.41948419	    -49.64378289	   -426.02354184	     18.02587851	    -35.81432326	   -312.78847457	     63.37906199	     25.69848967	    504.39227439	    250.44797000	      5.77238012	      5.10037957	     28.22703006	     88.63754705	   -179.00707383	     70.91866148	     27.54575471	   -176.41182468	      0.00000000	      0.00000000	     87.49930607	    -21.48594610	     69.37451176	     18.52123734	   -535.35755491	      0.00000000	      0.00000000
      1.23611111	    -87.68045482	     -6.56559737	   -170.88091000	      1.08001987	      0.78052414	     -0.01980551	     -0.88752457	     21.22958145	    -43.82803308	   -108.45802232	     78.39537504	     15.53404409	      5.00173064	     12.13872972	     35.57210081	   -520.58613769	     90.20975195	     36.46894701	   -110.60141878	   -415.21495589	     25.38325490	    -35.41581277	   -371.30040009	     61.55195619	    137.69069447	    522.68362559	    251.41710617	      3.30966405	      6.59079337	     28.56282791	     88.44596273	   -179.94682998	     70.77952904	     27.41878781	   -176.52547433	      0.00000000	      0.00000000	     87.43949537	    -22.32135058	     69.52858942	     18.33339912	   -536.93627089	      0.00000000	      0.00000000
      1.23888889	    -91.74561494	     -9.16805169	   -167.60305035	      1.07718116	      0.76886110	     -0.01104361	     -1.67236749	     15.67597755	    -45.96824257	   -110.39795527	     78.19786286	     17.64709157	      5.51397594	     11.96099141	     38.89971191	   -520.87192282	     90.40336839	     33.97805321	   -111.50266786	   -414.92372667	     21.47924209	    -37.53183744	   -367.58315387	     66.89841317	    135.92422115	    522.75782780	    251.30541091	      3.88193823	      7.22610029	     27.24778333	     89.23378812	   -183.87493017	     65.25578874	     26.70532738	   -158.68082054	      0.00000000	      0.00000000	     91.44862995	    -25.91016983	     74.90825647	     19.45890385	   -531.31871657	      0.00000000	      0.00000000
      1.24166667	    -91.81530880	     -9.09161156	   -166.85826051	      1.07789491	      0.76974265	     -0.01082151	     -1.33283354	     15.79720505	    -45.18017827	   -113.14558999	     78.18361429	     17.24982632	      5.71732085	     14.96869758	     39.87334767	   -524.65527794	     90.67287454	     31.02480762	   -112.43041378	   -415.26426141	     21.55492179	    -38.19714703	   -367.00181849	     68.96575283	    136.92180497	    522.88741982	    251.04183194	      4.27620075	      7.46607947	     26.20552927	     89.21978155	   -184.64022870	     65.22091695	     26.55386181	   -158.92057681	      0.00000000	      0.00000000	     91.58517422	    -26.59712043	     75.04905622	     19.20303535	   -532.36666294	      0.00000000	      0.00000000
      1.24444444	    -91.96295673	     -9.00571207	   -166.17426733	      1.07865002	      0.77058416	     -0.01056427	     -1.06705779	     15.83192078	    -44.15451515	   -115.74716395	     78.32507190	     17.22017158	      5.46210156	     18.18864105	     41.20399012	   -528.22202068	     90.75082066	     27.82089305	   -113.54819461	   -415.49057368	     21.49463569	    -38.85613134	   -366.66578069	     71.20273025	    137.89096048	    522.94977636	    250.60702572	      4.82775634	      7.80850905	     25.10750834	     89.07709359	   -185.18369885	     65.08031610	     26.49736018	   -159.08689207	      0.00000000	      0.00000000	     91.73991838	    -27.17635774	     75.31026788	     19.00762408	   -532.94122773	      0.00000000	      0.00000000
      1.24722222	    -92.00954716	     -8.93902131	   -165.37114165	      1.07961126	      0.77182136	     -0.01048175	     -0.76764603	     15.93425943	    -43.91628427	   -119.24176380	     77.99280815	     16.57599785	      5.99023438	     22.15050564	     41.87724267	   -532.98961026	     91.31347928	     24.12123819	   -114.64320249	   -416.65293921	     20.62202990	    -39.05140356	   -363.90648971	     74.10959765	    136.50864295	    523.63258327	    250.19400092	      4.96952391	      8.17707373	     24.69805996	     89.22724581	   -186.24319034	     65.11518530	     26.42298575	   -160.47958536	      0.00000000	      0.00000000	     91.73286182	    -28.10553449	     75.32255487	     18.62709563	   -536.86616709	      0.00000000	      0.00000000
      1.25000000	    -92.11076796	     -8.87344425	   -164.70980634	      1.08021115	      0.77284837	     -0.01042566	     -0.44949055	     15.98081038	    -42.88263617	   -122.06560261	     78.14965900	     16.48270318	      5.86212368	     25.77318318	     43.21556657	   -536.96582470	     91.43064886	     20.28804462	   -116.15829354	   -416.78420158	     20.10413687	    -39.47661782	   -363.31579780	     76.69186455	    136.90735442	    523.62776157	    249.45378957	      5.53098017	      8.43549544	     23.42513045	     89.15371213	   -186.78750173	     65.03875169	     26.30052709	   -160.72694884	      0.00000000	      0.00000000	     91.91206585	    -28.67250116	     75.52092961	     18.35472571	   -537.56538134	      0.00000000	      0.00000000
      1.25277778	    -88.35189969	     -5.87890654	   -165.02689059	      1.08211231	      0.78584670	     -0.01633247	      1.84849080	     21.57035922	    -41.42980644	   -126.54007659	     78.08452230	     13.24285324	      5.96103841	     32.12170146	     41.02510906	   -543.78477605	     92.10764030	     15.58014418	   -117.61405595	   -418.86146840	     21.86264551	    -38.15247721	   -364.61064112	     76.85617298	    138.31855839	    524.39002667	    248.68708256	      5.22458848	      8.55537409	     23.44072654	     87.58566257	   -186.04110597	     70.42466875	     26.98462398	   -179.78985629	      0.00000000	      0.00000000	     87.58590093	    -28.02468839	     70.16932933	     17.19621123	   -547.00307926	      0.00000000	      0.00000000
      1.25555556	    -88.49469610	     -5.82298740	   -164.17608403	      1.08231761	      0.78693641	     -0.01594534	      2.31086920	     21.54049246	    -40.84960312	   -129.54924820	     78.30821840	     13.05863370	      6.16290427	     36.01170173	     42.31379003	   -547.85268930	     92.23919372	     11.14370953	   -119.58386948	   -419.35762985	     20.79590577	    -38.34238850	   -363.91431557	     79.67369573	    138.14613239	    524.48212985	    247.48379622	      5.58521760	      8.73251208	     22.30660687	     87.44683209	   -186.69578034	     70.30567189	     26.85303014	   -180.29070768	      0.00000000	      0.00000000	     87.77452654	    -28.76254679	     70.38494641	     16.96724916	   -547.87938333	      0.00000000	      0.00000000
      1.25833333	    -88.62586817	     -5.69829382	   -163.21802671	      1.08266726	      0.78771511	     -0.01550448	      2.63075971	     21.54739920	    -40.75440106	   -133.72590638	     78.19685208	     12.85235241	      6.56852421	     40.25420141	     43.16274589	   -552.44485032	     92.87282886	      5.85972504	   -121.35262659	   -420.97009837	     17.96665286	    -37.80053995	   -347.67023140	     83.72896251	    121.67243909	    525.13658439	    246.37362541	      5.91383566	      9.15531042	     22.02978858	     87.27338899	   -187.74810507	     70.25838543	     26.87508649	   -181.08806203	      0.00000000	      0.00000000	     87.82307656	    -29.56552038	     70.50294545	     16.80680948	   -550.13842404	      0.00000000	      0.00000000
      1.26111111	    -88.68868591	     -5.98674763	   -162.43275255	      1.08224494	      0.78752605	     -0.01483500	      2.33271675	     21.15085233	    -40.07012655	    -85.38314775	     68.54194372	     18.94329043	      7.30436475	     61.45041108	     75.47786448	   -553.29796246	     92.07447516	     25.35424696	   -279.80304918	   1006.52173169	     -6.97529643	    -30.10364728	    -98.09071110	    140.34330680	    110.28359763	   -866.06410423	     80.36418962	      8.75415760	      9.20300793	     21.06758301	     80.40306125	     16.42336127	    110.97656731	    -12.39762832	   -179.73074257	      0.00000000	      0.00000000	     88.07279365	    -30.67494622	     70.56177120	     16.78991703	    529.99031529	      0.00000000	      0.00000000
      1.26388889	    -88.85028790	     -5.89824341	   -161.60994637	      1.08271659	      0.78855476	     -0.01457966	      2.80382364	     21.07021609	    -39.65533771	    -87.42475278	     68.59886535	     18.92527455	      7.34201655	     73.94330357	     75.23736412	   -564.83091650	     92.51613276	     21.96788966	   -277.32566274	   1008.06298138	     -7.77438287	    -29.58553716	    -97.13754581	    140.61680065	    108.92027374	   -865.16883978	     80.71236128	      8.82199685	      9.60727986	     20.30462051	     80.54714100	     14.87981780	    110.80601705	    -12.26407752	   -181.03421623	      0.00000000	      0.00000000	     88.22266887	    -31.25060103	     70.79741433	     16.62207485	    527.88268232	      0.00000000	      0.00000000
      1.26666667	    -89.02888455	     -5.82970099	   -160.83175564	      1.08326135	      0.78936160	     -0.01424413	      3.25994664	     20.97981459	    -39.11242585	    -89.47300721	     68.58063929	     19.14787964	      7.35924510	     85.88721325	     74.77495387	   -575.78142800	     93.09281092	     18.40145668	   -274.28252910	   1009.57912083	     -8.48766890	    -29.09310595	    -96.64320657	    140.77894433	    107.81019749	   -864.02027590	     81.32245904	      9.03287494	      9.88870992	     19.42489555	     80.34611141	     14.30267345	    110.88913461	    -12.11077142	   -181.22922496	      0.00000000	      0.00000000	     88.34680269	    -31.98741037	     70.99545423	     16.46709522	    526.49465935	      0.00000000	      0.00000000
      1.26944444	    -89.13480206	     -5.69797896	   -159.93393230	      1.08344763	      0.79037025	     -0.01418939	      3.78987715	     20.95353236	    -38.56645132	    -91.58456074	     68.84769072	     19.37697870	      7.31028384	     96.74770877	     73.97279435	   -585.62370892	     93.52697468	     14.62671552	   -270.70178023	   1010.67024650	     -8.92236013	    -28.71896654	    -96.68630411	    140.77974311	    107.24594333	   -862.38195436	     82.06933388	      9.31081510	     10.17189428	     18.42955309	     80.23437948	     13.31234840	    110.75103287	    -11.95441295	   -181.94876082	      0.00000000	      0.00000000	     88.25111437	    -33.04548129	     70.97325728	     16.29505401	    524.64694019	      0.00000000	      0.00000000
      1.27222222	    -89.32622613	     -5.64759019	   -159.17396140	      1.08399385	      0.79109843	     -0.01383125	      4.24645382	     20.83880452	    -37.88259933	    -93.78487856	     68.85059268	     19.84788664	      7.15969482	    107.56431486	     73.04445659	   -595.27675227	     94.28596707	     10.56903010	   -266.37573248	   1011.95110595	     -9.18143118	    -28.38647410	    -97.19985386	    140.69497482	    107.09953161	   -860.89125073	     83.07702159	      9.63631210	     10.34830661	     17.32415442	     80.03624680	     12.79162431	    110.85569090	    -11.80028490	   -182.05489483	      0.00000000	      0.00000000	     88.45566207	    -33.69588743	     71.25909557	     16.14034407	    523.74232543	      0.00000000	      0.00000000
      1.27500000	    -89.47342147	     -5.56493310	   -158.38006020	      1.08431263	      0.79192249	     -0.01360997	      4.75533034	     20.76044859	    -37.10000802	    -95.98739131	     69.07169040	     20.38598770	      6.95930599	    117.67049371	     71.88628179	   -604.13025733	     94.89731060	      6.31255351	   -261.53010074	   1012.66267892	     -9.09536682	    -28.21655538	    -98.16009921	    140.47592859	    107.58511404	   -858.88835713	     84.20568979	     10.05663572	     10.47461039	     16.10147190	     79.90250167	     12.04617596	    110.83619298	    -11.64635843	   -182.45693024	      0.00000000	      0.00000000	     88.51082435	    -34.51601753	     71.39431765	     15.99502419	    522.40589457	      0.00000000	      0.00000000
      1.27777778	    -89.60576380	     -5.51208019	   -157.58526566	      1.08459845	      0.79272289	     -0.01337650	      5.29101306	     20.64136259	    -36.19334253	    -97.99705485	     69.35533394	     21.06311362	      6.60753592	    127.94854891	     70.55352479	   -612.88191692	     95.43810175	      1.88223591	   -256.15966928	   1013.03557434	     -8.68028694	    -28.21616267	    -99.56029991	    140.07779563	    108.75977123	   -856.51027408	     85.47944283	     10.62069942	     10.51297787	     14.62771112	     79.76423895	     11.33980763	    110.82301303	    -11.52814442	   -182.89848065	      0.00000000	      0.00000000	     88.57938210	    -35.32879411	     71.51704775	     15.88314141	    520.95344419	      0.00000000	      0.00000000
      1.28055556	    -89.72934987	     -5.47226509	   -156.81582399	      1.08489637	      0.79346363	     -0.01315302	      5.80591601	     20.51471124	    -35.29233908	    -99.61014230	     69.40839769	     21.88875875	      6.20060459	    138.62653452	     68.85037525	   -621.63221640	     96.09490956	     -2.52529614	   -250.51924884	   1013.42779558	     -8.00348515	    -28.17745295	   -101.31741328	    139.60186073	    110.66616995	   -854.11827627	     86.75759479	     11.21780803	     10.49659281	     13.23429290	     79.62926015	     10.71352606	    110.81824446	    -11.40904495	   -183.15621966	      0.00000000	      0.00000000	     88.70221695	    -36.05979176	     71.67980508	     15.77421285	    519.92905529	      0.00000000	      0.00000000
      1.28333333	    -89.84485309	     -5.42419150	   -156.05537661	      1.08509073	      0.79418067	     -0.01289954	      6.34619081	     20.36870049	    -34.20535410	   -100.93464685	     69.60369874	     22.85061300	      5.69621922	    148.80219337	     66.87748827	   -629.64332713	     96.63511828	     -6.92527339	   -244.53790413	   1013.72035185	     -6.82608422	    -28.31232805	   -103.59360403	    138.99689933	    113.48371816	   -851.64030079	     88.09484763	     11.94395846	     10.39853258	     11.55337757	     79.51148405	     10.06070831	    110.79181814	    -11.27911242	   -183.41886563	      0.00000000	      0.00000000	     88.79819936	    -36.79298105	     71.82554068	     15.66802728	    518.83524031	      0.00000000	      0.00000000
      1.28611111	    -89.94858087	     -5.40386970	   -155.32085531	      1.08531063	      0.79491556	     -0.01263047	      6.87832868	     20.17921640	    -33.02526918	   -101.34898797	     69.49500927	     23.86618907	      5.01305788	    159.04921117	     64.24774782	   -637.08181832	     97.12530986	    -10.92540760	   -238.69189696	   1013.83101958	     -5.26789444	    -28.42172694	   -106.20853610	    138.17074946	    117.35748582	   -848.62933415	     89.38426549	     12.80010292	     10.23840449	      9.76922631	     79.41725395	      9.42191648	    110.77043056	    -11.14682524	   -183.74025154	      0.00000000	      0.00000000	     88.97215952	    -37.41695211	     72.02478384	     15.55333302	    517.85509558	      0.00000000	      0.00000000
      1.28888889	    -90.02566068	     -5.39968013	   -154.58591782	      1.08546426	      0.79558009	     -0.01233156	      7.43045716	     19.97921271	    -31.70737811	   -101.68234057	     69.23593309	     24.96445898	      4.25166731	    168.44982767	     60.97176736	   -643.49581389	     97.61818591	    -15.13858882	   -232.22183901	   1011.45126526	     -2.98263659	    -28.49647587	   -109.32916265	    137.12703631	    122.13268034	   -843.12924775	     91.23154914	     13.82125161	      9.90642026	      7.88967557	     79.35523500	      8.72237749	    110.72387830	    -11.05082376	   -184.15323321	      0.00000000	      0.00000000	     89.11520589	    -38.08469624	     72.17584804	     15.47979014	    517.02258815	      0.00000000	      0.00000000
      1.29166667	    -90.14751011	     -5.38801447	   -153.90116827	      1.08557503	      0.79638836	     -0.01207551	      7.90062956	     19.77363817	    -30.46305901	   -100.78626895	     68.54918978	     25.80693079	      3.64531700	    176.66601174	     57.15266647	   -648.07640999	     98.07659106	    -18.44436450	   -226.48098524	   1013.62254159	     -0.51226177	    -28.59892656	   -112.76331662	    136.07361153	    128.72068096	   -841.23166291	     92.63984894	     14.81533753	      9.67817648	      6.63873602	     79.20290310	      8.28190571	    110.74485280	    -10.91898896	   -184.27847722	      0.00000000	      0.00000000	     89.27695953	    -38.72511851	     72.38247147	     15.34382391	    516.26826051	      0.00000000	      0.00000000
      1.29444444	    -89.98719530	     -5.52777323	   -153.14437789	      1.08478863	      0.79601196	     -0.01085825	      8.52311582	     19.33210031	    -26.31268830	   -107.86211724	     68.85554873	     30.65337448	     -0.39921593	    192.37289445	     48.54892663	   -662.15174521	     99.43712918	    -32.92440617	   -205.01935811	    938.91009225	     10.61270154	    -28.18339689	   -112.44479571	    124.52609178	    122.73232415	   -772.56395835	    115.36815642	     18.92082569	      7.13392446	      1.44119660	     80.09567878	      5.82394484	    110.45446924	    -23.54078208	    -83.48648052	      0.00000000	      0.00000000	     92.06737595	    -32.79901437	     73.86945001	     30.31473387	    294.98462997	      0.00000000	      0.00000000
      1.29722222	    -90.04587006	     -5.64614668	   -152.43361114	      1.08475776	      0.79750644	     -0.01048789	      8.96220245	     18.82557466	    -24.19530927	   -108.22786142	     70.11875372	     32.07698018	     -2.30531830	    200.86719838	     42.35524165	   -665.79159454	     99.13681172	    -39.01706795	   -194.70099134	    927.15459615	     12.99536609	    -29.26805457	   -107.93009178	    118.60352615	    122.37662129	   -757.95577262	    126.23015689	     20.72660676	      6.28756168	     -1.39086345	     80.07658554	      5.53091819	    110.48956366	    -23.23772887	    -83.72642230	      0.00000000	      0.00000000	     92.42632512	    -32.81821868	     74.21637189	     30.51953922	    298.61508351	      0.00000000	      0.00000000
      1.30000000	    -90.12147222	     -5.65569792	   -151.72626903	      1.08464409	      0.79879842	     -0.01014945	      9.37352253	     18.34303865	    -22.97095889	   -108.84307165	     71.14627633	     32.69778117	     -3.76717156	    207.56846091	     36.92094549	   -666.70706795	     99.58868593	    -44.06109339	   -185.86306576	    926.32992737	     12.73174978	    -29.24493119	    -97.77759692	    114.41640015	    121.03544898	   -749.79966270	    136.14127253	     21.71532604	      6.20789030	     -3.41646719	     80.09090926	      4.59225248	    110.40254568	    -23.32215246	    -82.40571329	      0.00000000	      0.00000000	     92.63135551	    -33.31478461	     74.46570241	     30.43504499	    299.95278407	      0.00000000	      0.00000000
      1.30277778	    -90.25140405	     -5.65979843	   -151.16006074	      1.08492676	      0.79977025	     -0.01031872	      9.75493231	     17.90870921	    -22.65192015	   -110.66689570	     73.00497655	     32.72962460	     -4.22358756	    212.30021562	     33.17838514	   -665.60272702	     99.81750036	    -48.35357706	   -179.60281901	    926.03876485	     11.44796295	    -25.75860013	    -87.90295627	    113.72775500	    112.73517013	   -747.29403667	    142.68656990	     21.63410944	      6.93226188	     -4.25911118	     80.06822431	      4.04834990	    110.41227706	    -23.24483660	    -81.80659185	      0.00000000	      0.00000000	     92.81901844	    -33.65850800	     74.73041107	     30.40843272	    301.25280350	      0.00000000	      0.00000000
      1.30555556	    -90.32972283	     -5.66542041	   -150.51065807	      1.08503382	      0.80100110	     -0.01039297	     10.17285178	     17.45963108	    -22.12096782	   -111.46971564	     75.13182433	     32.65845832	     -4.26575624	    217.12657329	     29.88655291	   -664.11932323	     99.88739334	    -52.05007078	   -173.28304816	    915.04541310	      9.72236922	    -23.23146218	    -85.38609984	    114.45269607	     99.22999566	   -747.10461524	    146.22700650	     21.88473312	      7.40941241	     -5.38512003	     80.07170507	      3.33455253	    110.34367702	    -23.23106763	    -80.71549848	      0.00000000	      0.00000000	     93.05242102	    -33.88499322	     74.99085895	     30.38945542	    302.96744098	      0.00000000	      0.00000000
      1.30833333	    -90.36685521	     -5.65063756	   -149.83037136	      1.08514068	      0.80239366	     -0.01010661	     10.59595099	     16.88835744	    -20.50104881	   -108.17431220	     75.18139552	     32.43535326	     -4.33128266	    222.28616952	     25.90011545	   -662.73295311	     99.95631080	    -53.53820589	   -166.60891944	    899.53716259	      8.11779758	    -23.43814407	    -90.84922533	    114.26406205	     90.56007768	   -747.40731342	    146.75023131	     23.15417433	      7.21422333	     -7.79037328	     80.07374137	      2.59198812	    110.24235559	    -23.22119859	    -79.37457721	      0.00000000	      0.00000000	     93.24043895	    -34.23933929	     75.21721337	     30.34790161	    304.47254058	      0.00000000	      0.00000000
      1.31111111	    -90.33993923	     -5.63535532	   -149.05587624	      1.08520102	      0.80363244	     -0.00949561	     11.02162037	     16.23255298	    -18.42038949	   -101.99303534	     73.21618676	     32.00133033	     -4.11644288	    227.04297811	     21.25386746	   -661.04403947	    100.06921781	    -52.90610641	   -159.93058753	    887.31949399	      6.80807050	    -23.83514963	    -98.26296995	    113.15624255	     87.63000063	   -747.56499888	    146.50195608	     24.98858265	      6.58009117	    -10.48987969	     80.07915141	      1.74344511	    110.08601313	    -23.23716464	    -77.92949364	      0.00000000	      0.00000000	     93.43259528	    -34.68354667	     75.40646222	     30.31497908	    305.71302804	      0.00000000	      0.00000000
      1.31388889	    -90.33257675	     -5.64429052	   -148.43187943	      1.08567913	      0.80462064	     -0.00906280	     11.36254128	     15.55057808	    -16.08092824	    -95.17395771	     70.67244320	     31.55328981	     -3.67119317	    231.42424424	     16.59378643	   -658.82649215	    100.07133084	    -51.23710517	   -153.35393385	    879.94837054	      5.94766379	    -23.70939842	   -106.55870649	    111.88741938	     90.42564839	   -747.62376690	    146.38324641	     26.82055597	      5.74444491	    -13.37286020	     80.10745730	      1.10304195	    110.00434952	    -23.23092851	    -76.94644258	      0.00000000	      0.00000000	     93.68090555	    -34.95649129	     75.63722741	     30.27070122	    306.68960746	      0.00000000	      0.00000000
      1.31666667	    -90.29547547	     -5.61894683	   -147.71935425	      1.08607837	      0.80563005	     -0.00865466	     11.72643389	     14.85363650	    -13.97666744	    -88.77944902	     68.12621054	     31.09775161	     -3.08949510	    235.74463349	     12.11018881	   -656.03696778	    100.14582642	    -49.21440428	   -146.67427120	    875.94279154	      5.46155332	    -23.49395355	   -116.25453536	    111.00897406	     98.78842119	   -747.30054480	    146.54165487	     28.46670376	      4.99707685	    -15.96856198	     80.18667082	      0.19684515	    109.82659280	    -23.23506362	    -75.87826977	      0.00000000	      0.00000000	     93.88979129	    -35.31237615	     75.81900965	     30.22138179	    307.68800709	      0.00000000	      0.00000000
      1.31944444	    -90.29559050	     -5.58125695	   -147.02699373	      1.08657751	      0.80664508	     -0.00830959	     12.04644230	     14.16332944	    -11.93191778	    -82.84822824	     65.80737209	     30.64131902	     -2.40711312	    240.10720765	      7.85112586	   -652.79408298	    100.07893524	    -46.94455357	   -139.84752196	    874.32043635	      5.54571929	    -23.58042614	   -128.04637396	    111.06447668	    111.83098206	   -747.46350651	    146.71443608	     29.95115574	      4.29058919	    -18.42359056	     80.18939027	     -0.59058327	    109.69664948	    -23.25531064	    -74.73144857	      0.00000000	      0.00000000	     94.09065878	    -35.60862827	     76.03414995	     30.19433174	    308.87822149	      0.00000000	      0.00000000
      1.32222222	    -90.27662468	     -5.54127905	   -146.31630210	      1.08708294	      0.80765609	     -0.00808024	     12.36463277	     13.43737300	     -9.94537220	    -77.60976566	     63.63964297	     30.22358322	     -1.70518753	    244.61741930	      3.68053494	   -649.16871355	    100.08210782	    -44.59618325	   -132.81244362	    874.09477010	      6.07072186	    -23.92289486	   -140.43332448	    112.68052564	    127.31664618	   -747.87191558	    146.73169964	     31.32349917	      3.60929409	    -20.90980342	     80.19004527	     -1.37825022	    109.54130461	    -23.28214419	    -73.51125220	      0.00000000	      0.00000000	     94.29269317	    -35.85898756	     76.22716154	     30.17920502	    310.31387379	      0.00000000	      0.00000000
      1.32500000	    -90.28730132	     -5.48653470	   -145.63585272	      1.08762231	      0.80825075	     -0.00814009	     12.69133853	     12.85886673	     -8.63661725	    -73.18426653	     62.01991095	     29.88717282	     -0.53611588	    247.93584399	      1.24378067	   -646.13044359	     99.27629653	    -42.86614407	   -127.94349255	    873.57303167	      7.48520344	    -23.51291530	   -148.80522800	    114.38054948	    137.26728943	   -748.35473629	    147.36203904	     32.10402274	      3.31678348	    -22.39716668	     80.19888632	     -2.18934825	    109.38406746	    -23.24438964	    -73.42639993	      0.00000000	      0.00000000	     94.45758335	    -36.23966821	     76.38823948	     30.12942689	    310.87159319	      0.00000000	      0.00000000
      1.32777778	    -90.29743807	     -5.44319402	   -144.88873441	      1.08807491	      0.80872945	     -0.00822228	     13.10071379	     12.33887859	     -7.69102932	    -70.31689998	     60.15617321	     29.60397556	      0.43466751	    250.02768365	     -0.43734672	   -643.43168120	     98.41717278	    -41.63264706	   -124.91948514	    873.60443401	      8.81486473	    -22.94744919	   -152.66145348	    116.15506781	    141.98548836	   -749.01130085	    147.45967653	     32.39232636	      3.12635068	    -23.92335575	     80.11477873	     -2.93246153	    109.22774769	    -23.30404471	    -72.74138145	      0.00000000	      0.00000000	     94.65873126	    -36.48816971	     76.58403114	     30.13270375	    312.09574191	      0.00000000	      0.00000000
      1.33055556	    -90.27049021	     -5.41515282	   -144.14926226	      1.08841260	      0.80920436	     -0.00815785	     13.48703031	     11.69263277	     -6.41289519	    -68.24680518	     58.49277301	     29.29100266	      1.00762316	    252.53028925	     -2.74561755	   -640.59163302	     98.05783692	    -40.45250999	   -121.15763381	    874.54870035	      9.63690953	    -22.84741155	   -155.97766983	    118.90736971	    147.63360511	   -749.68278436	    146.94453226	     32.93364129	      2.73902138	    -25.62555852	     80.09650569	     -3.76738448	    109.05599825	    -23.33409385	    -72.36452472	      0.00000000	      0.00000000	     94.85452474	    -36.84259944	     76.73575482	     30.10694930	    312.80881171	      0.00000000	      0.00000000
      1.33333333	    -90.22064084	     -5.33669623	   -143.36193067	      1.08868814	      0.81001083	     -0.00803073	     13.78630338	     10.93373048	     -4.84712748	    -66.91514941	     57.85171371	     28.91716278	      1.34758593	    256.14121437	     -5.56786576	   -637.92955097	     98.38252156	    -39.88719281	   -115.50421023	    875.98262261	     10.48271094	    -23.19880547	   -159.83152179	    123.39335832	    156.22581400	   -749.66200158	    146.20254183	     33.88088213	      2.24840006	    -27.61784650	     79.99674117	     -4.49509958	    108.82767782	    -23.32193912	    -71.83419507	      0.00000000	      0.00000000	     94.99368867	    -37.28633077	     76.83430890	     30.04711205	    313.48899326	      0.00000000	      0.00000000
      1.33611111	    -90.25264768	     -5.28697283	   -142.71980055	      1.08937489	      0.81066184	     -0.00808997	     13.89802213	     10.27250667	     -3.31338937	    -66.39849821	     57.82777758	     28.35871638	      2.13000414	    260.12881354	     -8.45463958	   -635.43323551	     98.99171190	    -40.11804750	   -108.53966623	    877.36375602	     11.81212487	    -23.53766130	   -162.77602880	    129.34724388	    165.49635543	   -749.31396576	    145.55635077	     34.81119553	      1.77856073	    -29.51995962	     79.89810337	     -4.98527622	    108.73140920	    -23.27995003	    -71.67343209	      0.00000000	      0.00000000	     95.22453628	    -37.51336412	     77.06840064	     29.95593509	    313.94004500	      0.00000000	      0.00000000
      1.33888889	    -90.26435087	     -5.26349836	   -142.19554435	      1.09008461	      0.81138451	     -0.00828125	     14.02528645	      9.30742375	     -0.75586280	    -66.16820022	     57.36788905	     27.82089669	      2.21259132	    264.08334761	    -11.37192717	   -633.20281730	    100.17423443	    -40.21409896	   -101.23993176	    878.37187473	     14.19090990	    -24.33003854	   -165.47678449	    136.24023622	    174.90785397	   -749.40265329	    144.79343023	     35.96418959	      0.86247401	    -32.18242731	     79.91319577	     -5.62366088	    108.62561565	    -23.34292891	    -70.86210300	      0.00000000	      0.00000000	     95.38057405	    -37.63125233	     77.19915585	     29.96174733	    315.34376848	      0.00000000	      0.00000000
      1.34166667	    -90.29746397	     -5.21833115	   -141.63912604	      1.09082521	      0.81181045	     -0.00850809	     14.12411988	      8.53183241	      1.08208796	    -66.65106474	     57.44274242	     27.15800862	      2.83338254	    267.41426184	    -13.85027558	   -631.06409943	    100.62879131	    -40.35158855	    -95.01904027	    878.75983934	     16.38195840	    -23.80942677	   -166.98212516	    142.19516850	    182.41937223	   -749.74158899	    144.28507175	     36.78324114	      0.33220851	    -34.12237964	     79.84337930	     -6.13876479	    108.53447908	    -23.37331288	    -70.60281525	      0.00000000	      0.00000000	     95.54157253	    -37.87673018	     77.35135117	     29.92820404	    316.07939357	      0.00000000	      0.00000000
      1.34444444	    -90.29510667	     -5.13355405	   -140.89263648	      1.09122849	      0.81211938	     -0.00855423	     14.31357593	      7.80858092	      2.41785469	    -67.24445390	     57.67213239	     26.63237594	      3.66188940	    270.07217333	    -15.68104749	   -629.35632609	    100.83197848	    -40.12595913	    -90.30890832	    878.33497891	     18.32163214	    -22.41202002	   -168.35419649	    146.79816189	    188.60148963	   -750.20849925	    144.10093401	     37.33317673	     -0.04096659	    -35.90329210	     79.64926750	     -6.68675686	    108.36120327	    -23.39532948	    -70.47361541	      0.00000000	      0.00000000	     95.67425358	    -38.26066041	     77.46363224	     29.89316586	    316.50357776	      0.00000000	      0.00000000
      1.34722222	    -90.29821290	     -5.11586715	   -140.27068452	      1.09164886	      0.81219175	     -0.00859805	     14.46507508	      7.06976171	      3.70554993	    -67.45534816	     57.80042217	     26.34934575	      4.47467460	    272.26471849	    -16.98095557	   -627.96608796	    100.74818668	    -39.34883527	    -87.06174484	    877.28018758	     19.84441136	    -20.42401658	   -169.92104086	    150.06599708	    193.43271566	   -750.79268639	    144.28118343	     37.67892391	     -0.32011913	    -37.49737949	     79.52398796	     -7.10259911	    108.26374210	    -23.40057647	    -70.49937364	      0.00000000	      0.00000000	     95.84447968	    -38.60334461	     77.59961789	     29.89462134	    316.81252363	      0.00000000	      0.00000000
      1.35000000	    -90.29490375	     -5.09912316	   -139.61570509	      1.09202774	      0.81209556	     -0.00859594	     14.62184786	      6.37459356	      4.71589511	    -67.54888726	     57.81376784	     26.06725578	      5.41249530	    274.24699575	    -18.20896090	   -626.63516055	    100.44606538	    -38.34456590	    -84.49505574	    876.01227597	     20.94377875	    -18.00104169	   -171.37830190	    152.76306381	    197.37734465	   -751.39728810	    144.48113808	     37.90818347	     -0.47883475	    -38.92399057	     79.38535676	     -7.44760738	    108.17614627	    -23.32759971	    -70.67691128	      0.00000000	      0.00000000	     96.04334108	    -38.88425762	     77.74857570	     29.87244294	    316.92226911	      0.00000000	      0.00000000
      1.35277778	    -90.25869996	     -5.09431046	   -139.11044967	      1.09216122	      0.81183434	     -0.00879023	     14.70366017	      5.52570017	      6.03379653	    -68.66852005	     58.16669352	     26.04790793	      5.89205297	    276.08576700	    -19.47842877	   -625.92894382	    100.54005528	    -37.86821721	    -82.46624154	    875.09569127	     21.28111104	    -15.29534778	   -172.40406541	    154.94372008	    200.47363098	   -752.00692793	    144.51687977	     38.37923687	     -0.54574742	    -40.00900366	     79.21050505	     -7.65321473	    108.06623984	    -23.43469675	    -70.84219555	      0.00000000	      0.00000000	     96.17945938	    -39.08900045	     77.79733929	     29.89403954	    316.91976030	      0.00000000	      0.00000000
      1.35555556	    -90.30633733	     -5.04233143	   -138.48981380	      1.09241700	      0.81188888	     -0.00890967	     14.74520917	      4.80986303	      7.57847177	    -70.00110221	     58.99378448	     25.39059771	      6.73067072	    277.58472434	    -20.89912905	   -625.54529303	    100.37964898	    -37.55628180	    -79.46415773	    873.57656306	     22.87010615	    -13.19472608	   -173.26927951	    158.83109530	    205.57498351	   -752.45643265	    144.21570130	     38.78750586	     -1.21251098	    -41.83607771	     79.02251346	     -8.04397829	    107.98238968	    -23.38190386	    -71.17849742	      0.00000000	      0.00000000	     96.27946369	    -39.45525968	     77.91496530	     29.88530554	    317.06915565	      0.00000000	      0.00000000
      1.35833333	    -90.30755319	     -5.02889229	   -138.00292148	      1.09303672	      0.81175559	     -0.00883685	     14.77846628	      3.94844956	      9.26950247	    -73.03219553	     60.81222598	     24.87174565	      7.21752199	    278.89039833	    -22.19496392	   -626.05352526	    100.54922750	    -38.36962680	    -77.00679763	    872.26994636	     23.34962721	    -10.60948288	   -173.46308915	    161.92936128	    209.95472669	   -752.52544221	    143.84201332	     39.23246041	     -1.68621688	    -43.36062489	     78.85282607	     -8.16641752	    107.96078493	    -23.38711077	    -71.35552915	      0.00000000	      0.00000000	     96.42282983	    -39.64562416	     78.02468276	     29.93059720	    317.21111554	      0.00000000	      0.00000000
      1.36111111	    -90.33525065	     -4.99468887	   -137.47725427	      1.09321756	      0.81148376	     -0.00884811	     14.81088713	      3.26298207	     10.39435806	    -77.27387888	     62.94718792	     24.29485038	      8.06535882	    279.91022098	    -23.21364092	   -626.98481456	    101.09695433	    -40.02149753	    -74.87863994	    871.71833345	     23.50615673	     -7.58925473	   -173.03342716	    164.45730795	    214.21656723	   -752.95823318	    143.42505706	     39.48717652	     -1.90194452	    -44.51343607	     78.59941522	     -8.26077990	    107.91891292	    -23.37254170	    -71.63019089	      0.00000000	      0.00000000	     96.55950782	    -39.82301615	     78.16050997	     29.93239981	    317.09252209	      0.00000000	      0.00000000
      1.36388889	    -90.34172852	     -5.00103931	   -137.04432375	      1.09337446	      0.81115204	     -0.00889144	     14.79700614	      2.45258183	     11.87384826	    -82.11507672	     66.38715342	     23.93759067	      8.45329491	    280.62157698	    -24.08071469	   -628.30215535	    100.59400347	    -42.00359246	    -73.29914103	    871.57107632	     23.53904421	     -4.96795271	   -172.35441352	    166.60377097	    218.20967493	   -753.62262422	    143.03575952	     39.78925484	     -2.26655359	    -45.69647290	     78.39099134	     -8.21415657	    107.91147078	    -23.33533537	    -72.13298947	      0.00000000	      0.00000000	     96.68610674	    -39.96649437	     78.25284407	     29.97602900	    316.88575881	      0.00000000	      0.00000000
      1.36666667	    -90.35883856	     -5.02296611	   -136.57954118	      1.09351592	      0.81081854	     -0.00896825	     14.78663276	      1.75861643	     12.93807486	    -86.09118529	     68.07146816	     23.71520724	      8.97566186	    281.08420440	    -24.72498685	   -629.49636907	    101.04945900	    -43.21738006	    -72.67343473	    871.28924688	     23.32600186	     -2.25435139	   -172.03587698	    168.01748443	    221.05616673	   -754.19696456	    142.72814246	     39.98271941	     -2.43315577	    -46.47669261	     78.18495213	     -8.23120346	    107.91919534	    -23.33183361	    -72.38743719	      0.00000000	      0.00000000	     96.84552733	    -40.07048406	     78.38333770	     30.02822343	    316.69333809	      0.00000000	      0.00000000
      1.36944444	    -90.39439277	     -5.03425610	   -136.26485669	      1.09345333	      0.81064955	     -0.00886657	     14.77903060	      1.06917644	     14.13204453	    -88.92624595	     69.49925195	     23.74663800	      9.12533099	    281.26446764	    -25.10212814	   -630.82101341	    100.97052648	    -43.31039991	    -73.08184435	    870.95061613	     23.02863605	      0.25541465	   -172.45241456	    168.93520804	    222.69624249	   -754.84190548	    142.45155827	     40.22936022	     -2.55876395	    -46.97446779	     77.98774157	     -8.21487098	    107.95253979	    -23.35092312	    -72.56740018	      0.00000000	      0.00000000	     96.93168459	    -40.13563336	     78.47649631	     30.02687678	    316.53192679	      0.00000000	      0.00000000
      1.37222222	    -90.38757504	     -5.10347811	   -135.89245025	      1.09332284	      0.81029590	     -0.00877837	     14.73194609	      0.29499861	     15.69676295	    -92.34702256	     72.64190403	     23.87492021	      9.14772700	    281.07385581	    -25.43634260	   -632.52615340	     99.55094311	    -44.03207015	    -73.24782236	    871.07558027	     22.99727678	      1.94050826	   -172.22682830	    170.22621506	    224.81523313	   -755.75413847	    142.29518845	     40.29844314	     -3.26627951	    -47.89085093	     77.76112873	     -7.92668552	    108.01190748	    -23.28344960	    -73.05157740	      0.00000000	      0.00000000	     97.11789703	    -40.16383662	     78.61202076	     30.06009404	    316.20387695	      0.00000000	      0.00000000
      1.37500000	    -90.42416251	     -5.11203516	   -135.60068744	      1.09310114	      0.81010312	     -0.00869227	     14.72026987	     -0.34915942	     16.88281089	    -94.41853989	     73.51892440	     23.92443812	      9.25325864	    280.91991106	    -25.59593046	   -634.10329155	     99.49704231	    -43.51300547	    -74.29173130	    870.91319111	     22.68330912	      4.34395241	   -172.93774292	    170.90146262	    225.47749983	   -756.25166335	    141.82520027	     40.43030315	     -3.51957785	    -48.10298126	     77.55651403	     -7.90560378	    108.04989304	    -23.31115710	    -73.19006731	      0.00000000	      0.00000000	     97.17189825	    -40.18754769	     78.68337430	     30.07602896	    316.09771000	      0.00000000	      0.00000000
      1.37777778	    -90.40658231	     -5.19465668	   -135.32274164	      1.09280297	      0.80975802	     -0.00857903	     14.59992124	     -1.16924895	     18.56078678	    -97.67083320	     76.72685560	     24.22573020	      8.93891520	    280.59847777	    -25.79134520	   -635.98860376	     97.81690603	    -44.01295589	    -74.96110147	    871.75973845	     22.48274877	      5.87906039	   -172.80373181	    171.90892475	    226.76732467	   -757.43073599	    141.49538718	     40.55922867	     -4.18800033	    -48.92449239	     77.28864662	     -7.32418306	    108.15153256	    -23.22066931	    -73.77533352	      0.00000000	      0.00000000	     97.35666941	    -40.01443591	     78.81449556	     30.12305569	    315.69042010	      0.00000000	      0.00000000
      1.38055556	    -90.42799945	     -5.24348964	   -135.09615909	      1.09250331	      0.80947435	     -0.00842015	     14.49015742	     -1.89663885	     20.10330415	   -101.11568315	     79.31406727	     24.30890451	      8.74480886	    280.34530006	    -25.92592638	   -637.82702054	     96.89970725	    -44.67528701	    -75.63897825	    872.74613499	     22.30371215	      7.69571843	   -172.61967937	    172.82389813	    228.18063544	   -758.48872787	    140.94097378	     40.66386777	     -4.71297341	    -49.40253322	     76.97880767	     -6.77508429	    108.25967600	    -23.17610359	    -74.25907770	      0.00000000	      0.00000000	     97.45513988	    -39.92291805	     78.91025038	     30.15756737	    315.35210109	      0.00000000	      0.00000000
      1.38333333	    -90.41592283	     -5.29942632	   -134.84074115	      1.09212710	      0.80915957	     -0.00827731	     14.37273715	     -2.64710732	     21.57733528	   -105.06654301	     81.40708964	     24.38499028	      8.56081554	    280.21839274	    -26.09825270	   -639.52552762	     96.82272423	    -45.88476594	    -76.13176259	    873.38668477	     22.09461600	      9.47794392	   -172.11149597	    173.73312245	    229.92537467	   -758.93989327	    140.37896580	     40.76560736	     -5.22169878	    -49.73380045	     76.77586864	     -6.49888216	    108.32865226	    -23.15740215	    -74.52070493	      0.00000000	      0.00000000	     97.54419019	    -39.89870831	     78.95918552	     30.20266678	    315.17360498	      0.00000000	      0.00000000
      1.38611111	    -90.44180200	     -5.36200084	   -134.68825464	      1.09172294	      0.80884784	     -0.00810519	     14.19780866	     -3.38763098	     23.27551959	   -109.27610656	     85.31176516	     24.42936562	      8.23105935	    280.13111122	    -26.24502414	   -641.14142207	     95.18572801	    -47.40498977	    -76.56272483	    875.00552927	     22.01758778	     11.05611388	   -171.46276903	    174.65225442	    232.03772625	   -760.23868923	    139.80072247	     40.82909785	     -5.80666066	    -50.26985141	     76.42374536	     -5.71096643	    108.47880658	    -23.09305595	    -75.11866729	      0.00000000	      0.00000000	     97.63675966	    -39.76232002	     79.05042898	     30.21118435	    314.73139413	      0.00000000	      0.00000000
      1.38888889	    -90.42964722	     -5.42680367	   -134.47655626	      1.09129001	      0.80847363	     -0.00787989	     14.07171188	     -4.11019601	     24.70217686	   -113.37757227	     87.28277133	     24.48340926	      8.05123206	    280.17346500	    -26.45040099	   -642.49658254	     95.41541673	    -49.00152983	    -76.97237429	    875.67448390	     21.80636756	     12.72176734	   -170.77901185	    175.47372384	    234.07693755	   -760.53811735	    139.31131792	     40.82657769	     -6.25731133	    -50.45250284	     76.23852848	     -5.45433216	    108.56736642	    -23.09165196	    -75.36035212	      0.00000000	      0.00000000	     97.70189326	    -39.76088948	     79.07729134	     30.26210617	    314.51305508	      0.00000000	      0.00000000
      1.39166667	    -90.43093532	     -5.50233529	   -134.33534297	      1.09076898	      0.80813271	     -0.00758330	     13.89440990	     -4.82940455	     26.35381944	   -117.06112054	     90.30695889	     24.58356374	      7.74987767	    280.09568588	    -26.62104721	   -643.90007298	     94.34239133	    -50.38173366	    -77.35706657	    876.74772542	     21.90288721	     14.02423632	   -170.16140842	    176.40614874	    236.21379713	   -761.42778519	    138.91354465	     40.77077424	     -6.86077201	    -50.79977483	     75.95788512	     -4.83649938	    108.71324663	    -23.05697574	    -75.80349894	      0.00000000	      0.00000000	     97.77552755	    -39.70823596	     79.11506270	     30.28975735	    314.15900583	      0.00000000	      0.00000000
      1.39444444	    -90.44097750	     -5.56286360	   -134.19911451	      1.09019271	      0.80767967	     -0.00723375	     13.76757170	     -5.47912546	     27.73419506	   -120.31835044	     93.34631820	     24.73542691	      7.59860207	    280.07389041	    -26.74274274	   -645.18170777	     93.02642120	    -51.39990195	    -77.99758400	    878.44387803	     21.76867250	     15.63480000	   -169.83458578	    177.13494859	    237.79638476	   -762.86596067	    138.46029806	     40.64464800	     -7.23619818	    -50.92506635	     75.53494554	     -3.83785392	    108.89026573	    -22.93309247	    -76.63682585	      0.00000000	      0.00000000	     97.83853603	    -39.62955837	     79.16837711	     30.30111025	    313.71278283	      0.00000000	      0.00000000
      1.39722222	    -90.44173641	     -5.61677118	   -133.99809315	      1.08961228	      0.80729879	     -0.00680515	     13.70256350	     -6.07447409	     28.77093637	   -122.55021765	     94.06961309	     24.94047897	      7.53642982	    279.83866527	    -26.61368115	   -646.76170491	     93.32718422	    -51.22097860	    -79.05782450	    878.45005864	     21.68139614	     17.54246092	   -170.20614555	    177.85557455	    238.70191847	   -763.00812583	    137.92569896	     40.42969891	     -7.38498918	    -50.80762033	     75.36536154	     -3.78660528	    108.97595870	    -23.00004575	    -76.71583656	      0.00000000	      0.00000000	     97.87258238	    -39.67164583	     79.19312539	     30.34370056	    313.62137341	      0.00000000	      0.00000000
      1.40000000	    -90.41446564	     -5.68571434	   -133.76445498	      1.08907162	      0.80685402	     -0.00637998	     13.61888865	     -6.67358821	     29.80420894	   -124.56703969	     94.78997352	     25.25938734	      7.54237661	    279.60594674	    -26.60850675	   -648.32372371	     93.48552790	    -51.00960603	    -79.97315890	    878.41664923	     21.54455788	     19.34342557	   -170.54514763	    178.78107392	    239.58931869	   -763.23103727	    137.49546539	     40.14417159	     -7.64360274	    -50.69335624	     75.20196383	     -3.69180904	    109.05772726	    -23.05311802	    -76.80099435	      0.00000000	      0.00000000	     97.92879741	    -39.70197651	     79.20254000	     30.41055600	    313.50166898	      0.00000000	      0.00000000
      1.40277778	    -90.37144753	     -5.76097660	   -133.66175463	      1.08844309	      0.80669319	     -0.00592846	     13.29246242	     -7.47860268	     31.81076140	   -126.53003428	     97.17854357	     25.87112531	      6.74991010	    278.89356943	    -26.33994423	   -650.32401592	     92.19273514	    -50.35415020	    -81.12300541	    878.77348317	     21.88885939	     20.03355627	   -170.98324675	    180.05762122	    240.89007903	   -764.19076832	    137.08240834	     40.16538508	     -8.39860306	    -50.99122823	     74.77117985	     -2.48308150	    109.24420678	    -22.87924696	    -77.57268516	      0.00000000	      0.00000000	     98.00218932	    -39.62398705	     79.22913371	     30.42141028	    312.71911970	      0.00000000	      0.00000000
      1.40555556	    -90.32967350	     -5.80021211	   -133.41040677	      1.08797678	      0.80634692	     -0.00537361	     13.29002561	     -8.01069908	     32.58199477	   -128.20113059	     97.67091539	     26.26067893	      6.93314679	    278.67399796	    -26.16797589	   -651.85078301	     92.36724122	    -49.89892885	    -82.08428189	    878.72810313	     21.67031704	     21.91385654	   -171.41114446	    180.94686484	    241.46084979	   -764.36871778	    136.71975988	     39.74870945	     -8.41868161	    -50.86109285	     74.59388153	     -2.39605621	    109.30912128	    -22.93705702	    -77.66659434	      0.00000000	      0.00000000	     98.04421238	    -39.66871112	     79.24904660	     30.48765506	    312.62147955	      0.00000000	      0.00000000
      1.40833333	    -90.29973178	     -5.82249374	   -133.29032963	      1.08730913	      0.80613031	     -0.00487614	     13.05300060	     -8.68691187	     34.08367635	   -129.20313986	     98.90614282	     26.99950237	      6.43783019	    277.93803141	    -25.43490447	   -653.96267106	     91.74358893	    -48.04057926	    -83.78523450	    878.88848436	     21.65052057	     23.21075096	   -172.63601503	    182.12468889	    241.69363384	   -765.25070314	    136.20492923	     39.70638494	     -8.74603233	    -50.89519747	     73.82882188	     -0.40196745	    109.55732935	    -22.65023799	    -79.12275733	      0.00000000	      0.00000000	     98.05417955	    -39.72387909	     79.25045518	     30.49047538	    311.70168850	      0.00000000	      0.00000000
      1.41111111	    -90.26730565	     -5.81163720	   -132.99741547	      1.08660019	      0.80609610	     -0.00424346	     12.98270661	     -9.24411847	     34.96416422	   -130.37934751	     99.47820388	     27.66976311	      6.32854758	    277.36155261	    -24.51339915	   -655.78233500	     91.85860613	    -46.39858046	    -85.40029015	    878.68837737	     21.75192492	     24.78325816	   -173.63268426	    183.00582736	    241.98803819	   -765.57171679	    135.72637004	     39.54205252	     -8.80394930	    -50.50308336	     73.58095342	     -0.29404364	    109.57230339	    -22.68896377	    -79.24725282	      0.00000000	      0.00000000	     98.04485009	    -39.83170471	     79.27322485	     30.53364403	    311.56132472	      0.00000000	      0.00000000
      1.41388889	    -90.20858336	     -5.83757019	   -132.77563477	      1.08610191	      0.80594938	     -0.00357968	     12.74458871	     -9.86628074	     36.29235818	   -131.03638847	    100.05451644	     28.64871181	      6.06863607	    276.52045560	    -23.56616343	   -657.86421243	     91.78236338	    -44.07013932	    -87.29246752	    878.50206862	     21.52639570	     25.99740318	   -174.90884796	    184.20796076	    241.65952690	   -766.03919309	    135.11703859	     39.39039660	     -9.16511277	    -50.40682394	     73.29725243	      0.24575773	    109.67312736	    -22.62671340	    -79.42624520	      0.00000000	      0.00000000	     98.05091691	    -40.04090457	     79.26086894	     30.58156429	    311.30614855	      0.00000000	      0.00000000
      1.41666667	    -90.15450778	     -5.82642393	   -132.51044039	      1.08546128	      0.80598791	     -0.00285022	     12.53088701	    -10.48746201	     37.60374266	   -131.76686739	    100.41819703	     29.52517189	      5.67511041	    275.77824035	    -22.45352805	   -659.97541556	     91.85906518	    -41.84157640	    -89.13740535	    878.48319609	     21.25267590	     27.03423284	   -176.04480794	    185.33123795	    241.27529010	   -766.50339007	    134.54788675	     39.20129338	     -9.51137107	    -50.59040305	     72.80603866	      1.18556317	    109.78958206	    -22.55678688	    -79.62442171	      0.00000000	      0.00000000	     98.03470858	    -40.25845529	     79.24980195	     30.60588642	    311.00406665	      0.00000000	      0.00000000
      1.41944444	    -90.12798485	     -5.77533762	   -132.16940582	      1.08465232	      0.80619702	     -0.00201358	     12.42983573	    -10.97293167	     38.44727197	   -132.98526481	    101.11276221	     30.42461759	      5.60590173	    275.11239738	    -20.95907703	   -661.68497239	     92.14770388	    -39.69930031	    -91.04426885	    878.39096123	     21.29525776	     28.25008437	   -176.95219699	    186.18236384	    241.43521281	   -766.84013796	    134.02751022	     39.09524620	     -9.62562163	    -50.18505056	     72.47244048	      1.51341212	    109.80017412	    -22.50230503	    -79.69533059	      0.00000000	      0.00000000	     98.02544847	    -40.43344558	     79.30858096	     30.59693334	    310.88949083	      0.00000000	      0.00000000
      1.42222222	    -90.08094170	     -5.75062313	   -131.87528032	      1.08397667	      0.80627634	     -0.00114697	     12.23102096	    -11.49492449	     39.49120622	   -133.73181052	    101.72564069	     31.46888524	      5.48580673	    274.43497067	    -19.40070889	   -663.53164230	     92.21523268	    -37.11008149	    -93.05698833	    878.29273268	     21.15650813	     29.31935456	   -178.06432015	    187.18745769	    241.10277687	   -767.24767491	    133.47888288	     39.05488061	     -9.89636719	    -49.86056278	     72.12796272	      2.02626476	    109.85572919	    -22.45627565	    -79.64657640	      0.00000000	      0.00000000	     98.03484126	    -40.69725322	     79.35062760	     30.56727098	    310.84747565	      0.00000000	      0.00000000
      1.42500000	    -90.05890175	     -5.70049871	   -131.54699427	      1.08329475	      0.80646989	     -0.00023166	     11.98536734	    -12.01608192	     40.63927382	   -135.17531605	    102.91252815	     32.89004209	      5.19018198	    273.66130009	    -17.30463686	   -665.06236863	     92.71161263	    -34.19728962	    -95.49867121	    878.32729105	     20.91192539	     29.97604528	   -179.03775371	    188.08688861	    241.10596968	   -767.63491656	    132.91036479	     38.98651470	    -10.22763713	    -49.74099827	     71.68562144	      2.73609335	    109.93468636	    -22.37146695	    -79.45428152	      0.00000000	      0.00000000	     97.98330936	    -41.06378522	     79.37068307	     30.56991134	    310.87424288	      0.00000000	      0.00000000
      1.42777778	    -90.01009581	     -5.64195087	   -131.23024618	      1.08262047	      0.80733167	      0.00076419	     11.62624445	    -12.57827962	     42.10269708	   -137.62051870	    105.87613139	     34.69232757	      4.50033635	    272.61802050	    -14.13050845	   -666.39054063	     92.69611091	    -30.79240682	    -98.31379061	    879.11905023	     20.91506453	     29.69841208	   -179.48344462	    188.81348820	    241.92512050	   -768.44258051	    132.46442158	     38.98344302	    -10.88512821	    -50.19616589	     70.81123189	      4.64577550	    110.15269410	    -22.29654949	    -78.23923076	      0.00000000	      0.00000000	     97.88930892	    -41.39590375	     79.34090602	     30.56821055	    311.80433338	      0.00000000	      0.00000000
      1.43055556	    -89.12015458	     -6.55145318	   -130.87334016	      1.07885215	      0.80064617	      0.00358160	     17.67931636	    -10.05769494	     29.05100070	   -162.04839588	    177.11377530	     47.19488509	      6.71264887	    196.40545104	     83.71475564	   -569.47689990	     96.98209460	     66.64926274	    -99.03859184	    890.84100192	     20.34726724	     42.70950425	   -171.04108001	    177.69746647	    258.41033219	   -769.41434233	    130.67916316	     30.54718786	     -3.51229517	    -35.58062931	     70.13698973	      7.39413513	    110.54681689	     -9.66377486	    536.14745813	      0.00000000	      0.00000000	     98.80015212	    -42.03154709	     79.23491164	     30.96064326	    -55.53618910	      0.00000000	      0.00000000
      1.43333333	    -89.01613901	     -6.48805378	   -130.45258125	      1.07849833	      0.80077772	      0.00487652	     17.58143097	    -10.49717910	     29.92927716	   -163.48417644	    170.59960448	     47.29710532	      6.31811148	    194.86755207	     83.27050997	   -572.28888565	     96.76759534	     68.37838583	   -100.28440103	    891.60688497	     19.38497793	     42.78796722	   -170.46501128	    179.09457169	    258.74067549	   -769.57300434	    130.31580316	     30.49326041	     -4.02934946	    -35.22432831	     69.66941266	      8.14697504	    110.60525796	     -9.57307712	    536.17988555	      0.00000000	      0.00000000	     98.76522637	    -42.45894415	     79.20099229	     30.99001311	    -55.72850399	      0.00000000	      0.00000000
      1.43611111	    -88.87556598	     -6.39609301	   -130.00350012	      1.07798729	      0.80093017	      0.00620786	     17.53365317	    -10.92060959	     30.64994206	   -164.92668274	    163.64430794	     47.43983779	      5.83451133	    192.94456643	     82.48989604	   -575.00080854	     96.55602362	     69.90093287	   -101.30838013	    892.46068866	     18.40750500	     42.99747451	   -169.77228597	    180.49114008	    259.02593951	   -769.79276698	    129.95890517	     30.44014645	     -4.52924548	    -34.81139455	     69.11490986	      9.11896649	    110.64449279	     -9.47687958	    536.16845202	      0.00000000	      0.00000000	     98.74904643	    -42.80354051	     79.14537416	     30.94175938	    -56.20298286	      0.00000000	      0.00000000
      1.43888889	    -88.90051833	     -6.14826781	   -129.52986830	      1.07788361	      0.80199295	      0.00714844	     16.44440210	    -12.33620007	     34.45410922	    -72.65511884	     73.55998426	     45.70208841	     11.73765230	    266.61626967	     38.25479609	   -691.34067100	     95.29883094	    131.20412851	   -146.86640432	    952.99316502	      7.93940039	     29.74100561	   -190.95090837	    180.96466480	    339.56102345	   -848.61819693	    231.89048204	     31.37653869	     -6.02415726	    -37.59022007	     68.44343422	     10.00381309	    110.64474326	     -9.28832429	    535.31644200	      0.00000000	      0.00000000	     98.52204451	    -43.23197217	     79.08085780	     30.88867611	   -415.58035907	      0.00000000	      0.00000000
      1.44166667	    -88.83627133	     -6.07270398	   -128.99925238	      1.07744089	      0.80187439	      0.00832444	     16.42580643	    -12.77948079	     35.16177231	    -71.62105770	     73.05204905	     45.39833108	     12.27929029	    268.02663793	     37.97661699	   -691.88808269	     94.99693190	    132.02029093	   -146.34714757	    953.58040928	      6.94625095	     30.91887913	   -191.71673808	    182.47478105	    340.13749211	   -848.03580741	    232.00858061	     31.06765612	     -6.32707935	    -37.09957536	     68.09155915	     10.22743021	    110.60273588	     -9.26261169	    535.33766696	      0.00000000	      0.00000000	     98.56530007	    -43.51697452	     79.17179287	     30.89610927	   -415.76411975	      0.00000000	      0.00000000
      1.44444444	    -88.75591866	     -5.99010684	   -128.48523674	      1.07697558	      0.80160915	      0.00954217	     16.34581370	    -13.27685286	     36.01915677	    -69.70993105	     72.44940251	     45.00420785	     12.71118121	    269.65880028	     37.17107995	   -692.34000004	     94.42967656	    133.19072828	   -145.81198420	    954.51360845	      6.06234492	     31.97393609	   -192.34344934	    184.28742306	    341.78313893	   -847.06903473	    232.80872748	     30.79722421	     -6.68649630	    -36.80763569	     67.61539433	     10.79819349	    110.61276662	     -9.26480169	    535.50209026	      0.00000000	      0.00000000	     98.50944016	    -44.02605250	     79.13579469	     30.94492681	   -416.26315383	      0.00000000	      0.00000000
      1.44722222	    -88.63327661	     -5.90375309	   -127.90142625	      1.07639910	      0.80119211	      0.01073047	     16.30170604	    -13.76861395	     36.69704495	    -68.55432071	     71.95169080	     44.67342782	     13.22938953	    271.04441120	     36.73412541	   -692.82480775	     94.03337556	    133.89619755	   -145.37631527	    955.06196633	      5.11434056	     32.99811324	   -192.91264021	    186.02064193	    342.54409429	   -846.37277196	    233.28947400	     30.44276385	     -6.97511447	    -36.59826422	     67.23278396	     11.23526627	    110.55105737	     -9.21520907	    535.61097040	      0.00000000	      0.00000000	     98.56021773	    -44.46844955	     79.16293681	     30.97276713	   -416.26596218	      0.00000000	      0.00000000
      1.45000000	    -88.58576695	     -5.83306008	   -127.38102588	      1.07588390	      0.80090595	      0.01198998	     16.13465654	    -14.24572477	     37.66404739	    -66.56198587	     71.24082648	     44.15150391	     13.49015019	    272.66773862	     35.91377781	   -693.25816297	     93.43393769	    134.93270147	   -144.72349173	    955.81912961	      4.17225324	     33.75481441	   -193.48247095	    187.76850267	    344.02824584	   -845.16896612	    234.20295423	     30.16833105	     -7.45993811	    -36.55573350	     66.65775786	     12.06695037	    110.64027049	     -9.15980167	    535.84026805	      0.00000000	      0.00000000	     98.46203249	    -45.12242189	     79.10449643	     31.05870754	   -416.51792160	      0.00000000	      0.00000000
      1.45277778	    -88.46702612	     -5.76007907	   -126.82255755	      1.07517321	      0.80046886	      0.01319366	     15.93216953	    -14.75096518	     38.56396584	    -64.70607808	     70.40754302	     43.72147767	     13.80437876	    274.12432424	     35.08138591	   -693.54141907	     92.94202523	    135.77549476	   -144.28138522	    956.02552748	      3.62114773	     34.44329550	   -193.77911261	    189.66634489	    345.66203242	   -843.61436276	    235.29933751	     29.91332929	     -7.97070724	    -36.81213167	     65.85559453	     13.68637569	    110.82164000	     -9.00064240	    536.15785308	      0.00000000	      0.00000000	     98.39720771	    -45.79819704	     78.99490570	     31.00267369	   -418.29148489	      0.00000000	      0.00000000
      1.45555556	    -88.37475937	     -5.69941710	   -126.22143314	      1.07454181	      0.79980919	      0.01454772	     15.82901016	    -15.18235045	     39.27239028	    -63.55013373	     69.65901071	     43.19571975	     14.13005075	    275.50278284	     34.84890319	   -693.89486369	     92.57621266	    136.47095378	   -143.40890353	    955.70087314	      2.45724441	     35.20724464	   -194.11643657	    191.18886335	    345.94058358	   -842.22322658	    235.87145824	     29.49813070	     -8.38873412	    -36.79105946	     65.09690744	     15.07032699	    110.99651418	     -8.87748340	    536.43122220	      0.00000000	      0.00000000	     98.41688139	    -46.44377350	     79.00636482	     30.98541394	   -419.22439617	      0.00000000	      0.00000000
      1.45833333	    -88.28093794	     -5.66683722	   -125.54977966	      1.07406224	      0.79921982	      0.01590211	     15.75966758	    -15.56277291	     39.73061310	    -62.47423908	     69.00907909	     42.59998608	     14.55556407	    276.79680779	     34.71974958	   -694.14408647	     92.09735387	    137.16290186	   -142.45338407	    956.04526970	      1.17634295	     36.07390261	   -194.55011033	    192.58939443	    345.93402609	   -841.61812665	    236.25814949	     29.08811402	     -8.71566721	    -36.55259756	     64.75802789	     15.36408253	    110.94769176	     -8.79617375	    536.35736969	      0.00000000	      0.00000000	     98.56297236	    -46.77256098	     79.16005377	     31.03674782	   -419.37659718	      0.00000000	      0.00000000
      1.46111111	    -88.11580485	     -5.53650573	   -124.81155554	      1.07405850	      0.79817313	      0.01749598	     15.18721329	    -16.53577306	     41.32253229	    -60.64895181	     67.94506021	     42.37086153	     13.76417958	    278.59021044	     33.40257652	   -694.75287193	     91.56567528	    138.13266092	   -138.02122540	    956.79633482	     -6.87322073	     33.93118897	   -194.77326950	    192.95092357	    341.21051795	   -839.40617187	    237.31859384	     28.93507775	     -9.25356659	    -37.77654684	     64.02388521	     16.65764452	    111.03271709	     -8.70143359	    536.67114637	      0.00000000	      0.00000000	     98.50982163	    -47.68735635	     79.03089363	     31.10306888	   -420.71197111	      0.00000000	      0.00000000
      1.46388889	    -88.01217460	     -5.47222904	   -124.10757039	      1.07343487	      0.79778220	      0.01884387	     15.07816516	    -16.91415532	     41.81114788	    -59.10076257	     66.94857130	     41.65610164	     14.05612411	    279.93879448	     32.80392140	   -694.71932368	     91.07580299	    138.85128221	   -137.11471486	    956.78642814	     -8.08824773	     34.37429988	   -194.94295436	    194.70278597	    341.73967196	   -838.21631184	    238.30810844	     28.50249577	     -9.64125015	    -37.80533626	     63.49760280	     17.42808257	    111.04972587	     -8.61572456	    536.86868506	      0.00000000	      0.00000000	     98.54065825	    -48.28357939	     79.05116668	     31.14800655	   -421.40442801	      0.00000000	      0.00000000
      1.46666667	    -87.89082721	     -5.40468513	   -123.40143422	      1.07297290	      0.79750028	      0.02027785	     14.98430106	    -17.27864588	     42.27415443	    -57.92018894	     65.93111570	     40.93306780	     14.33933485	    281.22327546	     32.51158008	   -694.77703108	     90.68345856	    139.47751214	   -136.05941794	    956.17269413	     -9.35323859	     34.66878376	   -194.93385636	    196.29336700	    341.81137316	   -836.78210651	    239.10703403	     28.00522806	    -10.08611334	    -37.83422021	     62.94137856	     18.29573577	    111.08661137	     -8.53134650	    537.00268942	      0.00000000	      0.00000000	     98.58910186	    -48.87598797	     79.06051765	     31.17854736	   -422.17654535	      0.00000000	      0.00000000
      1.46944444	    -87.74199500	     -5.36811678	   -122.69488158	      1.07254482	      0.79740230	      0.02164276	     14.89034948	    -17.64941353	     42.63084223	    -57.29514555	     65.24988815	     40.13498986	     14.56948110	    282.55145620	     32.63799620	   -695.07320274	     90.19596582	    139.93216630	   -135.10307721	    956.19236833	    -10.56321174	     35.13758487	   -195.16178426	    197.72034818	    341.42109825	   -836.37273264	    239.44792043	     27.49257447	    -10.39853962	    -37.79362249	     62.71883460	     18.54437566	    110.97915010	     -8.43887962	    536.93984685	      0.00000000	      0.00000000	     98.79337096	    -49.10632380	     79.20930792	     31.22138723	   -422.34261551	      0.00000000	      0.00000000
      1.47222222	    -87.59646146	     -5.31272510	   -121.91788561	      1.07205602	      0.79733487	      0.02315271	     14.79043691	    -17.99738118	     42.89524919	    -56.68582980	     64.47468504	     39.40136749	     14.76378326	    283.84836663	     32.77164445	   -695.28787437	     89.70995229	    140.48529693	   -133.99301422	    956.06338078	    -11.75299775	     35.43582684	   -195.15136351	    199.10369353	    341.00035780	   -835.94419750	    239.83341329	     26.96884928	    -10.73426481	    -37.81885032	     62.39696168	     18.91508032	    110.85154134	     -8.36464157	    536.83218173	      0.00000000	      0.00000000	     98.94364395	    -49.45428110	     79.32129513	     31.29000826	   -422.62643279	      0.00000000	      0.00000000
      1.47500000	    -87.48685281	     -5.18165401	   -121.29763243	      1.07148691	      0.79720986	      0.02467704	     14.65795215	    -18.33715492	     43.52873845	    -55.44314781	     63.05445635	     38.58284067	     14.86276715	    285.22405938	     32.41658380	   -695.35899110	     89.61252231	    140.82590581	   -132.80035498	    953.45676293	    -12.88026684	     35.27656797	   -194.59098414	    200.77738449	    341.42053228	   -832.44478094	    241.25419238	     26.47755414	    -11.28225591	    -38.32588677	     61.20316151	     21.41055913	    111.24832773	     -8.17651853	    536.84430117	      0.00000000	      0.00000000	     98.82198307	    -50.45041022	     79.13545192	     31.15258851	   -424.70857786	      0.00000000	      0.00000000
      1.47777778	    -87.35485785	     -5.13359800	   -120.58647370	      1.07096197	      0.79703836	      0.02600904	     14.52141824	    -18.62655058	     43.87378168	    -54.67597681	     62.05631328	     37.80205258	     14.97991763	    286.56970399	     32.42988161	   -695.45780145	     89.22510058	    141.14453815	   -131.61225033	    952.38479014	    -14.02514382	     35.40903892	   -194.37241438	    202.20261445	    341.27088550	   -830.79502340	    242.07408553	     25.92977340	    -11.70807026	    -38.50685555	     60.63082785	     22.46187488	    111.33468418	     -8.07099522	    537.03015653	      0.00000000	      0.00000000	     98.97729111	    -50.76479819	     79.23662190	     31.18929787	   -425.31726849	      0.00000000	      0.00000000
      1.48055556	    -87.19652162	     -5.09592718	   -119.88884139	      1.07058460	      0.79692419	      0.02742615	     14.41650834	    -18.91572876	     44.08763710	    -54.28243335	     61.32686370	     37.03153429	     15.11783169	    287.90152710	     32.59808448	   -695.65282481	     88.68165990	    141.50321888	   -130.50128833	    952.42602811	    -15.25995206	     35.62798724	   -194.35181472	    203.58381800	    340.78073177	   -830.53995769	    242.46140382	     25.39049145	    -12.01520759	    -38.54143172	     60.46770008	     22.66118070	    111.20417326	     -8.01694021	    536.95727517	      0.00000000	      0.00000000	     99.19303240	    -50.91865389	     79.37933474	     31.24540480	   -425.40816772	      0.00000000	      0.00000000
      1.48333333	    -87.07381391	     -5.00568519	   -119.27312800	      1.07005485	      0.79674397	      0.02888699	     14.19594421	    -19.23563700	     44.79824388	    -53.79328271	     60.17705332	     36.13832986	     14.93796810	    289.44437032	     32.66067069	   -696.18379969	     88.54094842	    141.72796301	   -129.20054690	    950.67559626	    -16.43392830	     35.18788184	   -193.84440149	    204.93370979	    340.58070867	   -828.43290739	    243.30496221	     24.73414002	    -12.61798726	    -39.23558255	     59.68023359	     24.22956598	    111.43529847	     -7.89508060	    536.80186332	      0.00000000	      0.00000000	     99.29111104	    -51.21327926	     79.40935168	     31.17750992	   -426.63696576	      0.00000000	      0.00000000
      1.48611111	    -86.92512142	     -4.93670483	   -118.60057197	      1.06968560	      0.79651200	      0.03047969	     14.22911352	    -19.40264282	     44.69529481	    -53.51242723	     59.31329031	     35.32893055	     15.21731348	    290.85310462	     32.99731814	   -696.27708437	     88.16650477	    141.98189492	   -127.85605964	    949.34354618	    -17.79635211	     35.52718542	   -193.41775648	    206.50492992	    340.23984561	   -826.91815232	    244.02862113	     24.21800556	    -12.83149678	    -38.97914597	     59.11080229	     25.38446045	    111.56245775	     -7.77648200	    536.76485052	      0.00000000	      0.00000000	     99.45687848	    -51.38958344	     79.49883237	     31.16867761	   -427.13568741	      0.00000000	      0.00000000
      1.48888889	    -86.76742872	     -4.88688904	   -117.92960036	      1.06939142	      0.79637894	      0.03200177	     14.12870377	    -19.64565753	     44.87291598	    -53.30726085	     58.53248177	     34.43005122	     15.19405898	    292.37255004	     33.31882055	   -696.58447078	     87.64641188	    142.25270988	   -126.54233006	    949.29134131	    -19.01397524	     35.59612702	   -193.18374746	    207.79320705	    339.79396688	   -826.66404411	    244.47915652	     23.63796970	    -13.15985915	    -39.16609150	     58.96245253	     25.66037398	    111.44120091	     -7.67496308	    536.61031727	      0.00000000	      0.00000000	     99.65628204	    -51.45336332	     79.60673602	     31.21017875	   -427.20619948	      0.00000000	      0.00000000
      1.49166667	    -86.62200514	     -4.80155060	   -117.31045999	      1.06906080	      0.79631056	      0.03351764	     14.02124507	    -19.86289433	     45.32874188	    -52.92360842	     57.27548134	     33.35968726	     15.15606234	    293.94672619	     33.45075955	   -697.01079638	     87.58901027	    142.16814500	   -124.81844330	    946.75010641	    -20.63672925	     34.87308025	   -192.08694264	    209.21137878	    339.65212647	   -823.61535631	    245.77643102	     22.87236167	    -13.75434665	    -39.68815907	     58.00962923	     27.67853194	    111.81805230	     -7.48109111	    536.21233524	      0.00000000	      0.00000000	     99.78462777	    -51.48001112	     79.65458681	     31.20637225	   -427.88588100	      0.00000000	      0.00000000
      1.49444444	    -86.43539480	     -4.74095210	   -116.62457440	      1.06894502	      0.79617969	      0.03483096	     13.92801986	    -20.11676489	     45.46900736	    -52.84861455	     56.49289138	     32.52584902	     15.03686013	    295.51447299	     33.72954370	   -697.27318106	     87.07775575	    142.35441046	   -123.50634728	    946.82533444	    -21.86757038	     34.90890354	   -191.95728347	    210.44002120	    339.16034481	   -823.40698729	    246.16446146	     22.26782266	    -14.03258457	    -39.73868005	     57.93113903	     27.88249264	    111.63516967	     -7.42291947	    536.14711134	      0.00000000	      0.00000000	     99.96821664	    -51.52633223	     79.72195952	     31.29309602	   -427.97345074	      0.00000000	      0.00000000
      1.49722222	    -86.28671160	     -4.66356881	   -116.02418573	      1.06874862	      0.79608044	      0.03616659	     13.86926096	    -20.29983759	     45.65760132	    -52.77674521	     55.56125093	     31.52179670	     14.95202817	    297.18133860	     34.05227381	   -697.66616519	     86.73975424	    142.36881339	   -122.05000984	    946.71940851	    -23.32505972	     34.84258254	   -191.78000749	    211.65323558	    338.56173088	   -822.85159000	    246.66709161	     21.63215951	    -14.38368329	    -39.92519693	     57.70582222	     28.39495476	    111.52371677	     -7.34331375	    535.88654955	      0.00000000	      0.00000000	    100.16243229	    -51.41439082	     79.79666233	     31.24302249	   -428.16054840	      0.00000000	      0.00000000
      1.50000000	    -86.14965239	     -4.60968928	   -115.44906330	      1.06859285	      0.79619210	      0.03754704	     13.79843156	    -20.46222706	     45.80671728	    -52.82001822	     54.62227385	     30.52035977	     14.78125217	    299.00519878	     34.51981233	   -698.21984594	     86.49164818	    142.45733325	   -120.51503502	    946.33561882	    -24.63088875	     34.85341041	   -191.53591085	    212.79458011	    338.03217652	   -822.21983887	    247.10742066	     20.99836592	    -14.69012769	    -40.12588223	     57.38944559	     29.06535541	    111.56833322	     -7.23820942	    535.63694205	      0.00000000	      0.00000000	    100.31546610	    -51.39311634	     79.88890156	     31.23563029	   -428.65113806	      0.00000000	      0.00000000
      1.50277778	    -86.02960818	     -4.47947465	   -114.95120884	      1.06834641	      0.79623487	      0.03907553	     13.74222839	    -20.58268431	     46.10352109	    -52.77707604	     53.13472041	     29.55755120	     14.67071399	    300.76282129	     34.70659848	   -698.71713802	     86.93330019	    141.83415607	   -118.98612278	    943.51814430	    -26.00158532	     34.37144660	   -190.66171593	    214.24837887	    338.10536023	   -818.57886021	    248.48731684	     20.41636148	    -15.18881237	    -40.52174599	     55.84212764	     32.22616361	    112.43811919	     -6.96272910	    534.80537283	      0.00000000	      0.00000000	    100.43397170	    -51.24921177	     79.95778791	     31.07197936	   -430.47142488	      0.00000000	      0.00000000
      1.50555556	    -85.89990327	     -4.42399173	   -114.35745272	      1.06824275	      0.79650571	      0.04034958	     13.70466083	    -20.67154053	     46.10980403	    -52.59108166	     52.11548905	     28.60633584	     14.52985276	    302.56670598	     34.87942688	   -698.84129415	     86.66678910	    141.45830651	   -117.32698448	    941.76321478	    -27.27400185	     34.19638866	   -189.85651496	    215.64716457	    338.34627390	   -816.04322115	    249.83673164	     19.83562239	    -15.49529923	    -40.63878787	     55.02551620	     33.92780985	    112.86041209	     -6.75841863	    535.01267242	      0.00000000	      0.00000000	    100.65629889	    -50.91370537	     80.09038584	     31.25086895	   -428.71920621	      0.00000000	      0.00000000
      1.50833333	    -85.75525170	     -4.34383824	   -113.75162301	      1.06799995	      0.79663357	      0.04163472	     13.61148272	    -20.83495945	     46.21837974	    -52.78291824	     51.35435604	     27.71069192	     14.21225414	    304.47782871	     35.25295102	   -699.38796252	     86.27843499	    141.44521103	   -115.67409394	    941.82563588	    -28.57774558	     33.97579346	   -189.54385131	    216.65174232	    337.82834514	   -815.74793538	    250.28563451	     19.28921117	    -15.78058490	    -40.79145596	     54.91191987	     34.22394866	    112.73032905	     -6.67426787	    534.86957815	      0.00000000	      0.00000000	    100.81843074	    -50.87259075	     80.15513673	     31.26908099	   -428.78696665	      0.00000000	      0.00000000
      1.51111111	    -85.66938686	     -4.27170696	   -113.19065230	      1.06763490	      0.79671840	      0.04279602	     13.44294742	    -20.95048534	     46.57109064	    -53.18807089	     50.75823004	     26.67752368	     13.80985358	    306.72662908	     35.75512381	   -701.00176632	     86.29092741	    141.39135540	   -114.05388141	    940.84135378	    -29.74990293	     33.48704567	   -189.16030811	    217.48958043	    337.24476073	   -814.77860468	    250.54540911	     18.65866904	    -16.21306503	    -41.37167155	     54.34464568	     35.26667677	    112.95159268	     -6.54039435	    534.30368544	      0.00000000	      0.00000000	    100.97044671	    -50.63839188	     80.27170675	     31.28127954	   -428.73998413	      0.00000000	      0.00000000
      1.51388889	    -85.77732132	     -4.10762695	   -112.64107275	      1.06728003	      0.79800563	      0.04345838	     12.30532684	    -21.28585762	     48.06876031	    -54.02329972	   -231.49375430	     28.78528733	     13.91186621	    364.59111574	     16.67421769	   -706.65213951	    266.06268977	    242.57948594	     29.20951170	   1136.36122525	    -28.96639499	     29.45106344	   -181.29966082	    220.51867141	     56.27242009	   -822.54722304	    230.50287580	     19.23162981	    -16.79946204	    -43.57330472	     54.12755003	     35.53827350	    112.79913269	     -6.26795807	    532.03128853	      0.00000000	      0.00000000	    100.94342615	    -50.25019297	     80.39718236	     31.28788680	   -426.83977457	      0.00000000	      0.00000000
      1.51666667	    -85.70230006	     -4.10573337	   -112.08524975	      1.06702728	      0.79839851	      0.04448646	     12.02515406	    -21.35978954	     48.25456709	    -54.92071629	   -231.71606084	     28.36903302	     13.83952489	    365.22993485	     16.15066308	   -706.26714133	    265.94400923	    242.54799147	     29.07819544	   1136.66582864	    -29.52894477	     29.23968209	   -181.11883177	    221.69157727	     56.46030449	   -822.29175905	    230.89288191	     18.99705281	    -17.08193963	    -43.68926203	     54.00919943	     35.78165080	    112.77347543	     -6.14912060	    531.87519177	      0.00000000	      0.00000000	    101.03340296	    -50.21408125	     80.44859254	     31.34629382	   -426.96575172	      0.00000000	      0.00000000
      1.51944444	    -85.67935609	     -4.00684851	   -111.49551437	      1.06675794	      0.79860363	      0.04568026	     11.90592109	    -21.40585572	     48.40589488	    -55.93155442	   -232.23883048	     28.08825457	     13.64424179	    366.12868984	     15.87604954	   -705.86730866	    265.62730514	    242.18566567	     28.77729574	   1136.92846580	    -30.32747976	     28.63997175	   -180.56563153	    222.83996059	     56.52831316	   -822.07084904	    232.29504879	     18.44778932	    -17.39061179	    -44.18235015	     53.65973180	     36.47749257	    112.80694388	     -5.90270556	    531.38006914	      0.00000000	      0.00000000	    101.23270434	    -50.04856830	     80.64469377	     31.19963824	   -427.00358612	      0.00000000	      0.00000000
      1.52222222	    -85.65253955	     -3.95162254	   -111.00595854	      1.06648279	      0.79905163	      0.04694504	     11.49662083	    -21.52154378	     48.97936779	    -56.10341999	   -234.83544966	     27.68364593	     13.24556430	    366.99066206	     14.97127942	   -705.04624584	    263.41208775	    239.82417261	     29.40373314	   1136.86747929	    -30.50422762	     27.62260467	   -180.37221888	    223.31304437	     57.14827581	   -822.58340852	    237.69167273	     18.10304648	    -17.76180421	    -45.28952867	     51.75329191	     39.68601992	    114.10943405	     -5.60834458	    529.40237617	      0.00000000	      0.00000000	    101.40852008	    -49.43522498	     80.88867203	     31.21058887	   -426.40569684	      0.00000000	      0.00000000
      1.52500000	    -85.57925629	     -3.93470364	   -110.48887449	      1.06611133	      0.79904789	      0.04792698	     11.18106853	    -21.56623332	     49.14861797	    -56.89975751	   -234.99947343	     27.41880874	     13.20327522	    367.57068462	     14.44723378	   -704.65255112	    263.28129850	    239.92107254	     29.33537343	   1137.15936444	    -30.93845941	     27.45177136	   -180.27487859	    224.40082631	     57.22792526	   -822.40593249	    237.95300516	     17.96062457	    -18.02743968	    -45.40779662	     51.66697220	     39.88072580	    114.03695349	     -5.56738946	    529.34108749	      0.00000000	      0.00000000	    101.50225824	    -49.43667435	     80.93786509	     31.25249945	   -426.34106336	      0.00000000	      0.00000000
      1.52777778	    -85.56248318	     -3.87024776	   -109.92620837	      1.06592506	      0.79917936	      0.04897951	     10.89646462	    -21.60288197	     49.50135008	    -57.57131992	   -236.41963565	     27.23368706	     12.86457260	    368.43570941	     14.00472957	   -703.69727227	    260.58531164	    238.92097276	     29.57127246	   1137.82178837	    -31.41707743	     26.49854739	   -179.96975339	    225.08770063	     57.45851914	   -824.07043849	    242.32278462	     17.42257816	    -18.37500426	    -46.28485695	     49.51888537	     43.39592391	    115.56269967	     -5.15322925	    528.93962203	      0.00000000	      0.00000000	    101.76427850	    -48.73906699	     81.25408073	     31.28407933	   -424.78579817	      0.00000000	      0.00000000
      1.53055556	    -85.46628383	     -3.79036233	   -109.41430714	      1.06581357	      0.79915076	      0.05029238	     10.53434131	    -21.71165006	     50.01794795	    -74.87647459	   -231.72968482	     26.14723503	     10.21784404	    372.00430434	     18.69047609	   -718.32692265	    333.05841160	    238.86859858	     28.28370700	   1130.06731922	    -34.50190169	     25.76254101	   -179.98833531	    229.29153160	     76.76149210	   -802.63086324	    182.67495158	     16.94270493	    -18.84742756	    -47.08319076	     48.03182201	     45.66958656	    116.64095206	     -4.93371193	    528.29263898	      0.00000000	      0.00000000	    101.96207326	    -48.42026673	     81.38112209	     31.20191213	   -424.80387789	      0.00000000	      0.00000000
      1.53333333	    -85.41526800	     -3.72214970	   -108.85186012	      1.06543614	      0.79921080	      0.05140322	     10.29734708	    -21.76709525	     50.11577834	    -74.87045891	   -232.48725199	     26.03390218	     10.15912668	    372.79091278	     18.13771330	   -718.23471537	    332.50869043	    238.16004040	     27.95673077	   1130.35139248	    -34.90798032	     25.40174648	   -179.57890502	    230.06990895	     76.41647494	   -802.33180587	    184.40706981	     16.65853666	    -19.04549109	    -47.33612028	     47.95087242	     45.90541720	    116.51224852	     -4.86053224	    528.14009458	      0.00000000	      0.00000000	    102.06105096	    -48.27320524	     81.46140725	     31.18956227	   -424.62676212	      0.00000000	      0.00000000
      1.53611111	    -85.38065406	     -3.66912697	   -108.37583457	      1.06512830	      0.79944144	      0.05246663	     10.07262207	    -21.75778092	     50.34982268	    -74.85802055	   -233.29215630	     25.64901589	     10.16514295	    373.71953696	     17.38884285	   -718.59509803	    332.23029443	    237.28669496	     27.49551277	   1130.82328977	    -35.25114760	     24.87675473	   -178.78549389	    230.80354939	     76.29052277	   -802.11710888	    186.15697202	     16.20530945	    -19.36442619	    -47.95264535	     47.68123716	     46.39270068	    116.58995108	     -4.74412667	    527.62113502	      0.00000000	      0.00000000	    102.25101859	    -47.87895458	     81.63044730	     31.11699152	   -424.09338731	      0.00000000	      0.00000000
      1.53888889	    -85.33409469	     -3.60765969	   -107.84448759	      1.06490750	      0.79962293	      0.05355827	      9.80770444	    -21.80277456	     50.54795253	    -74.80224943	   -234.18284253	     25.43310821	     10.09858311	    374.52850778	     16.78345522	   -718.69769966	    331.91894480	    236.42848431	     27.13916173	   1131.32322818	    -35.56259622	     24.42330816	   -178.18333713	    231.46512724	     76.19174710	   -802.08375525	    187.95716892	     15.82299066	    -19.60783718	    -48.47309568	     47.33564816	     46.95467609	    116.71379772	     -4.65578106	    527.02499430	      0.00000000	      0.00000000	    102.41934790	    -47.50719580	     81.77603854	     31.07753664	   -423.57382499	      0.00000000	      0.00000000
      1.54166667	    -85.34572740	     -3.55353915	   -107.41877591	      1.06482352	      0.80023947	      0.05467575	      9.37577069	    -21.86793703	     51.14446179	    -74.69029705	   -236.86513319	     25.22204984	      9.75835430	    375.11214229	     16.04033641	   -718.73321105	    333.24375025	    235.50673481	     26.64429904	   1133.28776991	    -35.25839889	     23.85087196	   -177.23645220	    231.87117987	     77.35228326	   -804.17600818	    189.92927520	     15.47542916	    -19.87770593	    -49.63901729	     44.93977689	     49.82892275	    118.61119508	     -4.44535156	    524.79768477	      0.00000000	      0.00000000	    102.51843518	    -46.52616337	     81.99627773	     31.21782982	   -421.40671906	      0.00000000	      0.00000000
      1.54444444	    -85.33544596	     -3.58351400	   -107.36291582	      1.06414423	      0.80033761	      0.05420263	      8.73465051	    -21.84779139	     51.87696355	   -126.21516588	   -287.43824403	     28.25943324	     12.20250063	    351.60385210	     69.30292029	   -769.42890639	    446.50682853	     85.26572194	    130.26317878	   1112.63179066	    -31.89186460	     23.34037542	   -177.80248674	    226.21691737	    107.04396404	   -834.15161882	    225.55595228	     15.68402903	    -19.83968086	    -50.39487370	    123.82081961	    110.97901280	     34.82729799	    -10.89939059	    279.49123159	      0.00000000	      0.00000000	    102.63904915	    -46.07025148	     82.00959288	     31.06485623	    -61.36154172	      0.00000000	      0.00000000
      1.54722222	    -85.29405558	     -3.42551233	   -106.58576006	      1.06416754	      0.80074929	      0.05676923	      8.92167797	    -21.86065664	     51.55561593	    -74.45409472	   -240.84498646	     24.77086557	      9.85022507	    376.46895191	     14.86809611	   -718.78980985	    334.70020008	    233.79808895	     26.03889364	    418.95754482	    -35.81085043	     23.04551066	   -175.92740249	    233.09277090	     77.14036402	    -88.55974299	    193.52679671	     14.79436381	    -20.27341418	    -50.49729819	    581.32447595	    126.11330799	   -418.49071453	     -4.05044209	    164.02639829	      0.00000000	      0.00000000	    101.69887901	   -217.13644296	     98.35124100	    -17.26647116	    -61.83431169	      0.00000000	      0.00000000
      1.55000000	    -85.26561445	     -3.35287468	   -106.13230720	      1.06387496	      0.80114052	      0.05780071	      8.64975980	    -21.87994741	     51.83159356	    -74.37108458	   -241.80799013	     24.52243462	      9.79524172	    377.10195238	     14.24858507	   -718.72321365	    334.34898990	    233.02684889	     25.56302376	    419.76015297	    -35.96499923	     22.52606056	   -174.97662750	    233.59780221	     77.24660352	    -88.64398828	    195.37171612	     14.39953807	    -20.48126478	    -51.14244961	    581.01188496	    125.67120461	   -418.36879949	     -3.96497591	    163.27199198	      0.00000000	      0.00000000	    101.75554135	   -217.03513349	     98.28798677	    -17.25555548	    -61.90044738	      0.00000000	      0.00000000
      1.55277778	    -85.19723416	     -3.29603735	   -105.69287184	      1.06376350	      0.80151605	      0.05879380	      8.42278246	    -21.93474501	     51.93280177	    -74.25103650	   -242.60020824	     24.43787661	      9.91982543	    377.58473007	     13.85449281	   -718.33938456	    333.69260468	    232.34446558	     25.39041344	    420.24365835	    -36.28281740	     22.34552831	   -174.52910866	    234.23743033	     77.02965740	    -88.44151012	    197.09609407	     14.10766236	    -20.55763396	    -51.35209928	    580.93028026	    125.44545972	   -418.40775936	     -3.95126236	    163.05261510	      0.00000000	      0.00000000	    101.84681397	   -216.99608300	     98.22147942	    -17.24074647	    -61.81148645	      0.00000000	      0.00000000
      1.55555556	    -85.19578358	     -3.22551000	   -105.32569744	      1.06365210	      0.80230278	      0.05978187	      8.21845824	    -21.88343781	     52.20646535	    -74.05697876	   -245.46291288	     24.10559478	     10.06823985	    378.01121693	     13.20070737	   -718.24441052	    335.16546629	    231.53307328	     24.56065650	    425.99247121	    -36.28450708	     21.80665323	   -172.98699941	    234.85301895	     78.36007119	    -94.15048063	    199.23239096	     13.66095027	    -20.84560792	    -52.02279633	    578.06612077	    122.88052285	   -415.96407152	     -3.71508362	    161.89500843	      0.00000000	      0.00000000	    101.90012587	   -216.60689047	     98.11669760	    -17.15069035	    -61.04684890	      0.00000000	      0.00000000
      1.55833333	    -85.14802366	     -3.15984759	   -104.93185080	      1.06345087	      0.80273003	      0.06072036	      7.98371965	    -21.92285840	     52.33025542	    -73.89520618	   -246.25372010	     24.02037765	     10.11415442	    378.50632015	     12.85446177	   -717.79394252	    334.43251583	    230.84281878	     24.39394660	    426.35759068	    -36.63407532	     21.65194690	   -172.58354342	    235.39785932	     78.02426949	    -93.73723837	    201.03499354	     13.46238924	    -20.84247642	    -52.22134000	    578.02092293	    122.68106097	   -416.05361528	     -3.70263525	    161.73296976	      0.00000000	      0.00000000	    101.94738139	   -216.59115661	     98.06091528	    -17.10462588	    -61.04835722	      0.00000000	      0.00000000
      1.56111111	    -85.12392156	     -3.03461564	   -104.48366429	      1.06334049	      0.80326803	      0.06164731	      7.78450732	    -21.92143907	     52.61387394	    -73.77493858	   -247.48657792	     23.78135412	     10.27190083	    378.75095046	     12.26818069	   -717.30438274	    334.17857413	    230.24128407	     24.07421709	    426.95492067	    -36.92456754	     21.03203805	   -171.62828607	    235.88112662	     77.87439229	    -93.40881036	    202.77478638	     12.90895551	    -21.18794975	    -53.08186366	    577.64300206	    122.14408372	   -415.90196959	     -3.63145948	    160.84146718	      0.00000000	      0.00000000	    101.98756697	   -216.54597849	     98.00985461	    -17.08413557	    -61.07010491	      0.00000000	      0.00000000
      1.56388889	    -85.07155526	     -2.94546632	   -104.10465928	      1.06318186	      0.80361446	      0.06255475	      7.59930993	    -21.96909714	     52.75745502	    -73.62162167	   -248.42841102	     23.65682566	     10.37109133	    379.12922399	     11.86034381	   -716.66901299	    333.52823255	    229.67394567	     23.90380875	    427.43628205	    -37.29235843	     20.86721838	   -171.17614883	    236.48243170	     77.63139792	    -93.11020442	    204.51753544	     12.60046001	    -21.23888046	    -53.30009155	    577.52605547	    121.85725105	   -415.92683626	     -3.61953522	    160.57593577	      0.00000000	      0.00000000	    102.08104074	   -216.55085853	     97.93540413	    -16.98112590	    -60.82162059	      0.00000000	      0.00000000
      1.56666667	    -84.98722904	     -3.02871025	   -103.94224182	      1.06321786	      0.80401265	      0.06230180	      7.05480324	    -21.82762955	     53.11242577	   -110.16161645	   -295.48871646	     23.39118088	     10.52992946	    360.80510651	     65.16934696	   -764.57980791	    445.78815998	     95.77208208	    116.97099881	    390.24249465	    -34.36824651	     19.72662022	   -346.84284745	    306.78583278	    -41.88803658	    -88.95394317	    243.71579782	     12.71508154	    -21.38094646	    -53.87911676	    632.21534634	     54.10497438	   -476.87630781	     -9.00653040	    -73.87599576	      0.00000000	      0.00000000	    103.08947293	   -210.81831889	     97.41763620	    -31.78464063	    152.77489000	      0.00000000	      0.00000000
      1.56944444	    -85.07499692	     -2.96673650	   -103.33768991	      1.06347009	      0.80458203	      0.06435282	      6.98424628	    -21.81943574	     53.30415453	    -73.29683017	   -254.58058870	     23.31484583	     10.51174917	    379.38762066	     10.93170865	   -715.22079443	    336.28155506	    228.47201199	     23.19137763	    431.58287059	    -37.55689921	     20.05077966	   -349.29538187	    302.63715360	   -101.31497404	    -96.36918798	    208.33250280	     11.88568335	    -21.56910981	    -54.61102215	    594.85778021	    -30.04354013	   -471.19316434	      4.95918323	    -65.60015200	      0.00000000	      0.00000000	    103.01177153	   -211.21424401	     97.20414439	    -31.80551592	    152.55444862	      0.00000000	      0.00000000
      1.57222222	    -85.11877443	     -2.74509998	   -102.94926223	      1.06337512	      0.80465440	      0.06556305	      7.02602541	    -21.80033830	     52.90779565	   -106.07929473	   -297.23968410	     22.43830739	     10.32362009	    362.11505008	     63.81334100	   -761.53101002	    445.59071965	     98.39031797	    111.71966291	     27.81873794	    -34.41674838	     18.68950564	   -342.35081060	    306.16287113	    -33.98146500	    277.77196995	    248.28795016	     12.06439906	    -21.57521003	    -54.43177879	    594.98442121	    -29.73408753	   -470.95784719	     19.63220500	   -201.81879393	      0.00000000	      0.00000000	    101.99148098	   -217.28619819	     97.74189377	    -17.04068193	    659.79157514	      0.00000000	      0.00000000
      1.57500000	    -85.07642640	     -2.67700963	   -102.61686916	      1.06322411	      0.80474722	      0.06642677	      6.88231612	    -21.77701162	     52.98789858	   -104.06047766	   -298.27247464	     22.01895852	     10.21699207	    361.83072704	     63.04250300	   -759.08100754	    445.59672939	     99.43179361	    109.32447823	     26.88015929	    -34.41553018	     18.20359535	   -340.39215844	    305.95932695	    -30.35397535	    280.82355769	    250.48425086	     11.76072681	    -21.66381772	    -54.66408751	    594.71651584	    -30.49386375	   -471.00932710	     19.60866231	   -202.46690383	      0.00000000	      0.00000000	    101.99840812	   -217.55169163	     97.71412037	    -17.05736398	    659.71044677	      0.00000000	      0.00000000
      1.57777778	    -85.04982593	     -2.61530481	   -102.27298334	      1.06304669	      0.80474323	      0.06740306	      6.76913225	    -21.72213729	     52.97798562	   -102.03458067	   -299.26875495	     21.58675940	     10.19873782	    361.63186669	     62.21113732	   -756.66793484	    445.57899685	    100.49994479	    106.78854868	     25.82288871	    -34.40759394	     17.82736224	   -338.42430654	    305.82394081	    -26.79761536	    283.86611532	    252.64011165	     11.52158229	    -21.79179241	    -54.79287854	    594.36799265	    -31.41830679	   -471.12747572	     19.52438393	   -202.94295877	      0.00000000	      0.00000000	    101.97822354	   -217.87019708	     97.67982459	    -17.07720414	    659.71136653	      0.00000000	      0.00000000
      1.58055556	    -85.02013611	     -2.55779133	   -101.96346228	      1.06283343	      0.80472816	      0.06834167	      6.60881309	    -21.67523833	     53.11714803	   -100.12005547	   -300.18189052	     21.01606209	     10.03987757	    361.65775564	     61.21169143	   -754.55620836	    445.46853147	    101.41089210	    104.23223673	     25.98019028	    -34.34586643	     17.30704312	   -336.62079193	    305.92900151	    -23.60482977	    285.65714427	    254.63442139	     11.19056724	    -21.93396419	    -55.14022563	    594.17279715	    -32.03560950	   -471.14751558	     19.42998304	   -203.29284101	      0.00000000	      0.00000000	    101.96259791	   -218.23334355	     97.66934877	    -17.08647881	    659.58215510	      0.00000000	      0.00000000
      1.58333333	    -84.96885786	     -2.51867792	   -101.63370321	      1.06272966	      0.80452643	      0.06920616	      6.52144944	    -21.72933325	     53.19906280	    -98.34108151	   -300.76493648	     20.23915590	      9.67101228	    362.40951121	     60.15110541	   -753.01674266	    445.14452983	    102.16053557	    101.80117960	     26.87671150	    -35.02112972	     17.27216932	   -336.52926988	    306.05013985	    -22.28258814	    286.93515112	    255.99630491	     10.74669176	    -21.81059554	    -55.06020980	    594.13509326	    -32.28554787	   -471.07605978	     19.32991787	   -203.42556428	      0.00000000	      0.00000000	    102.03454222	   -218.36945829	     97.56463686	    -17.09362789	    659.53770700	      0.00000000	      0.00000000
      1.58611111	    -84.94471053	     -2.45625588	   -101.39429564	      1.06249929	      0.80474893	      0.07023009	      6.43417757	    -21.58720730	     53.09330928	    -96.20108616	   -302.44749133	     20.10177823	      9.91877449	    361.47947507	     59.39568013	   -749.62602943	    445.52316785	    103.49588906	     98.58760714	     23.38547140	    -34.36046417	     16.67849460	   -333.14807554	    306.28685624	    -17.52695012	    291.94587183	    258.66878294	     10.74003142	    -22.06474322	    -55.10047508	    593.26968021	    -34.23355262	   -471.63050339	     19.40011494	   -204.58156164	      0.00000000	      0.00000000	    101.96614664	   -218.73537635	     97.60302906	    -17.10528526	    659.66769130	      0.00000000	      0.00000000
      1.58888889	    -84.90229924	     -2.39904904	   -101.10111138	      1.06233315	      0.80464549	      0.07111479	      6.36601363	    -21.62758203	     53.17284877	    -94.52882006	   -303.09346140	     19.27050884	      9.58389327	    362.22398278	     58.33494563	   -748.13170981	    445.14033898	    104.20839399	     95.99390728	     24.37599373	    -34.87985663	     16.57161460	   -332.89492003	    306.62707140	    -16.33901681	    292.94472767	    259.97571647	     10.36729499	    -21.97405443	    -55.09567915	    593.25078252	    -34.47424579	   -471.54241704	     19.30902171	   -204.63837083	      0.00000000	      0.00000000	    102.01569903	   -218.91141067	     97.52913265	    -17.09180590	    659.58937581	      0.00000000	      0.00000000
      1.59166667	    -84.85501606	     -2.37215089	   -100.78516980	      1.06218866	      0.80447499	      0.07196101	      6.26422696	    -21.64339785	     53.22424987	    -92.80934974	   -303.82176191	     18.53107860	      9.23083109	    362.95262809	     57.20351479	   -746.48202312	    444.82498868	    105.00835978	     93.20879697	     25.20909564	    -35.30898395	     16.47227719	   -332.47374729	    306.96155758	    -14.95860751	    293.96328539	    261.44821228	      9.97749044	    -21.90935024	    -55.12092661	    593.19794804	    -34.76033212	   -471.47706704	     19.22960162	   -204.74930018	      0.00000000	      0.00000000	    102.06657984	   -219.07695294	     97.43621889	    -17.14070042	    659.50942360	      0.00000000	      0.00000000
      1.59444444	    -84.83421868	     -2.31487901	   -100.61969847	      1.06199092	      0.80461210	      0.07296810	      6.15153926	    -21.44775499	     53.18683983	    -90.80692670	   -306.03435057	     18.50890182	      9.57961648	    361.72511579	     56.39698410	   -742.78021959	    445.50682508	    106.41170759	     89.72816078	     22.33751168	    -34.55040931	     15.72393596	   -329.28918516	    307.63563568	    -10.86864917	    298.12605136	    263.90716091	     10.06767145	    -22.26851829	    -55.20597826	    592.20663847	    -36.85816015	   -472.17802729	     19.32347897	   -205.80666593	      0.00000000	      0.00000000	    101.99053460	   -219.45372083	     97.49742235	    -17.10186334	    659.64251636	      0.00000000	      0.00000000
      1.59722222	    -84.79644824	     -2.29059675	   -100.37695499	      1.06189003	      0.80448289	      0.07386109	      6.06875850	    -21.46333580	     53.26560202	    -89.25638048	   -306.70562363	     17.71531167	      9.20775347	    362.80635433	     55.31423992	   -741.47825260	    445.04190894	    107.24827819	     86.75444547	     23.15545708	    -35.04480756	     15.69586212	   -329.12641940	    308.15374198	    -10.08982776	    298.97575713	    265.13500163	      9.76039619	    -22.17687410	    -55.17518944	    592.16624921	    -37.12239101	   -472.14439014	     19.23683956	   -205.93731921	      0.00000000	      0.00000000	    102.04005090	   -219.67472880	     97.39840424	    -17.08915920	    659.70808950	      0.00000000	      0.00000000
      1.60000000	    -84.76613370	     -2.25809713	   -100.14176613	      1.06191817	      0.80454156	      0.07474694	      5.90032027	    -21.34484021	     53.40102836	    -87.66111557	   -308.31932720	     17.20141764	      9.06830867	    363.09101447	     54.23677170	   -739.38251111	    445.32168987	    108.31087428	     83.27472934	     22.28599917	    -34.79602016	     15.01563361	   -327.31031918	    309.03224662	     -7.77486280	    301.12026937	    266.99639985	      9.62433365	    -22.40854629	    -55.41506937	    591.58907353	    -38.33926766	   -472.55191799	     19.27376212	   -206.92622319	      0.00000000	      0.00000000	    101.98926261	   -220.07775399	     97.43273596	    -17.12734252	    659.85183491	      0.00000000	      0.00000000
      1.60277778	    -84.71692583	     -2.26071009	    -99.84312381	      1.06199634	      0.80422646	      0.07554773	      5.76403715	    -21.35462328	     53.41826990	    -86.25011701	   -308.96757038	     16.42573571	      8.58596289	    364.20379699	     53.02224932	   -738.05616859	    444.83313994	    108.97392821	     80.44513985	     23.08063271	    -35.31063836	     15.14187686	   -327.54703916	    309.43956145	     -7.36759992	    302.00060274	    268.16932634	      9.41752445	    -22.29446597	    -55.23512565	    591.54495802	    -38.56780263	   -472.52075806	     19.19968287	   -207.04347117	      0.00000000	      0.00000000	    102.06372308	   -220.19810538	     97.30649522	    -17.19216151	    659.82847117	      0.00000000	      0.00000000
      1.60555556	    -84.65304039	     -2.20288481	    -99.73897843	      1.06215957	      0.80418481	      0.07627590	      5.66842126	    -21.32327343	     53.64834635	    -84.98684675	   -310.03198398	     15.88123186	      8.15082856	    365.33434209	     52.18879101	   -736.42851131	    444.58688123	    110.08494235	     76.53576399	     23.25926141	    -35.76182063	     14.53055947	   -326.47236633	    310.37455950	     -6.37313180	    303.03855997	    269.71121290	      9.23381623	    -22.46373017	    -55.31391486	    591.37499151	    -39.14783240	   -472.67097606	     19.17151428	   -207.35381248	      0.00000000	      0.00000000	    102.09505733	   -220.49294270	     97.32875618	    -17.08151153	    659.81897696	      0.00000000	      0.00000000
      1.60833333	    -84.65577286	     -2.18828133	    -99.49601697	      1.06223059	      0.80426791	      0.07709913	      5.46365183	    -21.20254169	     53.86660071	    -83.68309292	   -311.87604053	     15.20777305	      7.81683059	    365.90789924	     50.95418913	   -734.76650396	    445.09158095	    110.89035683	     73.30631822	     22.19716535	    -35.54528131	     14.06910019	   -325.45811715	    311.30700611	     -4.92518708	    305.33100029	    271.25039215	      9.09750895	    -22.67406875	    -55.55070083	    590.61936091	    -40.57028186	   -473.20067425	     19.18496640	   -208.27195782	      0.00000000	      0.00000000	    102.03424430	   -220.83738914	     97.30704788	    -17.15755418	    660.05134332	      0.00000000	      0.00000000
      1.61111111	    -84.61207747	     -2.17321504	    -99.25299358	      1.06251737	      0.80424636	      0.07774797	      5.38847364	    -21.23620321	     53.89821392	    -82.64100073	   -312.58090282	     14.45536567	      7.28426639	    367.11013345	     49.95497108	   -733.50955234	    444.57771232	    111.50445393	     70.42222664	     22.87442955	    -36.07998341	     14.22869262	   -325.69390383	    311.83513908	     -4.86543726	    306.16488255	    272.28689307	      8.85083334	    -22.55039136	    -55.36036765	    590.54558896	    -40.86891193	   -473.23472639	     19.10818239	   -208.41771105	      0.00000000	      0.00000000	    102.10233170	   -220.91358691	     97.19416340	    -17.20484491	    660.01919347	      0.00000000	      0.00000000
      1.61388889	    -84.56422410	     -2.14917595	    -99.07627141	      1.06254006	      0.80433071	      0.07842796	      5.27879850	    -21.21086193	     54.01111210	    -81.77449839	   -313.42778457	     13.75773424	      6.72125959	    368.38894834	     48.96908715	   -732.32295609	    444.25387550	    112.06485093	     67.36680406	     23.47336299	    -36.56036333	     14.12109597	   -325.61975998	    312.44198291	     -4.71551123	    307.00450980	    273.41823186	      8.68501671	    -22.54708920	    -55.35697426	    590.46343641	    -41.23821234	   -473.28426650	     19.03546793	   -208.64915684	      0.00000000	      0.00000000	    102.11771338	   -221.01040146	     97.16581520	    -17.21222109	    659.94751564	      0.00000000	      0.00000000
      1.61666667	    -84.50164452	     -2.08815026	    -98.98863903	      1.06268307	      0.80466721	      0.07903673	      5.07580767	    -21.16453086	     54.42028901	    -81.10698937	   -314.77411734	     13.13005305	      6.05423358	    369.59312188	     47.99214805	   -731.14379828	    444.46868088	    112.57204573	     64.00567846	     23.55853512	    -36.79918075	     13.41516522	   -324.95174813	    313.36587984	     -4.29514422	    308.22568169	    274.75955212	      8.50578054	    -22.79923186	    -55.64499592	    590.12476715	    -42.10486657	   -473.58242544	     19.00837952	   -209.23285653	      0.00000000	      0.00000000	    102.10252309	   -221.16796869	     97.22825857	    -17.19557995	    659.78323127	      0.00000000	      0.00000000
      1.61944444	    -84.48849908	     -2.07489388	    -98.77284491	      1.06292304	      0.80493662	      0.07966648	      4.94502193	    -21.15313839	     54.52672504	    -80.39565496	   -315.57697471	     12.39973686	      5.55013858	    370.77779982	     47.08841920	   -730.11745752	    444.07734654	    113.05062553	     61.39283655	     24.15168837	    -37.16681226	     13.66798534	   -325.22047526	    313.91825341	     -4.45001403	    309.06718357	    275.60211725	      8.40374654	    -22.69118832	    -55.61227128	    590.00808936	    -42.44493088	   -473.62456183	     18.92088504	   -209.42573440	      0.00000000	      0.00000000	    102.13485575	   -221.19847887	     97.13122410	    -17.25216414	    659.72227193	      0.00000000	      0.00000000
      1.62222222	    -84.46543959	     -1.98275087	    -98.72491916	      1.06313595	      0.80543184	      0.08026883	      4.72426208	    -21.15491299	     55.15393093	    -79.88433594	   -317.38990452	     11.79335846	      4.62262709	    371.99896647	     46.14590215	   -728.98090855	    444.79423057	    113.48167282	     58.17210459	     23.35745363	    -37.35331361	     13.01144386	   -324.86675685	    314.94412394	     -4.37758357	    311.18895393	    276.85806298	      8.09287858	    -22.87367593	    -56.32058693	    588.56469043	    -44.90486573	   -474.82552205	     19.07190717	   -210.65635080	      0.00000000	      0.00000000	    102.11041505	   -221.13415669	     97.16278488	    -17.18348251	    659.45506367	      0.00000000	      0.00000000
      1.62500000	    -84.44638003	     -1.92061885	    -98.55018780	      1.06319558	      0.80564500	      0.08093203	      4.59339431	    -21.12975181	     55.30679451	    -79.40659871	   -318.00629904	     11.13068464	      3.94845118	    373.41241174	     45.14862825	   -728.17863817	    444.41033683	    113.73413501	     55.36214188	     24.27970916	    -37.72026788	     12.91543513	   -325.03532097	    315.55541456	     -4.77206030	    311.84896811	    277.85262738	      8.04045689	    -22.92882489	    -56.16774313	    588.43424179	    -45.32154538	   -474.87388884	     19.00617670	   -210.76200840	      0.00000000	      0.00000000	    102.09818553	   -221.17212995	     97.15255608	    -17.19095787	    659.36729445	      0.00000000	      0.00000000
      1.62777778	    -84.43646728	     -1.86689854	    -98.44843330	      1.06331370	      0.80595914	      0.08143368	      4.38607164	    -21.09827222	     55.72767261	    -79.09081212	   -318.84433237	     10.45656969	      3.09197257	    374.86881461	     44.18274583	   -727.55906764	    444.33537867	    113.88622955	     52.68246508	     25.13246834	    -37.98389132	     12.65903375	   -325.20437465	    316.28124369	     -5.28797513	    312.57119166	    278.78086812	      7.94009723	    -23.03627840	    -56.42650871	    588.17212842	    -45.90106781	   -475.08250492	     18.96659345	   -211.02672798	      0.00000000	      0.00000000	    102.07656479	   -221.18754602	     97.16023762	    -17.16612794	    659.29155262	      0.00000000	      0.00000000
      1.63055556	    -84.43492112	     -1.83779363	    -98.27313769	      1.06348559	      0.80612080	      0.08202027	      4.26488925	    -21.06882882	     55.86400031	    -78.83111727	   -319.52650955	      9.85241095	      2.41684415	    376.11250619	     43.36404541	   -726.72703340	    444.06721070	    114.00222018	     50.42531595	     26.10439543	    -38.31068062	     12.82603631	   -325.64390311	    316.73253645	     -5.98774330	    313.34737893	    279.54093444	      7.87853375	    -22.97394014	    -56.38451843	    588.09077192	    -46.18877454	   -475.11043103	     18.87883166	   -211.17784646	      0.00000000	      0.00000000	    102.10370705	   -221.21769647	     97.08957624	    -17.14755207	    659.27876432	      0.00000000	      0.00000000
      1.63333333	    -84.41046795	     -1.77394359	    -98.19424843	      1.06368007	      0.80634450	      0.08253563	      3.90883069	    -21.05289588	     56.61683456	    -78.77406076	   -320.65346676	      9.25074478	      1.24955449	    377.55358512	     42.45376766	   -726.31054429	    444.44031270	    113.95373675	     47.99858658	     27.27686309	    -38.53286353	     12.18958323	   -325.94596022	    317.57046959	     -7.08486121	    313.96783236	    280.32358955	      7.65389210	    -23.19365868	    -57.09771971	    587.63775575	    -47.05607300	   -475.49546253	     18.87989153	   -211.73189150	      0.00000000	      0.00000000	    102.07585783	   -221.33286462	     97.13484325	    -17.11195961	    659.32020450	      0.00000000	      0.00000000
      1.63611111	    -84.41866128	     -1.75548510	    -97.98938299	      1.06386133	      0.80642247	      0.08316311	      3.72942169	    -21.01519776	     56.69196779	    -78.45142052	   -321.08258426	      8.79669936	      0.64101337	    378.81012718	     41.62511287	   -725.42863295	    443.94023451	    114.19884410	     45.57857846	     28.23365343	    -38.78248033	     12.56806171	   -326.38490161	    318.03533218	     -7.78319080	    314.70654137	    281.18690886	      7.75486062	    -23.10385255	    -57.14990118	    587.54906689	    -47.30086238	   -475.50215783	     18.80393404	   -211.86330505	      0.00000000	      0.00000000	    102.09665561	   -221.38570252	     97.05069131	    -17.12597418	    659.35013436	      0.00000000	      0.00000000
      1.63888889	    -84.43638614	     -1.70952453	    -97.84644773	      1.06402191	      0.80652212	      0.08369415	      3.59997111	    -20.94940180	     56.85130658	    -78.53227094	   -321.62062898	      8.38109308	     -0.01072490	    379.98800730	     40.92909971	   -724.79638752	    443.76209573	    114.03778873	     43.70753579	     29.40536333	    -38.91651636	     12.58671501	   -326.73236217	    318.39942103	     -8.78922949	    315.56688179	    281.85225536	      7.80391354	    -23.12730221	    -57.17476160	    587.46050053	    -47.59013523	   -475.51818808	     18.72611098	   -212.03884667	      0.00000000	      0.00000000	    102.08710477	   -221.45214749	     97.01266693	    -17.05804685	    659.42214510	      0.00000000	      0.00000000
      1.64166667	    -84.40129443	     -1.67626446	    -97.64277832	      1.06419319	      0.80664036	      0.08417328	      3.34660110	    -20.95710853	     57.16882236	    -78.61161300	   -322.17694387	      7.91477572	     -1.05614665	    381.50840996	     40.23100655	   -724.29944538	    443.69987517	    113.91459404	     41.60276055	     30.74828844	    -39.25092024	     12.53827334	   -327.30542678	    318.93317096	    -10.19448107	    316.32856400	    282.57840080	      7.71862406	    -23.17146398	    -57.28089215	    587.33467452	    -47.96239632	   -475.59127540	     18.70005552	   -212.30899654	      0.00000000	      0.00000000	    102.13091866	   -221.59063752	     96.97752018	    -17.04864754	    659.51966409	      0.00000000	      0.00000000
      1.64444444	    -84.41470950	     -1.61857317	    -97.53997024	      1.06450941	      0.80691048	      0.08456051	      2.70795178	    -21.01086291	     58.55465335	    -78.83414629	   -323.07282702	      7.44040301	     -3.01854785	    382.88610003	     39.43903213	   -724.10880742	    444.03484320	    113.53620378	     40.26837794	     33.81227040	    -39.39609866	     11.69378345	   -328.50060745	    319.81504414	    -12.76932702	    315.78541988	    282.86516384	      7.19351775	    -23.30010261	    -59.31893159	    585.98320514	    -49.83161726	   -476.74812569	     18.81010634	   -213.51005770	      0.00000000	      0.00000000	    102.03877107	   -221.87030365	     97.05985386	    -17.05603384	    660.07151974	      0.00000000	      0.00000000
      1.64722222	    -84.42088510	     -1.59093949	    -97.38132806	      1.06464210	      0.80702081	      0.08497885	      2.35852683	    -20.98844695	     59.15836334	    -78.80156145	   -323.57844525	      6.96854901	     -3.89076434	    383.90197243	     38.70595079	   -723.62747693	    443.84121723	    113.49673263	     38.70079838	     35.57293677	    -39.63652759	     11.61708935	   -329.18033802	    320.31893042	    -14.48422715	    316.17403465	    283.32443950	      7.06482765	    -23.33507375	    -59.91861292	    585.16791855	    -50.93363440	   -477.43269257	     18.83333186	   -213.89709191	      0.00000000	      0.00000000	    102.01576879	   -222.12330652	     97.05695744	    -17.06253384	    660.51645807	      0.00000000	      0.00000000
      1.65000000	    -84.44580908	     -1.59186460	    -97.13851227	      1.06467298	      0.80719640	      0.08552065	      2.17735229	    -20.88947195	     59.14038269	    -78.87589009	   -323.93316130	      6.64170968	     -4.34214208	    384.88234757	     38.05693823	   -722.99351336	    443.55550409	    113.35242527	     37.29990625	     36.77394358	    -39.56859103	     12.05846437	   -329.62078532	    320.51012163	    -15.54846874	    317.14908603	    283.92614662	      7.26146511	    -23.32196712	    -59.92201606	    585.10856169	    -51.11228449	   -477.39075718	     18.74920124	   -214.01642335	      0.00000000	      0.00000000	    102.01880235	   -222.13998979	     96.97083628	    -17.11303296	    660.46271041	      0.00000000	      0.00000000
      1.65277778	    -84.41865728	     -1.52685210	    -96.91722547	      1.06490596	      0.80735518	      0.08585372	      1.91629516	    -20.93937387	     59.57536606	    -79.16326595	   -324.27580154	      6.37828888	     -5.51893507	    386.39019759	     37.66669417	   -722.59439175	    443.47234218	    113.16140157	     35.77893095	     38.60476844	    -40.14434054	     12.00902321	   -330.49973062	    320.90982636	    -17.99981150	    317.89821509	    284.33468782	      7.09917703	    -23.32349693	    -60.05657891	    584.97638507	    -51.47882174	   -477.44013109	     18.75181212	   -214.39036070	      0.00000000	      0.00000000	    102.09452661	   -222.27413223	     96.92631486	    -17.05021611	    660.40581052	      0.00000000	      0.00000000
      1.65555556	    -84.43467559	     -1.46869379	    -96.73164861	      1.06508714	      0.80739561	      0.08612798	      1.48404651	    -20.93460073	     60.36375184	    -79.41873183	   -324.66408601	      6.03885533	     -6.83546156	    387.55890821	     37.07703640	   -722.35566728	    443.40687535	    112.78518565	     35.00771581	     41.27747639	    -40.45312441	     11.73060088	   -331.64085895	    321.29814573	    -20.71713606	    317.98188419	    284.47373020	      6.91022229	    -23.40418318	    -61.05503693	    584.65641903	    -51.99920461	   -477.64340896	     18.75145435	   -214.90932578	      0.00000000	      0.00000000	    102.07359019	   -222.50262416	     96.94084520	    -17.05350219	    660.30413409	      0.00000000	      0.00000000
      1.65833333	    -84.48677213	     -1.47358847	    -96.50543971	      1.06522926	      0.80763757	      0.08661982	      1.23639281	    -20.85196915	     60.50532093	    -79.59372833	   -324.98418933	      5.81145825	     -7.41078872	    388.49875907	     36.60108247	   -721.88011855	    443.14855350	    112.60653168	     34.03101019	     42.93642088	    -40.26135038	     12.16112052	   -332.22313771	    321.54834857	    -22.22805613	    318.69446496	    284.88308602	      7.08340131	    -23.30236900	    -61.45645550	    584.51781109	    -52.21690069	   -477.66102524	     18.64657015	   -215.08313556	      0.00000000	      0.00000000	    102.03767362	   -222.56528629	     96.85120546	    -17.13480729	    660.29905506	      0.00000000	      0.00000000
      1.66111111	    -84.48269614	     -1.45500575	    -96.33888156	      1.06548236	      0.80762346	      0.08684033	      0.91202226	    -20.83451847	     61.01745701	    -79.73309260	   -325.28729524	      5.48511588	     -8.27333155	    389.56267447	     36.07204403	   -721.58680796	    443.00579094	    112.37321034	     33.19393134	     45.04367997	    -40.63257804	     12.25351978	   -333.17861756	    321.78581104	    -24.72831363	    319.24868203	    285.13028683	      6.99618141	    -23.27007900	    -61.96555207	    584.36733554	    -52.51931151	   -477.75300059	     18.60841646	   -215.35196822	      0.00000000	      0.00000000	    102.07931709	   -222.72410763	     96.80252779	    -17.11091886	    660.34137299	      0.00000000	      0.00000000
      1.66388889	    -84.51361544	     -1.36318332	    -96.18608673	      1.06579571	      0.80773798	      0.08696240	      0.20342488	    -20.83569672	     62.55389142	    -80.07330780	   -325.67398170	      5.34067255	    -10.21961368	    390.45916964	     35.58826729	   -721.30521706	    442.97259458	    111.95406814	     32.90863310	     49.77846115	    -40.81289132	     11.31142956	   -334.48547121	    322.55345068	    -28.02478079	    317.38780085	    285.07900899	      6.36819734	    -23.43186883	    -64.48936428	    583.49597127	    -53.62591878	   -478.45698808	     18.68584744	   -216.04762007	      0.00000000	      0.00000000	    101.98394027	   -223.00518967	     96.90042608	    -17.11049345	    660.39994632	      0.00000000	      0.00000000
      1.66666667	    -84.51261044	     -1.33038435	    -96.00499639	      1.06607290	      0.80768875	      0.08722989	     -0.04074296	    -20.78899241	     62.87009342	    -80.33862682	   -325.89844672	      5.05027782	    -10.93005062	    391.53032496	     35.16380776	   -721.13079177	    442.87694328	    111.59655761	     32.46383347	     51.76081700	    -41.22222223	     11.47658034	   -335.40790225	    322.59566968	    -30.49101824	    318.05961474	    285.19572797	      6.38946615	    -23.46828161	    -64.68218126	    583.20382353	    -54.06845376	   -478.66311074	     18.66863901	   -216.25713167	      0.00000000	      0.00000000	    102.01393281	   -223.11233130	     96.85766625	    -17.09997261	    660.44336232	      0.00000000	      0.00000000
      1.66944444	    -84.53103056	     -1.31670684	    -95.77605262	      1.06633913	      0.80772116	      0.08753717	     -0.30824378	    -20.78060679	     63.15942131	    -80.47413554	   -326.21134335	      4.84402870	    -11.57533804	    392.40598656	     34.84616419	   -720.68095194	    442.69624516	    111.49173770	     31.83801160	     53.57240631	    -41.36755589	     11.90205380	   -336.22465605	    322.81222114	    -32.62216090	    318.73940642	    285.46198914	      6.34596180	    -23.33311500	    -65.10518447	    583.01809864	    -54.33968458	   -478.74362684	     18.66085280	   -216.44963717	      0.00000000	      0.00000000	    102.03992445	   -223.21176679	     96.76809358	    -17.12614063	    660.47964277	      0.00000000	      0.00000000
      1.67222222	    -84.56432939	     -1.27689228	    -95.67304723	      1.06660517	      0.80768953	      0.08774568	     -0.87554840	    -20.70641881	     64.35383213	    -80.71416983	   -326.51616810	      4.60479930	    -13.05792502	    393.31476416	     34.34751893	   -720.53768934	    442.65546799	    111.11476466	     31.58623438	     57.54653369	    -41.61619938	     11.34473965	   -337.33597187	    323.41452929	    -35.61194994	    317.53364905	    285.50752930	      5.93427952	    -23.43247172	    -67.00576739	    582.17759109	    -55.25653547	   -479.45868934	     18.69071767	   -216.96696489	      0.00000000	      0.00000000	    101.99379053	   -223.38807279	     96.79167056	    -17.11547529	    660.48943383	      0.00000000	      0.00000000
      1.67500000	    -84.58414426	     -1.25244728	    -95.52314434	      1.06687782	      0.80766173	      0.08800364	     -1.19287026	    -20.65386288	     64.90520600	    -80.93214223	   -326.73452098	      4.34955373	    -13.87705948	    394.26952577	     34.01464194	   -720.39835095	    442.54217961	    110.84389745	     31.25387618	     59.78623266	    -41.96726068	     11.40524081	   -338.23667011	    323.68121392	    -38.21242363	    317.90016676	    285.60611967	      5.82426111	    -23.44519656	    -67.62353620	    581.76322456	    -55.75390002	   -479.78924227	     18.66755794	   -217.23582659	      0.00000000	      0.00000000	    101.99832876	   -223.50391031	     96.75174631	    -17.13872299	    660.56998227	      0.00000000	      0.00000000
      1.67777778	    -84.60421644	     -1.24876073	    -95.34053616	      1.06713326	      0.80767638	      0.08834139	     -1.43575597	    -20.64002311	     65.13800010	    -81.08925052	   -326.99419132	      4.10960571	    -14.40518678	    395.16640883	     33.77371239	   -720.15475978	    442.37044020	    110.72194637	     30.99140199	     61.31169346	    -42.09052318	     11.98945845	   -339.08347306	    323.79447393	    -40.20710872	    318.66839246	    285.71910745	      5.90179572	    -23.26000924	    -67.96508922	    581.64635320	    -55.94835695	   -479.83090595	     18.60384982	   -217.38886243	      0.00000000	      0.00000000	    102.02370958	   -223.55135186	     96.66500511	    -17.16999443	    660.58425445	      0.00000000	      0.00000000
      1.68055556	    -84.61751135	     -1.17900806	    -95.23951464	      1.06727492	      0.80762996	      0.08852949	     -1.86978259	    -20.57675638	     66.11429157	    -81.31533856	   -327.20239342	      3.82388975	    -15.54022306	    396.12741712	     33.37468595	   -720.18713582	    442.35769962	    110.37806055	     30.73522296	     64.09961458	    -42.62921877	     11.54588013	   -340.01208309	    324.29741657	    -43.30623459	    318.61931996	    285.76567107	      5.54941225	    -23.44544599	    -69.11321941	    581.40218620	    -56.33534608	   -480.00098837	     18.61417011	   -217.72594511	      0.00000000	      0.00000000	    102.00584217	   -223.63505914	     96.69709854	    -17.11937759	    660.51616182	      0.00000000	      0.00000000
      1.68333333	    -84.65683700	     -1.14120330	    -95.13136078	      1.06764702	      0.80756508	      0.08882118	     -2.24615777	    -20.52054189	     66.88004234	    -81.46504424	   -327.47092934	      3.60824146	    -16.33660390	    396.75236112	     33.06150288	   -720.00170964	    442.22514829	    110.16356989	     30.58010536	     67.21568739	    -42.83473384	     11.44712626	   -340.81492186	    324.73067987	    -45.82603227	    317.98675235	    285.85918775	      5.31235825	    -23.41220518	    -70.36525441	    580.95932708	    -56.82422048	   -480.35361619	     18.59145826	   -217.91130847	      0.00000000	      0.00000000	    101.97995199	   -223.70821973	     96.68035524	    -17.13388462	    660.32301132	      0.00000000	      0.00000000
      1.68611111	    -84.66545837	     -1.10343109	    -95.00643094	      1.06794341	      0.80750053	      0.08912166	     -2.57198722	    -20.51124458	     67.45025144	    -81.49969969	   -327.79191220	      3.25747212	    -16.80117826	    397.30128079	     32.70183779	   -719.93096135	    442.09619757	    110.02828769	     30.45141495	     69.56961464	    -43.08853437	     11.59681440	   -341.57362106	    325.04191832	    -48.16600680	    317.95010247	    285.92726543	      5.18435670	    -23.35276501	    -71.13576496	    580.61338021	    -57.24487762	   -480.63371531	     18.57875055	   -218.12219975	      0.00000000	      0.00000000	    101.98325365	   -223.77118443	     96.66065242	    -17.14346528	    660.24344691	      0.00000000	      0.00000000
      1.68888889	    -84.71582920	     -1.09112715	    -94.93835437	      1.06822538	      0.80742328	      0.08935655	     -2.91000880	    -20.40111332	     68.21700223	    -81.90389306	   -327.81135323	      3.20568130	    -17.91392654	    398.40256085	     32.66457925	   -719.83648540	    441.98505722	    109.68288522	     30.45199761	     72.17501034	    -43.39287912	     11.55423377	   -342.45059817	    325.43147182	    -50.65351975	    317.74626179	    285.96208313	      4.97078019	    -23.38566125	    -72.16878981	    580.15027512	    -57.68598178	   -481.02183333	     18.54954056	   -218.25114335	      0.00000000	      0.00000000	    101.98560248	   -223.77169953	     96.59355589	    -17.11116620	    660.23205304	      0.00000000	      0.00000000
      1.69166667	    -84.73373148	     -1.07550570	    -94.83516216	      1.06844407	      0.80738561	      0.08962261	     -3.26758438	    -20.33672581	     68.90904537	    -82.09669760	   -327.99280618	      2.93776309	    -18.67906730	    399.19095249	     32.44369302	   -719.86861805	    441.88406249	    109.43338684	     30.43998688	     74.42699120	    -43.63688164	     11.57298035	   -343.21467244	    325.84602717	    -52.98511689	    317.77361959	    286.00770030	      4.80685083	    -23.38026493	    -73.00648098	    579.79048429	    -58.06397233	   -481.32457453	     18.53519129	   -218.51241801	      0.00000000	      0.00000000	    101.99256119	   -223.85724593	     96.55354385	    -17.10057231	    660.34788495	      0.00000000	      0.00000000
      1.69444444	    -84.73791633	     -1.05397111	    -94.70591632	      1.06874581	      0.80723582	      0.08985041	     -3.49407035	    -20.31388446	     69.25799130	    -82.30622912	   -328.14929214	      2.70419435	    -19.10685958	    399.99600909	     32.28463106	   -719.89930983	    441.82030760	    109.16815115	     30.49490728	     75.87491899	    -43.91971357	     11.87375928	   -343.92227273	    325.98079045	    -55.03207208	    318.42885447	    286.05986143	      4.76673321	    -23.32832223	    -73.29939976	    579.69190137	    -58.22140230	   -481.38138894	     18.52252348	   -218.65275520	      0.00000000	      0.00000000	    102.03831266	   -223.95479065	     96.49058205	    -17.07682203	    660.41566132	      0.00000000	      0.00000000
      1.69722222	    -84.77469538	     -1.04025448	    -94.61238518	      1.06902104	      0.80718964	      0.09009011	     -3.84635884	    -20.20851196	     69.99146003	    -82.49895479	   -328.29544976	      2.44499239	    -19.76772512	    400.62539828	     32.05922236	   -720.00944327	    441.70214993	    108.87544857	     30.52188513	     78.31072371	    -44.14790426	     11.71117738	   -344.53754727	    326.46855090	    -57.38711788	    318.26256413	    286.12049256	      4.59356696	    -23.41064302	    -74.25315454	    579.45334268	    -58.46859788	   -481.55795856	     18.47611322	   -218.87359581	      0.00000000	      0.00000000	    102.00948259	   -224.06462415	     96.46515219	    -17.08443134	    660.53257952	      0.00000000	      0.00000000
      1.70000000	    -84.78623725	     -1.01338598	    -94.48588390	      1.06926315	      0.80715945	      0.09028105	     -4.10349172	    -20.15848777	     70.47671592	    -82.74065975	   -328.40790193	      2.23668201	    -20.32663067	    401.40430995	     31.94581519	   -720.06076948	    441.62411024	    108.59178116	     30.64459742	     80.10631871	    -44.43865336	     11.84952680	   -345.21803225	    326.72545866	    -59.45041880	    318.51138138	    286.15447689	      4.47385624	    -23.39040476	    -74.75394677	    579.30213549	    -58.69205172	   -481.66085931	     18.45960656	   -219.03182750	      0.00000000	      0.00000000	    102.05036895	   -224.15272857	     96.40411369	    -17.03031819	    660.66095917	      0.00000000	      0.00000000
      1.70277778	    -84.80773945	     -1.00975089	    -94.40200411	      1.06952518	      0.80718536	      0.09042175	     -4.43609205	    -20.07077292	     71.15753503	    -82.95731706	   -328.50772468	      2.05430156	    -20.94033609	    402.01623812	     31.84397621	   -720.10835445	    441.48199824	    108.32699631	     30.76483203	     82.59350897	    -44.62333012	     11.81988128	   -345.82125344	    327.15976474	    -61.52649432	    318.05762177	    286.20783250	      4.34995802	    -23.38998673	    -75.55058993	    578.98193371	    -59.00339804	   -481.93405929	     18.42844034	   -219.22259158	      0.00000000	      0.00000000	    102.03100140	   -224.24275119	     96.37349604	    -17.06213516	    660.84281015	      0.00000000	      0.00000000
      1.70555556	    -84.85482447	     -0.99925324	    -94.32613116	      1.06958688	      0.80721037	      0.09066801	     -4.59206642	    -19.96272236	     71.42339904	    -83.23527525	   -328.65736888	      1.92352939	    -20.96325988	    402.36053135	     31.80917039	   -720.05961463	    441.35965434	    108.05269068	     31.16217826	     83.19015127	    -44.45084533	     12.24165530	   -346.23659901	    327.03544162	    -62.11827542	    318.51500295	    286.13811367	      4.41080021	    -23.50090252	    -75.68190574	    578.94902992	    -59.08075782	   -481.90168626	     18.37451303	   -219.25849398	      0.00000000	      0.00000000	    102.01418189	   -224.27461835	     96.32357560	    -17.02314569	    660.86887931	      0.00000000	      0.00000000
      1.70833333	    -84.85740935	     -0.97782687	    -94.17202223	      1.06982937	      0.80733889	      0.09073089	     -4.89943048	    -19.97230636	     72.09619544	    -83.43121765	   -328.72115886	      1.52891945	    -21.82066289	    403.51148332	     31.71335374	   -720.58020291	    441.40174456	    107.71146643	     31.15173636	     85.15906488	    -45.00497000	     12.19085025	   -346.95054469	    327.70195207	    -64.92017188	    318.95802450	    286.23237604	      4.17551973	    -23.31728914	    -76.28404003	    578.81555284	    -59.28702559	   -481.98078092	     18.36979200	   -219.38863771	      0.00000000	      0.00000000	    102.05079318	   -224.37337994	     96.26660813	    -17.00558844	    661.02009102	      0.00000000	      0.00000000
      1.71111111	    -84.88561243	     -0.94738066	    -94.07552198	      1.07005906	      0.80740114	      0.09086897	     -5.04806036	    -19.87961199	     72.35454070	    -83.73990326	   -328.86773748	      1.41950000	    -21.67575365	    403.62088937	     31.77179477	   -720.53951793	    441.26069620	    107.44065350	     31.57116539	     85.64810337	    -44.80914672	     12.47668848	   -347.17514153	    327.59626296	    -65.26785362	    319.26662627	    286.12083785	      4.15146112	    -23.48520152	    -76.40189181	    578.79714181	    -59.35788980	   -481.94407562	     18.35959940	   -219.41146482	      0.00000000	      0.00000000	    102.03816978	   -224.40179536	     96.22737676	    -17.00220010	    661.03419698	      0.00000000	      0.00000000
      1.71388889	    -84.80950836	     -0.97038458	    -93.91749743	      1.07031862	      0.80744839	      0.09107748	     -5.41707596	    -19.90006829	     72.77560286	    -83.96860563	   -328.89721180	      1.21726571	    -22.30679586	    404.65817542	     31.77161351	   -720.92922026	    441.27805760	    107.07586515	     31.65528108	     87.63668902	    -45.30928062	     12.54147066	   -347.85688383	    328.10908731	    -67.95900834	    319.62625584	    286.24731249	      4.17801725	    -23.20927561	    -76.95211621	    578.71587995	    -59.55122972	   -482.05844127	     18.28567648	   -219.51892974	      0.00000000	      0.00000000	    102.14224488	   -224.53618412	     96.15349594	    -17.05935055	    661.13345260	      0.00000000	      0.00000000
      1.71666667	    -84.86589696	     -0.91449540	    -93.87734116	      1.07042323	      0.80753189	      0.09108863	     -5.69235009	    -19.76151097	     73.68130108	    -84.20871211	   -329.15727649	      0.89652319	    -22.99863161	    405.15144631	     31.57133044	   -721.30811895	    441.45129422	    106.58247883	     31.82681448	     90.55421577	    -45.56702918	     11.97986625	   -348.21563889	    328.83912093	    -70.18704143	    318.82891004	    286.39198051	      3.73103864	    -23.40697136	    -77.90733841	    578.41637021	    -59.83136673	   -482.27463779	     18.33356216	   -219.59342363	      0.00000000	      0.00000000	    102.08553053	   -224.67512568	     96.18905927	    -16.96449221	    661.30611768	      0.00000000	      0.00000000
      1.71944444	    -84.88638336	     -0.93138394	    -93.76106278	      1.07060172	      0.80752607	      0.09136100	     -5.87981458	    -19.66486507	     73.86376012	    -84.52174620	   -329.29448205	      0.82361127	    -22.91795385	    405.33198067	     31.66201722	   -721.35108713	    441.34092854	    106.23939524	     32.32825398	     91.23839843	    -45.44115299	     12.24023043	   -348.55490580	    328.79281755	    -70.72591432	    318.99886041	    286.28088540	      3.85942472	    -23.38807029	    -78.07750109	    578.34208027	    -59.92267462	   -482.29591717	     18.26918348	   -219.61232078	      0.00000000	      0.00000000	    102.08831077	   -224.68698947	     96.11728744	    -17.02144691	    661.29099758	      0.00000000	      0.00000000
      1.72222222	    -84.88951094	     -0.92041884	    -93.67831716	      1.07076576	      0.80754480	      0.09138987	     -6.18555287	    -19.57885515	     74.60185206	    -84.76645343	   -329.29215751	      0.58078279	    -23.49260366	    405.90954568	     31.67243942	   -721.70221762	    441.26211071	    105.87418488	     32.48740459	     94.20095713	    -45.72828733	     11.96934756	   -348.91182119	    329.44219175	    -72.72450981	    317.87006266	    286.37775213	      3.54485140	    -23.35697724	    -78.92357675	    577.70095289	    -60.45941623	   -482.88874549	     18.29910578	   -219.66855980	      0.00000000	      0.00000000	    102.13726255	   -224.73754702	     96.06306353	    -16.98833144	    661.29457023	      0.00000000	      0.00000000
      1.72500000	    -84.88952955	     -0.92347436	    -93.59551470	      1.07088214	      0.80748485	      0.09151661	     -6.35162816	    -19.52211815	     74.85963222	    -85.07306291	   -329.37223227	      0.37659809	    -23.53563346	    406.39831515	     31.76638114	   -722.06896050	    441.26236882	    105.47079972	     32.86843231	     94.81856859	    -45.75707592	     12.18767974	   -349.21792780	    329.54822764	    -73.54109971	    318.24801525	    286.32224572	      3.56752851	    -23.33643841	    -78.97543864	    577.60379852	    -60.57707451	   -482.96545637	     18.27167091	   -219.69276464	      0.00000000	      0.00000000	    102.17786574	   -224.83716963	     95.99531952	    -16.99326158	    661.38122195	      0.00000000	      0.00000000
      1.72777778	    -84.91008007	     -0.90622248	    -93.48921204	      1.07096336	      0.80751674	      0.09159566	     -6.45872829	    -19.44664460	     75.08551497	    -85.35519078	   -329.51293707	      0.16523837	    -23.37267043	    406.40858227	     31.87898976	   -722.06598245	    441.13131119	    105.22922487	     33.25097569	     95.11039577	    -45.64611153	     12.40675276	   -349.35492351	    329.51782099	    -73.67139359	    318.50052941	    286.22934127	      3.46602125	    -23.44031942	    -78.99276248	    577.59051682	    -60.62796443	   -482.93649287	     18.28232041	   -219.70357951	      0.00000000	      0.00000000	    102.17028986	   -224.85744100	     95.96582740	    -16.98931370	    661.38857349	      0.00000000	      0.00000000
      1.73055556	    -84.91849540	     -0.90739227	    -93.41087085	      1.07109430	      0.80741086	      0.09173843	     -6.74323322	    -19.37251871	     75.69182064	    -85.59255307	   -329.50973508	     -0.11612424	    -23.69388468	    407.06910051	     31.90264937	   -722.82668940	    441.16945704	    104.73869258	     33.43535967	     97.07285864	    -45.96832651	     12.14843511	   -349.60224513	    330.17405034	    -75.74280033	    318.32634179	    286.30710048	      3.31006144	    -23.30850120	    -79.56208408	    577.18405390	    -60.96075284	   -483.29110416	     18.28146488	   -219.84225954	      0.00000000	      0.00000000	    102.19628777	   -225.04443399	     95.93951477	    -16.98076503	    661.60177623	      0.00000000	      0.00000000
      1.73333333	    -84.92066225	     -0.91389875	    -93.35084437	      1.07126735	      0.80740569	      0.09185930	     -6.96815904	    -19.28514991	     76.12714486	    -85.91816986	   -329.53157625	     -0.20438433	    -23.87507937	    407.42403974	     32.05870357	   -723.09495984	    441.11655235	    104.32630367	     33.78689420	     98.76135033	    -45.96965110	     12.12491784	   -349.83189291	    330.46299176	    -76.67070093	    317.69406690	    286.31868511	      3.20634744	    -23.27771303	    -80.03241773	    576.37453345	    -61.53992472	   -484.05486846	     18.31064375	   -219.98931053	      0.00000000	      0.00000000	    102.22805836	   -225.09111223	     95.88812566	    -16.98193313	    661.77714906	      0.00000000	      0.00000000
      1.73611111	    -84.94278200	     -0.90939138	    -93.26667220	      1.07139349	      0.80732104	      0.09208231	     -7.09118494	    -19.22539074	     76.36419280	    -86.24478764	   -329.61646875	     -0.29825586	    -23.62016929	    407.49194479	     32.37352042	   -723.18915689	    441.01748420	    104.08553209	     34.12757990	     98.98208441	    -45.91570868	     12.36638887	   -349.88267823	    330.45686779	    -76.83828160	    317.90763788	    286.20743432	      3.14972979	    -23.28552317	    -80.05094958	    576.34207260	    -61.58072518	   -484.03603689	     18.29766075	   -219.99664142	      0.00000000	      0.00000000	    102.22808030	   -225.11801247	     95.84256986	    -16.99218608	    661.77035450	      0.00000000	      0.00000000
      1.73888889	    -84.96035548	     -0.88720643	    -93.23259255	      1.07141568	      0.80723764	      0.09217629	     -7.16703764	    -19.17520612	     76.55987412	    -86.57549554	   -329.68824840	     -0.37085289	    -23.42090335	    407.58606827	     32.60093521	   -723.28998118	    440.94287995	    103.74417380	     34.53567060	     99.25475656	    -45.84773635	     12.55609561	   -350.01066302	    330.42250075	    -77.05403755	    318.14750761	    286.13451644	      3.08653751	    -23.31443720	    -80.07570614	    576.33299747	    -61.62979744	   -484.03030855	     18.28532173	   -220.00940106	      0.00000000	      0.00000000	    102.23431487	   -225.17931017	     95.78426304	    -16.96638096	    661.80744687	      0.00000000	      0.00000000
      1.74166667	    -84.94082155	     -0.90623276	    -93.12323476	      1.07157387	      0.80726366	      0.09229283	     -7.37793850	    -19.11404825	     76.91022063	    -86.88191714	   -329.50557579	     -0.67545127	    -23.67805162	    408.42060883	     32.62932464	   -724.14290648	    440.94249549	    103.14011641	     34.75648569	    100.75729714	    -46.14722718	     12.41962582	   -350.21046698	    330.91918780	    -78.75762005	    318.23741137	    286.26230423	      2.97439272	    -23.17508449	    -80.39370414	    576.02050932	    -61.89579134	   -484.32080318	     18.26779519	   -220.23157335	      0.00000000	      0.00000000	    102.29003197	   -225.50590002	     95.77055144	    -16.96668127	    662.27518389	      0.00000000	      0.00000000
      1.74444444	    -84.96096490	     -0.89854949	    -93.06027136	      1.07170940	      0.80719322	      0.09244086	     -7.47554009	    -19.05369330	     77.10607097	    -87.17503323	   -329.61136178	     -0.78012235	    -23.47402302	    408.42239544	     32.84132332	   -724.21403817	    440.84799792	    102.82901129	     35.17430767	    101.02053102	    -46.06034730	     12.60735786	   -350.35173892	    330.91748979	    -78.90210517	    318.42318954	    286.18851210	      2.91608565	    -23.18323704	    -80.42736180	    575.99969810	    -61.93810419	   -484.31196380	     18.25303269	   -220.25437087	      0.00000000	      0.00000000	    102.29551031	   -225.52433279	     95.73185101	    -16.98023218	    662.28461957	      0.00000000	      0.00000000
      1.74722222	    -84.94418748	     -0.90718248	    -92.97466993	      1.07184542	      0.80716003	      0.09251257	     -7.64387582	    -19.00351882	     77.37894125	    -87.45603757	   -329.60520132	     -1.04496370	    -23.56805193	    409.01761252	     32.88729483	   -724.93299184	    440.94230970	    102.28298163	     35.47186022	    102.24506623	    -46.17355847	     12.58535816	   -350.51857039	    331.24380648	    -79.92938754	    318.27232591	    286.24613887	      2.83163371	    -23.06019063	    -80.74947649	    575.74053016	    -62.15949184	   -484.55000891	     18.21257798	   -220.42755482	      0.00000000	      0.00000000	    102.36766706	   -225.53627245	     95.67509404	    -16.97525612	    662.26956114	      0.00000000	      0.00000000
      1.75000000	    -84.95732705	     -0.92081506	    -92.87845116	      1.07188270	      0.80710873	      0.09245777	     -7.71419990	    -18.90689924	     77.54533537	    -87.71913466	   -329.70345830	     -1.18353254	    -23.38545234	    408.99959680	     33.07353959	   -724.94097365	    440.84634968	    102.04168676	     35.80650158	    102.44493704	    -46.11530995	     12.76180863	   -350.60856581	    331.22678250	    -79.97302745	    318.43988000	    286.19186927	      2.72459310	    -23.09484281	    -80.76195579	    575.73770168	    -62.20185406	   -484.53350431	     18.22517618	   -220.44086558	      0.00000000	      0.00000000	    102.38581932	   -225.53347060	     95.67375587	    -17.02155503	    662.24645522	      0.00000000	      0.00000000
      1.75277778	    -84.93840842	     -0.92282310	    -92.81244003	      1.07214858	      0.80694890	      0.09271739	     -7.86746478	    -18.89546695	     77.71935139	    -88.07978540	   -329.62600583	     -1.33541856	    -23.31676438	    409.55728848	     33.22706969	   -725.74476869	    440.94019298	    101.37924756	     36.16317397	    103.58041155	    -46.20065792	     12.69759771	   -350.67984032	    331.49317066	    -80.90292258	    318.27287351	    286.23647017	      2.65484137	    -22.92260104	    -81.12470466	    575.49259442	    -62.36354173	   -484.76873390	     18.19697263	   -220.67519029	      0.00000000	      0.00000000	    102.45210274	   -225.41924084	     95.58435201	    -17.04552578	    661.68796545	      0.00000000	      0.00000000
      1.75555556	    -84.95615727	     -0.92284252	    -92.74766286	      1.07226714	      0.80679676	      0.09277933	     -7.93346377	    -18.84389049	     77.90038341	    -88.33106547	   -329.71269346	     -1.41994822	    -23.10325714	    409.50725691	     33.47500021	   -725.81346510	    440.85512720	    101.10178445	     36.52956363	    103.76857066	    -46.13684246	     12.86560373	   -350.78534075	    331.51701596	    -80.97422407	    318.40303635	    286.18674344	      2.53768427	    -22.92952397	    -81.13761754	    575.47571940	    -62.38603596	   -484.76514738	     18.17570548	   -220.69032491	      0.00000000	      0.00000000	    102.45596244	   -225.43560371	     95.55706075	    -17.07498917	    661.66786731	      0.00000000	      0.00000000
      1.75833333	    -84.97542165	     -0.93278146	    -92.71738861	      1.07241089	      0.80657294	      0.09302389	     -8.02024095	    -18.79437259	     78.04881335	    -88.64502632	   -329.75374537	     -1.39301397	    -22.85674909	    409.54066040	     33.74473738	   -726.00937017	    440.82914574	    100.69291628	     36.93037723	    104.02471895	    -46.06491322	     12.94438325	   -350.85390964	    331.52448215	    -81.15689127	    318.52629646	    286.14551841	      2.50532769	    -22.79911077	    -81.19171636	    575.43751783	    -62.40569729	   -484.77312140	     18.13170047	   -220.71636031	      0.00000000	      0.00000000	    102.45217620	   -225.46443960	     95.52245939	    -17.10031227	    661.63006610	      0.00000000	      0.00000000
      1.76111111	    -84.94207749	     -0.95285997	    -92.63970842	      1.07256432	      0.80655307	      0.09314032	     -8.13906665	    -18.73757642	     78.11654239	    -89.01723439	   -329.73473622	     -1.48514466	    -22.62657347	    409.83848286	     33.97774242	   -726.50663763	    440.87856681	    100.18457853	     37.23365021	    104.54109081	    -46.08116756	     12.93923513	   -350.78797291	    331.61826739	    -81.58453921	    318.62201284	    286.14688052	      2.52654164	    -22.71753840	    -81.37002500	    575.38959502	    -62.46614947	   -484.85352153	     18.11070895	   -220.79333885	      0.00000000	      0.00000000	    102.50879857	   -225.38169397	     95.51745408	    -17.20090954	    661.47710115	      0.00000000	      0.00000000
      1.76388889	    -84.95030330	     -0.95233256	    -92.55830966	      1.07253378	      0.80648616	      0.09315067	     -8.19228324	    -18.67325603	     78.27158864	    -89.23405272	   -329.81070511	     -1.63672969	    -22.47252555	    409.83386686	     34.15691276	   -726.56650822	    440.80671773	     99.95276311	     37.51850712	    104.73142993	    -46.06348463	     13.08889720	   -350.86788573	    331.64446964	    -81.64093584	    318.74606998	    286.12524435	      2.41605134	    -22.75374437	    -81.38221028	    575.38343817	    -62.51413958	   -484.83623688	     18.12436986	   -220.80860697	      0.00000000	      0.00000000	    102.52417502	   -225.38328422	     95.49300266	    -17.21893484	    661.45399962	      0.00000000	      0.00000000
      1.76666667	    -84.96334507	     -0.94728156	    -92.50625577	      1.07290460	      0.80638790	      0.09336605	     -8.26291812	    -18.66711005	     78.39286252	    -89.54063155	   -329.84899217	     -1.68983589	    -22.22039139	    409.91042994	     34.45752963	   -726.92383078	    440.79260849	     99.53582398	     37.89374312	    105.01460429	    -46.03994257	     13.13716439	   -350.88853343	    331.75026765	    -81.87467375	    318.83011212	    286.06281915	      2.32399783	    -22.64712063	    -81.44758699	    575.34130196	    -62.52798924	   -484.84915576	     18.07733954	   -220.83973710	      0.00000000	      0.00000000	    102.54229375	   -225.37355611	     95.45333524	    -17.22399564	    661.38820286	      0.00000000	      0.00000000
      1.76944444	    -84.93559693	     -0.94460341	    -92.43542979	      1.07295608	      0.80642105	      0.09345080	     -8.36807319	    -18.61694843	     78.50796210	    -89.91318951	   -329.71060636	     -2.01769270	    -22.12051291	    410.68392076	     34.50012560	   -728.06164033	    440.97117658	     98.82228509	     38.09945938	    106.02160985	    -46.16371351	     12.98416685	   -350.73656246	    332.03844036	    -82.65413928	    318.68844635	    286.11902575	      2.28291062	    -22.59002870	    -81.81900186	    575.26194815	    -62.80553259	   -484.94298071	     17.90905477	   -220.93663798	      0.00000000	      0.00000000	    102.63924469	   -225.29098662	     95.37335666	    -17.15522542	    661.08861828	      0.00000000	      0.00000000
      1.77222222	    -84.96001625	     -0.92711026	    -92.38658998	      1.07313407	      0.80633139	      0.09358440	     -8.41404487	    -18.60844575	     78.67454009	    -90.11664851	   -329.77885524	     -2.10581608	    -21.94484766	    410.65144557	     34.73009306	   -728.21968537	    440.90133346	     98.55221111	     38.43086202	    106.24850848	    -46.14031888	     13.09666439	   -350.83876216	    332.12740642	    -82.76829685	    318.72249605	    286.06823279	      2.16006215	    -22.48801565	    -81.84181206	    575.21822931	    -62.83586242	   -484.93939813	     17.92277563	   -220.95886459	      0.00000000	      0.00000000	    102.63376183	   -225.30294741	     95.34516595	    -17.13603843	    661.05995387	      0.00000000	      0.00000000
      1.77500000	    -84.96563627	     -0.91986744	    -92.37995094	      1.07324287	      0.80629038	      0.09368326	     -8.46540050	    -18.58459696	     78.81752628	    -90.40777054	   -329.80654008	     -2.19545433	    -21.73944336	    410.74869424	     34.99275532	   -728.52524840	    440.88278988	     98.18715610	     38.73894390	    106.58479766	    -46.16768401	     13.11988585	   -350.82691247	    332.22768100	    -82.98578053	    318.74764240	    286.02273353	      2.12595362	    -22.38728923	    -81.94429365	    575.17201663	    -62.86370794	   -484.97382946	     17.92216334	   -220.98088283	      0.00000000	      0.00000000	    102.63039382	   -225.32557368	     95.33762621	    -17.08574133	    661.03900978	      0.00000000	      0.00000000
      1.77777778	    -84.97015370	     -0.92641707	    -92.36212127	      1.07338828	      0.80621572	      0.09364617	     -8.49450455	    -18.54778940	     78.96449299	    -90.62106119	   -329.85590560	     -2.29102196	    -21.57244816	    410.75741730	     35.18855435	   -728.63606217	    440.83821204	     97.90439323	     39.02645563	    106.79035197	    -46.15047271	     13.24102539	   -350.90258063	    332.26251357	    -83.07179016	    318.84455731	    286.03439650	      2.04108716	    -22.41100460	    -81.97743687	    575.17628687	    -62.92354138	   -484.97342484	     17.84659057	   -220.98271471	      0.00000000	      0.00000000	    102.62970645	   -225.37672153	     95.28333646	    -17.06246240	    661.04965368	      0.00000000	      0.00000000
      1.78055556	    -84.96434481	     -0.87815617	    -92.27903991	      1.07338925	      0.80635534	      0.09375077	     -8.66174711	    -18.53310029	     79.32340153	    -90.93964313	   -329.61558779	     -2.56298855	    -21.83223370	    411.48985731	     35.27069679	   -729.68719858	    440.84973622	     97.29825058	     39.21355999	    109.06786079	    -46.22476188	     12.91639298	   -350.82481658	    332.83767399	    -83.94027247	    317.40092444	    286.08787306	      1.89008743	    -22.25061393	    -82.67488277	    574.38467781	    -63.33179306	   -485.68243266	     18.10131011	   -221.28504667	      0.00000000	      0.00000000	    102.57290471	   -225.81343445	     95.40763980	    -17.01066937	    661.50143481	      0.00000000	      0.00000000
      1.78333333	    -84.96939403	     -0.87473040	    -92.24008363	      1.07349089	      0.80626243	      0.09383244	     -8.69525065	    -18.50756371	     79.41582996	    -91.14989038	   -329.67867864	     -2.62336393	    -21.60358082	    411.45534610	     35.52221216	   -729.82409861	    440.80293552	     97.05104759	     39.48980214	    109.17946009	    -46.21656220	     13.02660631	   -350.85471425	    332.88125333	    -83.99751677	    317.49955077	    286.04850955	      1.82213675	    -22.20539144	    -82.67834211	    574.35566881	    -63.35810828	   -485.68754128	     18.10313298	   -221.28298800	      0.00000000	      0.00000000	    102.58140691	   -225.81809475	     95.38653940	    -17.00544771	    661.50807318	      0.00000000	      0.00000000
      1.78611111	    -84.96390938	     -0.86753890	    -92.20180638	      1.07368192	      0.80619946	      0.09400506	     -8.73355177	    -18.49468059	     79.46165398	    -91.41143576	   -329.71546184	     -2.66443634	    -21.34142076	    411.49328816	     35.79284062	   -730.07093571	    440.80014169	     96.72896633	     39.76163175	    109.31725151	    -46.22813229	     13.07277701	   -350.81216919	    332.92005067	    -84.09209658	    317.59609608	    286.00899731	      1.80779803	    -22.12921266	    -82.70518114	    574.31665993	    -63.39216036	   -485.70619099	     18.10781946	   -221.27164552	      0.00000000	      0.00000000	    102.58818707	   -225.82474891	     95.36545782	    -16.97794091	    661.51915730	      0.00000000	      0.00000000
      1.78888889	    -84.95986140	     -0.87230557	    -92.15159928	      1.07362206	      0.80613253	      0.09394796	     -8.75674305	    -18.44067410	     79.55884684	    -91.59024609	   -329.77143634	     -2.76724332	    -21.16761976	    411.48864146	     36.01089983	   -730.17721704	    440.75479644	     96.53613373	     39.97923152	    109.42445287	    -46.23872045	     13.19737182	   -350.83882823	    332.96761895	    -84.12560053	    317.68382654	    285.98973792	      1.75301123	    -22.15402819	    -82.72108736	    574.31417891	    -63.43660251	   -485.69903203	     18.12898748	   -221.26964081	      0.00000000	      0.00000000	    102.60733200	   -225.83189169	     95.35477355	    -16.98835545	    661.52169794	      0.00000000	      0.00000000
      1.79166667	    -84.94987721	     -0.85464395	    -92.12285305	      1.07393558	      0.80607400	      0.09415323	     -8.79840477	    -18.45805206	     79.55450200	    -91.90517316	   -329.77212506	     -2.77842694	    -20.82661455	    411.65253546	     36.30548576	   -730.62881377	    440.81222705	     96.09628726	     40.25914767	    109.63467386	    -46.26672242	     13.21169613	   -350.73005378	    333.01019271	    -84.32666625	    317.77853519	    285.96295765	      1.77556112	    -22.00890132	    -82.78859879	    574.26285900	    -63.47511494	   -485.73986578	     18.12728576	   -221.23846642	      0.00000000	      0.00000000	    102.63249828	   -225.85115815	     95.32966446	    -16.95104649	    661.54274365	      0.00000000	      0.00000000
      1.79444444	    -84.92585362	     -0.84381345	    -92.01696643	      1.07404914	      0.80612315	      0.09413432	     -8.79353922	    -18.45137378	     79.48501718	    -92.15291190	   -329.70456305	     -3.10170910	    -20.49611292	    412.10446858	     36.35057571	   -731.57581321	    440.94618994	     95.58222815	     40.41840600	    110.05465160	    -46.34909367	     13.18314275	   -350.51478634	    333.13431401	    -84.54413097	    317.67276577	    285.93343832	      1.72880670	    -22.01407390	    -82.83930183	    574.08099210	    -63.67225823	   -485.90863021	     18.13936300	   -221.16296712	      0.00000000	      0.00000000	    102.71508559	   -225.91327254	     95.27172390	    -16.92506036	    661.61557776	      0.00000000	      0.00000000
      1.79722222	    -84.92783503	     -0.85377902	    -91.98081602	      1.07400047	      0.80609632	      0.09416670	     -8.82962751	    -18.41285302	     79.58901356	    -92.31682397	   -329.76466639	     -3.18670057	    -20.33512339	    412.08188632	     36.58248957	   -731.66226137	    440.88648183	     95.41270717	     40.63912641	    110.15417258	    -46.35542385	     13.31856110	   -350.56216027	    333.19390462	    -84.56845677	    317.73798744	    285.90398125	      1.66384192	    -21.99309574	    -82.83657256	    574.06534107	    -63.69390805	   -485.91001984	     18.13715491	   -221.16335308	      0.00000000	      0.00000000	    102.71870317	   -225.92146762	     95.26607836	    -16.93054781	    661.62060454	      0.00000000	      0.00000000
      1.80000000	    -84.93137929	     -0.85448784	    -91.96705457	      1.07413711	      0.80604927	      0.09429430	     -8.85222450	    -18.40265764	     79.67036903	    -92.52134044	   -329.79732213	     -3.21635737	    -20.11888170	    412.08637063	     36.85416555	   -731.84507308	    440.85949202	     95.17220334	     40.87069237	    110.25968227	    -46.36666411	     13.38985699	   -350.54523287	    333.24826633	    -84.61614805	    317.78314486	    285.86747166	      1.63286963	    -21.87776242	    -82.83942231	    574.04413423	    -63.71116582	   -485.92691253	     18.12881427	   -221.15896825	      0.00000000	      0.00000000	    102.72903000	   -225.93699904	     95.24703899	    -16.93271693	    661.62985016	      0.00000000	      0.00000000
      1.80277778	    -84.91870822	     -0.84730481	    -91.94617840	      1.07429831	      0.80606625	      0.09445503	     -8.86735507	    -18.39515776	     79.64296998	    -92.75473872	   -329.81888732	     -3.26200328	    -19.89278342	    412.19698505	     36.99247363	   -732.21072676	    440.91795685	     94.74730317	     41.16841010	    110.46568813	    -46.36768195	     13.38248943	   -350.54875035	    333.26432492	    -84.72296860	    317.81404218	    285.85956267	      1.68363322	    -21.78973663	    -82.86301874	    573.99722419	    -63.75291461	   -485.97620023	     18.12826246	   -221.15098612	      0.00000000	      0.00000000	    102.74566804	   -225.95580678	     95.22612513	    -16.92100077	    661.65404047	      0.00000000	      0.00000000
      1.80555556	    -84.91590862	     -0.85256775	    -91.89975896	      1.07431009	      0.80598174	      0.09444317	     -8.90342960	    -18.36835959	     79.74295988	    -92.92436124	   -329.85209233	     -3.36876146	    -19.68613201	    412.23658669	     37.26209094	   -732.40261739	    440.88726245	     94.60412765	     41.30083499	    110.56191883	    -46.40770441	     13.49215625	   -350.47375873	    333.34803921	    -84.74836927	    317.84412978	    285.82672919	      1.63627352	    -21.76717067	    -82.86775847	    573.98020442	    -63.78757075	   -485.98221156	     18.13042504	   -221.14739950	      0.00000000	      0.00000000	    102.77173901	   -225.97368369	     95.20308375	    -16.94863050	    661.65524244	      0.00000000	      0.00000000
      1.80833333	    -84.91119771	     -0.85283510	    -91.87901169	      1.07435089	      0.80595013	      0.09442541	     -8.91457945	    -18.34849803	     79.80993517	    -93.09401041	   -329.88143976	     -3.44614901	    -19.51770368	    412.24778819	     37.47032577	   -732.55005207	    440.86331671	     94.38607887	     41.49992068	    110.66579614	    -46.42374347	     13.57163619	   -350.47570949	    333.39593277	    -84.77147913	    317.89739331	    285.82638844	      1.59336146	    -21.72063175	    -82.87076193	    573.97426869	    -63.80906545	   -485.99545963	     18.12149570	   -221.14737487	      0.00000000	      0.00000000	    102.78944429	   -225.98887795	     95.18259977	    -16.96123723	    661.65791235	      0.00000000	      0.00000000
      1.81111111	    -84.28612130	     -1.49996673	    -92.39891127	      1.07038633	      0.80910578	      0.09803395	     -0.75510271	    -19.41758222	     63.37872071	   -128.46509676	   -231.97356627	     13.22864633	     16.01498080	    413.78668958	     29.65621972	   -698.60032936	    351.56363400	     64.01857324	     76.66819947	     78.93823934	    -40.03502321	      7.49173298	   -331.14210081	    307.02468452	   -112.78179206	    429.54260646	    325.31056258	      1.55411615	    -20.90877861	    -62.68141566	    567.17158855	    -66.87964645	   -492.98955042	      3.08876721	   -400.29454985	      0.00000000	      0.00000000	    103.21730619	   -225.44445361	     94.89855960	    -16.87430765	   1023.81760293	      0.00000000	      0.00000000
      1.81388889	    -84.28407503	     -1.49023474	    -92.36409591	      1.07036568	      0.80898325	      0.09817258	     -0.78598900	    -19.39611812	     63.44034264	   -128.49230762	   -231.97574443	     13.20567675	     16.05479535	    413.80250322	     29.68284375	   -698.62145819	    351.56039564	     64.00163419	     76.69472353	     78.95209863	    -40.06197711	      7.50121645	   -331.11747251	    307.02658869	   -112.77322234	    429.54995461	    325.30318803	      1.53787501	    -20.89245592	    -62.67577794	    567.16431115	    -66.90501447	   -492.97461642	      3.10038975	   -400.29431323	      0.00000000	      0.00000000	    103.21827650	   -225.45059552	     94.88086081	    -16.88604187	   1023.81552838	      0.00000000	      0.00000000
