DataType=double
version=3
OpenSimVersion=4.6-2026-06-22-85aaf64
endheader
time	/forceset/tau_pelvis_tilt	/forceset/tau_pelvis_list	/forceset/tau_pelvis_rotation	/forceset/tau_pelvis_tx	/forceset/tau_pelvis_ty	/forceset/tau_pelvis_tz	/forceset/tau_hip_flexion_r	/forceset/tau_hip_adduction_r	/forceset/tau_hip_rotation_r	/forceset/tau_knee_angle_r	/forceset/tau_knee_angle_r_beta	/forceset/tau_ankle_angle_r	/forceset/tau_subtalar_angle_r	/forceset/tau_mtp_angle_r	/forceset/tau_hip_flexion_l	/forceset/tau_hip_adduction_l	/forceset/tau_hip_rotation_l	/forceset/tau_knee_angle_l	/forceset/tau_knee_angle_l_beta	/forceset/tau_ankle_angle_l	/forceset/tau_subtalar_angle_l	/forceset/tau_mtp_angle_l	/forceset/tau_lumbar_extension	/forceset/tau_lumbar_bending	/forceset/tau_lumbar_rotation	/forceset/tau_arm_flex_r	/forceset/tau_arm_add_r	/forceset/tau_arm_rot_r	/forceset/tau_elbow_flex_r	/forceset/tau_pro_sup_r	/forceset/tau_wrist_flex_r	/forceset/tau_wrist_dev_r	/forceset/tau_arm_flex_l	/forceset/tau_arm_add_l	/forceset/tau_arm_rot_l	/forceset/tau_elbow_flex_l	/forceset/tau_pro_sup_l	/forceset/tau_wrist_flex_l	/forceset/tau_wrist_dev_l
0	0.0250964180950854	-0.01079486089160591	0.01954975404134083	0.001717411211487707	-0.1508952849056816	-0.002605894528956568	-0.02461212861224238	-0.0128154002805482	0.0005468626647818544	0.01058621890909774	1.088490594532292e-05	-0.0009922617415797554	7.135926959068358e-05	0.0001252052420375924	-0.01706311085647568	-0.001526418793051887	7.198407110362428e-05	0.006215488696707447	1.220331564794092e-05	-0.001555180113512567	0.0007013754363302136	1.242247312618722e-07	-0.008083288694708219	0.02880522587314222	-0.006976702657966865	0.0106996959904741	-0.07609163109224722	-0.01911027754862846	-0.02201316423009328	-0.01578294163239141	0.02231343000267147	-0.00438080164795307	0.003484948841737718	0.002280381999032921	0.002150035898613668	-0.00230428425104745	-0.0004035787403801947	-0.0002817013204619484	0.0002887112101721679
0.005	0.05050157336669582	-0.01551798780882483	0.01620089517198538	0.00348585007253831	-0.2791680925136	-0.003930913443393501	-0.04765728360766011	-0.02204547909301735	0.0007348727328890663	0.01920565117765068	7.511106760339473e-06	-0.002711447797382484	0.0003571189542637108	4.071205780238875e-05	-0.03112860534080117	-0.003077105681297883	-0.000126388866809103	0.009839291486384228	-7.283885915919578e-06	-0.002545183726159539	0.0005035140852449663	0.000107557771031925	-0.01312117341834496	0.06093096996639825	-0.01193560772759523	0.02173151200727949	-0.1029771801079044	-0.009664138336245897	-0.007011628617098695	-0.00742314628792387	-0.002044048848891054	-0.008886265784827681	0.006648716099534121	0.006571499854078755	0.004788835636313857	-0.007518840958859696	-5.296774324067192e-05	-0.0008869942693975052	0.0002745268782907163
0.01	0.07498091041219618	-0.02133685203852371	0.01412341036837257	0.004206978995863871	-0.4083539076044631	-0.006599749066720844	-0.07149955615677113	-0.03220471720196865	0.0006215973606147049	0.02744752069552401	3.118280135895435e-05	-0.003807032324415014	0.0007364075713191018	0.0002197163934506241	-0.04442288610812185	-0.005366817431652091	-0.0001889151157875572	0.01390480928260033	2.242960393672599e-05	-0.004152496770862131	0.001279754902501821	9.106413352062641e-05	-0.01814274514386517	0.09419964508088521	-0.01665374544176054	0.03100870699457805	-0.1288628497181714	-0.00259905084014321	0.006506798248689508	-0.0006326036392284729	-0.02544292692143435	-0.01400562401921935	0.00840589832560062	0.01157362008181909	0.006801275145827213	-0.01325463895016989	-0.0007579657128765049	-0.00174874897487943	0.0005577409935934206
0.015	0.06217208279752652	-0.01215095944075647	0.003623559796788947	0.0286879249954194	-0.3741674891785116	-0.01617544652644545	-0.06936197762053889	-0.03406494117278429	0.001060417048180264	0.02899415543170335	2.631458318893814e-05	-0.003764305718954245	0.0005691192585897394	5.900833473587787e-05	-0.03135875782540676	0.001594819942024871	-0.0008594702281621354	0.01223214783561345	-1.058539396533207e-05	-0.003715408525776487	0.0009849209486595309	0.0001526479238950193	-0.02661173441287848	0.1067137364019782	-0.02515243035272165	0.01667283519455213	-0.09454176692496423	0.003785801304387695	0.001436922368253722	0.004945685667159635	-0.01778112764754171	-0.003582064104293778	0.009179943835167891	0.01005201777339203	0.006936088487430511	-0.01209091354759205	-0.0001991568139007103	-0.001517359062934994	0.0004170677844982621
0.02	0.04832561431167944	-0.004655502743870385	-0.005230142795241755	0.05223247269615628	-0.3404947231477551	-0.02776135185746096	-0.06696051725013007	-0.03544738475737259	-0.0003559495530075696	0.02840847717664137	2.851470987708286e-05	-0.003409102771343953	0.000455413484836741	0.0002126986263839306	-0.01732506010803498	0.007356649418693829	0.0001702612713445246	0.01177359786960639	9.65708671033592e-06	-0.003722050850744991	0.00160504445296545	4.801481616925764e-05	-0.03416426546250693	0.1211021303931285	-0.03261254609320714	0.0005971584398230418	-0.05943244279938431	0.00822212130333287	-0.004361551038668651	0.009234013067688266	-0.01060997496871667	0.005692190832179814	0.008602691472755563	0.008143925957104982	0.006210887671361646	-0.01190039560032537	-0.0007274505200133567	-0.001584644176290202	0.0005348771368617905
0.025	0.01728812197041932	-0.0006593993828598706	-0.02152552031724137	0.06720701331778657	-0.2587021582921546	-0.03035783749585726	-0.05640935882192031	-0.0297060617404813	0.0002605693154872143	0.02649516096231374	1.83621490128747e-05	-0.002983712456393042	0.0003327497210103453	3.766276474895498e-05	-0.004636191814015049	0.00912401387992658	-0.0005188611024141524	0.00830846084343698	-2.219960205803337e-05	-0.002772212629028236	0.001015596328585957	0.0001124521217708846	-0.04198508764931973	0.09520134519564016	-0.04074209276936339	0.001136830530615184	-0.04107647018313696	0.009064036851641685	0.00496408128347658	0.008893229169982178	-0.01949239587362999	-0.0006403777774973755	0.009206048603961309	0.007298214113604941	0.006436319730088473	-0.009182893769101979	-9.893449153523381e-05	-0.001191314289017642	0.0004393274873298216
0.03	-0.01475261963864887	0.00180728146641318	-0.03631898667107708	0.08110815407775229	-0.1773863276368321	-0.03480952962303272	-0.04516606108315811	-0.02496076280297464	0.0001076561256331413	0.02294539485286534	2.716065680819454e-05	-0.00217944706119045	0.0003418138077680184	0.0001733378138953136	0.009177513645470689	0.009703538410247538	-0.0006043081988158582	0.004348751337748742	8.277136172241818e-06	-0.00189179052627628	0.001177604754465671	-2.815131673916575e-05	-0.0497629367781486	0.07120981244948078	-0.04875990155771354	0.002351340976251618	-0.02179128695869934	0.007795011640231567	0.01464268274488946	0.007266871840658578	-0.02833550199812917	-0.007932949539449851	0.008550326768784946	0.005348021694471045	0.005861371021148139	-0.007071335806611965	-0.0005306807829065532	-0.001047960917446139	0.0006566098299210995
0.035	-0.05324061632137227	-0.007857498862932358	-0.05042423600274987	0.08076435859218681	-0.08247471814240255	-0.03407360526958463	-0.03598894528178113	-0.0171912327563363	-0.0009448288570073211	0.01814714965487057	4.424804254860668e-05	-0.001408696194679768	-8.585327168802826e-06	-1.894806971208771e-05	0.01774143389060154	0.005829668949610508	0.0004319029079964913	0.002232044276170362	-3.248102142133223e-05	-0.001199860910755156	0.0006656368508963531	6.053718654415733e-05	-0.04562612829043473	0.01168972883043667	-0.04505640237747464	-0.004921397059564295	0.002952694399893347	0.006882918672348186	0.007018413122118555	0.006151612154671053	-0.01393563049251182	-0.001233326352150521	0.007011543789625103	0.003594037746424441	0.004744910148266774	-0.004158768140804651	4.570261427244496e-05	-0.0006231563942544897	0.0003755083557195081
0.04	-0.09100758494528906	-0.01639722847453338	-0.06584270361294349	0.08146121994891371	0.01358603591982718	-0.03194813052437316	-0.02559966129529176	-0.008560921483942456	-0.001008318825489561	0.01457559214180399	1.372422910427544e-05	-0.0007845416531685721	8.830453056884133e-05	0.0001425295779374345	0.02547263301509053	0.002960098690629877	0.0002766638374554971	-0.0009007681598023992	-2.956213952011499e-06	-0.0001343480711808114	0.0006904863280808932	-0.0001053967798110537	-0.04145128119610167	-0.04671731136255395	-0.04118246574293709	-0.01265710988914544	0.02685086989255701	0.006525341030529178	-0.0004777991850449365	0.006269318923373741	-0.001070743499047303	0.006762098670432817	0.006436115966771949	0.002267418662755878	0.004673156474480841	-0.0007442760985057323	-0.0003388805201179808	-0.0003352524829291828	0.0006804076030654263
0.045	-0.1282328703716521	-0.03564960541752236	-0.09225273510258986	0.05490837165714865	0.1085730592416011	-0.03959271624559708	-0.01496328355025752	-0.002430017748469445	-0.0006326970949226136	0.009807282160291246	-2.629656634903404e-05	7.109376888332535e-05	-8.40480473311519e-05	-8.154237130709663e-05	0.0300590621374394	-0.0009948460427329961	0.0001728147780573312	-0.00510240721107332	2.601942548444868e-05	0.0008129364841203906	-0.0001323506840004186	2.199248311238969e-05	-0.03876031144343455	-0.1085648465360857	-0.03953661572099401	-0.004916324531094947	0.02791045594746581	-0.00835756274466005	0.002944434904908491	-0.009297861180951288	0.002385022897191638	-0.009972954287221177	0.002929646853580984	-0.0006298665237394006	0.002089686847269119	0.002513709989714703	0.0002615044707275897	0.0002324483486717097	0.0002499596227022926
0.05	-0.166001812945263	-0.05401601572288206	-0.1200182572771339	0.02950947997310766	0.2047906681623895	-0.04589018533879844	-0.003449684862805693	0.003069856151035782	-0.0006611647155242281	0.004461422861395875	-6.45685437422391e-06	0.001176099901149926	-0.0002093371555053821	7.981961785169437e-05	0.03497734702489927	-0.003956976870654281	0.0003276323127384233	-0.008691320662836557	-9.299190899619033e-06	0.001835777710610439	0.0001190327993131689	-0.0001758125132533115	-0.03647069284001935	-0.1713544564452469	-0.0378700345240425	0.003472163549748841	0.02813099349008237	-0.02302435298785689	0.005763094871273668	-0.02370437906082243	0.006052666144038657	-0.02448505335689326	0.0006209682519004307	-0.002489382467149159	0.0007094099281186988	0.005605597595318922	-0.0001826609870034179	0.0004936328595007364	0.0003531146823022219
0.05499999999999999	-0.2002114107087175	-0.0705499000973223	-0.1477196122370744	0.009081977421995553	0.2644786422000028	-0.03152993374835219	0.001469824610674329	0.003576048371756647	-0.001583347880117949	0.001295526043684986	-2.205540369573056e-05	0.001650392038272836	-0.0004326737748626296	-0.0001393142927228025	0.03539687322096397	-0.003856060289762655	0.001177097508541261	-0.008575214064733829	1.321295681966637e-05	0.002090476209573991	-0.0006268238046629463	-1.583865808632484e-05	-0.04236517755868861	-0.2278507687925048	-0.04486710898066538	-0.01952759475323707	0.044491297970079	-0.009246435599717011	-0.009333114260384872	-0.009777914357098173	0.01670080833990104	-0.002355394177634752	-0.001681221618622194	-0.003460383552424441	-0.0003154659227284561	0.007491825322349979	0.0003873542361841774	0.0008153974271361184	0.0001093411481175096
0.06	-0.2335692348863065	-0.08564201476863999	-0.1769764709713802	-0.01020453722207554	0.3249938127356969	-0.0156013536974144	0.00787667389864489	0.005107432211619696	-0.001646902985820103	-0.0009774063394190509	-1.241830606397382e-05	0.001893428540247143	-0.0003257293447734148	6.08128231219111e-05	0.03513085084437131	-0.002752625879580353	0.001246276117667879	-0.009011761051220193	-1.65539718866449e-05	0.002695961518366163	-0.0002877411799807844	-0.0002068849515767799	-0.04835809092190154	-0.2856936314320563	-0.05163813440330475	-0.04192951632933266	0.05955554040009193	0.004911912172990912	-0.02484155021191372	0.00550274932749123	0.02659176872667574	0.02165995715591876	-0.002957032902663099	-0.003325306848205394	-0.0001759479936096129	0.01001097576818816	-4.465724872456598e-05	0.000950802061539754	0.0004500854342860798
0.065	-0.2640277044487113	-0.1124330644864378	-0.1743183346876583	-0.02181050873032533	0.3637203140688686	-0.02320831092725112	0.0113501350533494	-0.001747721615926378	-0.002000014818247864	-0.001863427637757122	-3.826856073635064e-05	0.002562756250641726	-0.0007396469282935639	-0.0001699749357791385	0.03342898482430295	-0.002867587847732037	0.001668571161261855	-0.009009472353702152	1.806027590046232e-05	0.002933756706209256	-0.0009820511607686851	-4.3266787908191e-05	-0.03983792823612847	-0.3116114644534007	-0.04300556591810137	-0.01934172655658309	0.03336461007271785	-0.001826366693090092	-0.008344144581555246	-0.001924722000278319	0.01083048040508922	0.003587764183202743	-0.004879151363260207	-0.005206785896559024	-0.001943973082788934	0.009879979885188362	0.0004528791002162109	0.001076337276680164	2.508656902569021e-05
0.06999999999999999	-0.2933466856391002	-0.1377865397683202	-0.173291800361588	-0.03217066068847011	0.4032234251832305	-0.02906573001919984	0.01625651547325783	-0.007483260152456264	-0.001041029939885722	-0.001682178428981566	-1.702561234047193e-05	0.003196070151158537	-0.0008462917902269576	1.278247207837609e-05	0.030708513541253	-0.001846213523176444	0.0008856306777847623	-0.01009123783914284	-1.793839598533293e-05	0.003635535903145668	-0.0005923568706896244	-0.0002426631192650794	-0.03137717377599543	-0.339056120341426	-0.03430248357476327	0.002113817330429369	0.007925641956826499	-0.008155113328106117	0.007301232794978225	-0.008012767555967148	-0.005741754533986496	-0.0127318674984569	-0.005994610651412111	-0.00729510936287894	-0.002897671649046164	0.01066848746665053	-4.541304531882804e-05	0.001055655507720122	0.0001757509060280045
0.075	-0.3166610208403067	-0.1455157420345644	-0.1707064910819857	-0.03555275945665527	0.4169998800549352	-0.0139104545057732	0.01960933582062843	-0.01028037031245253	-0.001282589242101619	-0.002557509913446885	-6.403739553529826e-05	0.002793308982558545	-0.0008350070389327651	-0.0001734947998430776	0.03242508347374397	0.002701591559585192	0.0009988107058080556	-0.009192946002463115	4.324116571528566e-05	0.00332154103202042	-0.001146755398272696	-4.68076563455221e-05	-0.0450502806963644	-0.3560436342370513	-0.04798182117406156	-0.01048423200105767	0.04599808081809435	-0.01606021840417931	-0.00467371886826225	-0.01618616705832022	0.0177192784250318	-0.009296500431080091	-0.007063041772827426	-0.008282138404517577	-0.00379339900877714	0.01166295585246566	0.0005039520415605941	0.001324004423813269	-0.0001434551246221363
0.08	-0.3383803110238813	-0.1520592347975155	-0.1695154922775781	-0.03781505903096054	0.4316600067245147	0.002921160503452851	0.02406355345543553	-0.01387570381773677	-0.00146631664576015	-0.003609431556229812	-1.023794658732796e-05	0.003125029286100811	-0.0009593536927553792	2.157555240986834e-05	0.03426195957603263	0.008624780209304489	0.001046945663329587	-0.008128242741816822	-2.399336444108178e-05	0.003408620906935353	-0.0004263255073071312	-0.0002445723568841772	-0.05904574538915029	-0.3748154194657049	-0.0619694956532772	-0.02392070438771463	0.08342205007106199	-0.02452184734332876	-0.0182175614631142	-0.02374008736720945	0.04154550849387927	-0.004375321065919361	-0.008469192147556624	-0.008791487375508559	-0.004466479093727462	0.01269648518156647	-1.439862464816838e-05	0.001302176771285727	2.818319254072174e-05
0.08500000000000001	-0.3455058654671623	-0.1648213435776431	-0.1721703294292764	-0.04096825265915254	0.4427825459173162	-0.0003975845631967688	0.02216918024910213	-0.02651754367093927	-0.001550461087165269	-0.001121189782650479	-5.3829022716658e-05	0.003052739501051026	-0.001159962438416773	-0.0001792484963324234	0.02374694222442242	0.01338234011398385	0.001202143739255904	-0.00476145280595393	3.644837170945007e-05	0.003369996931220482	-0.001170433840470826	-5.737349807602584e-05	-0.03324436556474383	-0.360908925156639	-0.03618544579138148	0.008521890570858085	0.06132639085981427	-0.01757383670026217	0.01314325186785274	-0.01800160855171887	0.006778733200798051	-0.01794505715864284	-0.008021087010983523	-0.009054012788669633	-0.004440554694999359	0.01177150829469854	0.0005082218088942063	0.001302948581949608	-0.0001875733172999234
0.09	-0.351297702399421	-0.1762792422258563	-0.1763124567937592	-0.04295498562319886	0.454637203796017	-0.001892580925049884	0.02138073804973385	-0.040172165998683	-0.0007793351486300987	0.00219883593767787	-1.637035386710831e-05	0.003719545694281971	-0.001410808627441281	-1.69445339024628e-06	0.01182789504706939	0.01932177327971191	0.0003831513662730837	-0.00108780212348768	-2.087650696992821e-05	0.003780363137335084	-0.000739325907524332	-0.0002604671677945683	-0.007551117776141907	-0.3487865348232553	-0.01052059780221807	0.0396433128578289	0.03876072814393802	-0.01086579480558935	0.04344491007135168	-0.01159979786714734	-0.02890188879376981	-0.03042256340555089	-0.009009180351654088	-0.00841661632357571	-0.004926677360351434	0.01144875335805851	-2.71398235219201e-06	0.001136857183767488	1.383772184715729e-05
0.09499999999999999	-0.3601050492478416	-0.1761393348808182	-0.1813457907986382	-0.05545738334064337	0.461365604866335	-0.001346382833517884	0.02311780321519751	-0.03405084597611352	-0.001054543883658902	-7.737147088208799e-06	-5.633878097602632e-05	0.003300062037952734	-0.001306103941956296	-0.0001930306690123388	0.01563706654899764	0.01990789614658658	0.0007305908699108388	-0.00150701062606081	2.822155547764578e-05	0.00349042257106021	-0.001246459569869777	-6.33905053272027e-05	-0.02308084896589423	-0.3682112784726916	-0.02634129995403505	0.04357627328121351	0.05342308740372635	-0.04579031058191328	0.03302001564205379	-0.04672268796193942	0.002845144058348562	-0.0538613146620462	-0.009512787749622189	-0.01020281208826469	-0.005901882784272656	0.01240182959223179	0.0005117494296398059	0.001424435144110164	-0.0003807503404545551
0.09999999999999999	-0.3676898706698714	-0.1747887456078548	-0.1879426442347296	-0.06684048267122934	0.4688416932178207	0.001051300157114609	0.02607830581817835	-0.02873384867926514	8.057313405004303e-05	-0.001112734585069787	-1.777819310465346e-05	0.003602699934668714	-0.001173255349719326	1.156788746604438e-05	0.01810735203616344	0.02132858204534492	-0.0005090674061510217	-0.002967536537925964	-2.163560804448379e-05	0.003793668780204744	-0.0006160782846126411	-0.0002672183596585256	-0.03877005329300071	-0.3892440747908259	-0.04233367501822075	0.04645171909287528	0.0688737303500063	-0.08117117082128802	0.02150553931603194	-0.0811529267386104	0.03386033009883833	-0.0761837842757814	-0.01152232692531601	-0.01101813303397845	-0.007382410801866974	0.01445283973460609	3.379793216778408e-05	0.001614679567302891	-0.0003178908114825958
0.105	-0.3826317005819865	-0.179240017889901	-0.1778553072693173	-0.04456705960120013	0.466785898601776	0.006286216491403481	0.03281881029363126	-0.04154824318728817	-0.001893745609516326	-0.001269712000029211	-4.984563528104643e-05	0.003264802675899006	-0.001558492944686045	-0.0001855450084292346	0.01995051068156133	0.01887607056165701	0.001466894912201643	-0.00146612988560328	2.877684338453575e-05	0.003369426197521187	-0.001195899131235454	-6.048815494080944e-05	-0.05417637413912322	-0.3770321072079756	-0.05719002141227383	-0.007143433507040818	0.06025763805258701	-0.0167085819655274	0.004083260007868644	-0.01710028810702671	0.01080172231604623	-0.01477958232385315	-0.009199236965609052	-0.0104049375281426	-0.005528850814696226	0.01282640697721606	0.0005328797388703626	0.001455474055373934	-0.0003140369036312655
0.11	-0.396327163583626	-0.1823968672598159	-0.1693491526996389	-0.02118245159128469	0.4654229510223115	0.01339922874933249	0.04093294562743598	-0.05501436060956234	-0.001770740868953584	-1.505998443058132e-05	-1.817482447733262e-05	0.003552808688793813	-0.001779309727111377	4.571494835398645e-05	0.02040492099304458	0.01736054485279329	0.001185871589376803	-0.001320310412150119	-2.066626994154358e-05	0.003570093067043682	-0.0006349612344020839	-0.0002655073376935091	-0.06991234553844855	-0.3665193430445387	-0.07207761035449153	-0.06136283310937833	0.05090986744007037	0.04746363077798706	-0.01424366269645316	0.04774702550564824	-0.01319869683802354	0.04786370168885383	-0.007537253162198767	-0.008651734888567898	-0.003416043986002051	0.0121984494187618	4.52795258193684e-05	0.001161128933874915	0.000309099953270495
0.115	-0.4037812395643938	-0.1851552126189699	-0.1835663753742878	-0.03591033006285648	0.486559831933158	-0.004236033756211534	0.03846500510768407	-0.04837993344166439	-0.002294328469811489	-0.001740294996976481	-4.451488182292359e-05	0.00381424733720701	-0.001878578147656656	-0.0002137137640430405	0.01700028093428248	0.01955310134566055	0.001881213788643827	0.0001173053431963879	2.106561379071573e-05	0.003545974578125656	-0.001317702796074076	-6.879410867044949e-05	-0.05979842219047123	-0.3741470674473172	-0.06267237163596573	-0.0280294032912993	0.03605723175804655	0.009562878421909792	-0.003968898556290519	0.009108317724336842	-0.00210888996153513	0.008751953389721038	-0.008961700400818838	-0.01158253188974221	-0.005442872081852313	0.01243466492001359	0.0005320320188568415	0.001397296468164468	-0.0002729452001381528
0.12	-0.4099696982849605	-0.1862999487281264	-0.1994252257885072	-0.0493606550621208	0.5083222983585636	-0.01995599047633855	0.03752427206304115	-0.04091414715766696	7.098467936883114e-05	-0.001967566240191395	-2.80608627108239e-05	0.004423133362639494	-0.001588716327696893	1.273404153615441e-05	0.01216396472014259	0.02307591153937871	-0.0003415745365623852	-0.000149548480265888	-1.833274068797584e-05	0.004067582065199547	-0.0008400309580693879	-0.0002852363133111667	-0.04993687188784877	-0.3837209931670011	-0.0529118246336867	0.005832111519320973	0.0221332021677005	-0.02822622270832069	0.006857560083610869	-0.02819666456174219	0.007314306896768858	-0.0291225357362563	-0.01114037871066715	-0.01291807383573639	-0.007158483525966809	0.01347784508174146	2.435820943016058e-05	0.001468557547670581	-0.0002085168982765213
0.125	-0.4206146375255493	-0.1895144069735172	-0.1818513049213161	-0.04039686290379556	0.5070464911505128	-0.02675924947260602	0.03678096293533605	-0.03624770806462786	-0.001463118902872048	-0.003784126200472113	-4.64796770110897e-05	0.003960505317350731	-0.001744499095497895	-0.0002201142474087743	0.01173798798394769	0.01290704218768746	0.001151779200683738	-0.001130566341397576	2.238697033229152e-05	0.003928712663539681	-0.001489247579793886	-7.690017022610193e-05	-0.04567554810075569	-0.4078204532058018	-0.04838888018048798	0.001294175450238947	0.04025023701994056	-0.02338516729728298	0.002995624172341573	-0.02384554124743637	0.01435416565640368	-0.020360673052762	-0.01095686038585514	-0.01435232027274032	-0.00741490626666697	0.0127768541479215	0.0004969241173445369	0.00148375047434723	-0.0005496053114416732
0.13	-0.4300874119278388	-0.1911142252347865	-0.1659075430559732	-0.03025079041142982	0.5061979069021272	-0.03168031621395038	0.03768443044051904	-0.0324554276739509	-0.0004259341939032342	-0.004525901537849787	-1.36067999066679e-05	0.004213012544954532	-0.001661144793382354	3.302619027576017e-05	0.01002511355613712	0.003990194157041398	-2.913160871921586e-05	-0.003794108307626486	-1.756331141576924e-05	0.004014802812498362	-0.0008556349350963355	-0.0002737297961336607	-0.04187925109273719	-0.4338003707324495	-0.04349299270387608	-0.002660667085430227	0.0571973331047436	-0.01916387922690269	-0.001350637856416637	-0.01868506642506946	0.02061082702509066	-0.01036250284347512	-0.01164702577094504	-0.01439700626102009	-0.00746433119094933	0.01304415091916902	6.150233702996136e-06	0.001362072768221368	-0.0002145634076615733
0.135	-0.4360507902617989	-0.1902944813800657	-0.1763899697278193	-0.03325529243714018	0.5210020692657201	-0.04149510044238491	0.03163514080163435	-0.02862894284520513	-0.001491394450563248	-0.003363839306165049	-4.871710306409239e-05	0.003931524392575539	-0.001657027976243481	-0.0002264619850166043	0.003319748606141754	0.003478558415913172	0.00121767840218157	-0.0008034301568690599	1.762355687094513e-05	0.004174486607610632	-0.001693291645395852	-8.857927042553633e-05	-0.02677103924480743	-0.433670534295175	-0.02912181707402468	0.00476551325165023	0.05276592030423241	-0.02198910304152752	0.001938007064681143	-0.02219085645758642	0.02007858730771726	-0.01499666534288625	-0.01164168932279103	-0.0152234062824241	-0.007962851499499797	0.0128112356241697	0.0004746257394883743	0.001481170252820706	-0.000640728960436017
0.14	-0.4406654636276109	-0.1880287507595963	-0.1884091601731361	-0.03512527355934404	0.5345933276994734	-0.04956667453396178	0.02717505263537479	-0.02579300911138092	-0.0002689440281927146	-0.002192048728720414	-2.042835177521914e-05	0.004591554296122233	-0.001474516304332887	1.94744467097774e-05	-0.004749813623133164	0.004135825676246048	-2.142876872755567e-05	0.0008965916730262503	-2.187109134134286e-05	0.004105614183727485	-0.001174347475878582	-0.0002737282753304919	-0.01239178232350703	-0.4354331199516498	-0.01437992745604481	0.011383674861978	0.04708466489863129	-0.02537044777331805	0.004212755239055086	-0.02487063049404293	0.01900708622361433	-0.01825670106429913	-0.01229255630456266	-0.01472007991335133	-0.007976402205911639	0.01351516170492443	8.915906907795413e-06	0.001448512334606475	-0.0002554621432749191
0.145	-0.4447042158697242	-0.1810874481289974	-0.1833424634730625	-0.0383922669093817	0.5286451498264417	-0.04908722092105167	0.01721380796352666	-0.02349083991757894	-0.001798192505303435	-0.001284647784664	-3.53291906871719e-05	0.004056617276981357	-0.00154710247093031	-0.0002441590471715153	-0.01092690154716652	0.003013503975908994	0.001620910826629006	0.002715787184470974	1.374992011753757e-05	0.004110591527751173	-0.001805760986929155	-8.377567959640398e-05	0.002204810521727281	-0.4360103060914715	-0.0002949486526085614	0.001517423016537563	0.06070880949794803	-0.02153915254736262	-0.004469255896021816	-0.02161670240768978	0.02819515274983935	-0.009323669177099089	-0.01152887521081652	-0.01626165773168161	-0.008247671522897017	0.01383380475734847	0.000493822857963141	0.001640302815738498	-0.000711337631703893
0.15	-0.4475824216848966	-0.1728529324533686	-0.1799214938592882	-0.04051361325136506	0.5232137267888124	-0.04674492656091887	0.008643010173931933	-0.02201775053041754	-0.000300140850066309	0.0006572764509945233	-1.691171860447007e-05	0.004259371552903518	-0.00124888661315768	3.882312396856665e-05	-0.01842663736203178	0.00285770612982982	0.0001998631723388277	0.002926765555528987	-1.679564586176485e-05	0.003933341551654508	-0.001242549519499318	-0.0002610366749415717	0.01600202143961128	-0.4382101393266266	0.01426306026829451	-0.008997953346354644	0.07314861978515336	-0.0184513781084059	-0.01440255881569052	-0.01770766183111099	0.03814424972521736	0.001523733005344071	-0.01144499425367927	-0.01655413425202257	-0.007820690834635942	0.01517313376635011	5.794048941306712e-05	0.001675504516632399	-0.000187454211684947
0.155	-0.4491975029935609	-0.1635099018928088	-0.173775677810098	-0.04323995223256811	0.5036429758446633	-0.0466873152745697	0.00952496382945678	-0.02075255322898173	-0.001600062385406093	-0.0003569476156941677	-3.367414424722985e-05	0.003780095060499794	-0.001353944634813548	-0.0002457895852803638	-0.01422446387710332	0.003197307471851085	0.001416884814606881	0.002902508329088008	1.569376407404612e-05	0.003923846273472236	-0.001755918548488943	-8.72790173099199e-05	-0.009310960790772142	-0.4240396921962262	-0.01160243421197004	-0.004652664054553402	0.07553369858954662	-0.02494787427615764	-0.01144442277337918	-0.02467481083736963	0.03947863390647163	-0.006336633342800973	-0.0111589188272587	-0.01578384614484358	-0.007946842854513173	0.01319677973254603	0.0004757999472277316	0.001560161624047651	-0.00070048178712367
0.16	-0.4496090047336591	-0.1528586555841558	-0.1692627917275745	-0.04477176818003774	0.4847722058177625	-0.04480848321227289	0.01182558849940373	-0.02034759504057993	0.0003380067062269324	5.681642497314121e-05	-1.492739348207892e-05	0.003991116452272297	-0.00105884250251427	6.628490641760927e-05	-0.01135402979608912	0.004623711316124734	-0.0005315672474047244	0.001280307746030362	-1.070661468738596e-05	0.003455104109201748	-0.00112016997145475	-0.0002282484259523338	-0.03548393777695768	-0.4114745938310453	-0.03687711600543903	0.0004365908081577551	0.07644025547474648	-0.03245858700066029	-0.009404195174536429	-0.03115847270755746	0.04162084988182672	-0.01233991753516	-0.01158735971531177	-0.01412410868973646	-0.00735419550012273	0.01237749840358341	-2.437818245268805e-05	0.001293143539990643	-0.0001646571549684585
0.165	-0.4475962955557086	-0.1342531646033085	-0.1614102589444711	-0.04448689473389276	0.4516036242924227	-0.04017289250627774	0.01033887926153203	-0.02516101781843151	-0.001198486929907798	0.0007760714304119826	-3.412257846628153e-05	0.003356163044491885	-0.001275833901515718	-0.0002413041532790599	-0.007896189948594265	0.008622783189269369	0.0008156239855991241	0.002354313251953026	1.573711534824108e-05	0.003520178696724561	-0.001482486608784477	-7.857510797239844e-05	-0.06296980488587241	-0.3842870888997142	-0.0649558467195654	0.003088346681276304	0.05785125029329415	-0.03074208410664634	0.0007057376725914142	-0.03084645160118994	0.02391761476719052	-0.02306885331782346	-0.00986949728889126	-0.01250038315551825	-0.006639743336448371	0.01025805669595794	0.0004100165106681138	0.001151688128559187	-0.0005895695014606092
0.17	-0.4443433815925834	-0.114355530046405	-0.155206947016383	-0.04293077620617163	0.4192479864960537	-0.03371091833988591	0.01016990412382866	-0.03084137632304514	0.0001927053274507467	0.002932801770009742	-1.047600045792759e-05	0.003370366587007165	-0.001165272226898444	0.0001160653111529198	-0.005796432783340791	0.01370040256712612	-0.0006620557789953872	0.002014993215230844	-7.932560839675023e-06	0.003032802096376081	-0.0008083884719424868	-0.0002134031452656058	-0.09136396093896146	-0.3586161544223017	-0.09238403812909877	0.006309991629634152	0.03758220844923897	-0.02970597684550835	0.01039340084470661	-0.02979294374902814	0.005760478090392001	-0.03243947885148995	-0.008908554869612921	-0.0098031363018093	-0.00524781583533997	0.009414307083436036	-7.186024231474479e-05	0.0008717982535471594	4.016321508623159e-05
0.175	-0.4422196137905672	-0.09620069049231257	-0.1470755176555308	-0.02956454161605139	0.3864007578463669	-0.0151037880376619	0.004900598921294502	-0.03653190173675575	-0.002051792806653581	0.005915131325991721	-2.687216167806143e-05	0.002679190825500406	-0.001257309200388025	-0.0002271561108914302	-0.007001629466279875	0.01716135533184957	0.001394207120895607	0.006313341581463273	1.66411129098617e-05	0.002846952666667577	-0.00118475416273026	-6.744935101873427e-05	-0.1115075088554219	-0.3245459647379842	-0.1131448828242877	-0.02578782949605649	0.02119953937075388	0.002294406964890675	0.0009508062558902439	0.0008979550539881783	-0.00830515393881712	-0.004839879561063928	-0.005183428029699764	-0.007158962978424474	-0.002894309616801851	0.008241347721229387	0.0004166388153101961	0.0008343862116354005	-0.0001614472010397513
0.18	-0.4387932227065051	-0.07694387855679817	-0.1404716069055145	-0.01509183647146794	0.3542187774147679	0.005216803752998793	0.0008361461237747825	-0.04300202800539177	-0.002005744705767473	0.01038108522725048	-5.709706467719003e-06	0.00259305874785632	-0.001146340402256699	0.0001651684903458896	-0.009417972254365369	0.02155503584126009	0.001258414800099222	0.009603045905385049	-6.368837208989133e-06	0.002073819810528302	-0.0006988412256651249	-0.0001798907285122638	-0.1324952607169165	-0.2919661580349358	-0.1331072749095413	-0.05872101033161713	0.004492510226131816	0.03426513620435195	-0.00887388187860042	0.03269253042223184	-0.02298511288529283	0.02424348718235626	-0.002077028004593342	-0.003354749036663666	0.0002078230134973005	0.008089760331662444	-2.842558855619118e-05	0.0006092724018824902	0.0007130682489245467
0.185	-0.4394938064789501	-0.05821102675276768	-0.125366314424529	-0.004480018850133803	0.3095597101008969	0.02596104551445409	-0.005653325828286244	-0.04836434194852157	-0.002021408361358431	0.01490367715936202	-3.306507274670735e-05	0.001492246671690806	-0.0009454951982645634	-0.0002065440552790858	-0.02017782434963145	0.02274384923557888	0.001117967056534865	0.01441416693297903	4.034794693169091e-05	0.001784930599912178	-0.001185357540928483	-2.75274111639655e-05	-0.1438411522548994	-0.2717969156669299	-0.1451256483123754	-0.07367067684221028	-0.001265257330454068	0.03701107544652516	-0.02654559145350972	0.03576547373725297	-0.01269584530296275	0.03406087188828903	0.001241234662060346	-0.0007118215831191587	0.00224493901413558	0.00667817131732472	0.0004248746555991881	0.0005519382637864523	0.0004113854713048555
0.19	-0.4383127986873912	-0.03858436442114251	-0.111843893157831	0.007392788735172157	0.2641219272811851	0.04865478829506453	-0.01164433022899767	-0.05466997848074818	-0.00144483473025716	0.02018156967975209	-3.822528562652813e-07	0.001086289299871922	-0.0008716562692245457	0.0002403617615674778	-0.03101552897696355	0.02498686712983252	0.0003655657443877509	0.01965313185181013	8.983644836813075e-06	0.0008155093614497938	-0.0008981049684251496	-0.0001154966520509185	-0.1562042940964624	-0.2532480843688745	-0.1564533548080093	-0.08976726693401783	-0.005937796950190605	0.03947035139249982	-0.04369892550821387	0.039734800720551	-0.004760801259597235	0.04397022619951228	0.004016486919849039	0.003003038328833789	0.004935555540798196	0.006113006989985485	-6.541997416556482e-05	0.0002867628564371567	0.001192817844956656
0.195	-0.4458803201623144	-0.03481356158169464	-0.1168373807314956	-0.03774327673247699	0.2658752412927725	0.03677383083465376	-0.00829279238716102	-0.04567473737536037	0.0002772217220808213	0.01437941201734661	-3.350361151161896e-05	0.0007754716347279607	-0.0005149477751322109	-0.0002033159115564691	-0.02432943051506002	0.02857102817193314	-0.001145196267897714	0.01326744256387214	5.015079737261373e-05	0.001232711522037167	-0.001047828684666309	1.178176691856023e-06	-0.1815559606628762	-0.2665768520642373	-0.1830427593212055	-0.06887795756648289	0.04125579784379437	0.005969149688593322	-0.03277443254423707	0.005795672345265524	0.01701246234230382	0.01590509968170588	8.253393270711448e-05	0.001933994763382927	0.002101585232840977	0.005551470942173239	0.0003694671553794081	0.0003686778683405896	0.0003337113755022253
0.2	-0.4521381971058718	-0.02993193383096115	-0.1230475832352277	-0.08378200777361705	0.2682828205976246	0.02618851278429837	-0.003880061224754599	-0.03770134395454904	0.0009243674651820652	0.007400598771028502	-8.634168751065137e-07	0.001245189111750471	-0.0005430442977605672	0.0002793957839158875	-0.01669836235517697	0.03309898000234011	-0.001618760557273563	0.008017984941270612	9.266327216407767e-06	0.001046668713516317	-0.0005256157584021884	-0.0001032309203914633	-0.2078157362259942	-0.2813116630009818	-0.2086750331533365	-0.04760599111406125	0.08766559913575385	-0.02897493755617597	-0.02285554975170791	-0.02751293804813782	0.03897752142970363	-0.01083157257296062	-0.004932536302468896	0.001556527909323971	-0.0008436860733400758	0.006127001116930141	-0.000131051338215386	0.0004280880188660136	0.000478399846652936
0.205	-0.4591125450250145	-0.04269555127944605	-0.1475798132843529	-0.0957212217602226	0.3075372340153937	-0.00978873741765538	-0.01238963055890581	-0.03826559341433632	-0.0009429822538635151	0.007919078624951196	-3.671882920338835e-06	0.002123687162242975	-0.0009564456508189587	-0.0002580316535277502	-0.01563582225366661	0.04352661710323399	0.000597732206354986	0.01112523246044981	-1.863709405031975e-05	0.001798873213287771	-0.0003819433074857186	-8.212824511611027e-05	-0.1810394671450903	-0.2760241306413645	-0.1827888017998623	-0.03287439498962633	0.03081991417426572	-0.01231448250815695	-0.009645193890403775	-0.01222670075182299	0.009580872970424422	-0.009772103330181046	-0.006705100014757636	-0.001880957461733519	-0.002476018154908832	0.00400004604828017	0.0002758963662169153	0.0002326999656485524	-0.0002187146938400005
0.21	-0.46490276421468	-0.05428214086986571	-0.1733337520122709	-0.1067620448859187	0.3478844714289058	-0.04453299080801821	-0.01947518044214135	-0.03779496528010667	-0.0009925985913306092	0.00982586881848805	-9.825877882422235e-06	0.002776445078874355	-0.001045409464661631	0.0002673314653032178	-0.01548494327961591	0.05518308330365159	0.0009111810865699871	0.01334997894610236	-1.115038496642975e-05	0.002397313120337054	-0.0003302130833925611	-0.0001853776168941115	-0.1549718000797179	-0.2697432555617116	-0.1560223755639935	-0.01795739645314444	-0.02700620513657005	0.00330306915656806	0.003063947256893374	0.003655633591592799	-0.0208550523186999	-0.007906212735366786	-0.008100003300720259	-0.004131813977784287	-0.003253714183861219	0.00331149787037846	-0.0002268958011476591	0.0001540369348337715	0.0002902303490662193
0.215	-0.4750779165512066	-0.05822880645360683	-0.1427416303179282	-0.1081895142589487	0.3500857665562668	-0.05438739610685533	-0.01805251113251984	-0.03118051157686696	-0.001716626284462599	0.006826813906564665	-1.30725605305021e-05	0.002938724544753816	-0.00116426420503112	-0.0003129081791513691	-0.0124540833391721	0.05198981222272379	0.00180938228358152	0.01205609331144717	-2.195265048297948e-05	0.002270616784287076	3.489486422521023e-06	-0.0001293367299455641	-0.1586812781272552	-0.2857551205940315	-0.1598554789762545	-0.03113979565242586	0.0127934312830322	-0.007402069741978632	-0.01190104150905818	-0.007516866820206881	0.006627434193085582	-0.005598491084720207	-0.009431161591623344	-0.006846235282771682	-0.004815674164842332	0.003072618740470229	0.0002116512507488202	0.0001691515171877795	-0.000476854873790645
0.22	-0.4842020677060817	-0.06107873408908215	-0.1138929011287924	-0.1084155739121019	0.3533037689704267	-0.06240546012376336	-0.01533167927745977	-0.02311771000747284	-0.0004664607778771633	0.005467317792560155	-3.704508811850947e-06	0.002558364011842304	-0.0008838679516944758	0.0003361013832059765	-0.01084487780748648	0.04965641292717456	0.0007272430195751731	0.009790124731085611	-1.0083400380846e-05	0.002361723258167621	-0.0001597969122575785	-0.0001813180309042256	-0.1629188537465352	-0.3005174699715811	-0.1630436419328596	-0.04587008215918179	0.05150770928712631	-0.01825444819666694	-0.02799569591372536	-0.01742344067270439	0.03278899536018788	-0.001872117613258361	-0.01014301276755513	-0.008553224359895651	-0.005470339139167101	0.003904048650327757	-0.0002724358032929514	0.0002505120786517955	-1.778954453184234e-05
0.225	-0.4815349017487803	-0.05240178181658205	-0.1162522106312201	-0.1005224701162557	0.3471173849961794	-0.04718450264302713	-0.01727746224255916	-0.02049151081621183	0.001369141730638144	0.007976475924854655	-4.589710105517705e-05	0.002149911934864245	-0.0004689131869001366	-0.0003406229802729527	-0.02988873378401202	0.04493581374575711	-0.001177103426175448	0.01353858928211343	5.905969890826737e-05	0.00206307987686926	-0.0005300037587776245	-7.080428362256593e-05	-0.1414163282824332	-0.3086145933200322	-0.1422022053888501	-0.03754548940941646	0.05420854284324087	-0.02056447422961741	-0.0287402029541096	-0.01998019719212928	0.03859165885631841	-0.001470309461250191	-0.008989485221337769	-0.008027803050087707	-0.004807851666052564	0.005004744908206924	0.0002749830229739192	0.0004303347022675452	-0.0004579365669499089
0.23	-0.4795521271054617	-0.0428161280016539	-0.1187686187629915	-0.09388365098133991	0.339803304194434	-0.03413430810483435	-0.01853584886274997	-0.01965754529868987	0.0006169708951864152	0.007925800013272578	-1.183272873405108e-05	0.002047611031933933	-0.0005829452239887972	0.0004161526522484795	-0.04763848069944353	0.03929058505004557	-0.0003493464917748786	0.01888844504681719	-7.812171177045422e-06	0.001919052835410255	-0.0009129904368271295	-0.0001330568991560336	-0.120508094395677	-0.316181286913551	-0.1208425006943129	-0.02877283931847748	0.0556346061144805	-0.0248391642703856	-0.03017453383907675	-0.0228313053281237	0.043867320545971	-0.0007451166359648519	-0.008486849537982965	-0.006700749865324267	-0.004407262195292151	0.006017059538049903	-0.000165941286379404	0.000501421933057263	0.0001187317449867677
0.235	-0.4804574421829523	-0.04132567087858543	-0.1403739660209871	-0.09833444738983731	0.3594875493502534	-0.03940934158927693	-0.01565503878740137	-0.01623985251420383	0.0004687665175316724	0.005251180849703236	-2.820675371201654e-05	0.002686228696768199	-0.0005852798696836429	-0.0003980931998977028	-0.05410294937204091	0.03324835894430498	-0.0003944244425000638	0.01839491648859804	3.96083812518332e-05	0.001891491082800361	-0.001013233344647435	-6.301309323518079e-05	-0.1135070432909378	-0.3252468357086006	-0.1146131687430595	-0.02541884174624528	0.03684367460660964	-0.01239737227254956	-0.01330437023993505	-0.0125299834093576	0.01699887037122826	-0.005369899165615982	-0.008490843627813155	-0.006998538162322681	-0.00433455108971233	0.00558166002329389	0.0002954668388669542	0.0004781425605357857	-0.0004150854352063973
0.24	-0.4805804981956232	-0.03845264963889788	-0.1637308022617788	-0.1017111647653526	0.3796303035594809	-0.04275108725276246	-0.01102201458436044	-0.01126446801637183	0.001862568602956978	0.003927302207485553	-1.650870467690232e-05	0.002600078803360502	-0.0003094344878846767	0.0004647993089614387	-0.06173165209517219	0.02787964080455351	-0.001732649276364974	0.01817553789734722	1.27783796730609e-05	0.002740322237562121	-0.001795304254262643	-0.000116578416828435	-0.106879379434201	-0.3356009039217681	-0.1077128332219155	-0.02376517146498003	0.0170974108560722	1.354266676198887e-05	0.002677781914290883	-0.0007642339502486918	-0.01092067997615834	-0.008321490128713662	-0.007725554668540461	-0.005805715209652292	-0.00339318653636091	0.006044091526261185	-0.0001545356763964666	0.0004492792707018789	0.000315926841725912
0.245	-0.4905282490051346	-0.03570637441786213	-0.1444799730787907	-0.08721852378560352	0.3701352754100656	-0.03914567806047697	-0.008609104298036288	-0.01129335786714904	-0.0008139694466434445	0.001143393147056772	-2.585033909956554e-05	0.002967228831511578	-0.0006952590124857353	-0.0004403026507946763	-0.06002336517418592	0.02074370934764054	0.0006456617641650954	0.01817177651419984	-7.135901649043035e-06	0.001858988054412081	-0.001188797850002268	-6.508603550628401e-05	-0.1165699920873352	-0.3444167032688198	-0.1175733175968647	-0.03598491575351846	0.04152711381704718	-0.008637905743229276	-0.02271889805052635	-0.008666828135407652	0.02385939352178458	0.003479221620207518	-0.009488118336796391	-0.008613487067785249	-0.005346477744216624	0.006745293909858608	0.000320964829578744	0.0006564193243705751	-0.0005271652623393162
0.25	-0.4992122937589469	-0.03153555999485302	-0.1273178630365732	-0.07136960523902895	0.3611317616319877	-0.03270921700840513	-0.00454944678620929	-0.009536634276282877	-0.0005962418109609891	0.0004588388393443124	-1.06865367478174e-05	0.00245686523215625	-0.0006068327182830459	0.0005838305722011749	-0.05986500779110399	0.01428864639298932	0.0003109764713326172	0.01716083171658324	1.525140278887095e-05	0.002453712089954997	-0.0016573651293795	-9.054733031926182e-05	-0.1266610012743822	-0.3550347797978446	-0.1268970912557829	-0.05022731253831408	0.06485109290919619	-0.01731898819488072	-0.04915479835810638	-0.01522208441570052	0.05725118357687971	0.01701168597841457	-0.01045378135733821	-0.01006733041193537	-0.006510447827310475	0.008420397468529921	-9.960012938608717e-05	0.0008487545148221403	-6.10634065677545e-05
0.255	-0.5090136576795058	-0.02529202954838938	-0.1008687872854672	-0.0438566163013932	0.3588714805914457	-0.02120280400529572	-0.005037709833624009	-0.01393843557994949	0.0001229076626931931	0.004190988634978125	-4.816067775035368e-05	0.002401369957835263	-0.0005092005249897324	-0.0004740689109931959	-0.06553726812358567	0.01473308082698624	-0.0007552834261149442	0.01931457428952194	7.875848881997776e-05	0.001956595177269305	-0.001557142246919448	-5.754225399123286e-05	-0.1218902720929272	-0.3371545943054296	-0.1222295172632479	-0.04521039668055822	0.02317227063936898	0.01655000010234793	-0.01349879906111326	0.01514141194538261	-0.002764635620877228	0.01568479661691214	-0.005264479573399254	-0.006484500179674039	-0.002481046802794797	0.005724388769328591	0.0003256855500052251	0.0004492252335667149	-0.0001902754720754031
0.26	-0.5177360146784673	-0.01853090197406961	-0.07445710320870905	-0.01788896494317313	0.355044925329952	-0.009594498522452638	-0.004659790282720106	-0.01908126558308042	-0.0003880945982805391	0.006095869176539183	-8.301973364440917e-06	0.002455645727122649	-0.0007526225301211763	0.0006958262760227435	-0.0700996130540016	0.01538053954842248	-0.0002980835114800627	0.02247178659333855	-4.589243206925629e-06	0.002735269500356464	-0.002113670305537105	-7.355366261738116e-05	-0.1173786798303421	-0.320924124607063	-0.1171203990082149	-0.04128705038491207	-0.01926190102542482	0.04929635380166549	0.02260347188522124	0.04589789865759043	-0.06294171235753103	0.01434516261687311	-0.001088265636606483	-0.001578507350014721	0.0009919958822393277	0.002870194519054385	-0.0002038415923454692	-0.0001470014885829451	0.0008017753836639721
0.265	-0.5340529819873462	-0.01855818466128476	-0.0573217877898192	-0.01428360540045047	0.359473383395792	-0.01231650262198314	0.00464639159148939	-0.02412852095115867	0.0004287853883907159	0.004439471267416535	-7.187442291282609e-06	0.002438995951381077	-0.000767606629250717	-0.0005313950495990089	-0.06469759965081955	0.01670975605578567	-0.001099556183157294	0.02024085591377803	5.17985272327622e-05	0.001805329980027214	-0.001469687240706378	-7.246743001368633e-05	-0.1420161389280569	-0.3116699175908155	-0.1419022607694027	-0.07504581059252098	0.03774836515599066	0.01881647442112402	-0.03962111068670632	0.0180152000446129	0.01516768327566591	0.03015053736436099	-0.004270426640510947	-0.00883159936875706	-0.002702670832923971	0.005852196245156947	0.0003246466240536349	0.0004879119480806034	-0.0002529112270567295
0.27	-0.5487834603493976	-0.01773944370047596	-0.04081754921215223	-0.01007276601112648	0.3620604204673639	-0.01382548588805443	0.01481433298247256	-0.03019853446620178	0.0004801667453557858	0.001829918354878879	-1.518601270045722e-07	0.002530360909179539	-0.001001427685631708	0.0008440499710750662	-0.05860880139477556	0.01864374863356354	-0.000870633473603748	0.01938454456340878	-2.858809757724043e-06	0.002412986241907406	-0.001851373953460466	-2.301182051324377e-05	-0.1662866516273125	-0.3047974899251706	-0.16562605201651	-0.1098654427856927	0.09420255336396312	-0.01277199861194808	-0.1011773493938071	-0.009434692606391683	0.09270931083366772	0.04637235703323996	-0.008659442636863478	-0.01509418924636955	-0.007127170348905095	0.008786236699180987	-7.465623427471417e-05	0.0009009179290515885	-0.0001296588233306738
0.275	-0.5500631727903578	-0.02022980179425573	-0.04480202869552551	-0.01899441527123411	0.3742637352400744	-0.02669339751725385	0.007720061129761425	-0.02550448111287496	0.001058327430203444	0.002794098725452096	3.958105108724054e-06	0.002804405551839818	-0.0009728709346978574	-0.0006217972852602566	-0.06380880321953403	0.02226127765203388	-0.001352217279409954	0.01979862376893814	3.667778739596595e-05	0.001818866307831269	-0.001238570644180316	-0.0001035387335953357	-0.1418694734458515	-0.3090036061203205	-0.141607501802696	-0.04950664732663084	0.03627599468726098	0.002850835661527276	-0.02107405702846854	0.001560802373332423	0.006904561399544761	0.005319966369479436	-0.006773862062908907	-0.01051299919629023	-0.004897749083174428	0.004489170492356052	0.0002476308209015709	0.0003458431100298228	-0.0005742084074206904
0.28	-0.5501650693945702	-0.02360545419337439	-0.04695597660123828	-0.02947258762267472	0.384538604802706	-0.04119962654339319	0.001815519098707003	-0.02201270766947013	0.001758699870054681	0.004093528016089412	-1.075878859825461e-05	0.002854940929238238	-0.0008496542714946207	0.001004301416531418	-0.06739882411771733	0.02646138216954209	-0.001676089828477553	0.01989092294774122	-3.704771774596395e-07	0.003300858396586448	-0.002101168088369824	-3.389183274665387e-06	-0.118761063695625	-0.315580607498478	-0.1179306255832411	0.01103415465825722	-0.02021459102193771	0.01622708073620475	0.06016905084831045	0.01221348578078767	-0.07901887221672986	-0.0358723842310732	-0.005800899494699822	-0.005308905375672452	-0.003095247960951623	0.000725173251314791	-0.0002975383419596344	-0.00039510099230817	0.0003153474757570207
0.285	-0.5575947683430429	-0.0308512761503871	-0.03289228566906891	-0.05747336538647658	0.3773503189119336	-0.0620762432701116	0.0002836999147156961	-0.01226924613049207	-4.300323163236436e-06	-0.001335362117566658	-2.139022200344561e-05	0.002912777205722217	-0.001066266082539169	-0.0007220325458406196	-0.0608423186780012	0.01642608951934005	0.0001110823135284988	0.01649882326746049	1.743408141444053e-05	0.001594813808938995	-0.0007498882245101393	-0.0001447876111517774	-0.1412889584626276	-0.3483615847083367	-0.1407987903271139	-0.03746227724240114	0.03872132659617745	-0.003351791251170759	-0.01166604281168807	-0.004714543471960305	0.00696537512138661	-0.002652698313416019	-0.0125224061725019	-0.01285655570692787	-0.008963519745069277	0.003527355211369656	0.0001727257541527513	0.0002853800660352511	-0.001116629801634926
0.29	-0.563538314787443	-0.03621553696079795	-0.02171299467000413	-0.08413323489994189	0.3701790159766102	-0.0785617922262115	0.0009320994542397172	-0.0008214325838649361	0.0008523141199998638	-0.003804708768239302	5.056193966404171e-07	0.002359526623282578	-0.0005967668950652827	0.001269917298910405	-0.05586963444005586	0.007254772271452316	-0.0003198741949350663	0.01222129816238888	-3.669219598864851e-06	0.002407104096778764	-0.001459276235515961	9.784124632695052e-05	-0.1655823893551999	-0.3837630389271689	-0.164114922441562	-0.08670850533625984	0.09719820872372548	-0.02272462793349538	-0.08240638126816145	-0.01929180922079747	0.09131866855101944	0.03315026711896722	-0.01860552405881525	-0.01908638576397598	-0.0137488433315366	0.007658726873035131	-9.749142308845329e-05	0.0007754953710147171	-0.0009000608149651858
0.295	-0.5623220025358465	-0.02222428441293741	-0.05304027352583648	-0.08732014509375854	0.4021803088946241	-0.1095249968126127	-0.004654136271871365	-0.01511746482263317	0.0008562753211735241	-0.0002999134166651997	-4.16255291858223e-05	0.0030171494703067	-0.001113982342295865	-0.0008498906948633235	-0.06763340785257449	0.02017652582528706	-0.0004027117519701083	0.01783451083407128	4.180830292412784e-05	0.002099173331778795	-0.0008314040273606991	-0.0002053900127975598	-0.1440440889296992	-0.3420510855657852	-0.1437605897301522	-0.0775038745398232	0.06537384499517447	0.002801444772861685	-0.05147524766717747	0.002784610873341376	0.0409176924180004	0.02754915611677474	-0.01883178049470831	-0.01975213525052589	-0.0139912042564313	0.004878134725011279	0.0001407485625299932	0.0006258737197509339	-0.001668496535606102
0.3	-0.5618913518336651	-0.008804536064969863	-0.08283378367958055	-0.09174457163466879	0.4322243814100619	-0.1415582220674383	-0.01074005750809399	-0.03034184405703635	0.001586575836210292	0.003614048444398191	-1.364778224308531e-05	0.003802571062935435	-0.001431978645022279	0.001489969651885821	-0.07897442773684321	0.03222618255429179	-0.001015825816045606	0.02344797139674341	-1.156807824073491e-05	0.004177874845745271	-0.001950030904348438	8.959812698170472e-05	-0.1221283352140157	-0.3007591232024973	-0.1212108193058904	-0.06897684704234593	0.03486583500602401	0.02471108881362417	-0.02058702834776308	0.02329070705984664	-0.008873989696460846	0.02169357785505225	-0.02057691717640339	-0.01933288346445352	-0.01477334438857563	0.00167743145280873	-0.0002090861020450757	-9.743648464043761e-05	-0.0009855747858230589
0.305	-0.5516499001376725	-0.002262822392989373	-0.3020528272990144	-0.1817947188674905	0.5150752699639063	-0.1577645847051866	0.01199674558660805	-0.02392703497420279	0.001303031078557241	-0.007359328265583357	-1.903125815672002e-05	0.00498760517841331	-0.001591190448319056	-0.001087423603125073	-0.1048214438051811	0.01750898334685681	-0.0009768807209793188	0.023762871567394	3.825711793396858e-05	0.003162550109654723	-0.001763428140100683	-0.0002864679668089417	-0.1202422642301608	-0.3936021724308488	-0.1229393421842789	-0.07405331113525947	0.05325061865779902	0.01276799260366576	-0.03285912007629849	0.01133943698808158	0.01445803000221317	0.02087506665139952	-0.02226518979686419	-0.02031308637201376	-0.01431778566251843	0.008327186066186567	0.0002276991381730061	0.001139184614087921	-0.001542950523435246
0.31	-0.54300041325077	0.005339996727934363	-0.5188625618332673	-0.2733820650008372	0.596472544188928	-0.1766944152705562	0.03389186259760935	-0.01902339934478498	-0.001523368992082308	-0.01966414380766648	-2.233510084514772e-05	0.006652867432583121	-0.002024384775732441	0.001761317296265437	-0.1288605652911432	0.002027381596791852	0.00153730173704719	0.02554170040917872	-3.169823193135052e-06	0.004511375327464559	-0.003363284950980411	0.0002267070745182245	-0.1187107189482373	-0.4852624209344427	-0.1230052843202601	-0.08052241927285472	0.07098875635969197	-0.001640781859648725	-0.04400476807065468	-0.0009394118423590431	0.0346332890305432	0.01990193331863771	-0.02517937205626907	-0.0200126082997195	-0.01390502836201729	0.01355363608791648	0.000314548455140403	0.00134566578637569	-0.0003925408017253396
0.315	-0.5776057430280349	0.00103414065669186	-0.3467811537370402	-0.2191211412016139	0.532799358113363	-0.1579465334878087	0.02169959254180437	-0.01137892093767539	0.002556282199787816	-0.01846655713562815	-1.613428673789867e-05	0.005503525717007187	-0.001450903941034043	-0.001278954608284751	-0.1235195428212944	-0.0128518349299522	-0.0009638415263885465	0.01610298131812457	-9.218696192277776e-06	0.003747512958242942	-0.002642815551593037	-0.0003315317554444829	-0.1301459182731121	-0.4615883577975511	-0.13265446474721	-0.08435606646190923	0.06589912589161098	0.005931265069583466	-0.0442592758813424	0.005136710386652357	0.02830958400745749	0.02175210722256927	-0.02432290318835636	-0.02026168807752769	-0.01502437160950739	0.005809263064908031	7.475970724312198e-05	0.0007880605517645583	-0.001702209242460927
0.32	-0.6122118588093401	-0.001896116640730422	-0.1725680703593567	-0.1661884508391104	0.4677295081203056	-0.1419230152041051	0.008863372423456771	-0.005415794713288504	0.0009603284518450843	-0.0196677624174235	-4.952695531998296e-06	0.004430794511388506	-0.0009758846267034744	0.002277726228496008	-0.1150188306504659	-0.02676283225382468	0.001808939262321423	0.008903384049313528	8.318250620781373e-06	0.006338176135897019	-0.004065492655980589	0.0002874939488894475	-0.1411728440662722	-0.4383677831165177	-0.1413782280452462	-0.08914066115253604	0.06192542793192039	0.0112895667356485	-0.04188130611891488	0.01093342196653484	0.02028766734493201	0.02513565737275353	-0.02529887784187464	-0.01939682614162765	-0.01679602324394488	-0.00239485817634141	-0.0004346205697220025	-0.0007666829212586324	-0.001108547539549163
0.325	-0.6508181449839627	-0.0258831393559153	0.1559537441706918	-0.04429068709800345	0.3510279808937737	-0.1678656861044508	-0.03489816510511267	-0.02439052454068346	0.007012227096601842	0.01386031022694015	3.727802288755307e-05	0.001902325463033482	-0.0006151660590256122	-0.001436590896162457	-0.08503023854248438	-0.02581269502623278	-0.007825436621909349	0.01059225632305547	-1.342676690075848e-05	0.0003889343729162297	-0.0008523525622395887	-0.000234453559240895	-0.1609840620143332	-0.3461252919202232	-0.1589756345390822	-0.1013659074885087	0.06009978342571462	0.01431656783391627	-0.05234012943613899	0.01244884550681343	0.02447098681396713	0.02770297882889994	-0.01303277011383539	-0.02299053534607707	-0.01118787885800784	0.003993228779223575	7.541156910903701e-05	0.0004728390390803187	-0.001573247442492815
0.33	-0.6893514618884691	-0.0485642527556883	0.4843277667388233	0.07797182484530887	0.2324776501382352	-0.19350093948503	-0.07771900570130588	-0.04290860891163302	0.009649536748184596	0.04924991879863583	7.963234192521792e-06	0.0002391579146839099	0.0001122931182273976	0.002831113834876676	-0.0554547752860416	-0.02381642799478518	-0.01423844637765839	0.01403756086443196	1.541659449758345e-05	-0.0009165077081646255	-0.0004203412209696818	0.0007101562410015371	-0.1836090036392869	-0.2567554945109682	-0.1774086811352745	-0.1138276301641747	0.058077595358043	0.01511853951870302	-0.06209335129857999	0.01423280221434795	0.02499200777870122	0.03272085205154469	-0.002787674841143626	-0.0252704390105476	-0.007355053236513458	0.01144951064456313	0.000195157620072004	0.0009575387166266508	0.0004006138798172359
0.335	-0.670181760241816	-0.007220911113798904	0.1765821893376329	-0.06563597353912853	0.3133959294261536	-0.1699153532482846	-0.04321396093761923	-0.04773505486788214	0.009767363626231854	0.009497385742940382	3.905221739735241e-05	0.001888191950457784	-0.0007004138919003993	-0.00171876688006563	-0.07629449280524024	-0.02507907610794822	-0.005857346687924636	-0.004486774699551457	-1.837187588373476e-06	0.003789067167718509	-0.001746848386399793	-0.0004682376149021425	-0.2116774697611659	-0.281539355218365	-0.2076025298970352	-0.2067366520876243	0.07370870189081813	0.08699814017870441	-0.08654821951150131	0.08267912118124324	0.002674718755565408	0.09749511422283315	-0.02493591316209134	-0.01717114396611235	-0.01951598166630551	-0.01050592180012157	-0.0004711191426864053	-0.001259827550059572	-0.003408449068288777
0.34	-0.6504923133046338	0.03693101842773796	-0.1334798230513945	-0.2082404912087518	0.3912450482002999	-0.1432329690730511	-0.005887812524983746	-0.05140310219176281	0.006630270761513173	-0.02913646941124792	2.338417371474454e-06	2.056671463931669e-05	0.000421340964439289	0.003726167811019323	-0.09683117255315797	-0.02555366834092128	0.005316612582462484	-0.02206453711993579	1.879795858015073e-05	0.01494384371904515	-0.007108994871049136	0.0002823376892283566	-0.237315810362723	-0.3097829412618595	-0.2371668566827999	-0.3055100729245818	0.08759411261049552	0.1565947230076052	-0.1058114260675646	0.1491666567360321	-0.01988110579922172	0.1668930035881497	-0.04959143303990968	-0.005329999812636589	-0.03113332848301065	-0.02994002931684593	-0.002599992958666904	-0.003767118126545496	-0.001714343740480777
0.345	-0.6806152199126897	-0.00714188977712314	-0.1142895444284925	-0.2117964886163206	0.512082651148526	-0.2559938612323355	-0.01701115938302522	-0.08492754939239221	0.003747963497883392	0.009358440782472471	6.465380779180813e-05	0.005456810213529699	-0.003859584315279668	-0.002182505580852364	-0.07216264144143915	-0.02677892788360052	-0.01165507935401671	0.003830846419932814	4.959989279939475e-05	-0.003643348829015578	0.0014146536963201	-0.0002661460445640826	-0.2221028853187009	-0.3783766342353666	-0.2220828564029822	-0.3999014149084637	0.2111704548436872	0.1333782041884045	-0.2166389409566546	0.1297488054348134	0.06843574125495604	0.1897419996898204	0.02493157961549484	-0.01395829587249583	0.02261719953706569	0.02519368672164926	0.001974476166835026	0.002378602667286733	0.001927120645986434
0.35	-0.7129902942736409	-0.0475593850700098	-0.09626012295664386	-0.2167602324180383	0.6283727096185756	-0.3655119958709252	-0.02402385377470501	-0.1179262050053931	0.00110266896754424	0.0487757855492526	5.017902518745784e-05	0.0182694591594852	-0.006141176227471694	0.003558630755986003	-0.04636011470316373	-0.02665371415411757	-0.02999627303539106	0.02728190734690084	-3.803967912821289e-05	-0.01400345521685784	0.004369000011099389	0.001675681337201246	-0.2040547865715871	-0.4507274711038639	-0.2034380550635337	-0.4970389681134462	0.3410643376678953	0.1060509028688846	-0.3371765945440972	0.1090449860403574	0.1436418327051475	0.2153609920070151	0.09917714559846022	-0.02335906914562687	0.0677427953867248	0.08336229803252357	1.042752042372921e-05	0.01294640709930545	0.01592296785923535
0.355	-0.741130117336668	-0.09828059269377565	-0.2982036612844185	-0.3172793146653088	0.6301906831390146	-0.2921934539318026	0.06794367169312271	-0.05020392774943269	0.01440525845846259	-0.08981474266903333	-0.0001707652525329508	0.00300721868481229	0.0003787322658053579	-0.002367809553453171	0.05072575610275813	-0.1024839067743141	0.0233410869023501	-0.1467022715074097	-6.539788469415476e-05	0.02570544219215029	-0.007777886824838933	-0.001404959953086734	-0.3413738093799474	-0.3223308157103058	-0.3427446609885839	-0.559373255613228	0.0866567358991096	0.1679474048885629	-0.2678488560324421	0.1627051110201334	0.1340463495897018	0.2649682155935	0.05157654955463076	0.1550562898630474	0.0514372213443804	0.06687498610409441	0.006564649843595636	0.003506209652010751	-0.001002352978829147
0.36	-0.764870067771793	-0.1425217133757667	-0.499122302725547	-0.4132238510706349	0.6324683722246145	-0.2234437065088619	0.1641510993950427	0.008357971138663373	0.02174574000468647	-0.2192905752380907	-0.0004758274701494828	-0.03771040320500549	0.001036252164630689	0.008190981871374622	0.1478538228804779	-0.1678835262966198	0.07525736843368713	-0.3209205925004868	-0.0001535156148886966	0.07462751449706799	-0.01719509900950996	-0.001889549769894621	-0.4768762734485247	-0.2017586634257564	-0.4824995628435287	-0.6523805221032223	-0.1863469839830161	0.2249313753680153	-0.1720596820271884	0.1993083368418999	0.1368388286610761	0.3056781346934215	-0.003405359714890269	0.3560732379064346	0.03111051658591164	0.07231265376772869	-0.009247199949739961	0.04413370578547892	0.01676471124797892
0.365	-0.6959260073783523	-0.2047446306245786	-0.4914951183749702	-0.4458295445469125	0.5705040904625461	-0.02332261256651097	0.1110006486442395	0.09526375812815388	0.05729305576605605	-0.1807615703192983	-0.005159164949374215	-0.005553544788249498	0.02932293653952733	-0.001026719214199437	-0.008589664157312339	-0.02846822553700659	-0.03924974986003817	-0.2327162854137253	0.004040644465037544	0.05900940949049836	-0.02497585516795207	-0.001898291204690177	-0.4936935120179657	-0.4052405472083737	-0.4928011406532095	-0.6514310509505544	-0.02201462804743396	0.08931503406230432	-0.07712136267621628	0.1005032975823481	-0.333710299307495	-0.0627234811886514	-0.2894441417853426	-0.1775996101459491	-0.2813329273011042	-0.1585963274331741	-0.0007630817306622018	-0.00422422497820863	-0.03697972728352587
0.37	-0.6307682184549879	-0.271757964864445	-0.4836408650575857	-0.4856145518450274	0.5120384523053425	0.1905765175285841	0.0439383933996807	0.1968774027909623	0.05902884938524854	-0.1829526676011611	-0.0003339706306908092	0.09290603445855387	-0.01288547833954627	-0.009628088007182687	-0.1656324253550863	0.1048390976688015	-0.1687602580959504	-0.1394304541218399	9.369661189491698e-05	-0.05481264658536622	0.005038226065239455	0.002165052894606991	-0.5027340154274668	-0.6055474603859101	-0.5156404045435278	-0.6234597564148131	0.152805340305813	-0.0111526607318352	0.06158644731521213	-0.02982397998547372	-0.7907146133600639	-0.3822051087145557	-0.662555792143812	-0.8788371226363518	-0.5251491326019164	-0.5382645979090475	-0.01204382567166083	-0.08390497896029978	-0.07841073007290922
0.375	-0.6450112016438015	-0.1609450535262109	-0.5165084832515641	-0.4363994687626299	0.5893352035620275	0.09391501048568457	0.1292056314638823	0.1528606733763041	-0.004017207787341963	-0.157583049257289	-0.0001622523121994709	0.03299411073407515	-0.008217770279455703	0.001020633130456318	-0.06166862254047883	0.08434794471936044	-0.03874915952056567	-0.03071939071943877	-0.0001624291358347962	-0.01541762672865898	0.001186374332487357	0.001763498022417827	-0.4621582951446785	-0.6885781516302828	-0.46821037280326	-0.4014530947355608	0.1107263173372149	0.05119465052300981	-0.03873304068201159	0.03121424468765596	-0.253561151385306	-0.0706062237325373	-0.3574699354671623	-0.4991335983915365	-0.3093955166085919	-0.176663182228793	-0.01513246019372452	-0.01628802705070629	-0.02937713102750621
0.38	-0.6504077467311339	-0.05140840244049319	-0.5491308011697612	-0.3815685820439429	0.6735116190821965	-0.006134909272553247	0.2130715263681796	0.1078967128319281	-0.04367965330211432	-0.09398860301798104	3.420504076936872e-05	-0.02199184090863473	0.004863065836142509	-0.002635331089270359	0.02913540146463434	0.069931776106598	0.08718212820705841	0.07453302275752655	-3.902588777919837e-06	0.02388762531256314	-0.001633906298044309	-0.003057139202278671	-0.4252101888009703	-0.7747036993981286	-0.4281632829418303	-0.1785013421811193	0.07241483322681554	0.1003000751741482	-0.1562847197849085	0.1118292843492988	0.2683616747371091	0.226584242347445	-0.05935595270849994	-0.07964713168864376	-0.07695935195983337	0.2003648948521495	0.01157794474163196	0.02579364549479328	-0.01374974603363393
0.385	-0.6352196681554652	-0.08777243313670979	-0.1918925089491522	-0.2393483815484869	0.5342386218016911	0.01911196946771912	0.1071710465931808	0.07842208588418835	-0.0145167918484981	-0.06308632963953253	-0.0001008095378549525	0.001659814279851943	0.0001089558211401747	0.001869143440057484	0.004395739806203285	0.0879619492080221	0.02675032131295236	0.02405594192626797	8.162614054966244e-05	0.004745222773537174	0.001365876874292962	0.0001725343509578206	-0.3469995552099245	-0.5770415338486972	-0.3472648581879001	-0.2545826578164393	0.07765487879771572	0.08391467323089802	-0.1447012414783944	0.09086961948870484	0.1418726017763695	0.1572083759715961	-0.05716953526844287	-0.07797089650343655	-0.05582592945341177	0.07723055832459862	0.001247973497678744	0.01150096737038986	-0.003345179126480548
0.39	-0.626061231391941	-0.1283292342230814	0.1657210340589544	-0.09960140454829854	0.3954432907952201	0.0436688183429902	0.001446461387074234	0.05524153080321249	0.01391598822220078	-0.03670292647530576	-1.900427286399726e-06	0.01305623788762084	-0.001994422195538384	-0.003899574356827745	-0.0153429062878519	0.09809944644485291	-0.02639947036609036	-0.02235954048329373	3.384702633007881e-05	-0.003032453556644996	7.641434650888418e-05	-0.0006806564403164954	-0.266160600013903	-0.3720004953096951	-0.2646698981284375	-0.3409018537446614	0.08429788655761222	0.06958016103230602	-0.1330150493628046	0.06917232335386109	0.01197448696424005	0.07451724093356547	-0.05113638590076218	-0.07745536094705931	-0.03879216007385207	-0.04334611736391897	-0.0009424635429160645	-0.006187985689829148	-0.006095986770019096
0.395	-0.5846824496034297	-0.08730102900745212	0.2013263391316945	-0.09372122534655089	0.3697686238470779	0.09404630590677612	0.008177650345783573	0.03408728557778529	0.004213282376195162	-0.0230840626268884	6.318653090043324e-05	0.005507105004044959	-3.808054502694322e-05	0.001249207725944418	-0.03101506298667221	0.08943506972053854	-0.008600658206343995	0.008267285757738123	2.47404435308766e-05	0.0002688106157612033	-0.000480075027074904	0.0004675357671585017	-0.2203462705055997	-0.3464187848699364	-0.2192964104677413	-0.2527480809039699	0.05900015867762299	0.06781053226165751	-0.1068829293394328	0.06739077437785261	0.04680288072523679	0.09083825537428265	-0.02144961281300953	-0.03091974799914115	-0.01706255461541965	-0.006007022353596842	-0.0009353120203196403	-0.0006701761172543401	-0.0008624166329021822
0.4	-0.5412270139791678	-0.04264907034575956	0.2342945861188032	-0.08592383340451899	0.3419478471052342	0.1480091448849212	0.01747970454813978	0.01052081409821765	-0.002579462725536487	-0.007611550179943592	-5.458663000048117e-06	-0.003032062074546947	0.00172256401612813	-0.002515361654921544	-0.04681161627643178	0.08390798349212875	0.009321779481466201	0.0390499990461726	8.815965102082923e-06	0.006920163854847219	-0.002144587416508986	-0.001184463451303003	-0.1742780722505789	-0.3251953931337561	-0.1723940206257266	-0.1664603450494807	0.03721306847079397	0.06691327197594572	-0.08712888151985403	0.06894898396161413	0.07847981282072482	0.1015914742075446	0.01013367157426274	0.01689077502965285	0.003957683664980339	0.03315987035691056	0.001911454936722956	0.003460812503024963	-0.0009406278708483206
0.405	-0.54189052022877	-0.07213825982056761	0.2722060295861725	-0.05697924666359051	0.3343062121251033	0.1993576472873186	0.002424725407801444	0.01444556582295003	-4.637013516809519e-05	-0.004524190235909612	7.352660452855142e-05	0.001351433985982081	0.001154813534355628	0.00113140115300305	-0.05271778438313018	0.08882811499677615	0.001170066830404333	0.03269262180068295	2.138860459521256e-05	0.001469874626656811	-0.0009346682465278149	0.0002335288849251635	-0.1447498583140631	-0.3082157477519946	-0.141218112641411	-0.1642048722366722	0.03491861971968965	0.05698502027972131	-0.08400257303149274	0.05818250130871358	0.06612744448420042	0.08664693310209039	0.007704701867286248	0.01093617395914581	0.006160460514651982	0.01806926917569101	0.0004930390568132828	0.002062065936715427	0.001274751740946538
0.41	-0.5422893791084217	-0.09862636753834662	0.3097533659852374	-0.02766166486248606	0.3258252439399215	0.2506076286016187	-0.009653051167311548	0.01755669317363398	0.00313152743150244	-0.001803506084922312	4.187364933711431e-06	0.002665488721534322	0.0008807776197346799	-0.002336503503792948	-0.05693140821460868	0.09584251486508429	-0.005837045648187792	0.02656237334546839	1.588400203952057e-05	0.0007235425810872048	-0.001642104636873804	-0.0005747362759275837	-0.1128098340355904	-0.2940388367646713	-0.1100886764436366	-0.1635008436200003	0.03562580849448289	0.04849485498741921	-0.0837518760824968	0.04887576498627141	0.05227605277782174	0.06923205183546269	0.008189346079264897	0.004254613776776921	0.006872969013392382	0.004475534535997383	0.0007137990244037344	-0.000154247271603861	0.0002532692078310147
0.415	-0.5631942536161498	-0.08637943064345467	0.5543763972484205	0.01656090773096778	0.2488576226526353	0.184232778982796	-0.04727306292927795	-0.04742250948182046	0.002922258531006313	0.02582472869307571	5.03771996618933e-05	0.0004188890650268892	0.000146041446760973	0.0009223280255908238	-0.03908670031637525	0.1124800045140102	-0.004323543462787132	0.03106833483022857	4.242205548684124e-05	-2.432221338962557e-05	0.0002089088408704635	0.0002122449349511461	-0.1039821673966718	-0.1711163351734715	-0.09816829326211714	-0.1628425782151993	0.06617362048101233	0.04823432721362217	-0.07419077764291754	0.04823454857294616	0.06590009460337773	0.07269453096801935	0.005540822203196188	0.001821277625997944	0.002196876467324224	0.005034828176001305	-3.102085231459267e-05	0.0004109353351839252	0.000527203565322452
0.42	-0.5822056719612804	-0.07223380381009849	0.7985129828505932	0.05981244909424172	0.1698482767980153	0.1186556882052596	-0.08317493456415953	-0.1129114174437758	0.007055975336581701	0.05567118709651776	1.065832375389206e-05	-0.00302858748904856	-0.0007317290613743025	-0.001690687813322161	-0.02118447768121209	0.1303994996192576	-0.005680057042693733	0.03332140952035462	1.176999869367839e-05	0.001933419265845141	0.000726007031899081	-0.0006151565942578489	-0.09374804195013536	-0.05161139746878464	-0.08707116194860801	-0.1612701428760989	0.09842166639287872	0.04841963981050051	-0.06789638379940377	0.04808798353141794	0.07946291140920754	0.07471374750500957	0.004381564981898158	-0.0009577940448369981	-0.003978475687526032	0.006777130195279166	0.0005652798988758277	0.0003854601293431724	-0.001578108455691655
0.425	-0.6006634157129087	-0.142076026501246	0.3279237470977224	-0.07372064765109269	0.367215635539456	0.04786397169678047	-0.04396970805346583	-0.04280410425990543	0.001356280064115682	0.01410035013352956	2.36893139620724e-05	0.002077547671165518	-0.0006546976226668006	0.0007077690471244306	-0.01043125213721499	0.08784484922900304	-0.001048845363602739	0.01151888937692433	1.616137735338351e-05	0.001721124389978744	0.0005383728302341323	7.107429968825043e-05	-0.08850161356504889	-0.2997277169827101	-0.08240404700746036	-0.1172845950636822	0.07950356222571946	0.01617105293468428	-0.04547578928334469	0.01698469464068447	0.06707223944306377	0.03663499939860575	-0.004939472542236869	-0.004957970599251808	-0.005550149747128187	0.00964985066647067	-4.538350700319071e-05	0.001025571660798634	-0.0004610883505894926
0.43	-0.6171164255650459	-0.2098431624468227	-0.1444392854419555	-0.206589541189139	0.5626323186239213	-0.02104072461388739	-0.003319904166707292	0.02761492718560576	-0.001247654971241019	-0.02668218694438884	-2.224667769982691e-05	0.006192980370177712	-0.0008275778904596658	-0.001662203137212051	-0.0008549149615064786	0.04652745876196788	0.001320393543880593	-0.01053047097980208	-1.834842356710116e-05	0.0037558411493234	-0.0008214794789395054	-0.0004559661579108134	-0.08003628051777371	-0.5513405241123133	-0.08163595452114861	-0.07322243713421886	0.06054621379409587	-0.01427099002869675	-0.0256620306272546	-0.01346030845055149	0.0538908328702891	-0.001797783441657918	-0.01315153112895397	-0.008506238396366684	-0.00857188090597946	0.01294622269753476	0.0005751713043597379	0.001150381228323595	-0.001397369526817542
0.4349999999999999	-0.5854238123329436	-0.1697966285588841	-0.3502252041227162	-0.2873600167181211	0.610702587963815	-0.05971716504810298	0.009706758827995762	0.03049826862953731	-0.004810231095809158	-0.03016455496058671	2.714599540564985e-05	0.006055436494299993	-0.001098370177595695	0.0004591538734505651	-0.02567426782305543	0.03363320328362134	0.004608900212652314	-0.002326142495574709	-5.838420254728281e-05	0.003833664889952651	-0.0006727853930778423	-6.776943411486731e-05	-0.09007428171520995	-0.6318106040071734	-0.09203180342663904	-0.07959267573082611	0.04592047188156385	0.006541103123315381	-0.02181166023769793	0.005911583207602692	0.02607863607434818	0.01246322823445092	-0.0186429262058656	-0.00700736007098837	-0.008719105712937599	0.01450094305408598	4.825732357534869e-05	0.00153904662397545	-0.000417242566931892
0.44	-0.5541269326153775	-0.1296817762660744	-0.5561637660500491	-0.3682923958598736	0.6593918656603283	-0.09803585100819706	0.02269087770286552	0.03189969433089134	-0.004745652673488078	-0.03202378485565152	-1.864349346096297e-05	0.005091901155300389	-0.001650255303854318	-0.001286286689555674	-0.05051522641975628	0.02156673099560158	0.004962323349752342	0.004529538477465288	-2.817597762404569e-06	0.005394919382089098	-0.001746179400186375	-0.0004482854133694376	-0.09733282524110172	-0.7123778057099954	-0.1054949293246078	-0.08603813903667924	0.03245700542383867	0.02757966182625002	-0.01951812013156557	0.02451291456681756	-0.003077778174776335	0.02505404794621646	-0.02385620145383964	-0.005123539751971169	-0.01083931206675734	0.0159381168030596	0.0006711299786564984	0.001522098063222634	-0.001336408809174675
0.445	-0.5416839463844182	-0.09328227026792613	-0.5165503825406903	-0.3115719015268646	0.6460948209696762	-0.08873387274114629	0.01975448042042212	0.01438885360534005	-0.001095884048598198	-0.02558260730856143	-1.688715134424523e-05	0.006200564952170017	-0.0008818987117900581	0.0002946230836751917	-0.06502830061928663	0.03402645006189003	0.001053697984175514	0.008321135788987037	2.040806373329406e-05	0.00481383621046597	-0.001985301924320941	-9.258718066050947e-05	-0.08900104894585018	-0.5528863955433821	-0.1013034994750033	-0.05466013263403961	0.05388979816786719	-0.00319846932532686	-0.003975896092349673	-0.004481310522139664	0.01161134108340629	-0.003285896987707499	-0.02171009681439411	-0.009044564348638311	-0.009443126975097702	0.01302778220543566	3.478338836353448e-05	0.001385593635007187	-0.0003751104081873039
0.45	-0.5303599924495965	-0.05516432974365472	-0.4776897027444456	-0.2538857820741955	0.6314783271051705	-0.07907397610086116	0.01918866936194542	-0.002821582906149761	0.003944961215542099	-0.01873498097412809	-4.047524467060281e-05	0.006422065273199638	-0.0005203541754081843	-0.001188677856612349	-0.07800313776145061	0.04804834670199923	-0.003652653673608161	0.0111507932136332	2.544222911674921e-05	0.005874614903036451	-0.003472740085884043	-0.0003297720889201451	-0.08331259966732985	-0.3946088104985168	-0.09063361975607925	-0.02225567690188381	0.07511250429348337	-0.03241386799495968	0.009449180426106794	-0.03291422394975232	0.02642469744697697	-0.03081590626964663	-0.01761010041297938	-0.01315186826769821	-0.009033849443336068	0.01091586934292833	0.0005795930910648512	0.001106450881109644	-0.001062022827694008
0.455	-0.5187403630429195	-0.03594545670432064	-0.2324145943654056	-0.1746083263033047	0.4816331335235898	-0.06716298147706351	-0.02642427382522249	-0.04127215243873361	0.003821053993810504	0.008768948069817015	3.507057697121238e-05	0.003749668273063296	-0.0005424312577745806	0.0002400050960641461	-0.0777467177064551	0.05207030931884688	-0.003823799168990523	0.02189388549421071	-7.897531311000332e-06	0.003573365028420959	-0.001927617898835633	-7.558028462471979e-05	-0.07357818102454415	-0.3144724179342099	-0.07746666037957943	-0.05410141106705819	0.08514941633811741	-0.005172929703191004	-0.0009134211773970789	-0.00560884530107007	0.03122325563494656	-0.0009230657645356041	-0.01570005612974823	-0.01305668930440849	-0.008739795621100964	0.006778203135917701	-0.0001415755815965706	0.0006771821399222681	-0.0004706504200800137
0.46	-0.5057963696094321	-0.01505083816927516	0.01144429492950647	-0.09461308806558864	0.3300462716248327	-0.05359850419483667	-0.07055126585317127	-0.07879008660480949	0.006853082458724262	0.03840734237556648	1.604258125936782e-05	0.0001083073389807254	-0.0007462868836493394	-0.0007972043345759269	-0.07840198556722025	0.05749491734523798	-0.006755968772065142	0.03130691554543633	1.474499427592083e-05	0.002703641481091419	-0.001836399360296985	-0.0001891030651153309	-0.06476058182306135	-0.2370372512354011	-0.06371160467101687	-0.0857676952031393	0.09643693596287028	0.02403201670272538	-0.01327725460307195	0.02248467409190679	0.03737118898243875	0.03042062173776846	-0.01203499724063442	-0.01244908505307206	-0.00914459457760957	0.003254719093544453	0.0002894098853804097	0.0001285594296709339	-0.001372219972627316
0.465	-0.4829705079864819	-0.04547441574597158	-0.08169597105179811	-0.09227678321363758	0.371438684803162	-0.05807146868499607	-0.059445752050346	-0.04437847621150622	0.0006756112993054771	0.02339270935647697	6.4192247978187e-05	0.00164456250880197	-0.0008078541395203592	0.0002513048467929534	-0.04872355978044572	0.04704263672161336	-0.0007352673243391785	0.01980097140585352	-3.762255256603245e-05	0.001827774477338964	-0.0003636113947627936	-8.088080517976779e-05	-0.03815598189643841	-0.2897803933399504	-0.03864556746457719	-0.05482121022829188	0.1195571315508441	-0.002771050279138734	0.003800985268856624	-0.003362784259871171	0.04941843417430108	0.0038843683355095	-0.01386155267315506	-0.01491530501131212	-0.00967277490909757	0.006959469474898986	-0.0001734775900613714	0.0007011870165078712	-0.0007556771425034211
0.47	-0.4607329137272782	-0.07627203410696579	-0.173993749901459	-0.0909309200775222	0.4130477170547207	-0.06334489931203433	-0.04889703770370251	-0.01134588021518078	-0.003158453911691938	0.009650788080806447	-4.802286921677445e-06	0.002512282690624612	-0.001244266223832264	-0.0006911426389020839	-0.01794786814038145	0.03810941605558756	0.003312866002981515	0.006761738593165909	7.9706040062323e-06	0.00225508730010728	-0.0003749253493316818	-0.0001536203616562921	-0.0115079148073504	-0.3449852037607595	-0.01341992972774221	-0.02260317716367178	0.1415973037719626	-0.03001053122229702	0.0193449224924525	-0.03035322827500513	0.06107681833785305	-0.02359164508897474	-0.01511785664045036	-0.01876947882933433	-0.0120843609173513	0.01149080113877608	0.0004754262846059725	0.001280511995396619	-0.001662007287441826
0.475	-0.4450667098205435	-0.06865676766616409	-0.2880749203420441	-0.1092303957961115	0.4630312043140518	-0.0801751144634488	-0.03480064423415138	-0.0228352663088838	-0.003654931744595	0.006202065503019052	4.187545584994143e-05	0.00383284288313735	-0.001298082622791923	0.0001172648540101434	-0.02937926968584911	0.03838582337423942	0.003721969224334082	0.00974350913134054	-2.506962197617856e-05	0.002502826918247912	-0.0002144306128223941	-0.0001368056689076822	-0.0006989016622428605	-0.3210704910584748	-0.004698185236788327	-0.03384472850119519	0.138187829545996	-0.02095116601727894	0.0168347235351499	-0.02150208501077966	0.04926985860693754	-0.01670171643143986	-0.01690322720675044	-0.01985315420621749	-0.01154258812919939	0.01180642876669472	-3.69376777353407e-05	0.001392888557046789	-0.000923729000078632
0.48	-0.4290576139087442	-0.06162127819597599	-0.4031724505614036	-0.1267379112981737	0.51358675450542	-0.09624613637273015	-0.02078883937193266	-0.03331257887224778	-0.003403226146976595	0.004019907456193001	-1.725434548754974e-05	0.004323287523160653	-0.001841011374566534	-0.0006316986695087634	-0.04046047783151419	0.03995950755798288	0.003592551809419363	0.01199583498132571	7.239620967305808e-06	0.003807891668936224	-0.001567493995631668	-0.0001658025812046426	0.01046723268770412	-0.2981046395643928	0.002691581140024778	-0.04525070867559122	0.1331424008273794	-0.01186903890078281	0.01213561374652223	-0.01318522472921983	0.03812884370447452	-0.00986721803719543	-0.01742406268598172	-0.02166917357887321	-0.01212987154365781	0.01287308416687709	0.0005484648637354585	0.00156715774533623	-0.001480985974673776
0.485	-0.4094921443763691	-0.0573129062394817	-0.3208846725256883	-0.105339419668298	0.4394355456608085	-0.07327449034470281	-0.03533354524879446	-0.0336368746015013	0.0004387047672405122	0.01220959420954601	5.228996921084883e-05	0.003258289954997893	-0.0006517086909954287	6.836503909158097e-05	-0.04663462457213272	0.0428637215594968	-0.0003636085072463405	0.01523111182483641	-3.771095663598223e-05	0.003025246392758251	-0.001071034012403824	-0.0001570932966314301	0.0176586942131355	-0.2753704583732339	0.01153961199629447	-0.007057236422539467	0.1329114877915187	-0.02023618552351746	0.02896504287819972	-0.02142941469549825	0.0313163420242399	-0.01978447715678091	-0.01735900053432552	-0.02200513065690349	-0.01184930205390753	0.01143776093282861	-2.03362410052182e-05	0.00139268885030048	-0.0009063952756385885
0.4899999999999999	-0.3911457484273045	-0.05142930274502781	-0.2373568620162605	-0.08496195259696725	0.3638807643421465	-0.0516698528072329	-0.05060406732565697	-0.03556649057386813	-0.0002086435036845432	0.01827910366133409	7.64220260864393e-06	0.002223924510639029	-0.0009237436150935237	-0.0004923339769146899	-0.05116318903732612	0.04515529372438758	0.000541393159717812	0.01990630783961198	8.466663463521288e-06	0.002457965684001682	-0.001401562576479532	-7.677298348044215e-05	0.02475527404997898	-0.2541776407727397	0.02131752483121907	0.03242915560976055	0.1314267775332978	-0.02851085514502847	0.04440397590609097	-0.03035678804477101	0.0239853000870546	-0.03002229683889338	-0.01747409635847952	-0.02340803073626275	-0.01377641341002976	0.009152162773915706	0.0003779582362575092	0.001093716575227279	-0.00171890925105769
0.4949999999999999	-0.4055212671999054	-0.06761685402372405	-0.2278989903988967	-0.08611557484086382	0.3474702833776129	-0.06083858624700595	-0.04985150066562765	-0.02641890714024713	0.001377917710422277	0.0182852517771775	4.691580389418015e-05	0.001667021376425593	-0.0001209110913396531	6.866693400289744e-05	-0.04998022465683955	0.02769596793589031	-0.001381549833380095	0.0159344993226581	-3.393642582414868e-05	0.002047055512575397	-0.0008574973390628277	-0.0001153001173716072	0.006774258144801693	-0.3131391134878246	0.002604823745884857	-0.002209094124770888	0.1076514345120552	-0.01869143295825015	0.02706680346847666	-0.01938407891198404	0.02601397157999128	-0.01862484826506623	-0.01794882370685441	-0.02385551134618449	-0.01279920721535148	0.009700497852440291	-0.0001042482186215094	0.001134602350657757	-0.001045358471418414
0.5	-0.4205779141532007	-0.08217459673620416	-0.2168899540083573	-0.08846715012872262	0.3295553456743087	-0.07181848546871047	-0.04838512558407489	-0.01960897370528002	-0.002840567129703912	0.01499967384122242	4.681901533691095e-06	0.001346615546111233	-0.001073060874140998	-0.0003525069363172147	-0.04709580440868196	0.00945642800962483	0.002812898639179133	0.01421386622845432	8.709305080184349e-06	0.001841984021552844	-0.001108491209132974	-3.262218220053712e-05	-0.01151644963565471	-0.3742086833047188	-0.01370998947906903	-0.0347766148906123	0.08463677041826674	-0.008806922937683884	0.009061220839797806	-0.00924036721301856	0.02770657394397651	-0.007632559269133728	-0.01868629500148798	-0.02434898279198819	-0.01381987035727356	0.009003849034683941	0.0003299543903323449	0.001021280367024069	-0.001678632881175805
0.505	-0.4295663758021532	-0.08979130016611495	-0.2793981685262024	-0.09141532619275665	0.3865845829140875	-0.0790742411468676	-0.03705279568578508	-0.02800999453741714	2.53135780363085e-05	0.01215734256569331	3.114368491238878e-05	0.002602988008958532	-0.0006591644190869116	1.048830254505662e-05	-0.04885880981434128	0.02729044769358311	0.000204973875463413	0.01409711638584814	-2.683450052640915e-06	0.002151452506653241	-0.0007511425207941188	-0.0001308496846946731	0.007499790196637219	-0.3311706141822889	0.003679651186025671	-0.001516624706612979	0.09167318716513488	-0.01647048067036674	0.022789243723966	-0.01663367907008538	0.02604854098528071	-0.01580624147208463	-0.02181497749583	-0.02987874532610256	-0.01574212307288177	0.009566530673775744	-0.0001553174948175601	0.00111416695109488	-0.001323418892859417
0.51	-0.437664189323085	-0.09607634486037452	-0.3427251583729932	-0.09349636538718106	0.4423346333351068	-0.08557611193469808	-0.02407782799147372	-0.03579523528763517	0.001316173731843859	0.01008593590888415	-1.0278704793835e-05	0.00327693726170883	-0.001208476039173906	-0.0003670231035431163	-0.05097985347380062	0.04607643611583493	-0.0007641479874166042	0.01385776008490873	1.501428022076073e-05	0.003268024551346333	-0.001765647875483019	-6.540094050395974e-05	0.02558541327662016	-0.2896243740984	0.0221211299135932	0.03134191329167151	0.09781999452787626	-0.02381164762740909	0.03503381522736915	-0.02456744513890002	0.02358756258671452	-0.02412906820072826	-0.02406419601251393	-0.03619120554728087	-0.0190054338287265	0.01087482404658052	0.0003613105388789742	0.001364336736512271	-0.002096795836101516
0.515	-0.4721784452178655	-0.122107888845671	-0.3035982566238738	-0.09700648456959529	0.4310197508306296	-0.1084865453359453	-0.03240263574253087	-0.03408708536481737	0.0002479984906557576	0.011495479011033	2.19015852742139e-05	0.003147474286216929	-0.001083290471788255	-3.187331755552385e-05	-0.04910885707868141	0.02976593514808644	0.0001239420556237652	0.01283101686770841	9.805230703427789e-06	0.002535216728431351	-0.0007635250228113307	-0.0001440352655446362	0.01255703645184862	-0.3671090915678545	0.008989685658471094	-0.001735574574930074	0.09046541091817824	-0.01279122409151054	0.02519757035180681	-0.0123564833017357	0.02792316279126865	-0.01160726577679093	-0.02721510141540379	-0.0357823284901359	-0.01986191199478337	0.009360169452666005	-0.0002552184818327716	0.001058258022592281	-0.001811703658261328
0.52	-0.5057023052027938	-0.1484905961898921	-0.2634350510002818	-0.09968313014833413	0.4201449552623532	-0.1325690434861301	-0.03866657826955126	-0.03126066523848738	8.49181963989398e-05	0.01484919279897717	-5.305222975266305e-06	0.002138762883360656	-0.00144290929725718	-0.0002568943236051367	-0.04776257331023012	0.01508172725420594	0.0003182313444261404	0.01039420630672886	1.81580755442933e-05	0.003012002005052898	-0.001336148987815695	-6.690767647932557e-05	-0.001345981071011628	-0.4462167407842961	-0.002957174227497138	-0.03486621470815765	0.08259440862500766	-0.001293374599449225	0.01431757417211844	-0.001029627691842844	0.03173540925014996	0.000457645459530835	-0.02975060813701341	-0.03611834280482307	-0.02185752501136825	0.008879053234007018	0.0001346156837331716	0.0009816295078101567	-0.002533448951212602
0.525	-0.5040028441089496	-0.15095132618544	-0.3557411343998227	-0.1338603883704067	0.4628724817400041	-0.1314419841873259	-0.02982306134112259	-0.0287773698520135	-0.0004955811697100265	0.008197691760072947	-1.277072994956153e-05	0.003482086890448021	-0.00120920363580639	-6.713296579600107e-05	-0.05289665700146999	0.0189446636908614	0.0007401799046765048	0.0106808772265176	2.112761279312952e-05	0.00291295748976485	-0.0009684095856823863	-0.0001517056633659082	0.00594471305154619	-0.4536020649992118	0.002422941002487944	-0.01547528219297759	0.08449141542588219	-0.01114903357853849	0.02226832430442848	-0.01045157173872639	0.03179503847891225	-0.009858248744678421	-0.0319680697395933	-0.03708682137648386	-0.02159929308647828	0.009135570559113843	-0.0003181850261593603	0.0009711249906002025	-0.002025481309799957
0.53	-0.5011224774279758	-0.1522982190674488	-0.449466130042259	-0.166987964024992	0.5044289038487485	-0.1286923611864548	-0.01966075239419807	-0.02506959812098481	0.0005182432346142082	0.0025205506459037	-1.183503357953407e-05	0.004005122226541508	-0.001329760723303822	-0.0002852485589807972	-0.05899904307591658	0.02363110807929627	-0.0002979142285417964	0.01018881650112239	1.386043770564441e-05	0.00403936588499213	-0.002177583681824064	-7.331627348107228e-05	0.01247211030104065	-0.4623872879346589	0.008349206940939496	0.004295543022486725	0.08708164378545075	-0.01956710078172204	0.02931046692042664	-0.01924052543253448	0.03253464413237795	-0.01894579803218372	-0.03280380438701619	-0.03701610182871108	-0.02151719969931459	0.01068903777696149	0.0002253059679696152	0.001237284043628717	-0.002375044425748291
0.5349999999999999	-0.526558410225745	-0.1745299929326264	-0.4467362630104888	-0.1698626406889618	0.518093688051907	-0.1345182287948513	-0.02069156813297041	-0.02593561581170291	-0.0001810637854046825	0.00342357458133686	-2.782117937638296e-05	0.004181929587411605	-0.001180114658077609	-0.0001137866599728405	-0.06204606856644163	0.01671677552150342	0.0003676691634055161	0.01020008846346868	3.011446562035899e-05	0.003518496987151242	-0.001456524340336691	-0.0001696756742476828	0.01879739150196863	-0.5115755073817765	0.01428303864304966	0.006359178143781952	0.06570192619669989	-0.01418269817879235	0.0213477751400534	-0.0138591421566847	0.01780537801304447	-0.01395046308763786	-0.03336017484970441	-0.03677261615029475	-0.02058890391586929	0.01013292849021257	-0.0002641830542790702	0.001087289382360777	-0.001845472256809669
0.5399999999999999	-0.5530441976295235	-0.1972648904055549	-0.443196757152344	-0.1739614059941313	0.5319503968795654	-0.1412527971853459	-0.02187278889283642	-0.02758304055444892	-0.0002338809200381176	0.003837436520379307	-1.848439045674563e-05	0.004023385883165075	-0.001654521471135063	-0.0002421175670658368	-0.06366895550824501	0.008917549759393425	0.0003890563497322652	0.00897150511793302	8.898706635313216e-06	0.004060355699163057	-0.002172445107852686	-6.754241999376871e-05	0.0243236228365852	-0.5604284907073637	0.02098429280157982	0.007614709185072308	0.04515326638369808	-0.008499492399236972	0.01228787475659652	-0.009070637686780136	0.00282873186162416	-0.009073490668265934	-0.03413201071445032	-0.0357331934424369	-0.02098151670648905	0.00996595674817811	0.0001426525347234278	0.001015250070913601	-0.002324589783728367
0.5449999999999999	-0.5639997974695586	-0.2111205089233667	-0.414024852285657	-0.1617784217805295	0.5426821624217427	-0.1374244304102864	-0.0211234970182669	-0.03763189412623792	0.0001058870573424555	0.005733819806716028	-1.857861365158466e-05	0.004257937090552897	-0.001482464431835549	-0.0001225504239184985	-0.05417465784074248	0.021894888448613	0.0005026987541304361	0.008482342405376313	3.137323374951519e-05	0.003568339995128433	-0.001178367711630558	-0.0001788268729028396	0.02853410890662354	-0.5383733628974947	0.0247763095099473	0.01073946887267805	0.05543017628840712	-0.01000495042700601	0.01648473553055286	-0.01070577838170086	0.0009625676976311911	-0.01111378879590866	-0.03418423176665924	-0.03803635358951251	-0.02137784044628832	0.01064915818448247	-0.0003042136023962665	0.001123947074240927	-0.00198976853793451
0.55	-0.5757227609015256	-0.2241197993923227	-0.3859018394967964	-0.1506150608463289	0.5521864777238695	-0.1324308084776487	-0.01968713519691079	-0.04869888599506214	-0.0002023920446312676	0.006013360946776604	-1.456043565739896e-05	0.00466184230812328	-0.002173014965983343	-0.0002424942252874287	-0.04416662881848382	0.03376461036419701	0.001298079075381625	0.008179423611755814	-6.265561156396897e-06	0.003957937733959146	-0.00146086987615098	-8.409205376832415e-05	0.0320912671367763	-0.5157857713437858	0.02905820662933521	0.01275597201524277	0.06509264462155234	-0.01139451094528416	0.01940031705099087	-0.01294182439109204	-5.891876590862416e-06	-0.01322164748470115	-0.0349809050134532	-0.03933628620477152	-0.02315439333830542	0.01065725930281781	6.352878904382426e-05	0.001073090808274715	-0.002616683084062742
0.555	-0.5715124498223859	-0.2330665802541721	-0.3756900784997146	-0.1592801399736695	0.554103164216726	-0.1099117468494577	-0.01459930327778625	-0.04914708605697184	0.0004098711424775936	0.005895000263700893	-2.005206849978135e-05	0.0043270556304006	-0.001694291794996437	-0.0001234947650729468	-0.04375018143620032	0.03602898183493405	0.0006670398564750681	0.008495327808805693	1.855965799729397e-05	0.003517481612884937	-0.0008729154784161754	-0.0001890093619467804	0.03152977312500049	-0.5338674745638169	0.02836075865350206	0.008066416275690807	0.08261943382170103	-0.02036540082255513	0.02943135587220036	-0.02048079820521617	0.01511360155064035	-0.02162101815296778	-0.03303715035561559	-0.03673566746487594	-0.02049311943809399	0.01219579365718654	-0.0002430845583145326	0.001305456205951238	-0.001961554407468499
0.5599999999999999	-0.5681422917389756	-0.2410890680892084	-0.3646318469833886	-0.1689062232225893	0.554735807912891	-0.08822733345060774	-0.008843120551318275	-0.05084125432604727	-0.001152591489385983	0.003719427421799767	-1.945421299065595e-05	0.004403348482928335	-0.002256614093382753	-0.000200667376396154	-0.04255540168859101	0.03705581858241524	0.00207500485591495	0.009752311541893561	-2.33391945908426e-06	0.003884451556270342	-0.001411873744430507	-8.990665395475427e-05	0.0304558526112876	-0.5512070616916873	0.02748839679851166	0.002502411667437108	0.1009251907408686	-0.02854931589223389	0.038213954405506	-0.02814062581886871	0.02970200800613773	-0.02963716709719354	-0.03194799918787961	-0.03305125758981321	-0.01898826917619925	0.01271881399272736	0.0001754410107190601	0.001314636541240957	-0.002172234357855087
0.5649999999999999	-0.5631554078868165	-0.2427915166666817	-0.3176087886655358	-0.155073956670336	0.5565024245132765	-0.05836583229182362	-0.005920407091443656	-0.05468474812653985	0.0008690674290118508	0.005578644258533029	2.015527876606237e-06	0.004247495193226406	-0.001611702031581795	-0.0001362259630952969	-0.04393184682233743	0.04294404732166827	0.0003466182513981579	0.01104709031002299	2.162776215033959e-05	0.003601338323888345	-0.001094376897010195	-0.0001901816788943732	0.03880683120993626	-0.5290218982538824	0.03601959090686131	0.002710954555802078	0.08484327246413503	-0.01656051068023389	0.03521101993532871	-0.01646038799415784	0.03351528215697723	-0.01789023163443614	-0.02875115714076357	-0.03074041752179356	-0.01663200996234754	0.01322112948137513	-0.0001310525983757099	0.001411827665243245	-0.001590253895666686
0.57	-0.5588704006409659	-0.2433193488052155	-0.2696384690550253	-0.1423477285325425	0.5568272299176956	-0.02943212624287581	-0.001986493953960808	-0.05976376067917752	0.0004478884988352447	0.005941403294138971	-1.276827925029336e-05	0.004568368614948099	-0.002061798138120053	-0.0002110212672920822	-0.04432878012051166	0.04768786780230245	0.0009086261816141004	0.013293975834193	-7.665163254780671e-06	0.004075212425699957	-0.001784197059504617	-8.687539520820825e-05	0.04660306452055941	-0.5065044004495063	0.04475347730973928	0.003578760942332287	0.0695821911572327	-0.004564690413601961	0.03148353260362705	-0.005349507314691198	0.03811825762306893	-0.006259428673495945	-0.02595181264724509	-0.02696714844134892	-0.01463512498418815	0.01261127286600244	0.0002584720657683202	0.001251562934744545	-0.001673334726057381
0.5750000000000001	-0.5427715057140241	-0.2425946956791041	-0.2195012844357744	-0.1473157738348468	0.543872099586016	0.01281619038815843	0.002349252787546806	-0.0570441308325278	0.002164129460692554	0.006204709932286567	-1.187146273050076e-05	0.003710889436596466	-0.001206895986585339	-0.000126092287603195	-0.04369102949300968	0.04741224640690737	-0.0009181436696177117	0.01300753845848194	1.844653800771673e-05	0.003573489815522466	-0.001488160070349246	-0.0001704384737845921	0.03775283221327241	-0.5095583263254321	0.03561221422886469	-0.008733497254225713	0.09863311299950693	-0.0148237584770775	0.04070496761803164	-0.01460600790876999	0.04031795766514147	-0.01674525078107776	-0.02251885804285451	-0.02225072209731037	-0.01152069842695616	0.0135932198154945	-3.424901955907507e-05	0.001444441071224811	-0.001093346226322741
0.58	-0.525390963651392	-0.2409349161978432	-0.1684768364751554	-0.1536110418703796	0.5294583540159178	0.0544106619154721	0.007654369325917572	-0.05517637025501815	0.002052528262653381	0.00536745113783703	-1.962174665227025e-05	0.003369453204562689	-0.001293021709924929	-0.0001597256095966975	-0.04219656422951338	0.04576123617925781	-0.0009230581873801882	0.01351139088983034	-2.269050814215225e-07	0.00368806456448134	-0.002019816153223285	-5.5841681831432e-05	0.02812190582167431	-0.5143316847956407	0.02709567499496403	-0.02210905534564014	0.1270482634400272	-0.02508651414404355	0.04874091475738637	-0.02440919446729797	0.04365173143179187	-0.02735893819630124	-0.01980979569302063	-0.01630827017721847	-0.008756234519123449	0.01372201517871638	0.000362267109577039	0.001379276470044649	-0.001119919004538317
0.585	-0.5062798566000943	-0.2433816725938085	-0.1408904295190523	-0.15759230745292	0.5142427557399341	0.08648738014062811	0.005036035935054759	-0.05234810703637893	0.002576295787525019	0.005995506594374258	-6.682782605388067e-05	0.003141646539130222	-0.0006044148066789706	-0.0001403981991315227	-0.04549323105883987	0.04268555984415487	-0.001737640135724508	0.01450571060286156	6.04305694121717e-05	0.00336569150003834	-0.001926658798467348	-0.000128178162334976	0.03798604614255739	-0.511880451130849	0.036391630345185	-0.02986514409295974	0.08334664250661732	0.001307851870670194	0.03554565490598138	0.001565880089358323	0.0476979640955093	-0.0007500615450539078	-0.01552907815244756	-0.0108920584772188	-0.004636686096414178	0.01343490262928152	9.468857644684418e-05	0.001425958606993164	-0.0003733794325098966
0.59	-0.4857128394570276	-0.2461841474484391	-0.1143435637883305	-0.1630375472330733	0.4992061405937875	0.1198695824258818	0.003931200172347462	-0.04862243444131011	0.002912469619068793	0.007342747045518407	-2.497315682287047e-05	0.002907884319151494	-0.0004331497447642501	-0.0001459718164927238	-0.04780114372299143	0.03853738430208437	-0.002230657413921249	0.01434186442313653	-4.312837570637404e-06	0.003645479471032602	-0.002518835826440546	-4.472903033132932e-05	0.04711100773823059	-0.510038996598592	0.04640634040236558	-0.03831815562162825	0.04075455325888567	0.02857094999014737	0.02132675855244441	0.02760818376532923	0.05153267992449737	0.02632329120260958	-0.01143078926207129	-0.004085300139183245	-0.0004716048526828954	0.01340042566075942	0.0005462106628015849	0.001342064750883701	-0.0001456407582976492
0.595	-0.4711327090758199	-0.2483057066410113	-0.1225931131851037	-0.1788279396441674	0.4995805594354394	0.135311129620003	0.009521383290884986	-0.05441084466348065	0.0009793911567146333	0.004315839877486102	-7.849448599906683e-05	0.003041632255603523	-0.0005953569686561988	-0.00013462410529978	-0.03853167999274845	0.04102067987849259	-0.0006146885235528438	0.0123797951156724	5.706773207090486e-05	0.003107931736241932	-0.001957010584994228	-0.0001087007705527816	0.04029343124949376	-0.504836616901994	0.03844872485103161	-0.04914464615587233	0.06807590834403511	0.009875925399928378	0.03712476599635464	0.009808283105948862	0.06241896665435113	0.006192160226702617	-0.01389678694728218	-0.00651690033331135	-0.002773167466505223	0.01618087319489483	0.0002407533410750511	0.001816818482659522	-0.0002645354201131406
0.6	-0.4554546651131377	-0.2488384893560728	-0.1326425368727938	-0.1942947132825467	0.5001116969105008	0.1531007868587917	0.01760643138449242	-0.05812578491617421	0.0006948147135422337	0.003264914130616149	-2.258335416723068e-05	0.002795295536322737	-0.0008652677633295838	-0.0001082859473013008	-0.03004506473713994	0.04389198609757736	-0.0002858023096537276	0.00910185177641977	-3.224627861761792e-06	0.002988583026063849	-0.001755354371214585	-3.596645703573384e-05	0.0317904095863526	-0.5017555617893451	0.03063106471740595	-0.05911270918100835	0.09680810649838867	-0.007273912501122325	0.0522826241483955	-0.00702834018427078	0.07425443534025776	-0.01248341170312211	-0.0152321058119712	-0.008228011451769627	-0.004556097687275321	0.01975868627076514	0.0006465125428881431	0.002242383766218154	-0.0007833033988657921
0.605	-0.4524846529846182	-0.2556449060943328	-0.1003949643455145	-0.1738934198178474	0.4819542708829967	0.1473794644873892	0.008153507045350013	-0.06080076721595447	-0.0001888605927092796	0.005387175014957535	-6.303189146926237e-05	0.002795042212783317	-0.0008418652523443741	-0.0001160660263715384	-0.0246464137901967	0.03450313487949917	0.0003252806783636519	0.006432635873868425	3.790570250221491e-05	0.00297731733540673	-0.001674113782356089	-0.0001126568149533663	0.04484349998081828	-0.4971661583514796	0.04329546362190333	-0.0540128803195782	0.07251539259156797	0.01813641113838725	0.03399115170710476	0.01688805037636603	0.05058106550883218	0.01363980340751459	-0.01690706702381983	-0.008264783320712295	-0.006100616837776501	0.01850708694186418	0.0002209407681390677	0.002101715607903341	-0.0008057044310335387
0.61	-0.448257602750327	-0.2606320563093019	-0.07021320692820053	-0.1529538348062928	0.4638738889970691	0.1441893582380758	0.0009879281682764534	-0.06189280656800808	0.0005875230173525001	0.008888932179012042	-2.627827782047257e-05	0.002530100001976069	-0.0009226611443364234	-0.0001019659449120011	-0.02014103660836025	0.02591921164748692	-0.0006821470773936388	0.002790866485753225	-2.643887920599231e-06	0.003105146922444052	-0.00178887083669753	-2.433817737932116e-05	0.05721495275131256	-0.4948028509672159	0.05679385022611603	-0.04779642234209234	0.05051582956692508	0.04519364753851719	0.01561629090194063	0.04168784560500687	0.02678136273766626	0.04098001020900739	-0.01786395693944077	-0.008010382337644353	-0.007762162792301573	0.01791513954821199	0.0004546569539029569	0.001928147637772853	-0.001302115701644922
0.615	-0.4392891413271484	-0.2561274537663005	-0.07946166892262536	-0.1444416964064094	0.4427007311262348	0.1470445721405586	-0.0007782646729435243	-0.06310051657913823	0.000380095610855336	0.01054117840457477	-7.857273330567305e-05	0.002336592172844909	-0.0006996482303402551	-0.000105247397025659	-0.01211577953402469	0.02314291770489241	-0.0004497023792134078	0.0006238531664378754	4.8569201118215e-05	0.003264447482097876	-0.001854685802953612	-0.0001163447488155311	0.03790562788212148	-0.4830697825728406	0.03691857650292267	-0.05372318866424933	0.04477977209476674	0.02614753594426236	0.02768180046334082	0.02441291565334478	0.04951913962871584	0.02067524042778332	-0.01761487011653841	-0.009235991850409945	-0.007852201707140846	0.01775154157174839	0.0001356247793424547	0.001981461276697223	-0.001094645626736948
0.62	-0.4287929862556801	-0.2503960433630557	-0.09041193737702456	-0.1370302423636248	0.4201110118525983	0.1518507169751785	-0.001220595470748359	-0.06489593161431323	0.001487019543103691	0.0114269352394067	-2.571874777778551e-05	0.002387321039309183	-0.0006576513387901894	-0.0001110760028720532	-0.003640665323634614	0.02141928194250211	-0.001614039646864122	-0.001114711841788552	-1.632152231867638e-05	0.002938168061154357	-0.00178957407614852	-6.813514005247611e-06	0.01822026170265417	-0.4732933032180898	0.01732008882963738	-0.05857380448417285	0.04083450444401424	0.008393007764526761	0.03973644772368167	0.007897996159666704	0.07209709339637228	0.001417589573684467	-0.01807841915482681	-0.009782840958288115	-0.008605004689568218	0.01724530319197798	0.0003826142516828489	0.001851210011455121	-0.001414415254401939
0.625	-0.4213591457696222	-0.2376467480532352	-0.1043323199746947	-0.1268550774990522	0.4199679656747572	0.1304023056610198	-0.003997355753767503	-0.07760466764577045	6.021462525178985e-05	0.0141659949730839	-5.623565455512657e-05	0.002305153837937302	-0.001079667879584763	-9.754912672791063e-05	0.01122582510764485	0.03261982816205222	0.0003657142539771236	-0.002645728873946964	8.430231140810778e-06	0.003139347132374704	-0.001294894763642645	-0.0001348287019530617	0.009260022210238939	-0.4237612287681431	0.007986256352877343	-0.05280074065975723	0.06845131114796585	0.01306190876871715	0.04592110292445641	0.01140898015913374	0.06217779047314707	0.005089208541967422	-0.01503313549290637	-0.009937982177347952	-0.005886753633431033	0.01378944599737365	7.975276845531328e-05	0.001509431980642623	-0.000737150396824314
0.63	-0.4121976340336158	-0.2238691918837724	-0.1203958091200886	-0.1173715688200614	0.4187164592558255	0.111344232790018	-0.005714702078710714	-0.09069511894399433	0.0001813758491165071	0.01649525263606994	-2.474413058668293e-05	0.002365809577258039	-0.001449578089963479	-8.966888386356447e-05	0.02610906355691955	0.04492269566807165	0.0007375906161787326	-0.003738611719406771	-3.309199808541258e-05	0.002705196337717261	-0.0006671324047386813	-3.61353179674699e-05	-0.000116741640429853	-0.3755533796199196	-0.001551006686053514	-0.0460874057939977	0.09600348425401661	0.0178362483377912	0.0523002401748575	0.01465429560490075	0.05322843138896366	0.00891791035367737	-0.01240976629171717	-0.008547160297813314	-0.003239089185858935	0.00974042164587619	0.0003323358669459575	0.0009447237918108032	-0.0004662136333555685
0.635	-0.4067499919207797	-0.210399737331018	-0.1340647180804291	-0.1057580445634522	0.4049803067684292	0.1036064439800821	-0.007750623638738282	-0.1005160999547123	-0.00156755726718882	0.01870091252237049	-1.71471917161412e-05	0.002693851817413247	-0.001993400992357552	-9.050159057858199e-05	0.03825145423393454	0.05196873836688127	0.003021433702089048	-0.003927224009270664	-6.080158573429594e-05	0.002975472520712391	-0.0002924279147561889	-0.0001846740614084349	-0.01672794472195241	-0.3394434886395811	-0.01829712510385785	-0.02219716181514826	0.0307201395380959	0.01916210366526803	0.02647696011897967	0.01779121979311077	0.04170568150405245	0.01353192813546885	-0.01159227357426628	-0.009377047319265971	-0.002566756453003231	0.007358073644272681	1.086083527974217e-05	0.0006507795289392221	-8.438222565420682e-05
0.64	-0.40064146614859	-0.195894489913557	-0.1489393683178632	-0.09336796164513865	0.3920332170872723	0.09684730671057709	-0.008392433932411795	-0.1093601363834122	-0.0009258078770536724	0.02160433128794122	-3.09241131876879e-05	0.002614454551600976	-0.001996313715198507	-9.134531875451733e-05	0.05010088695304424	0.0599203599345623	0.002899115537931245	-0.005020126756805839	-5.179807400593045e-05	0.002644151553777843	4.387710130799226e-05	-6.037179100114882e-05	-0.03303961993762081	-0.3018962458993343	-0.0352300207267267	0.002501756831660338	-0.0340581821446367	0.02154533562365158	0.0004125626357715203	0.02163566431463558	0.03034251652730574	0.01926555951097495	-0.01019128026153324	-0.00888211560417115	-0.001618342628971272	0.005727959529214341	0.0003352123749420167	0.0004073722163789218	-2.305416888794283e-05
0.6449999999999999	-0.3845977000001263	-0.1667379902039781	-0.1477527609651737	-0.09207325455872442	0.3650388614043955	0.1134236747732631	-0.006194263407335549	-0.1181523971822897	-0.001004269443617277	0.02335147502970667	2.319291015590697e-05	0.00226339723913083	-0.002259435221633519	-6.990469528962905e-05	0.05579032939337487	0.06805654204296679	0.003325364083340542	-0.004002498879092697	-6.934594421922212e-05	0.00277521854427524	0.0002211822085791129	-0.000195851569102875	-0.06161378618700075	-0.2664555509378563	-0.0642120227883857	-0.006031130711238045	0.03519171326116879	-0.006523357836647935	0.02708594440193332	-0.00571173906392562	0.03018134378409189	-0.009833444524766565	-0.008488818183177028	-0.008183277002264157	-0.001543258727540194	0.00662827763980372	4.960422612612822e-05	0.0005913386145683963	4.582386323662519e-05
0.6499999999999999	-0.3694404152055027	-0.1389902254110872	-0.1469602927560169	-0.09150823582945285	0.3374330162472957	0.130122608565151	-0.003760234210895575	-0.1261703404855118	0.001199893663282805	0.02551140030272511	-2.791986842598876e-05	0.001473438257099722	-0.001860536523168536	-4.949649863973666e-05	0.06230184921269435	0.07541455656706234	0.001589539209513534	-0.004310320539391461	-4.81283467273551e-05	0.002134204884829709	0.000509920814381106	-5.6343930504759e-05	-0.09013448479660108	-0.2294726710308456	-0.09344964513847337	-0.0140862507859226	0.1051127743638555	-0.03503660561272137	0.0534521175906254	-0.03374575154665813	0.02973014399328942	-0.0391102356803051	-0.007747094776273508	-0.008154600481773458	-0.002279880486630938	0.008182050973668588	0.0003568260926432463	0.0007681478049902902	-0.0002430235677618615
0.6549999999999999	-0.3515634025590834	-0.1176059419315528	-0.1427044472616321	-0.07974670722630858	0.3201173403597834	0.1348882672067001	-0.008484951308260958	-0.1222863609321928	-0.0006450690278109954	0.02633172363955833	2.662182415876488e-05	0.001852273089995025	-0.002068700850994675	-5.780654317035585e-05	0.06254293367815346	0.07233778237795911	0.003289091324735659	-0.002685476685224922	-6.826357977651035e-05	0.002665707803406362	0.0003178895347643659	-0.0001989173400282426	-0.09168147779070938	-0.2071403644588433	-0.09476854453658909	0.01069014502967374	0.01482637833818008	-0.00389722397446409	0.008513060727815101	-0.002053907847885977	0.01111573374091641	-0.003199624221753098	-0.00503664908352324	-0.006375042264990216	-0.0003740804590465702	0.007400132624123833	0.0001339723778054237	0.0007426649713864351	0.000173400441240341
0.66	-0.3352759970979319	-0.09783344242825964	-0.1366555995370453	-0.06935240538840309	0.3015789793340622	0.1375819284450589	-0.01420423911254728	-0.1170072027723628	-0.0008841312627724974	0.02677806304445403	-2.910938428100409e-05	0.002116561555831547	-0.001670026948227404	-9.167790617643465e-05	0.06432767877727255	0.06789027883290218	0.003590287156751845	-0.002104671491528516	-4.34349258201618e-05	0.002233419354652741	0.0005430865563986116	-7.704838673035118e-05	-0.09309788871533349	-0.1834648833775157	-0.09608444020706419	0.03386684834344306	-0.07582938685914642	0.02682541151754169	-0.03657574377426766	0.02888986448149263	-0.007955783766371141	0.03204397769151591	-0.004030725889996779	-0.005719924854839689	0.0008504929710287463	0.005583517309108885	0.0004386756435621813	0.0003553376300756757	0.0003640483295780499
0.6649999999999999	-0.3183753130007518	-0.07792034984188378	-0.12186693436639	-0.07684119089038473	0.2813373336391652	0.1369204692991121	-0.01358728029232076	-0.1174829943091032	-0.001025640081327595	0.02581160673301086	2.898928819331506e-05	0.001910249296325071	-0.001951237361469756	-5.546341756635061e-05	0.06671122303034785	0.06700333544823409	0.00340926125784665	-0.004203652842364299	-5.952700056693139e-05	0.002485933937482891	0.0003574119642053546	-0.0001886069231949637	-0.1074043443556691	-0.1573369112693699	-0.1102566254012294	0.02137637042157686	-0.02589021202480666	-0.00138941760245449	-0.01085462397855049	0.001661815033923482	0.001266959781100254	0.002109373538380202	-0.002158911791012227	-0.004527017520218403	0.0007952689622968848	0.007807601112867715	0.0002185290138769968	0.0008324946707803575	0.0002939413418867939
0.6699999999999999	-0.3031038953333626	-0.05945024499628926	-0.1053104058326184	-0.08563832593309476	0.2599161431332579	0.1342581855469649	-0.01406883645049141	-0.1165403726754371	-0.0008371089245664729	0.0238776639836101	-2.609178087509582e-05	0.002025099138479324	-0.001799382973842844	-9.154029370453546e-05	0.07052439732631002	0.06490642019264978	0.003113956012889288	-0.005906235253716959	-4.018052211957076e-05	0.001593741568088192	0.000814270313181535	-4.305863361197444e-05	-0.121686755330248	-0.1317512552242823	-0.1242780982723723	0.007348266698121176	0.02369394674271388	-0.03071826510625648	0.01458397265614359	-0.02699241900692114	0.01027088510353393	-0.02903032600621645	-0.001387202357648288	-0.003758863965933515	0.001058788051189421	0.00820433901670955	0.0005000284965806921	0.0007777932365346915	0.0002052817427273526
0.675	-0.2831141492646079	-0.04085908510477218	-0.09100753531465576	-0.08815251229459725	0.2428051010929576	0.1377364812584215	-0.01628724916559923	-0.1100361386717341	-0.0009562099962764366	0.02478345708482298	2.806299301609304e-05	0.001199576168560686	-0.001853037487494787	-1.650692856757461e-05	0.06432582242344478	0.05787784296314718	0.002152294819516162	-0.007294512293814095	-5.27330288031848e-05	0.002184824665023654	0.0002226109020876363	-0.0001606805309637693	-0.1216267270021433	-0.1257015857735136	-0.1243492071052394	0.00417929912368744	0.01017054856652655	-0.01324689451383755	0.009424014380858069	-0.01053056750068811	0.01022990913591552	-0.01232984837253994	-0.002896687681739312	-0.003427545364582145	-0.0007729082161859916	0.009407007337617995	0.0001968272704107051	0.001014215306942505	-6.125852466129674e-05
0.68	-0.2644842212943883	-0.02359266048462297	-0.07497528934597834	-0.09188150266882771	0.2245041820720363	0.1392731555321148	-0.01974427293754403	-0.1025444336159002	-0.001701587234061155	0.02441685448200024	-2.643676349954346e-05	0.0009467621019171079	-0.001597176687577237	-5.366450050585261e-05	0.05952961272859018	0.04977624864430798	0.002019779361887014	-0.007674958169210999	-2.140622373134381e-05	0.001482726458749386	0.0003819833209765033	-3.912076157948453e-06	-0.1217334779333184	-0.1205981103139404	-0.1240780568885214	-0.0004750488947552788	-0.003773202146772898	0.003948704195982445	0.004385335861390878	0.005313961281041154	0.01078898739850699	0.004009211124126261	-0.005410671849364384	-0.003714800208738309	-0.002199757670104293	0.008884353073245008	0.0003656612371255929	0.0007104600214266569	-0.0002876577391574506
0.6850000000000001	-0.2454643230539183	-0.007395128804170061	-0.06600984387261677	-0.0983214170421344	0.2135291835857275	0.1350405555240067	-0.02362949763587615	-0.09419891696133205	-0.001124082371777551	0.02440412364256963	2.570372826433831e-05	0.0004570528081250808	-0.001462268036968804	1.595314213609431e-05	0.05363396898600944	0.04443148759277273	0.001022992022808766	-0.008045169906350454	-4.628354624582252e-05	0.002212805359492505	-0.0001893036255187381	-0.0001478359938219355	-0.1171931836290483	-0.1113825852972443	-0.1199667184279626	-0.002383695148357603	-0.01461987878868591	0.008972725351833985	-0.0005463760668679653	0.009869305850172426	0.009318916012110746	0.008780508488655032	-0.002699789776967567	-0.000739013692366952	-0.0004103455084418122	0.008910142926648249	0.0001631540728828502	0.0008996913233847965	-5.99302110697313e-05
0.6899999999999999	-0.2275856782914517	0.007583036397714574	-0.05552581874372951	-0.1058554091109919	0.201369441874241	0.1291728563450173	-0.02877281454815121	-0.08490770688896057	-0.001772994623702556	0.02312127474554152	-2.271618498844558e-05	0.0007153749939334056	-0.001097320037239755	-6.666900633954818e-05	0.04882871189881879	0.03819111656146169	0.001404024521951818	-0.007744730932884145	-1.746263608922657e-05	0.00151677018891609	9.63682651008231e-05	1.64435340325355e-05	-0.1129651104781713	-0.1032906016151718	-0.1153291554062328	-0.005539251673965965	-0.02636768309904228	0.01377276427922076	-0.006019651439665255	0.01382698840718945	0.007838022107364886	0.01326258227036423	-0.001327834581875769	0.0008349255803269547	0.001024237673519539	0.007979185557915431	0.0003922793857393404	0.0006401713730040513	9.951954543006484e-05
0.695	-0.2150847729190832	0.01991210994222806	-0.05212271109939431	-0.1128206440504988	0.1972823848769893	0.1155973550542733	-0.03017178110806947	-0.08074940207920071	-0.000793592845029676	0.02241587035051968	2.737441645451102e-05	0.0007085121151915305	-0.001052988846142681	-2.364628298635944e-06	0.04832335650696541	0.03983631508911219	0.0008787987035846936	-0.007095262579104735	-6.307765384255075e-05	0.00210286818519758	-0.0001544904316339522	-0.0001492991099489317	-0.1142984737987337	-0.08534721703501895	-0.1171909004500269	-0.006260992326512143	-0.01357988715185569	-0.000409815478808808	0.00220281548856523	0.0008328493657463264	0.01005857756519789	-0.0009749615069891695	0.0005499827134360598	0.00260865433815358	0.002739477411285885	0.007266160247582734	0.0002133319363176957	0.0007718413430039866	0.0003479598272696147
0.7	-0.2037129519172805	0.03105229021528226	-0.04728571594465845	-0.1209452882084565	0.192044401869221	0.1004780191336134	-0.03286196923673811	-0.07567179243402658	-0.001421648152442914	0.020206980034203	-1.639818193879465e-05	0.001592566412477101	-0.000841005679342518	-0.0001247010412482821	0.04921492375981985	0.04039932011076035	0.002100924587462416	-0.007054961338954832	-3.445801926976557e-05	0.001300854688304198	0.0005015001015526559	1.626177036212945e-05	-0.1160985147859797	-0.06849399057136707	-0.118452268005147	-0.008094752572374306	0.0002045223762870969	-0.01494343431990588	0.009495702186127698	-0.01281232558075289	0.01118293581156902	-0.01524867484841715	0.001113536471532056	0.002713209183223294	0.003908941068533758	0.005618624437571842	0.0004231589641034806	0.0004427609516833435	0.0005410461850834415
0.705	-0.1975667477048916	0.04282436776720028	-0.05470769826659121	-0.1239911425924871	0.1884854991528536	0.09699721551148593	-0.03437258665728163	-0.07321209576280449	-0.0004869157033597435	0.02166967725066872	2.79646657986561e-05	0.0009868099004207735	-0.0008226090594459782	-2.135086098242532e-05	0.04216880705826207	0.04093248775688701	0.0009523979379213672	-0.004896809211052392	-6.961189823679006e-05	0.002027365371900096	-9.46104784270429e-05	-0.0001534753770267979	-0.1128929353442668	-0.06709042534478632	-0.1163133940787562	-0.00814952571471203	-0.01636669934047046	0.002836814747812151	0.00349510198012407	0.003456062978627337	0.0115391944734822	0.001196671069564511	0.000672933898785906	0.003286450664215714	0.00308874280953741	0.006745487971845359	0.0002249803853093985	0.0007093078160319923	0.0003878173638891409
0.71	-0.192456655255194	0.05341753159625592	-0.06064405522602429	-0.1282619669141501	0.1838026527621759	0.09183754102324555	-0.03713412971710786	-0.07017160869478956	-0.001239754703368693	0.02178738294136846	-1.554933008822554e-05	0.001306646082570505	-0.0006622562724284335	-0.0001239629822485489	0.0365526225640215	0.04046407401272648	0.001657754371765552	-0.003206416566123675	-3.039330776964886e-05	0.001419528222944131	0.0002197298399961576	1.884217792835963e-05	-0.1102404966411712	-0.06687988227014006	-0.1134719788774086	-0.009127143731897843	-0.03167553823229692	0.02042691030453819	-0.003058804969549753	0.01920845386293701	0.01154047578309669	0.01764886677901575	-0.0007975825742572708	0.002167328824720314	0.001592499556397094	0.006901726876016695	0.0003240182630597123	0.0004879749732271174	0.0001779823497088868
0.715	-0.1925823577354915	0.0641206532582153	-0.07026487925227663	-0.133006945660984	0.1855477624694667	0.08510403064599092	-0.03670939549118123	-0.06989337646627498	-0.0002424796847225644	0.02250420048592334	2.991900351550945e-05	0.0007744527698882715	-0.0007251176435542867	-1.482973154197843e-05	0.03149953520061088	0.04252646735623342	0.0005254503046557621	-0.002680426554958337	-5.592052349299912e-05	0.002150553929513176	-0.0002564859980290057	-0.0001562151966837154	-0.1117725796860994	-0.06501769269959561	-0.1161990962755534	-0.01038351664888129	-0.007140809177208236	-0.002011200978261101	0.005981209194826274	-0.0008023620699533387	0.009871358504667756	-0.002949222840194696	0.0003299524571781981	0.0031169532151917	0.002690722729999344	0.007163066294776852	0.0002348152918638907	0.0007575847243995517	0.0002990956215571322
0.72	-0.1938639282628021	0.07398817792888671	-0.07856079354162339	-0.1389097829057847	0.1860605755748725	0.07692026195560432	-0.03711610663927095	-0.07075760807806636	-0.0008127071200268893	0.02209616605147652	-1.368026860420776e-05	0.001119812132142533	-0.0006837981912897332	-0.0001149459851845738	0.02769610507772289	0.04396615564897706	0.001114004265634483	-0.001731732584458104	-2.718843137640282e-05	0.001642237961251326	0.0001418534667243921	9.313991862053985e-06	-0.1138652079149512	-0.0643784262630886	-0.1181245136586898	-0.01302233791921901	0.01839384594531124	-0.02396056949137374	0.01462605510088526	-0.02083500689772008	0.008327219305633434	-0.02314331492677607	0.0002179624233772158	0.002718281849802086	0.0030902145217055	0.006302321274747504	0.0003462655201251437	0.0004998890741583313	0.000375827477073386
0.725	-0.1964260886067826	0.080414371634468	-0.0899291953695531	-0.137475603894374	0.1922211195469258	0.06561662843074199	-0.04089223852226481	-0.0682361064741855	-0.0006759977132784055	0.02318095643796575	2.885259930019444e-05	0.0007570617164669167	-0.0008821986549840073	-9.221036013115343e-06	0.02200442477842729	0.04287488971086897	0.0004956028410551101	-0.0003765165115672574	-6.333940273487973e-05	0.00215770773754885	-0.0003511352657891897	-0.0001535743823742695	-0.1059987568950595	-0.06083776072291613	-0.1112088317995002	-0.01302366278962659	-0.004744846144155741	0.003087674001232243	0.009527521880146392	0.003420241638051017	0.01217277227421748	0.0006548242945172772	4.021566105334847e-05	0.002267743254521397	0.002686311861390951	0.006799768452310148	0.0002340671259196596	0.0007133044487955411	0.0003321512899506532
0.73	-0.1996784733220272	0.08740637779685156	-0.1001065644789022	-0.1369678971583215	0.1975225732813001	0.05305778417702353	-0.04422309160769707	-0.06673781244086757	-0.001832045449985305	0.02334464099213902	-2.224939837079899e-05	0.00114326234314418	-0.0009688207138872878	-0.0001027757080667132	0.01713588881104208	0.04254854292052657	0.001360952665209734	0.0005532409098860115	-2.486110393855127e-05	0.001791006968466904	-5.275657021062662e-05	3.52767393999034e-06	-0.09901399017635662	-0.05830527710036236	-0.1037762709567243	-0.01409095173246813	-0.02685123570343259	0.0307456038639721	0.004280335977919708	0.0277398816672658	0.01644170640143502	0.02477662926932978	-0.001239330510417986	0.0004803852970262616	0.001481813727331273	0.006307638800053399	0.0002880959507473368	0.0004064708732677026	0.0002236156511782407
0.735	-0.2039741279585544	0.09539796793383443	-0.1066858319557128	-0.1430108557655427	0.2094459302140222	0.03661014379102923	-0.04593303189921705	-0.06513750593624559	-0.001177151150766897	0.02277477651352983	2.865687647910043e-05	0.001150263689012234	-0.00111423076129825	-2.453146253192175e-05	0.01422185330876376	0.04364468071629692	0.0007407918654826769	0.001352445519822306	-6.098921544469365e-05	0.002199388228883172	-0.0003901748089382941	-0.000156073809902745	-0.09679441100758777	-0.05423316954363919	-0.1024924259498405	-0.01581774432612916	-0.007109483018088053	0.01249588325655326	0.01345022265986448	0.01179825683494336	0.01771555676916139	0.007593663068545844	-0.004490468665579753	-0.0007835476853060661	-0.0004986787388422478	0.006997542657828099	0.0001381887454641889	0.0006690395462177497	-8.270775301568154e-05
0.74	-0.2072901050835768	0.1042438283471372	-0.112195058772825	-0.1483750986789069	0.2202566705090682	0.01898369617707234	-0.04687213061470731	-0.06460816475551942	-0.001231489329551544	0.02276041441733827	-2.384300760087715e-05	0.001609444342211264	-0.001064701408068841	-0.0001174637153296916	0.01247384404045246	0.04577929354849142	0.001047254333649902	0.001011141885838923	-2.590897663040029e-05	0.00204136325806226	-6.407260374135063e-05	-1.218958464883647e-05	-0.0953559323453502	-0.05119076883588185	-0.1005765362161595	-0.01676623949241239	0.01471639506499492	-0.006058197203611974	0.02254856706849383	-0.004668856286889108	0.01875878949766233	-0.009586550940531829	-0.008766476586152665	-0.003587837350875396	-0.00334270404794206	0.006510470475360927	0.0001181268460727523	0.0003435688778277011	-0.0004478561819838106
0.745	-0.2051719489586503	0.116300914337842	-0.1221109041374654	-0.1566227740213826	0.2366388034784844	0.006500945463514545	-0.04994060241709344	-0.05804981975845126	-0.001484830601395928	0.02204064490231628	2.235253303254535e-05	0.001529726981856427	-0.001110804695040515	-4.063478342482469e-05	0.0042488385712063	0.04306289408690384	0.0009862844854788273	0.002615397335801858	-4.640276323339186e-05	0.002440524128308252	-0.000482981026984195	-0.0001676284119495173	-0.08531090490790214	-0.05769845378723602	-0.09175924004694536	-0.01917191000825088	0.01209277863199182	0.008122234491264818	0.02101560390503464	0.007932043676093858	0.01819738456108022	0.003217800911249268	-0.007943192315530864	-0.001621748542050841	-0.001185800754669845	0.00593297600964058	9.95114422062785e-05	0.0005171658174609037	-0.0001338109367245969
0.75	-0.2020059714885838	0.1275547431073055	-0.1309159097987707	-0.1658715113124726	0.2517267805091556	-0.007216245043100349	-0.05382570476920053	-0.05264506789017195	-0.001268529756932644	0.02249301284833031	-2.719524570555304e-05	0.001885739245362318	-0.0008624868629378276	-0.0001303205476091078	-0.002736965027036504	0.0414603088685984	0.0005128237517121747	0.003110438667406139	-2.366701117562547e-05	0.002574280677894789	-0.0005471505934316663	-2.656964488236086e-05	-0.07594221291766985	-0.06537341043626749	-0.08231468646516793	-0.02301928244044959	0.01061178522147256	0.02295374830232422	0.01913191173182794	0.02054583311291702	0.01746502262741702	0.01658249388603747	-0.008636462979984669	-0.0007006189440605807	2.159111079612571e-05	0.004168534709045898	0.0001761047780981919	0.0001101265449274087	8.689463547097053e-05
0.7549999999999999	-0.1991945628019539	0.1363640834911584	-0.1312712535481027	-0.167162981545765	0.2653694362674457	-0.02070240357484713	-0.05630935199176524	-0.04149500818076973	-0.001946688544338987	0.02045989693779347	2.014314587957115e-05	0.001755113865403466	-0.000922341881314164	-5.392552620215508e-05	-0.01129330229776594	0.03415580997615143	0.0008474544252193188	0.00437464815219612	-4.509127103271351e-05	0.0027105675622603	-0.0008399205226566627	-0.0001639027160815068	-0.06217422633493165	-0.07659005902380256	-0.0688643894155711	-0.02468933694862243	0.01398171841767274	0.03210116976333567	0.02305987233016818	0.02855458614623154	0.02069419785543651	0.02358995750494819	-0.01006199478049678	-0.002026375576963534	-0.0006817493637073029	0.005160828050041122	0.0001108388897112419	0.0004312009438000512	-1.05536591855077e-05
0.76	-0.1955435645561197	0.1443914686269399	-0.1308681498235232	-0.1695680306855631	0.2779224889904135	-0.03505394202108656	-0.05935759336042652	-0.0312386831328882	-0.001181840757381725	0.01971101759005024	-2.150418899906158e-05	0.002024928678924159	-0.0006075796563166802	-0.0001421939054552805	-0.02057074859873138	0.02788116855225477	-0.000263631098719833	0.004141418423111299	-2.03678203294993e-05	0.002996426187936793	-0.001037102283705125	-2.707914634645189e-05	-0.04879546909229342	-0.08875573681247134	-0.05497809606595334	-0.0277259254738257	0.01826047520186514	0.04250455068125709	0.02683993761659227	0.03722942642365367	0.02399667166794546	0.03168685910267405	-0.01288704661107322	-0.003990466107561743	-0.002386079025748681	0.00498197354252462	0.0001077712304501819	0.0001723759714161558	-0.0002340950277070052
0.765	-0.1976977521011902	0.1476386051162444	-0.118731439695176	-0.1568079154725283	0.2839109544762575	-0.04467477493655021	-0.05995965664387846	-0.01885418897371133	-0.001797558804851362	0.01747407018158665	2.14689227540323e-05	0.001924450532100155	-0.0006245821647779418	-7.188034399155437e-05	-0.0272900512413794	0.02011595756837649	0.0003230811712466514	0.00562391852365425	-4.29978409730646e-05	0.003006931993394147	-0.001184366452197453	-0.0001695110744547139	-0.03465757832031815	-0.09861004392056276	-0.04032177012667104	-0.02356275810297583	0.01914992170874106	0.05078453578376159	0.02721057389703702	0.04505524572671686	0.02459355032542265	0.0392819055230034	-0.01580391777393887	-0.006448980241559862	-0.00482484613232036	0.006016184931564706	-2.704786028992359e-05	0.0004235119466734641	-0.0005725836883208136
0.77	-0.1986195200145683	0.1520655111066096	-0.1078155450005872	-0.1431151392748732	0.2906750952038525	-0.0532109217580219	-0.05945217873904958	-0.007754504663851382	-0.0008568467500117741	0.01627878248890619	-1.918784480948904e-05	0.002258129063443801	-0.00033981117173384	-0.0001579488081061613	-0.03503799795748751	0.0137804389427734	-0.0005349306443152083	0.005573079554074763	-2.478890775062378e-05	0.003305017986866186	-0.001286596969209774	-3.633719904004778e-05	-0.02106482237984329	-0.1097369995257868	-0.02538079663204634	-0.02027498138231172	0.02173131480754693	0.05886609217540994	0.02763041053899724	0.05227669594840387	0.02466846412709429	0.04690631728091923	-0.01798045946499932	-0.01005843422896461	-0.008151171339442594	0.007408483163004874	-6.186948952543565e-05	0.0003262787177603937	-0.001060386074081392
0.7749999999999999	-0.1997167161758598	0.1552039568543981	-0.08952448607188777	-0.1204750165398435	0.2870388369352709	-0.05444736892831808	-0.05752444246718253	0.005135060444245774	-0.001787979251501756	0.01365913230348542	1.411460637895222e-05	0.001929066115140241	-0.000206460399776806	-8.755994268675042e-05	-0.04101683511257816	0.006528010154565726	0.0002093773192035385	0.007837327288276559	-3.49742593931668e-05	0.002933533113461328	-0.001471213108269947	-0.0001437186712571885	-0.01275333360773615	-0.1151509926309463	-0.01652454323327631	-0.01544447414259198	0.009540554999350158	0.05790759648791648	0.01995416183242548	0.05147847762192254	0.02119136698397889	0.04692836274822961	-0.01666571058217011	-0.0093533603773136	-0.007458487119455782	0.007323053950127111	-8.060403807262592e-05	0.0005301836953423531	-0.000980174115544816
0.7799999999999999	-0.1993030340733853	0.1597694844748086	-0.07278338726208269	-0.09674749219727767	0.2844462365602489	-0.05426453068318444	-0.05416385897406149	0.01671741879262116	-0.001478854580130358	0.01246558781807906	-1.240572232767072e-05	0.002037169944330562	9.683132959975867e-05	-0.0001546238146325564	-0.04828110753963503	0.0009278844272346041	-0.0001344604793370632	0.008373073372762194	-2.308548787020701e-05	0.003122286800416394	-0.001598231487262641	-1.936685715637266e-05	-0.005227100091684062	-0.1220454985312909	-0.007196731248604448	-0.009252951520744183	-0.001073772251621707	0.05629426946940112	0.01110001766408466	0.04999444476808321	0.01606960564441376	0.0472205705807529	-0.01424899916505704	-0.009900410364359681	-0.007633173978129413	0.008325704170878497	-1.007778733664674e-05	0.0004723572949656935	-0.001049373823420385
0.785	-0.2018892308003994	0.1630835169972752	-0.03246547362114221	-0.06033857732488481	0.2641814290763631	-0.04840510841634032	-0.05181334590037553	0.0294282687699047	-0.0009916969023410493	0.01081756578536261	1.081957595173584e-05	0.001516610985282348	0.0003650812690829499	-8.686082317529336e-05	-0.05060358530507831	-0.005908055066138311	-0.0008050113957987697	0.009942848488093795	-2.156429027387848e-05	0.002584332946601287	-0.001747386680510275	-0.0001141634466558823	-0.01005601925206256	-0.1164313799765839	-0.011246814274513	-0.006798293947705977	-0.008514445341767736	0.0306669774949988	0.005688637649957918	0.02753005127980303	0.01108983515246992	0.02526500036678244	-0.01107554794530089	-0.007390951927555547	-0.005899457620374689	0.007170200526712863	-4.475875126389234e-05	0.0005599679348084862	-0.0008491790847955479
0.79	-0.203235658925524	0.1682009754074901	0.006354461170788607	-0.02301545136251174	0.2445669781387417	-0.04109829731985257	-0.04784436049750516	0.04058701635474895	-0.001942320399531318	0.009697181201100828	-5.267146154171091e-06	0.001581320047124474	0.0003352703991532031	-0.0001317148289891215	-0.05348578381147969	-0.01149834747153934	-0.0001341577160330646	0.01094096206379902	-1.967293202091615e-05	0.002591302929456113	-0.001719337780129606	-4.020060605847542e-07	-0.01590532443382354	-0.1123815884077692	-0.01399443531564786	-0.003314596659088165	-0.01472075481300186	0.003768782675331324	-0.0008541172365721408	0.003681726305173139	0.004695346593565955	0.002742092395074416	-0.00679286308626944	-0.006366634201628008	-0.004637730754733794	0.006934413243463202	1.883062357603637e-05	0.000376786617664516	-0.0006970914921926953
0.795	-0.2006752883522477	0.1741816589488928	0.04069831679291204	0.01693745012963818	0.2135783680404903	-0.03008453586893555	-0.0431299984167731	0.05527322990133412	-0.0003709102535024005	0.006908196301933435	5.179442161899234e-06	0.0009864126761556253	0.0009267944618387443	-7.870940249094846e-05	-0.05387428499325719	-0.01685941361507832	-0.001544835380356296	0.01130055952555225	2.203351468057059e-06	0.001942051395020877	-0.001813683172860626	-7.675050274234932e-05	-0.02843925208398288	-0.0970663139739181	-0.02623848590318196	-0.002143785592053929	-0.005609485752762185	-0.01619596625201791	0.006219222271260742	-0.0125991899948435	0.008636241885982804	-0.01552459659967542	-0.003101358472461212	-0.004809216289023702	-0.004068706488365145	0.007451160121566134	-1.977936182055311e-05	0.0006678598716810814	-0.0007336953323265259
0.7999999999999999	-0.1971018414672349	0.1810865196486627	0.07429145936152431	0.05580968234584261	0.1814716093097515	-0.02034122487094367	-0.03768791503984403	0.06850987143737773	-0.004133955861998559	0.002290715308236351	-5.962904456416027e-06	0.001245932090648055	0.000631543122640976	-0.0001170867732782091	-0.05285756887618532	-0.02148564396251951	0.002140154919137049	0.01371209767347809	-1.375483327378112e-05	0.001530836322953504	-0.001337572313862928	2.945969885421576e-05	-0.04244365678274697	-0.08317647582446287	-0.0371530097280442	-0.001440417214891967	0.004809551262085772	-0.03646636285269949	0.01260507560073352	-0.02964512315595532	0.01136823360120949	-0.03377221410494969	0.00153251375999177	-0.004070394112421215	-0.002871651899277178	0.007465932899550965	5.418988074092325e-05	0.0005210264581345515	-0.000581982189803304
0.8049999999999999	-0.1842605543405727	0.1896463006507183	0.1067401191589729	0.09176814794318439	0.1228721889121426	0.015489436941345	-0.03278486276472879	0.07833828769472689	-0.0006857881254209561	0.003088112747356902	5.914319767089276e-06	-3.618446585066129e-05	0.001480380405042275	-3.305316055860136e-05	-0.0648951941915549	-0.0226622530419961	-0.001259853199442123	0.01760897161015076	-1.197449541062918e-05	0.0008818127636807891	-0.001655755454219733	-5.736470638917547e-05	-0.05418214309026106	-0.07378145677516411	-0.05041355090144918	0.007419019853396065	0.003724342963757935	-0.006821306682570504	0.008634775469552368	-0.003299270854076091	0.008943977704114947	-0.005959053291594126	0.01127138875650476	0.0003964942317543203	7.209028111494386e-06	0.008812138106938441	0.0001051209917834002	0.0008996983622754353	-0.0003172814424825998
0.8099999999999999	-0.1725723487031043	0.197265584630497	0.1408075100502104	0.126320961220225	0.06282727938491114	0.04921058407653305	-0.02878357205540944	0.08677878243159644	-0.001056841751069226	0.002287308819149618	-4.124878175015517e-06	-0.0004954322083942126	0.001728610755919159	-7.942986315661925e-05	-0.07490591364351903	-0.02476852993497121	-0.001055597975313916	0.02297651820769412	2.922211333457291e-07	0.000190010145012244	-0.001461429759588498	9.851930953555857e-05	-0.06718878359427856	-0.06575923300042485	-0.06194526443757667	0.01527126908531318	0.003779795355955276	0.02349385062557444	0.006153489547600707	0.02305834080832069	0.007371943200179576	0.02191467360673966	0.02044236506458431	0.004910899515893976	0.003828125741301757	0.008565424744852859	0.0002867877112932266	0.0007252875878770122	0.0001855406490907783
0.8149999999999999	-0.1533781366730755	0.1868410405557111	0.1660340453269228	0.1449397554067647	0.002061851548266127	0.08094331580244768	-0.02332442997960374	0.09408229722252674	-0.001723293058997074	-0.001918004599187566	5.047403911650647e-05	-0.001150872749479954	0.002011819116364631	4.056074865281398e-06	-0.08497344708160537	-0.02351150452705758	-9.391763658422119e-06	0.02831546959202234	-9.856769727130345e-06	-0.001010301641478558	-0.001269546605413774	9.099531958931656e-06	-0.06094854626486226	-0.04887386825031006	-0.0573537231187924	0.01345605416114693	0.05277913159859702	-0.01438349529179352	0.03976902781189683	-0.00586631172556106	0.02551131652569687	-0.01396841870384085	0.02742964141385008	0.007760411050974303	0.005292335277670049	0.01308275842880148	0.0003344857573603723	0.001631707973303328	8.067037627876596e-05
0.82	-0.1349318869892896	0.1742066116530515	0.1929559349150096	0.162685153257951	-0.05932339802643969	0.1107514302604112	-0.01790089298044471	0.1022545075747018	-0.002316464506826485	-0.005709336735166105	2.077235667669507e-05	-0.001712321036016606	0.002484010627229223	-2.369233614436101e-05	-0.09434425683855673	-0.02341174055259197	0.0006685137861205669	0.03277354289554505	1.346493569202161e-06	-0.00182107110186472	-0.0009804737054965095	0.0001537902659888118	-0.05668199777843163	-0.03278289860364919	-0.05132985581295413	0.0109467041725095	0.1012232916161098	-0.05154916423682118	0.0741827708688733	-0.03481903094977879	0.04452376145458053	-0.04940367765575203	0.03326285871628372	0.009698476867803611	0.006828499680238311	0.01670173415530083	0.0005888752059290431	0.002085847478212281	4.441688074551497e-05
0.825	-0.1126536169816	0.1428582883702408	0.2558162339401783	0.1890681641476724	-0.1431125935799039	0.1738566709839973	-0.03212105051565194	0.09937566368216491	-0.001569331411783831	0.003376801563968598	4.880122819446813e-05	-0.002877664877512956	0.002952895264539635	4.422889889538001e-05	-0.1246919173057918	-0.02313675850993998	-0.0008435722264248292	0.04466472222911315	-7.070286186910806e-06	-0.002886667256159816	-0.001482531852453776	8.834046818594629e-05	-0.006116222104081335	-0.02100429653564471	0.0007620814663777171	0.03649655280842914	0.01227609568597232	0.03507571404374887	-0.000111008304536507	0.03515707947318454	0.003498170405558896	0.0356906309742037	0.0454984649461334	0.01586295820371925	0.009365744551512236	0.02074679774105172	0.000634312104235642	0.002718067551697989	0.0001535532011636356
0.83	-0.0896560179278568	0.1105702825142158	0.3201819137747627	0.2162706201507041	-0.2261489948492495	0.2350373929181909	-0.04715199627469759	0.09720330211975897	-7.187196066640095e-05	0.01314417954729725	3.056515608840298e-05	-0.004028113506640496	0.00378149848925887	1.172723527237834e-05	-0.155312312572348	-0.0235915031126931	-0.003490894270887856	0.05575751322443889	2.529530496440904e-05	-0.003659952763836091	-0.001793796106111218	0.0002444188424521141	0.04525598160881107	-0.008455646031652244	0.05228517800032159	0.06293742396218843	-0.07510090702257941	0.1215920125113165	-0.07361720978419449	0.1050015906201623	-0.03811599866222508	0.1204017514253718	0.05810141066280201	0.02167686206320223	0.01277036706740031	0.02511425673960633	0.0009449698678325934	0.003165351099481187	0.0003679397719241635
0.8350000000000001	-0.09620237258620509	0.02649716936983789	0.4604298013344018	0.2336172613553599	-0.3272463219585025	0.2447023277413203	-0.09097760354304645	0.09599496257418862	-0.0009785458112815842	0.02463744946935555	3.185541848093134e-05	-0.005279418885777396	0.004390354592915298	7.457562801134331e-05	-0.1559796712407197	-0.02895073338670832	-0.002310356877821647	0.0558581059816174	5.414647174190005e-05	-0.004547928233096012	-0.001735796150497131	0.0001737414104694638	0.1114154163000699	0.01136956812177848	0.1175321707036047	0.05601217293469706	-0.1383485173878149	0.1079850761402061	-0.09603418297203159	0.0912662622687674	-0.03892747649034523	0.1074782995258283	0.0639130297787092	0.029094090105665	0.01362116495348658	0.02751463803745968	0.0008400824342689329	0.003705730172312392	8.719340099709136e-05
0.84	-0.1022573719004769	-0.05655656085062655	0.5974078642309752	0.250470278242702	-0.4287681087351665	0.2562206036573032	-0.133888037863081	0.09443321278616873	0.001377242211768709	0.03677998126896555	5.047039115257383e-05	-0.006300981649904613	0.005437850934496434	3.359277164265547e-05	-0.1583131395567031	-0.0327292660068785	-0.004315482894341711	0.05494211222734358	3.649073253819276e-05	-0.005449469852935881	-0.00134812065928761	0.000305578434517483	0.1743245803489112	0.02967466863562285	0.1855172204054996	0.04913466333488642	-0.1998392050518105	0.09447834651028986	-0.1181724658526687	0.07722398189129988	-0.04069552823709974	0.09400746678709483	0.0699439261583417	0.03667249717625604	0.01515393863863032	0.02952923950640277	0.0008808367462015045	0.003799879703186238	-0.000114737234451278
0.845	-0.03835152914351201	-0.03160316525264371	0.3069964787245348	0.09936459188908704	-0.3109674249488407	0.2049663195168623	-0.09126572738132786	0.07697587390567023	3.844920490998963e-06	0.02394315353906614	-2.677115400701768e-06	-0.005045939090878856	0.004096411442304376	6.900530609627624e-05	-0.1430308916733269	-0.03987459244494681	-0.002718073596491931	0.04288963855892835	3.934739468294597e-05	-0.003146358158002684	-0.00249389837411291	0.0001579792306492486	0.1409810287140541	-0.0809113367802447	0.1454924820178837	0.03272684419952958	-0.1910955541881183	0.03798803392090547	-0.1124230093571835	0.02711583988061192	-0.0435556640889548	0.04258889443642958	0.05687783885899527	0.0375972011360089	0.01974487231862792	0.02557831205020612	0.001057915246720537	0.003845896900998569	0.0007995788543502985
0.85	0.02752147212831489	-0.006783123248553414	0.01393194357031877	-0.05081395128662032	-0.1926842915756047	0.1570304091250995	-0.04885852934808729	0.06057974548789142	0.001652521436941783	0.01284701103162397	1.044198810384177e-05	-0.003881747648648671	0.003521995353379127	3.030095613205272e-05	-0.1297331396627695	-0.04549925878261811	-0.00452877196747377	0.02968882999224659	2.237194500645722e-05	-0.0006139258029717468	-0.003333535127927333	0.0001790621093867135	0.107173666202855	-0.1939308104568257	0.1059705319366175	0.01561392676298828	-0.1833190051905991	-0.01891234369403507	-0.1078175387394913	-0.023917518021415	-0.0474660981489009	-0.009550208820459727	0.04477794220883668	0.03729676688644011	0.02384536359586188	0.02245231936299327	0.001362231854406208	0.003599020542830179	0.001547972232561688
