inDegrees=no
DataType=double
version=3
OpenSimVersion=4.6-2026-06-22-85aaf64
endheader
time	/jointset/ground_pelvis/pelvis_tilt/value	/jointset/ground_pelvis/pelvis_list/value	/jointset/ground_pelvis/pelvis_rotation/value	/jointset/ground_pelvis/pelvis_tx/value	/jointset/ground_pelvis/pelvis_ty/value	/jointset/ground_pelvis/pelvis_tz/value	/jointset/hip_r/hip_flexion_r/value	/jointset/hip_r/hip_adduction_r/value	/jointset/hip_r/hip_rotation_r/value	/jointset/hip_l/hip_flexion_l/value	/jointset/hip_l/hip_adduction_l/value	/jointset/hip_l/hip_rotation_l/value	/jointset/back/lumbar_extension/value	/jointset/back/lumbar_bending/value	/jointset/back/lumbar_rotation/value	/jointset/walker_knee_r/knee_angle_r/value	/jointset/patellofemoral_r/knee_angle_r_beta/value	/jointset/walker_knee_l/knee_angle_l/value	/jointset/patellofemoral_l/knee_angle_l_beta/value	/jointset/acromial_r/arm_flex_r/value	/jointset/acromial_r/arm_add_r/value	/jointset/acromial_r/arm_rot_r/value	/jointset/acromial_l/arm_flex_l/value	/jointset/acromial_l/arm_add_l/value	/jointset/acromial_l/arm_rot_l/value	/jointset/ankle_r/ankle_angle_r/value	/jointset/ankle_l/ankle_angle_l/value	/jointset/elbow_r/elbow_flex_r/value	/jointset/elbow_l/elbow_flex_l/value	/jointset/subtalar_r/subtalar_angle_r/value	/jointset/subtalar_l/subtalar_angle_l/value	/jointset/radioulnar_r/pro_sup_r/value	/jointset/radioulnar_l/pro_sup_l/value	/jointset/mtp_r/mtp_angle_r/value	/jointset/mtp_l/mtp_angle_l/value	/jointset/radius_hand_r/wrist_flex_r/value	/jointset/radius_hand_r/wrist_dev_r/value	/jointset/radius_hand_l/wrist_flex_l/value	/jointset/radius_hand_l/wrist_dev_l/value	/jointset/ground_pelvis/pelvis_tilt/speed	/jointset/ground_pelvis/pelvis_list/speed	/jointset/ground_pelvis/pelvis_rotation/speed	/jointset/ground_pelvis/pelvis_tx/speed	/jointset/ground_pelvis/pelvis_ty/speed	/jointset/ground_pelvis/pelvis_tz/speed	/jointset/hip_r/hip_flexion_r/speed	/jointset/hip_r/hip_adduction_r/speed	/jointset/hip_r/hip_rotation_r/speed	/jointset/hip_l/hip_flexion_l/speed	/jointset/hip_l/hip_adduction_l/speed	/jointset/hip_l/hip_rotation_l/speed	/jointset/back/lumbar_extension/speed	/jointset/back/lumbar_bending/speed	/jointset/back/lumbar_rotation/speed	/jointset/walker_knee_r/knee_angle_r/speed	/jointset/patellofemoral_r/knee_angle_r_beta/speed	/jointset/walker_knee_l/knee_angle_l/speed	/jointset/patellofemoral_l/knee_angle_l_beta/speed	/jointset/acromial_r/arm_flex_r/speed	/jointset/acromial_r/arm_add_r/speed	/jointset/acromial_r/arm_rot_r/speed	/jointset/acromial_l/arm_flex_l/speed	/jointset/acromial_l/arm_add_l/speed	/jointset/acromial_l/arm_rot_l/speed	/jointset/ankle_r/ankle_angle_r/speed	/jointset/ankle_l/ankle_angle_l/speed	/jointset/elbow_r/elbow_flex_r/speed	/jointset/elbow_l/elbow_flex_l/speed	/jointset/subtalar_r/subtalar_angle_r/speed	/jointset/subtalar_l/subtalar_angle_l/speed	/jointset/radioulnar_r/pro_sup_r/speed	/jointset/radioulnar_l/pro_sup_l/speed	/jointset/mtp_r/mtp_angle_r/speed	/jointset/mtp_l/mtp_angle_l/speed	/jointset/radius_hand_r/wrist_flex_r/speed	/jointset/radius_hand_r/wrist_dev_r/speed	/jointset/radius_hand_l/wrist_flex_l/speed	/jointset/radius_hand_l/wrist_dev_l/speed
0	-0.2817637630411204	-0.08218281452103088	-0.5790133305856359	1.318137151689722	1.017329145747984	-0.1423590204485051	0.4521891819038108	0.1105336502227291	0.6142099827473477	0.278067410195289	-0.06588909775653275	-0.6048104055999654	0.2773455302042502	1.541932711521774	-0.5029559106207061	0.04055137528542881	0.03575431365103037	0.08436974207299108	0.08212177350407031	0.1560220097829459	-0.8764334899437046	0.3512886849453397	-0.3239226042603777	1.206134917945367	-0.8101923323872018	-0.1560439188718518	-0.1984495567116202	0.02314348375156567	1.994275033480552	-0.09214060592146439	-0.2799954397781602	1.545346903523088	0.03732099928790382	0.003600199924002925	0.002099783228289629	0.9523066277170544	0.7506187618150093	-0.02635365273360285	-0.05527635012529777	-0.04270818213644734	0.1299990190070946	0.1632366257116493	-0.5827892687894882	0.7732954844915744	-0.09363220488287581	-0.05504228306467398	0.02434650085147764	-0.09447661671951468	-0.05973317185323369	-0.03944291511634235	0.1521369581914915	0.04220219364127202	0.1994474516331185	0.2771726151489163	0.04660982311828905	0.04610566395968694	-0.02259672793703274	-0.02314077720810926	0.08059473119477467	0.3039534342784202	0.04438127307634592	-0.05554765042152532	-0.2554286776333194	-0.0672822733331843	-0.00445722480592034	-0.012361111871359	0.2135912129995483	-0.05723580225539893	0.004760310671110832	-0.0189628866329538	0.1807055324685941	-0.008896949329068251	-0.001135224483280348	0.001862914579081564	0.3555166892619849	0.1375060679477104	-0.01271068146851385	-0.004988033551020486
0.005	-0.2828030535966488	-0.0806907941905019	-0.5773820136733262	1.315972138983266	1.021152542968287	-0.1421086047133915	0.4512525024837992	0.1113697758409721	0.6136182924503516	0.277101855190159	-0.06686255379441992	-0.603858744188922	0.2763838796411103	1.541184928668209	-0.5022300069350729	0.04271951201593332	0.03350799702180973	0.08563495658351483	0.08051690521081453	0.1563324947620498	-0.8760668743680766	0.3513395597125716	-0.3243656875934912	1.204179094113936	-0.8106866004363249	-0.1558656183653884	-0.1977940272271884	0.02792333776197192	1.993888195661274	-0.09236228083508274	-0.2802909829438021	1.549207912615813	0.03803484404876824	0.003475636446930825	0.001912067051005407	0.9536177468485894	0.7503528965009726	-0.02583963089267697	-0.0554587604320399	-0.063000845143038	0.1285740629512914	0.1645900885594336	-0.5790631050397795	0.6924715328981357	-0.09813052512238156	-0.04508123661662342	0.0108604364943664	-0.0785946947938511	-0.04815753562487649	-0.03629611406148194	0.1585831956145312	0.03024576494519149	0.1843622032566341	0.2998365987507524	0.04391185689624885	0.03826479130666159	-0.01655863297563698	-0.0256662476467147	0.1378073889449507	0.1519564195612168	-0.09990404400235675	-0.04939229924289865	-0.2418095174733708	-0.06163908391718375	0.0132045798376764	-0.007171779054120073	0.05426650072001737	-0.03483002578744013	-0.02354260602141837	-0.02793839599208035	0.07910128329798453	-0.007949937045038487	0.004193779200846656	-0.00379380262924483	0.4641878860882683	0.1697085152521259	-0.0123158132358356	-0.004194492293135435
0.01	-0.2830907544384458	-0.08017493670923741	-0.5769361070323689	1.3130486952834	1.024007140495782	-0.1426640930888189	0.4509449006696313	0.1110803623865628	0.6136236763812033	0.2771660213993226	-0.0668617313019803	-0.6035679010359354	0.2773597564350151	1.544437530176434	-0.5008131434773251	0.04168661206941631	0.03576088053909122	0.08450780272692332	0.08166552071007352	0.157736788909277	-0.8756307183518863	0.3500415943864743	-0.3241380909582804	1.203048294397621	-0.8105298928172761	-0.1561064189825356	-0.197956933247183	0.0273469195037794	1.994197459181177	-0.09208712401031134	-0.2799481307928713	1.550440519587588	0.03790175612681793	0.00377667002664383	0.002259117086986159	0.9563558275416671	0.7516394951750005	-0.02616378754763845	-0.05505639350454238	-0.09166134676917707	0.1194908760149155	0.1559566949662638	-0.5772072511510908	0.5931696547307194	-0.1010613192804809	-0.03188788891816548	0.006920205559888814	-0.06190509066864459	-0.036805919106534	-0.04629795942852982	0.1576868800704068	0.1011007218817215	0.1540440627684382	0.2073116005019983	0.04078152898184155	0.04134632763233777	-0.006365779005210524	-0.006827804138770309	0.1886054167137254	0.01626289518721682	-0.1833150261670241	-0.04292546926669385	-0.2233947015740544	-0.05880022754588179	0.01537186004066774	-0.003390038327418504	-0.01455058867910772	-0.02354584336327896	-0.04369200810549354	-0.04212327566609594	0.02288820278108635	-0.003654287848318735	-0.006080176241097178	0.006906582904903911	0.4604579777155483	0.1277025467683852	-0.01383293081137465	-0.005450307191811271
0.015	-0.2838270488538119	-0.07922988651483939	-0.5754403360131113	1.310362891286461	1.02621675602285	-0.1429962326747985	0.4508893159328852	0.1116671557943487	0.6138867477079442	0.2765759534123141	-0.06735191056999844	-0.6024457715995536	0.276675244509053	1.542256894219124	-0.4998098319503172	0.04315595862485758	0.03372469144992171	0.08569546054011981	0.08029962820254589	0.1583751247765301	-0.8760395369407533	0.3494055160049468	-0.3238746835645527	1.202728431195156	-0.8103592926520193	-0.1564772811843937	-0.1977941241527147	0.02791251806110166	1.994555148422335	-0.09269403787334113	-0.2805343267112702	1.552877041075171	0.03811041364756163	0.004261495004645922	0.002698278544325586	0.9579629953509848	0.7516587312589322	-0.02569117449158981	-0.05465521156546622	-0.1255833400718355	0.1054081346197428	0.1504349315343859	-0.5721267941565024	0.4852687169012036	-0.1054100520997198	-0.02473044175462977	0.0003765329282848546	-0.04080077554751148	-0.02608406593950509	-0.05766242231791687	0.1451976284815047	0.02039782956336882	0.121711244476189	0.2481830446532355	0.03405485687255362	0.02715564483798353	0.002022029878909172	-0.005294574202505208	0.2390061718444512	-0.08913268645458566	-0.216692632535672	-0.03668161364271801	-0.1991931712689103	-0.05749056217517971	0.0249103393527552	-0.003085143677254086	-0.03254715547628006	-0.0165724372909071	-0.05965645338327472	-0.04197275285462335	0.006746107065861717	0.00269005817688142	0.006894591941800262	-0.001815987532079555	0.4191032459091608	0.07020033718775193	-0.01768121734329018	-0.005223062482081641
0.02	-0.2839466581261189	-0.07952026924190329	-0.5748911258618429	1.307100819088368	1.028803457703862	-0.1440054434185836	0.4509741002546685	0.1116116596518849	0.6132394385183426	0.2763229965587267	-0.06675797297305491	-0.6021763094908715	0.2782594062418292	1.546110986067623	-0.4981880732606889	0.0416572200147438	0.03586974953767225	0.08489797780433392	0.08154823811752658	0.1603443499216853	-0.8762671534423271	0.3478105278783382	-0.3242384678355995	1.201700930561511	-0.8107973562649488	-0.1558426297907695	-0.1983960468681656	0.0262739875546076	1.994358072746004	-0.09265331633221351	-0.2802466791279585	1.549222849028995	0.03752063056804153	0.00378336193645712	0.002524206137884215	0.9599764358374934	0.7546361073336395	-0.02590670445435815	-0.05481539958372521	-0.1552503612597542	0.09545605050430957	0.1348229799498275	-0.5651158722109204	0.383208564113555	-0.1090822729457756	-0.02294856457152588	-0.01019893542948374	-0.02291364653182513	-0.01790944089818418	-0.05929377729612245	0.132715421452291	0.03766182693748258	0.09057997597114771	0.1880724318372048	0.02529317348146074	0.02581596265392682	0.008685384206352072	0.008203976925942406	0.2869715366156951	-0.1447870485088132	-0.2156749109215537	-0.02924418248676901	-0.1699805580049622	-0.05798710946173919	0.03367887490140301	-0.004855894236254181	-0.02430970453584914	-0.006620921046251832	-0.07177029591017206	-0.04419327477549921	-0.0833105673113196	0.003498513944276367	-0.000689186772810898	-0.002369854146494509	0.3643288542909601	0.1497155356203075	-0.02068122087745138	-0.005205936787217835
0.025	-0.285153202428382	-0.07862881298670903	-0.5740756606776185	1.304684857029573	1.02995614486004	-0.1441797659166907	0.450747947718772	0.1115762304771289	0.6136746971083786	0.276337239149665	-0.06702585903143077	-0.6019877338400319	0.2774036254779924	1.542260644575878	-0.496930975896081	0.04325386926982073	0.03388461366583181	0.08574344482565212	0.08029366483746671	0.1623196810461162	-0.8766176983663522	0.346322791323382	-0.3242721245739051	1.201116085859373	-0.8109805123739056	-0.1561920852905523	-0.1980214423677119	0.02541706482608951	1.994457847578074	-0.09263962684783766	-0.2809028399671905	1.543703523278566	0.03793588516285652	0.00422533189706639	0.00267211929111972	0.9614258621547571	0.7553900758640518	-0.02589363186714402	-0.05474453671322849	-0.1843617137297074	0.08835732246936247	0.1140358010643344	-0.5552967347846249	0.2894248193355842	-0.1139477284170752	-0.02457737358743022	-0.02333890344684917	-0.01415995918474085	-0.007930081135937496	-0.05628956088162513	0.1260265395395106	0.04622755953253317	0.0671697083740118	0.1353734509210807	0.01674532828432991	0.01796427187301185	0.01540400512318598	0.009878747976416375	0.3194577528385213	-0.167072781992041	-0.1938448971560469	-0.01779038230360138	-0.1375155011063691	-0.05854021350309365	0.03336901887786406	-0.006746359923716709	0.004694383085474847	0.004661254583111955	-0.08165660541395933	-0.04766844336739654	-0.1503959772342494	0.002487055961824023	-0.005452195811548381	0.01008394336039363	0.2728724372577966	0.225776556115997	-0.02330198143740378	-0.007869018824789612
0.03	-0.2855062502329063	-0.07895597529858839	-0.5741650841749919	1.301618734655747	1.031545686925878	-0.1452085740156985	0.4508745321410007	0.1109940943140076	0.6132388903387684	0.2765481850445079	-0.06774152760182793	-0.6009202934936014	0.2786784628720906	1.544713111519785	-0.4962302360051007	0.0416442815097614	0.03593897949884095	0.08461391216155906	0.08155159664374184	0.1640140033133144	-0.8778825575026274	0.3457285500806394	-0.3251725626796388	1.200013690470713	-0.8117963832763574	-0.1555493802107625	-0.1988573290803596	0.02773177527099294	1.99406692363628	-0.0934016970144704	-0.2807293739385174	1.544136141896928	0.03728970557802348	0.00376053365628678	0.002126503952959626	0.9628944833838698	0.7608100213510922	-0.02643553454695442	-0.05527109905414924	-0.2131043273161846	0.0845150101515406	0.09199350627995335	-0.541817620636352	0.2068820029087917	-0.1166359436438511	-0.02905898190546759	-0.03360645726296315	0.003546199179524704	0.0007876187579586737	-0.04978939505264521	0.1052590183529337	-0.07616235182735717	0.05733358784708004	0.2101430157803741	0.01302240873297102	0.01240742041999563	0.01421248112172302	0.01480291357056208	0.3256785445621407	-0.1678181778088614	-0.1396131290393625	-0.009433980065940617	-0.1008502417871684	-0.05541986005931557	0.0355401482662599	-0.008195922843321936	0.05590927179860446	0.016900197009782	-0.08489104819993863	-0.04214246740951978	-0.03105230958925432	0.008808301240556867	0.01527150485628887	-0.01026952290034956	0.1658130979986868	0.09698167713352092	-0.02673655994245999	-0.008997024562183382
0.035	-0.2861136877202927	-0.07908638720955771	-0.5744275025092476	1.298585475297587	1.031890164658894	-0.1453697714634292	0.4504890916504286	0.1102675360294765	0.6137862011056775	0.2773327918103078	-0.06760537124947995	-0.6009565939457244	0.2788192648784816	1.541820040182615	-0.4956921512203414	0.04326391491510006	0.03393654624612614	0.08570005545307288	0.08036245872240658	0.164899661513088	-0.8782007709040479	0.3455404671656888	-0.3252850251874855	1.19912447055741	-0.8125806065447128	-0.1558793338123514	-0.1989232993996856	0.03053697755611396	1.993645591010048	-0.09417992560386293	-0.2805291214177291	1.542727141096596	0.03779934395244715	0.004235481072527991	0.001832642335714915	0.9639579992852605	0.7620053355227879	-0.02705713018478852	-0.05578962068168732	-0.2383167913727185	0.09063021907967234	0.06767971739828565	-0.5283295288255124	0.1374538066185219	-0.1201007313207006	-0.03286806652582863	-0.04842329554521797	0.003235189550874728	0.0154592371226136	-0.03858605034305776	0.102098121487973	0.07450348902298191	0.04580238542441424	0.01709563261635475	0.008881901034641071	0.002465224643844136	0.01628073858827941	0.009040445467143214	0.3264563388681708	-0.1504136128500811	-0.07119959524730218	0.0001784507355906655	-0.06211832429363498	-0.05175863855578704	0.03631818815736529	-0.01126518894254162	0.1118728681235915	0.02722700341758287	-0.08801305522506075	-0.04355273543494693	0.12245505905602	0.01074993502837186	-0.01093409399282699	0.01185921400189708	0.06733665010120285	-0.05927805558149244	-0.02838073693532084	-0.009799213531448669
0.04	-0.2874343743435299	-0.07863029702145655	-0.5738449608982995	1.296475765689536	1.032590364035112	-0.1463162829972889	0.4506080460948894	0.1100731688339641	0.6136789714093955	0.2768914772438465	-0.06812847586598428	-0.5999654995532132	0.2788230223155667	1.543656156143748	-0.4956495027512383	0.04159790594698791	0.03590173289949408	0.08453070856214313	0.08156864745044233	0.1668829667076582	-0.8789756574670345	0.344700777395557	-0.3248748672511965	1.198993673751576	-0.8127734423465091	-0.1553357544664671	-0.1986655370048341	0.03166389005329642	1.994126774765964	-0.09415300227038814	-0.2811767974439717	1.548468967471184	0.0371283961688141	0.003736413252052912	0.001991242381890219	0.9637121128311055	0.759626720609679	-0.0269050246518473	-0.05578646506749871	-0.2540140183630719	0.1136871393143244	0.03755078810562738	-0.5133449371677317	0.07977755631210055	-0.1199435008548473	-0.03972415143404389	-0.07276416606688717	0.007289858662127615	0.025559508148889	-0.01195525691402686	0.09132375361571375	-0.1636626520325448	0.02599142072258475	0.2302532089189495	0.005683637154184697	0.005092045695228289	0.01440091089602109	0.01384027456364701	0.3357921425450806	-0.1173131974692004	-0.01550070253224153	0.01155852867515906	-0.0231760306041722	-0.04631345357486083	0.03690974264619883	-0.01442608008136619	0.1653119054089261	0.03760634971221873	-0.09002967126448919	-0.03151565308183838	0.152922901109911	0.01429700133582168	0.0104978249987255	-0.004600401586675477	-0.0043539014452543	-0.02910669485099913	-0.03125042932628753	-0.01215479660181036
0.045	-0.2885788457887774	-0.07719736531065058	-0.5743380844753845	1.293494548237599	1.033160518924321	-0.1472857941542242	0.4508430958893564	0.1095738684295712	0.6138579248038885	0.277638177980564	-0.06853445221454454	-0.6001225660971929	0.2794891093887413	1.545317419697016	-0.4958762719824125	0.04322586470620639	0.0338999696556842	0.08569989132271418	0.0804125043427987	0.1684800239900492	-0.8803546894922571	0.3451880670611442	-0.3242924912945289	1.198847999976711	-0.8131493223522582	-0.1548284917506042	-0.1982017702766672	0.03464051033798109	1.993778485937195	-0.09504712615872088	-0.2808408152880634	1.559559043849361	0.03764605085949383	0.004197246730953718	0.002597518259270726	0.9640314656456926	0.759499379687318	-0.02759672604459358	-0.05598787533590792	-0.2651492563435222	0.1348005101741271	0.02293410045849285	-0.4996104283852554	0.03589535174099858	-0.1215444611557308	-0.04918451554920308	-0.09708121203136995	0.008944074870391403	0.03753358432047468	0.01283429206506217	0.08294711987690551	0.08931272339768498	0.007782853715094592	-0.03017476207558927	0.003144144599482334	-0.00302437767304141	0.01014418072210357	0.006346996874717589	0.3193972633500468	-0.09618340345299717	0.0563326630312424	0.0207670746755437	0.0174216675762192	-0.04020202016602369	0.03359678267542284	-0.01684267317308505	0.1942304545964489	0.0469035692774309	-0.08912896825262789	-0.03592445822461694	0.02777536900578708	0.02094467533591392	-0.002580420140927954	0.00502086868861852	-0.07257566333072182	0.06160248618354032	-0.03352390593043592	-0.01340933432796043
0.05	-0.2902659576649428	-0.07707325037123584	-0.5743346535733111	1.291526947604803	1.03244953106927	-0.1474435014231021	0.4501585446686082	0.109392664095415	0.6134182145249935	0.2775782478403899	-0.06806569310051029	-0.599210066420605	0.2791426524255282	1.542827863727349	-0.4951761759758352	0.04151489080461413	0.03582850905451319	0.08438202240445175	0.08152648199294633	0.1709040064604471	-0.8805826222064025	0.3451045204257679	-0.3245553896575235	1.199406716625735	-0.8129882470174302	-0.1551528674692646	-0.198820689929178	0.03488186551682419	1.994074523085255	-0.09500953720562469	-0.2814329245528064	1.549427848318705	0.03703701854837618	0.003754609997074507	0.002246269589092831	0.963421027454787	0.7629731514843762	-0.02774116902253675	-0.05574112827193946	-0.2674348208803594	0.1460095950426443	0.003809404090810151	-0.4894586939414617	0.006265780468231824	-0.1244430398874169	-0.06572168150662325	-0.1077088168857074	0.01850627906917951	0.04163228395100072	0.02680723269965119	0.06598014488919476	-0.1724970253847536	0.009068554080269116	0.2437342050109459	0.006296033313398322	0.006767348088005582	0.003787364981874407	0.004395236433692778	0.2474122166818745	-0.1144825833452404	0.1753523318008467	0.03154918818215145	0.05791027673808381	-0.02992693205088542	0.03005215993213009	-0.01874925596812113	0.18052960379408	0.05582941910547697	-0.08540716381800745	-0.01996743637402048	-0.2435076770479526	0.02429418173046392	0.005739765732144548	0.001883876646941684	-0.1465927577124633	0.05812314677104699	-0.03627184722166778	-0.01451007351062289
0.05499999999999999	-0.29208135052218	-0.07561945032949538	-0.5735327025833366	1.288645985094459	1.03235201995205	-0.1485192454789469	0.4502510770507976	0.1094861775225041	0.6138434097800526	0.277396610817753	-0.06840467457566915	-0.5994663981694915	0.2800816818531253	1.544712795971921	-0.4951844390891201	0.04316717507110912	0.03386219671137853	0.08559871850497727	0.08035841130293031	0.1721223499666423	-0.8819523679825731	0.3457720947768761	-0.3238651146917423	1.20027165034364	-0.8126568440916593	-0.15457760373971	-0.1983881020501683	0.03576132319231511	1.994182393630089	-0.09589051490933842	-0.2810194923794985	1.541526133328465	0.03749947551422003	0.004134096988810186	0.002752283565629146	0.9617691210286211	0.7655371003255114	-0.02811088456480939	-0.05538980482706818	-0.2661039065098914	0.1584744200912727	-0.01199011735259281	-0.4817966977556719	-0.01324946073933353	-0.1258509560496682	-0.08242572552728962	-0.1157485651559069	0.009157463123001868	0.04821100916643817	0.03559110282116246	0.07009632880875462	0.06295832724663872	0.007231425306201379	0.02831184222391699	0.006431583464633857	-0.001027880044611377	0.003763728196925503	-0.005658610157673541	0.180236702257456	-0.126516975115601	0.2502541970046344	0.04075460217419497	0.09578471766200852	-0.02106851083366002	0.02768946248836459	-0.02353672102507555	0.1265199081068598	0.06164390755714191	-0.08626201818822941	-0.02214571474064071	-0.4245900523134923	0.02497924335630819	-0.001690193144014343	0.002290763808920621	-0.1628594787807974	0.01885431079738512	-0.03830075997039854	-0.01590344228061688
0.06	-0.2928662926198171	-0.07528786789972976	-0.5742333207398184	1.286675108764106	1.032634181070888	-0.1487507310996719	0.4494135651754078	0.108331104591042	0.6134137993405873	0.2783248027370383	-0.0680386928067519	-0.5986074304621505	0.2798509719976529	1.542783632634087	-0.4946423634755738	0.04145872988499257	0.0357818668820722	0.08390701920240091	0.08129547998535361	0.172765615179117	-0.882468967091307	0.3469422518901534	-0.323784717780995	1.200422961598146	-0.8131928857280103	-0.1549317992583739	-0.199040490513303	0.03543359180423473	1.99486138617101	-0.09593020190705957	-0.2814805159193478	1.540791800505076	0.03704900649446633	0.003769192960089872	0.002651818605423197	0.961164487279659	0.7652402083152374	-0.02794258613141747	-0.05590190709313361	-0.2505714608406152	0.1915648915057752	-0.05353456006421497	-0.4773661887150943	-0.02522554618334745	-0.1192144944013944	-0.1011145213951766	-0.123135210799225	0.01674558738339692	0.04159605533666338	0.05537077147590731	0.05569939886672928	-0.09013125193255979	-0.02091939751095676	0.1993723063275941	0.01008986505012486	0.01060560789641882	-0.005328076495619082	-0.004765109273311729	0.1832482018597358	-0.08154451406568264	0.1954340781161042	0.04607401083583273	0.1239303481283017	-0.0135696878845022	0.02664603994003563	-0.02652238478298764	0.02973599047436355	0.06991777315232324	-0.08159323052953571	-0.01100108359745781	-0.2712788146406324	0.02660351889258731	0.009559377463838829	0.001826065808990074	-0.06706528831313595	0.003529213795497622	-0.0420660007561713	-0.01746730853062397
0.065	-0.2945671187880703	-0.07361309567911235	-0.5738990162209034	1.283853463748023	1.032093618491501	-0.1497919966495504	0.4493343082983727	0.1084204534988258	0.6139384046813688	0.2779353626676179	-0.06784036789824636	-0.5989184526754723	0.2807401229158694	1.54522301421451	-0.4942492842332588	0.04315801197661385	0.03387829162262076	0.08548086522094663	0.08013367038481231	0.1733799843580915	-0.8830327321454452	0.3475133195143087	-0.3234202993103273	1.201610274736978	-0.8127876871336572	-0.154348949632981	-0.1986475728057029	0.03462979619927235	1.995622918894407	-0.09600725480615092	-0.2810078371847329	1.537892566571617	0.03661088957154478	0.004216429817761759	0.002813268064009632	0.9618160289100147	0.7661677350773103	-0.02847569328704105	-0.05555757607404333	-0.2368517790877777	0.2236197757066566	-0.09164373404550674	-0.4744631311859342	-0.03046371479025547	-0.1119899989929579	-0.1165131461912786	-0.129146965487086	0.01414307125454785	0.03929637984895136	0.06939490888335179	0.05276514484781594	0.06189237751883393	-0.04521775017416917	0.06163361516172743	0.01225019967738241	0.01000715175914909	-0.01019665357060932	-0.01263723551173311	0.2110002377617245	-0.03939223390390672	0.1089534287022506	0.04748498421056303	0.1487281502548022	-0.006229931365132001	0.01905860061215973	-0.03047216555312515	-0.06479158497508836	0.07446701847268374	-0.07881607350885519	-0.006696852194951374	-0.04850020452940243	0.02676140521695746	-0.004975149429530453	0.007050702425951047	0.0237043659356068	-0.0017909462440151	-0.04365594217875463	-0.01871351153727039
0.06999999999999999	-0.2954483130827443	-0.07280375668299244	-0.5750237816346172	1.281659264560943	1.032296458705552	-0.1501964437852085	0.4484108664327855	0.1072423755165423	0.6135004153813618	0.2788078980229178	-0.06695873192552003	-0.5981362251206994	0.2795956768145043	1.542259723685879	-0.4931950974317176	0.04146831005538367	0.03582398681410472	0.08402464127874726	0.08081361594566847	0.1750309495142548	-0.8825558615233511	0.3483733420291355	-0.323682780969429	1.20217471891395	-0.8130201820627296	-0.1547459942863543	-0.199317263874148	0.03428170669941274	1.995674514435978	-0.09669999011168746	-0.2811398692181861	1.538287860190457	0.03705919171831445	0.003771334328347892	0.002393649182050624	0.9618788251827962	0.7639975530991802	-0.02846050114505362	-0.05591239800747118	-0.2280905662046946	0.2404133394513958	-0.1231246455666824	-0.4732659306621256	-0.02882399217678862	-0.109035580752708	-0.131387808065091	-0.1256469092286827	0.01276335440729915	0.03922172782422723	0.06809576516775354	0.04965678047301403	-0.07063977026579495	-0.03643598421259119	0.2021456455173618	0.01854113474932656	0.01799235441687591	-0.01485617541357549	-0.01543411137055769	0.2190825367477519	-0.05875252208815077	0.07297705788671856	0.04706291287134236	0.1730188402551935	0.003921523773019382	0.02070418706072493	-0.03350252455693164	-0.1057747787567943	0.07236941991710154	-0.07717543867731093	0.001182656919669967	0.01970017359453179	0.02485196885047195	0.01078725914389054	-0.002213530541063922	-0.006516979343480591	-0.02939909122865465	-0.04673711782978961	-0.01985988916756921
0.075	-0.296590310540859	-0.07149918382788138	-0.5750089382559362	1.279236887015531	1.031656589589188	-0.1508269488349541	0.4481254058093108	0.1073564726037663	0.6140424408489058	0.2792095404889725	-0.06701076344171258	-0.5984822625837666	0.2815458921743177	1.546637766824238	-0.4929799235705513	0.04324210334801038	0.03399163830300386	0.08532504128094226	0.07990502994618474	0.1766111538131445	-0.8840486060105075	0.3481111138412117	-0.3230854254095432	1.203191600862148	-0.8129084823426854	-0.1541615083044645	-0.1989721977692101	0.03423298812347163	1.996003876999332	-0.09744972182187052	-0.2809900959869524	1.53768672555919	0.03647398511320257	0.004245487063939873	0.002749264737857139	0.9609635791852597	0.7627678994824857	-0.02910714423316341	-0.05599406770859347	-0.2206714417755921	0.2503288993716635	-0.1390038187558475	-0.4729788125236463	-0.02412792948490839	-0.1069917918033272	-0.144733044041627	-0.1233052264392651	0.01020534019670334	0.04267135277818098	0.06285343377399569	0.04794112926427681	0.06138948250069289	-0.02712735474365478	0.07993647860445995	0.02552621171775625	0.02202643583101672	-0.01736644850736251	-0.02641886730093913	0.2118565571643225	-0.07910137600730267	0.02714039308493839	0.04746040942563413	0.1909125977802678	0.01454451917786031	0.0132077833652211	-0.03799421233252404	-0.1424456989153132	0.07001990456078917	-0.07310581407167727	0.004930925430197778	0.03718377737999083	0.02354560393259823	-0.001038004000744597	0.004956747158281524	-0.03011067213739128	-0.05980839507457505	-0.05101160610306315	-0.0218684602040467
0.08	-0.2968548987760052	-0.07103613527760416	-0.5763581528642536	1.277314393213659	1.031881343591134	-0.1508634511721767	0.4470636861908502	0.1063867014072323	0.6135771167592911	0.2793033759343247	-0.06615719374171475	-0.5977246441014961	0.2812535722141737	1.542946842219398	-0.4919734639449339	0.04159099851343308	0.03599101089710417	0.08392204883529517	0.08088737524345049	0.1773635760790084	-0.8845484857816781	0.3484637473847796	-0.3233099979615914	1.203259475427719	-0.8134627854295521	-0.1546042324048582	-0.1996407585644687	0.03138244040296296	1.995347309398729	-0.09731603945101218	-0.281441296751776	1.539900772146516	0.03695672705751449	0.003822123111997467	0.00232127061519785	0.9609546995639877	0.7598694665863203	-0.02921409544083828	-0.05709818726162522	-0.1990516928001792	0.2703722482754267	-0.1615567525483329	-0.475234490780965	-0.01916207111945371	-0.1003837909916678	-0.162086529673591	-0.1266811965479285	0.01360381543455112	0.03695832992946049	0.06971045879041493	0.04026540162500684	0.006980497931013802	-0.04778346929897701	0.1531203414517	0.03815367011893735	0.0375262154577935	-0.01937469645232954	-0.01879960303144094	0.1899446933973707	-0.04659864130794026	-0.07626929123820733	0.04053740439495357	0.1986010730168199	0.02179026864315276	0.01229485505725598	-0.04193349541874135	-0.2229051670257605	0.07031150646925255	-0.0700347059031679	0.01167584924378193	0.09367080359081605	0.02279109402814376	0.005165623482086364	0.006323487374531995	0.07185407467238225	-0.05734491616345042	-0.05333153124114427	-0.02356206125915247
0.08500000000000001	-0.2981507783301965	-0.06917950683275735	-0.5766014875855889	1.275468527330319	1.031259640356521	-0.1508718821579506	0.4465868024819756	0.1060742271635454	0.6141225209685424	0.2797431956049934	-0.06625147339017272	-0.5980746955600479	0.2829175774457005	1.546950244335449	-0.4920414192660496	0.04344953715817157	0.03427872804109175	0.08510838988265484	0.07974708526791215	0.1780651211858051	-0.8850013530705008	0.3471214239571467	-0.3235156013014369	1.205106772227508	-0.813009049736849	-0.1540561009531545	-0.1993612725002933	0.03063500177504334	1.996413714146156	-0.09812548178224562	-0.2810133382737646	1.539876175456089	0.03633224031174975	0.004270932217318761	0.002744116140973786	0.9622732262672294	0.7572314168485236	-0.02922401612479322	-0.05644449398187046	-0.1822057870265554	0.2886425733122346	-0.1749394705589626	-0.4767102643347241	-0.01394475802780117	-0.09479007561103001	-0.1759132053189917	-0.1356577487691916	0.004103481100393448	0.03676051374698113	0.07510197097949728	0.04721059815534709	0.1084409727188193	-0.06644070543413215	0.06227841956572795	0.04652236370428681	0.04054456414912017	-0.01642130286286109	-0.02307450407175149	0.184618336206946	0.003986482557214568	-0.1909225954696865	0.03134783355266401	0.2020804680882224	0.02747199603029161	0.008202382850961741	-0.04471260276894866	-0.258200411193409	0.067877082612554	-0.07199912581339134	0.01330304868211745	0.1859880355007749	0.01917861942813598	0.0005450619924639757	0.001374759932992276	0.1335881151133095	-0.04627216303272448	-0.05674624175470835	-0.02591897710976719
0.09	-0.2979649557607547	-0.06891785118972432	-0.5779952181594444	1.272784830710455	1.03144239213402	-0.151416079174384	0.4454400060593801	0.1042653303375891	0.613614870432644	0.279908304868447	-0.06533260192147973	-0.5973363859361071	0.281937410105941	1.54291289782024	-0.4910122958343578	0.04190981743540603	0.0363514309234173	0.08372951175845739	0.08075542033135708	0.1795269777849459	-0.8846818123507588	0.3464736076028188	-0.323164254456258	1.205885740726214	-0.8135704407910236	-0.1544791661348115	-0.1999704784810651	0.02498609489368115	1.996412936096218	-0.0979821867654144	-0.2814360862426967	1.545773237043188	0.03682608188986336	0.003972805173727878	0.002296654957312105	0.96232041709246	0.7560927375281871	-0.03007401883905845	-0.05718715618084957	-0.1739898772447777	0.3040969900761193	-0.1963380225820904	-0.480499143768932	-0.003077827992959393	-0.08904404419937274	-0.183774235059751	-0.1382040495417396	0.009124982377369886	0.03598822778371284	0.07431092426356914	0.03962091359085424	-0.01612670540948128	-0.05076387023836373	0.1700749945117843	0.0585436366707052	0.05906338410995757	-0.02086517294676134	-0.02027962133777333	0.2281478097353742	0.04131987503315872	-0.295352071105069	0.02120970559355868	0.2045360406670692	0.03326495541971714	0.007356700373977823	-0.04751441134087808	-0.1623815812408973	0.06513664943048575	-0.07060795377413277	0.01967524455230184	0.3753343003430529	0.02145736611587411	0.008053851884802747	0.004952248483183292	0.001573558733863626	-0.06899932146242889	-0.06028356332035981	-0.02820649559785611
0.09499999999999999	-0.2996967779924435	-0.06638333496987052	-0.5783985103751778	1.270924662126611	1.031681614077331	-0.1517174965303975	0.4448428859141467	0.1047148392399002	0.614170402716451	0.2803607715160169	-0.06458887509084038	-0.5976863468473423	0.2845053261634063	1.5468968867181	-0.4903746043605928	0.04386115906876332	0.03476604210605609	0.08487179798506551	0.07951363370671757	0.1808895310830344	-0.8841938211017466	0.3445527761978692	-0.3226896756231403	1.207096153381652	-0.812936274619298	-0.1539605468696861	-0.2005211321285742	0.01942999594173331	1.996788499000575	-0.09884042189036513	-0.280902913202881	1.551549267702704	0.03621097051324466	0.004344781034598838	0.002744299447147815	0.9616033685384926	0.753032425106026	-0.03004289251891734	-0.05677554778064144	-0.1666577185925883	0.3105731623716493	-0.2001771593841301	-0.4836416574490244	0.008670655352339506	-0.086896871523264	-0.1934851036500692	-0.1457247583783658	0.003068050606757293	0.03790600945715782	0.07077189706008001	0.0445871450582168	0.1376573872829493	-0.02887070785671578	0.003133777129615551	0.0686426493800258	0.06158806628390389	-0.01812729112284249	-0.02773174802772075	0.2276174716072992	0.04235311805957391	-0.3433889620974346	0.01158998277448961	0.2084793938721264	0.037122957309825	0.002537496438430852	-0.04943033272023121	-0.04451451408585241	0.06116115131600908	-0.07423731746363001	0.01840002764235291	0.3735247366468021	0.0177633451117078	0.001119228071211487	0.002229909940701011	-0.1705785608273116	-0.1115790928606843	-0.06437888701403194	-0.03064423541290348
0.09999999999999999	-0.2998269366018901	-0.06566624227841657	-0.5795999619845809	1.268451687106683	1.031220104539175	-0.1525931405657165	0.4435506451121102	0.1032593741990918	0.6136291539228461	0.2807638933458072	-0.06424068564424495	-0.5969958766833154	0.284637387881326	1.543060598077532	-0.4902157102652577	0.04242834306809157	0.03693528036882888	0.08350400054880903	0.08054074267260639	0.182805437856697	-0.8846571794108276	0.3419633510641211	-0.3235091280279749	1.207224455527139	-0.8136909580810898	-0.1543154759864738	-0.2004503057710622	0.02026190223728137	1.996091112698172	-0.09869908794536383	-0.28128355676643	1.559021930430426	0.03670781871498607	0.00413042388960754	0.002300306441911064	0.9609518579652606	0.752902649505875	-0.03092665753326332	-0.05749075631830432	-0.1367323849465293	0.3145735079870138	-0.1988713106733419	-0.4902259158262425	0.02249699751773754	-0.08459650570869259	-0.2185296766288583	-0.1572314792785042	0.006077508972504445	0.02328661316896043	0.07795321936625214	0.03978922591799874	0.04081443477315552	-0.02926834923933923	0.1242327046879359	0.08580989680967696	0.08635638751274419	-0.0148745508863792	-0.01429302806303803	0.08769429483719443	-0.007939452392942692	-0.2863345646920237	-0.0005369939723878007	0.2116868416953156	0.04277329224760503	0.002650370701836947	-0.05375649827014707	-0.0008216855301995336	0.06290784836841029	-0.07332947851502322	0.02517676910087642	-0.283028011434922	0.01896806391457893	0.004811292747791922	0.008033173015118824	-0.3038352181245034	-0.02742508954010509	-0.06780418772589338	-0.0310461121033303
0.105	-0.3010684686580011	-0.06333632936722094	-0.5803785206683622	1.266185950918322	1.031673353187027	-0.1526465163419493	0.4427255931275664	0.1033639192368237	0.6141869951352362	0.2807267319125699	-0.06465455173940819	-0.5973171688636497	0.2868202531377788	1.546464229338402	-0.4908511311644998	0.04451641154970637	0.03551743373918212	0.08467726184852255	0.07931066371781172	0.183195150928267	-0.88544563389852	0.3404572759592596	-0.3226276135859804	1.209177409221354	-0.8126210835355937	-0.1546247514945502	-0.200331872006715	0.01962761239446089	1.997111511493425	-0.09957035350186737	-0.280711682297664	1.545949583883744	0.03610787483462517	0.004288936799876484	0.002751443085249196	0.9586776500748346	0.7514495334683123	-0.03092097879475936	-0.05719116795221311	-0.1101708715088972	0.3230239718717602	-0.1970047171623024	-0.4936766515046537	0.03395665157302151	-0.08190385522308778	-0.2392980788627853	-0.1758660012177875	-0.003405061627277603	0.01299470180428875	0.08666203839650423	0.04845864453613148	0.1847158630270155	-0.03720065170167664	0.0009208868413105919	0.09843051635888024	0.09088829355290259	-0.0067117211121666	-0.01672968971184201	-0.03566877879536793	-0.03008677322557729	-0.2548030493468473	-0.01317855729493906	0.2142563435401652	0.04538186342413724	-0.001551113362946856	-0.05560238532180926	0.005813716801468027	0.06479128801645685	-0.07921258154269371	0.02370194680844779	-0.7843343909588092	0.01677024337622921	-0.001102812169443272	-0.0004160110675449733	-0.3947978578588184	0.05596780073886468	-0.07105682274308286	-0.03533412221440951
0.11	-0.3010236380676665	-0.06242880307395708	-0.5820575292397612	1.263337836690853	1.031392837519283	-0.1534784453485412	0.4412375406444516	0.1018727859693891	0.6135855840096239	0.2806611215187735	-0.0640128699813691	-0.5967049648547029	0.286559695792787	1.543157350359974	-0.4903274988948134	0.04321788016092438	0.03779967787263953	0.08336727892493054	0.08039653887223343	0.1826290908155048	-0.8848858909511794	0.3394959199010174	-0.3227991979700989	1.210102782943745	-0.8126161664929628	-0.1542243517274642	-0.201064442584387	0.02252408100424443	1.997143618625135	-0.09946820419566721	-0.2809633768573542	1.54311356161916	0.03658007589517338	0.00384073889966165	0.002298565823628663	0.9571612680896133	0.7520625099597523	-0.03177580125615592	-0.05786247098833373	-0.09581698139006162	0.3551523623210615	-0.2375082722952625	-0.4944582893431167	0.0449470500259882	-0.07083253882785423	-0.2426958914027648	-0.1925401820549702	0.002935608630338984	0.004314685176004822	0.09757560256686104	0.04024684758040365	-0.0009509432650786252	-0.04273305071018293	0.1620407270456519	0.1087492812262766	0.1092880135026236	-0.01053272548103842	-0.009941702215888406	0.009283672488973391	0.05821149177103096	-0.39712250272677	-0.0314393355217948	0.2114391407779631	0.04811561184657069	-0.001526543042958403	-0.0601658466669636	0.04348865229491942	0.06720347097727054	-0.07671339758371232	0.03018344842641061	-0.2620758810259798	0.01609510782329581	0.01159971240842912	0.009019444162914917	-0.40184671562343	-0.02710878082546483	-0.07397036381040699	-0.03646225357458818
0.115	-0.3020632440040741	-0.05986466224896478	-0.5829470389118971	1.261288242605084	1.03197765281799	-0.1533690247196839	0.4403745544569594	0.10172987946217	0.6141591461001894	0.2799552442467896	-0.06370505405235462	-0.596206921399965	0.2881072645470499	1.546157977411362	-0.4905230955160318	0.04536870180315885	0.0364954423962242	0.08451942544113439	0.07915337310539597	0.1831325271817325	-0.8846215104165114	0.3369264852031362	-0.3228020165441898	1.211348823176758	-0.8122491457110433	-0.1546472149815839	-0.2009134341041378	0.02482191427430361	1.997522358789328	-0.100354548422205	-0.2811929169866642	1.539685789267779	0.03601307883620884	0.004185909700784647	0.002758775165339149	0.9546610439591543	0.7503590475120665	-0.03183052425443553	-0.05763204278550854	-0.09434877549504342	0.3794560433181322	-0.2755023312933289	-0.4922198797830001	0.05651659599123057	-0.06155843157690655	-0.2415023432527241	-0.2042049169520063	-0.005483722431650357	0.002609223984689857	0.09644769448660623	0.04738990895678005	0.2196184271348398	-0.03000773034094862	-0.08831249212901413	0.112383335637995	0.1059579183520157	-0.01089834681462913	-0.01687148288835728	0.07664366335027217	0.1357929849702474	-0.5535782601512318	-0.05009864488738245	0.2110930532516303	0.05144514710343332	-0.00303690878679343	-0.06110325079830878	0.09765912231506002	0.0658917599706762	-0.08155901256487769	0.02665286698706817	0.4099704997116235	0.01287394890008387	-0.003324790865557556	0.003900613218162719	-0.3932913551631692	-0.1326006189889253	-0.07830700798229716	-0.03940686825308525
0.12	-0.3020129141737483	-0.05875491041490048	-0.5849775244303509	1.258456255131539	1.032055228221282	-0.1541116432483147	0.4388696663194496	0.1004460399988421	0.613484832369664	0.2805342282800217	-0.06264561685776893	-0.5963583580251782	0.2886259752257195	1.543451520662276	-0.4895312722109881	0.04414407201216198	0.03882377959788507	0.0831934787317315	0.08023714974796772	0.184244902214269	-0.8847273231777918	0.3333669742958637	-0.3234890834445793	1.211861051794774	-0.8126122637895973	-0.1543264162641891	-0.20161061124418	0.02836125808753977	1.997124253748252	-0.1002653852326315	-0.2806213371956579	1.541408980782758	0.03634861811031706	0.003722819922937416	0.002318026560941157	0.9531148820714049	0.7502078727386505	-0.03254526758548017	-0.05814444906512303	-0.08781425449105495	0.3788213188641117	-0.3150804304940484	-0.4940578068050872	0.07606349844147843	-0.05603296942198038	-0.2533580451760256	-0.1927342502063513	0.003546503745832934	-0.0131940918464022	0.0786165482625357	0.03565007474121919	-0.03291334515218348	0.01360952652372596	0.1657524432430523	0.1230035536653661	0.1224263215786388	-0.0142762169186078	-0.01478823089777025	0.03690995935791103	0.09566376462710609	-0.5826875300600235	-0.0672098419039162	0.2170055916606632	0.06385228605512838	0.0005422274629243932	-0.06779014159113265	0.133065402383683	0.06389874696685505	-0.077631551743128	0.02628736065721323	0.3954104832409757	0.01469580836745691	0.008659256438915785	0.003780536270688568	-0.4428892360149398	-0.144304787153617	-0.0822773981434726	-0.04126179709650429
0.125	-0.3029592213024342	-0.05628932073298947	-0.5861505529119969	1.256481827078321	1.032465708241699	-0.1539219135482287	0.4379012289723623	0.09991955668495672	0.6141115219807204	0.2805796628004609	-0.06273676830159786	-0.5966051294100398	0.2905154188199217	1.546499064897362	-0.4903813006661129	0.04634019548721351	0.03763515576568089	0.08430892124459291	0.0789517152416004	0.1850573404468887	-0.8853141624032801	0.3297532591621852	-0.3243526754781427	1.213353996023021	-0.8119767799878032	-0.1547674318754738	-0.2022550575003511	0.03247853244824265	1.997632337071278	-0.1011620557793875	-0.2810036449250203	1.540241327144276	0.03667040120451918	0.004105325996057061	0.002766726864446047	0.951074119609859	0.7495151143256246	-0.03301651252739846	-0.05837078224795305	-0.08294527613087685	0.3733748787104498	-0.3313712959552559	-0.4964344697800601	0.09644121480210051	-0.05517217732610043	-0.2640560834441754	-0.1891916806284092	0.002543543953404508	-0.02048770599959917	0.06315894438552866	0.03501521466462627	0.2072957766199004	0.0547737874832484	-0.05493955514842542	0.1306868256379889	0.1273249436021585	-0.0136477451868173	-0.02341018146786805	-0.02651163582729833	0.02350629714761037	-0.5676071445176059	-0.08398143486826035	0.2242663815143291	0.07630460922921774	-0.004898280332087728	-0.06540859750522955	0.1431253188216558	0.05834225242935082	-0.07993710765791985	0.02232599804921353	0.118514112886634	0.01017913364366456	-0.00697129400860465	0.001849636763096774	-0.4927863486303391	-0.1106856532542534	-0.08712059618517161	-0.04489123772437477
0.13	-0.3031207454891802	-0.05515293693739268	-0.5884556318870748	1.25361151787981	1.032395802064912	-0.1546537483265562	0.4363532558923965	0.0982496440654157	0.6133297854323498	0.2798670753437101	-0.06169345412212725	-0.5961099785595882	0.2917696104560709	1.544011512670176	-0.4897335071043076	0.04524876882826884	0.04003890956010192	0.08298233554640067	0.08002228936854454	0.1849892437676268	-0.885160480115714	0.3269620651385187	-0.3243956892715373	1.213904785342823	-0.8122050163327033	-0.154784912277408	-0.2022769632859076	0.03267312099114461	1.997176134861135	-0.101062015252431	-0.2804291251698576	1.544125757789656	0.0361111872718856	0.003615002887459595	0.00233008656630403	0.9485496676853156	0.7502093422778459	-0.03419311437859762	-0.05964198362226186	-0.07099499662123633	0.3949682716442703	-0.3459462400365022	-0.4986841517146196	0.112739936055098	-0.05672374247484258	-0.2595033770330918	-0.2129947879127544	0.004857419488347663	-0.01801390604879673	0.07595482971850309	0.02991567145832822	-0.001642469629987659	0.05749094952864831	0.1749558668594328	0.1378693246100705	0.1384021390702552	-0.01655449381809338	-0.01703625012540114	-0.03594419569379712	0.003428048884123405	-0.6020857734508264	-0.1041879184737127	0.2274292914836454	0.088602533301574	-0.0004592450384509413	-0.07232171400798348	0.1336764417492598	0.05088836671187271	-0.08115922917971559	0.02108379014788896	0.07942977630855085	0.01575726845776902	0.01596872957650325	0.01154515922987234	-0.4430908542771074	-0.1145732381372918	-0.09116039415670858	-0.04143993755401305
0.135	-0.3034939123103533	-0.05255083436834407	-0.5896518818655818	1.251655788552206	1.033196225827174	-0.1544600953062099	0.435386708055983	0.09777366384881164	0.6134116503703382	0.2804912799859341	-0.06180614117539113	-0.5956312658581279	0.2939335997379746	1.547001624818545	-0.4902978222188332	0.0474929703589314	0.03893113132656806	0.08408877136921965	0.07871003216016478	0.1848361711941029	-0.8860311431836501	0.3230099926227545	-0.3254826980870402	1.215517944487403	-0.8113981215563024	-0.1540272444437494	-0.2022850963773501	0.03495640366241393	1.997584074735284	-0.1019957989780878	-0.2808329942593799	1.545388907088023	0.03657549788992365	0.004034937842379405	0.002791557803532848	0.9466631434930717	0.7506750271930738	-0.03461380601926727	-0.05914150136162363	-0.05995819368465754	0.4168027279949479	-0.3477518244713277	-0.5003464179136184	0.1290543551894319	-0.06035627900959076	-0.2562159331346411	-0.2427952117530516	-0.004600113556160987	-0.01197253758075449	0.09142611728316109	0.03616681238150785	0.2360250014227584	0.05428275614144987	-0.03820574945823869	0.1424687781403605	0.1358485902755605	-0.01675726491059228	-0.02793549146466165	-0.01897961147060323	-0.003538540917474506	-0.6674028837530875	-0.124957604526019	0.2331512244678934	0.09837182067447275	-0.002075048688651711	-0.06844927557423576	0.1110597031535874	0.04112050591127207	-0.08948572997408408	0.02269246270807437	0.1440791581068731	0.01345424139945811	-0.007289462131764947	0.002724790867367932	-0.3431536482368107	-0.1381174437346227	-0.09568421733196059	-0.05126877819153314
0.14	-0.3028273862429019	-0.0510179715615811	-0.5920446562447441	1.248753034263965	1.033319435958122	-0.1552283747566011	0.4340339860695968	0.09583865274126077	0.6139520431440658	0.2804479751035919	-0.06052493785655883	-0.5958967634480921	0.2939182330452108	1.545041749822553	-0.4896534165361637	0.04646441162455803	0.04136041189957248	0.08275223519795612	0.07977225311205012	0.1860092093841269	-0.8861482073466108	0.319316555138618	-0.3258121643515786	1.216096803887136	-0.8115214219672847	-0.1545403688830064	-0.2030559400415268	0.03494755015782205	1.997084291505026	-0.1019451244279486	-0.280276102498401	1.551506540234984	0.03598710033109929	0.003504914166958832	0.002371269668554453	0.9445832032710757	0.7501212976506153	-0.03583421453750998	-0.06006153888913967	-0.04507615846536507	0.4198157764220511	-0.3656800154381321	-0.5032249948641109	0.1510138825410119	-0.06304841917106981	-0.268533247157751	-0.2504876729595435	-0.005484304578886314	-0.02773260241725447	0.0878270686026832	0.03103564549957611	0.01616709997021545	0.07421697870647094	0.2091439613943904	0.1495928596686767	0.1500543570123145	-0.0198560411893582	-0.01922783078856761	-0.01024133534730788	-0.03539042854554473	-0.740964229123157	-0.1431032174604095	0.2467276118621798	0.1136611458816877	-0.001753989199846482	-0.06789404388815104	0.09267814134766225	0.03370091475065688	-0.09040899072320151	0.02380584610566047	0.08117574288884201	0.01854655880789153	0.007886022733445443	0.003550461259514477	-0.2818768936155128	-0.09740469922276432	-0.09867694300200419	-0.04437054439511121
0.145	-0.3038717901302302	-0.04835600202330568	-0.5933919529517937	1.246789493868281	1.0343940521127	-0.155055913247492	0.4325565854282366	0.09536844099705533	0.6135414833455112	0.2802192340322729	-0.06070712429397763	-0.595305753393685	0.2963020462421867	1.547214907114439	-0.4900232749925899	0.048716037091079	0.04034523030567028	0.0838239699360198	0.07844003522999682	0.1863447824024288	-0.8864679070105478	0.3149609242337313	-0.3271032719805257	1.217871992083247	-0.8114088720027814	-0.1539428256375872	-0.2029441440164484	0.03550655265203468	1.996640431517266	-0.1029255105109873	-0.2806898520224311	1.554683066318381	0.03651254991361081	0.003900447495552358	0.002691913700040112	0.9427615565368144	0.7511769180600859	-0.03653415081365363	-0.05979589176882599	-0.04429626593909002	0.4252682814688822	-0.3789950160506116	-0.5059630842530842	0.1724289217973433	-0.06600240445342748	-0.2738116600292401	-0.2534977637540702	-0.0200211367858007	-0.03052202019342164	0.07875386707720984	0.04029491946432114	0.3226953116011009	0.0993987779310978	-0.03934665743425059	0.1505828751798436	0.1486556823078738	-0.02039913579248931	-0.03102727786209272	-0.01534115337356182	-0.06861377033192081	-0.8389797331269355	-0.1598641631385201	0.2624808700047578	0.1264696881617003	-0.004663197165331716	-0.0654998100988843	0.04865066302832376	0.02371810477047615	-0.09853569522986966	0.02506833426097361	-0.02476245831072263	0.01819617919134534	-0.009808091997938841	0.002842114401058098	-0.2187769424498129	-0.007658071741082314	-0.1029557952929905	-0.05231682721283726
0.15	-0.304012905946863	-0.04661515049705854	-0.5959586470306699	1.243854533732889	1.034810828719354	-0.1558504166259184	0.430712643115061	0.09326733910550798	0.6139850860418403	0.2793474528602635	-0.05918044481438645	-0.5954842273419667	0.2988101805565287	1.545982157003421	-0.4897658973522829	0.04777362513442341	0.04278505085150504	0.08246983437238473	0.07948232226188612	0.1862489476465474	-0.8877797267128573	0.3106268073764866	-0.3278774504224164	1.218562452915493	-0.8108311479420123	-0.1543995963039384	-0.2037139674457755	0.03458106402504411	1.996516086372908	-0.1029219119876916	-0.2801106214294793	1.549910346651119	0.03589850298424573	0.003379151960751761	0.002433418187611048	0.9420267143607299	0.7513281255808819	-0.03685077026568005	-0.06063727191947077	-0.06214098087388965	0.4594682553363679	-0.407771975204928	-0.50922162532444	0.1885622241516631	-0.06773494882139214	-0.2455065378143377	-0.2644214943955647	-0.01923923255795371	-0.006674005002589802	0.08084893930073814	0.03659018595174265	0.2243606747531667	0.104650689516812	0.1720287970188049	0.1487034411790863	0.1480728703465106	-0.02838292851779185	-0.02883562237118775	-0.04217915975889102	-0.0817512974779257	-0.9777082918802562	-0.1812083026297507	0.2743309763601998	0.1398855006539354	-0.002489646240080997	-0.06483812301700531	-0.02846853660122495	0.0107786705880445	-0.09934887022032222	0.02409359767812724	-0.05363768772956467	0.0226323907346135	0.01825504150340443	0.01263566700643975	-0.08075737438377648	0.08333793614375549	-0.1065326779244615	-0.05284756866888487
0.155	-0.3045781774990506	-0.04407296116311581	-0.5975243579298991	1.241863244576648	1.03529319047312	-0.155695955098896	0.429800215091473	0.09277467441615195	0.6134157781822235	0.2801089193198005	-0.05975955863061509	-0.5956633396837631	0.3019932881041323	1.547873951207405	-0.490433605279085	0.04998914743977685	0.04177340614405531	0.08348531303309562	0.07808313842938634	0.1858151674613734	-0.889028953894388	0.304621787294135	-0.3290015233495048	1.22047444604685	-0.8103555825418313	-0.1538630356915755	-0.2035578853242598	0.03470243604027578	1.996170021021136	-0.1039361156136756	-0.2805287833356206	1.548240970688896	0.03645766308288519	0.00376248730389893	0.002369791513901069	0.9418840210634688	0.7518414583793965	-0.03790330571972112	-0.06130783347565891	-0.08400344887293901	0.4923036726095196	-0.426310898733218	-0.5139909763555146	0.2028983871587433	-0.06873894057277184	-0.217184091622895	-0.2735109028401727	-0.02794240202176569	0.02324158459487427	0.08063108564466671	0.04186305766462309	0.7473545176312161	0.1082775168555031	-0.236074203060077	0.1429640771753915	0.1417168387164035	-0.03397620435044704	-0.04431285309244349	-0.06600482841955306	-0.08267849440979226	-1.147364455608056	-0.2020657248159301	0.2833298198263096	0.1521697713282227	-0.00436795615656561	-0.05912197780593478	-0.1140543555256376	-0.0009840993701678354	-0.1036423011242523	0.02414690370242781	-0.0490464397914076	0.02347626430167011	-0.01977789862176813	-0.0009929972438761112	0.09328772773997164	0.1761877037957515	-0.1111450317428569	-0.05454904904429079
0.16	-0.3044873551283821	-0.04244014699551198	-0.6001990483946089	1.238885056625538	1.036601005355837	-0.1564983702886624	0.428061705163761	0.09035260829221411	0.6138358339252131	0.2799409681346601	-0.05880261965896557	-0.5950512423840679	0.3056353842485737	1.547427741217953	-0.490568346166898	0.04903192329472758	0.04415550907985689	0.08208112144737212	0.07907709573691596	0.1863533483159931	-0.8897881095453472	0.2985692603760583	-0.3296495267947173	1.221209846111867	-0.8094032297520733	-0.1542165661935429	-0.204213894333071	0.03247868566967561	1.996171025784945	-0.1039567809464604	-0.2799730512709882	1.545288642572379	0.03581331845857936	0.003193097943441229	0.002413712140643293	0.9431276155078125	0.7545395118888141	-0.03834637572807706	-0.06144218932606454	-0.08681719725613361	0.4966027883222226	-0.4473681796418654	-0.51907437698378	0.2158753505659808	-0.07123172773726955	-0.2160063851858768	-0.2676627931473826	-0.03043643637430675	0.02331870457992319	0.06447223644137286	0.03663893518281292	0.4525369110191126	0.1216705292247859	0.1150138164830421	0.1428537350906442	0.1422078032871711	-0.03622975094637527	-0.03664509270532133	-0.06376068004685168	-0.0812917773958466	-1.335457074703479	-0.2205656342926571	0.293665800703288	0.1666023187724174	-0.001008740083988316	-0.05770380581484606	-0.175178764452382	-0.008026333551116083	-0.1024469506361139	0.01722071404169567	-0.05729490146537416	0.02857480109546314	0.01878002987544941	0.008584398803083237	0.2613255718366769	0.2954185915952446	-0.1159858353190815	-0.0592429909378838
0.165	-0.3053706096674488	-0.03957836586868402	-0.6027782357950295	1.236847195213929	1.037153659460505	-0.1563547459807672	0.4273108645345431	0.090287067577139	0.6131716060890869	0.2796657188303481	-0.05827950457747056	-0.5953415848046999	0.3101915561470064	1.549053726948291	-0.4916844904589248	0.05122110868797191	0.04316067171007481	0.0830846202518721	0.07765331291913231	0.1868516798464988	-0.8907377560077042	0.2907035700009388	-0.331182871471375	1.223240214389969	-0.8081902353509919	-0.1544752683552361	-0.2048185376711238	0.03242807029031331	1.996311507219286	-0.1049775200534951	-0.2804247161972672	1.541821698476906	0.0364003448511693	0.003557885725976275	0.002692624437402806	0.9451817896106323	0.7548260594736921	-0.0387718184307664	-0.06145907909602106	-0.08241554412637957	0.4921948817495854	-0.4538172014547225	-0.524950078015719	0.2274796422025669	-0.07367048570979363	-0.2276288725488545	-0.2632642867345165	-0.0425813018904766	0.01687765213710444	0.04883317614384144	0.03868233885033209	0.8434492102975357	0.1387745408501418	-0.2600124431934828	0.1418411676937901	0.1413481929301286	-0.03543187096301222	-0.04498634231489296	-0.05827127131252803	-0.0829892810073404	-1.464856880188223	-0.2382285514899063	0.3028249713491806	0.1799822940316689	-0.001723574058532742	-0.05434527024109624	-0.2075519520386634	-0.0125474632075059	-0.1031421062179643	0.01555497210050363	-0.09736553681545096	0.03204616814373109	-0.02338386662521156	0.00129158661330938	0.3731871568389369	0.3576539494244881	-0.1216357926234623	-0.06150409738259405
0.17	-0.3052445511057094	-0.03792117569990035	-0.6047739578048517	1.233815308813007	1.038473906219141	-0.157189307368919	0.4251069652808545	0.08839896751516302	0.6135145740739146	0.2802076264717824	-0.05827571856105562	-0.5948052721071836	0.3145597547916873	1.549113164846279	-0.4918631544650001	0.0502898152165757	0.04551937494344378	0.08167792573985458	0.07865521339330042	0.1865640034252859	-0.8912236554009749	0.2834479880797617	-0.332099044929292	1.223969179243483	-0.807964529287571	-0.1540904232623216	-0.2047476874277115	0.02765853859962382	1.995434293049127	-0.1049960636796397	-0.2799508301485312	1.540412865278211	0.0357448917618433	0.002970866881182014	0.002371812678484507	0.9467074429559046	0.7611787830801928	-0.04002853102553552	-0.06246816014832501	-0.07558842800153606	0.5017732180212702	-0.4636045205257597	-0.5293091527670526	0.2336491980625634	-0.07678557732302418	-0.2300149820676277	-0.2766497505334412	-0.04691287311053231	0.01548374899644296	0.05117764074447787	0.03340293140137376	0.4179956906961678	0.1468774854307124	0.1529346015305474	0.1420223843986588	0.1413194945732198	-0.03810341219577599	-0.03740882674974713	-0.07141950465772967	-0.09527890555075602	-1.460087346391416	-0.2523903685925967	0.3119334807695052	0.1892056205556167	0.0004641541283861413	-0.05140805571210517	-0.2212754001856279	-0.0188972061378465	-0.1013086934875811	0.006001708241727133	-0.1313020429551019	0.04095146706988863	0.021198637969885	0.01000815630352678	0.3945726284176577	0.2247037875570274	-0.1256329603050285	-0.06633676788214468
0.175	-0.3061043619442677	-0.03488661332692834	-0.6075206552294365	1.231750255878923	1.039811522942783	-0.1570537524491278	0.4247669770898476	0.08787638826073488	0.6127705191522395	0.280630320791077	-0.0584118878632553	-0.595144280230307	0.3188410362079274	1.550395183529447	-0.4922650529178813	0.0524579533340635	0.04454786102877727	0.08267031869852125	0.0772098474880025	0.186218042914044	-0.8917220059880826	0.2763786808762375	-0.3329987807472423	1.226125013268388	-0.8066336564407373	-0.1536696664205287	-0.2046297094400695	0.02171072307784426	1.995518720500431	-0.105996642650911	-0.2804333547644006	1.537076928776472	0.03636260228377063	0.003296092845452185	0.00279647313989738	0.9481631829462914	0.7682234358188672	-0.04043817851373197	-0.06248589397169965	-0.07230157013502442	0.5167995066104381	-0.4747819909324513	-0.5315108075856982	0.2368468258438992	-0.07515648171545816	-0.235864830659344	-0.2928222800539752	-0.06141933264147464	0.01277202765541665	0.05794525816879301	0.03566583358029232	0.8523122196995742	0.1554882227177475	-0.3185492343673204	0.1386267472943475	0.1384279550853792	-0.04104564911679091	-0.04973634248072419	-0.1024131299845276	-0.1043298393870669	-1.356134425100966	-0.2652102640915529	0.3219723517401212	0.1957866012982618	-0.0001842979469638863	-0.04615514629248342	-0.1504632373059388	-0.02190108543566242	-0.1012954999024033	0.01022885583194694	-0.1183916477338004	0.04565100768701116	-0.03200446188481018	-0.001301037050482868	0.3624058488085035	0.05897847345546892	-0.1317262788677596	-0.06954716237003244
0.18	-0.3060291985207948	-0.03311967016643737	-0.6098903537374795	1.228698637435867	1.040499605669592	-0.1578721977530975	0.4229063157440136	0.08601348395348554	0.6129709602504395	0.2802247533955488	-0.05759673356519995	-0.5948481350762164	0.3232095219879363	1.551002894651745	-0.4935342135622492	0.05152771589157074	0.04685827682507211	0.0812392490173396	0.07819026317720142	0.186272956002009	-0.8929645391743234	0.2694277670506174	-0.3348903339756324	1.226696317870994	-0.8063764119085661	-0.1539731980630445	-0.2052636822354944	0.02163890628162796	1.994645191416835	-0.1060361596956289	-0.2800615303757156	1.537136367863736	0.03573213515426996	0.002684393554210235	0.00241067313271686	0.9503003615271061	0.7662809193841503	-0.04167399166444976	-0.06355955185948288	-0.0734592827303666	0.5323587173653495	-0.5185618516380175	-0.5277018902415684	0.235042739478607	-0.06631193299814386	-0.250079411286625	-0.2959071313034435	-0.07651509453864587	-0.007304466020563901	0.05326290849023633	0.0353944838515739	0.3639042115648997	0.1775251087981747	0.1018445839925996	0.1342013444197145	0.1334690476333759	-0.04544999684774546	-0.04587306104010846	-0.1622856533041434	-0.1053107260655458	-1.177469589212742	-0.2721468686305505	0.3378121060445607	0.1982277365058632	0.002832205420352884	-0.03917122240423485	0.07125709957591843	-0.02184152329763532	-0.1025168149225553	0.009002807617173871	-0.04516350711929977	0.05642965250820713	0.02569109265922718	0.01126860633061762	0.3047395121343933	-0.0117619130551401	-0.1351410595007163	-0.07323683578614135
0.185	-0.3061074190163391	-0.02988878063014187	-0.6125105728854684	1.226682166932465	1.041154370061987	-0.1576358653700561	0.4221306585498991	0.08535060592231113	0.6129613749446472	0.2804860149687625	-0.05775325756610696	-0.5948719320517483	0.3280573952909404	1.551707968817527	-0.4951067492747309	0.05363336917860677	0.04587830345179866	0.08216595869340845	0.07668073427272043	0.1858219045419998	-0.8938699949490732	0.2637933152422496	-0.3358118589785493	1.22935953126627	-0.8050370054265151	-0.1534550756873515	-0.2050355878201428	0.02754487684283129	1.993833498803713	-0.107055657224925	-0.2805235190882923	1.535595493881708	0.03638158290193297	0.002980797276186625	0.002081008519011937	0.9518665076996342	0.7654985585823569	-0.04292909479391931	-0.06361482720771452	-0.0819903111282508	0.5625564323110319	-0.5721277290416961	-0.5198186122629312	0.2281657657233772	-0.04959771530980668	-0.2625668069235211	-0.3009590036848165	-0.07532150508520771	-0.03311033987994537	0.05579637191648584	0.01426449998461791	0.7850258528582299	0.1894578029680241	-0.3869972101206305	0.1326987221098935	0.1318866161192906	-0.05923715542547438	-0.06626029039388082	-0.1820719011487276	-0.08720642520218098	-0.9442103290859661	-0.2784251768434673	0.3568796740434256	0.1999922700865955	0.005702719356206381	-0.04326250583704126	0.1952724021750119	-0.02490016921362625	-0.1020134272930601	0.0194181205295035	0.01781118206020202	0.06246994352695667	-0.04194249473796458	-0.002002499456286533	0.1714419313032625	-0.03245877940148473	-0.14093001122228	-0.07609180850558168
0.19	-0.3067007077605365	-0.02794107211239589	-0.6148241048782782	1.223732759142474	1.042488736804797	-0.1582691822097682	0.4202657973091275	0.08371487901377556	0.6125709022873416	0.2798497279806909	-0.05714606663492305	-0.5944380444404589	0.3311086238932913	1.552916134774938	-0.4955232366606556	0.05273335160620397	0.04816476635155532	0.0806055168765791	0.07754060252617467	0.1862044627544788	-0.8953805405420548	0.2584031280853537	-0.3377395871263882	1.230675350054876	-0.8047539543982684	-0.1535376501724038	-0.2056577030294805	0.02593370610331329	1.993708693077901	-0.107129268543524	-0.2803953330192893	1.536176642364118	0.03581014752491832	0.002343057807461412	0.002398254505107491	0.9520415466793097	0.7622227343771024	-0.04342532652880438	-0.06473363168493722	-0.0957196119734257	0.6256429265016648	-0.6453919412630816	-0.5067315429562108	0.2112548883743542	-0.02790893275367002	-0.2548907930268868	-0.3259551808872578	-0.03338481969635853	-0.05735032715598418	0.08286802627737494	-0.04913137596582918	0.1588558206911482	0.1772477321621909	0.1968068793441488	0.1419506004445168	0.1412693558279846	-0.08406974412195371	-0.08447503500401551	-0.1089906367727719	-0.04371072557888365	-0.7070755670741302	-0.2808860104897278	0.3804837531871635	0.1968845229790011	0.01645036764865333	-0.0698213655131416	-0.03004962858251503	-0.04390499516350133	-0.1043629451958201	0.005768025385593003	0.02692079767599979	0.07502277454933973	0.02617995692813743	0.01369406175471954	-0.08297096659659751	-0.05646595496414885	-0.1389585752695199	-0.07733357073182205
0.195	-0.3071390961058814	-0.02473537648772886	-0.618058922144348	1.221821580419878	1.042884988701865	-0.1578442848554144	0.4194550463659112	0.08232509649090626	0.6126332113858961	0.2799670255332171	-0.05666761277172078	-0.5952683568597731	0.3351694359729667	1.552718985368238	-0.4968536573185424	0.05490644840757591	0.04728270654422708	0.08129996759839274	0.07578015310239225	0.1869266577310903	-0.8965448843535464	0.2548307875319226	-0.3386968435866536	1.232334561602555	-0.803478312839598	-0.1533333938918332	-0.2064754975637125	0.02679643122490766	1.992595634373139	-0.108194381410816	-0.2805683100450133	1.535879516446255	0.03650136650457565	0.002613278707213974	0.001936017074325562	0.9501460897808243	0.7587820162767412	-0.04486828129902317	-0.06482855418648474	-0.1098430441057752	0.6915124577724504	-0.6933209839095418	-0.4968281718616871	0.1884623862889364	-0.007466435248791634	-0.2382099244998307	-0.3582863899003988	0.02110847862743602	-0.07038599352469978	0.1196666093702528	-0.1259629457193934	0.6551246591841329	0.1422975537458424	-0.3378938518344274	0.1563702709661394	0.1500952946591039	-0.1119420682020305	-0.1219301805191706	-0.06829523142638189	0.01783645969339261	-0.5610776264943802	-0.2864024764007007	0.401600009333666	0.1935986281627855	0.0214827502322403	-0.1107861632810959	-0.2489076466694632	-0.06035344403738978	-0.1122756464274834	-0.005902834627932653	0.02921833114467735	0.08518781674879607	-0.04511476429194246	-0.0122445760719349	-0.2668521251913772	-0.06540303341757973	-0.1604076415982184	-0.07974593472217176
0.2	-0.3081717865123124	-0.02082541578099952	-0.622134911876675	1.219055256645736	1.043939193513073	-0.1581637557578348	0.417814762847752	0.08002635476450617	0.6123874983686879	0.2791437784802345	-0.05532981794195523	-0.5955817742870502	0.3382013794693263	1.55401436385854	-0.4972277094706495	0.05415795208635996	0.04967673900289087	0.07948742551104519	0.07638202264049272	0.1870022301814584	-0.8968789149876717	0.2519752500619069	-0.3406068810613516	1.234738255349582	-0.8031772583834345	-0.1539745862721419	-0.2067254397006795	0.01889963904300767	1.992281215181426	-0.1084134172300467	-0.2802587448879013	1.53778343411	0.03604291222342788	0.002026162601830073	0.002061246990286617	0.9493041775173254	0.7581064510779248	-0.04548663069435253	-0.06599139058777613	-0.1106749570569493	0.7365720583434778	-0.7132148647467091	-0.5005598704848456	0.1643674550428487	0.006628439219879682	-0.2157016837644754	-0.3811692992687954	0.07815633970746949	-0.07180663529191798	0.1469112043441914	-0.2009837481781947	0.1424453600174709	0.08896386821599035	0.1146826788809657	0.1752428090488063	0.1756979004703992	-0.1351961132325663	-0.1344247534399878	-0.1849951345896306	0.0869049513002169	-0.6216681583508095	-0.2953194475290746	0.4140938814168333	0.177846885318098	0.01854140961457931	-0.1471782657826839	-0.1102768934942535	-0.05684782441153136	-0.1133804401586757	-0.02860714782033322	0.06123887427562874	0.09761962009546554	0.02075094645740297	0.0236428000737938	-0.2048677395423784	-0.02680683649053357	-0.1554537880162178	-0.08423868515678506
0.205	-0.3093263118187638	-0.01660201246296958	-0.6253512772202608	1.216278899490212	1.044871706451642	-0.1584194510651417	0.417182448579325	0.07864232437256774	0.6123355835437337	0.2793235770574754	-0.05478748466316995	-0.5970598558006592	0.3409071010436122	1.554316292032423	-0.4984569055604008	0.05646744091931143	0.04898669430805321	0.08001142512660581	0.07442683623946403	0.1856068759621267	-0.897097824753352	0.2486557961083969	-0.3416724896783404	1.237180572187424	-0.8020377067870963	-0.1539131515208086	-0.207178267153851	0.01936836878710526	1.991919279044946	-0.1087280539658566	-0.280806512511713	1.53792443600567	0.03676852614782334	0.001443600353992359	0.001979783014988915	0.9478534748354445	0.755840238942026	-0.04623855076365846	-0.06615228420002711	-0.1112096046928033	0.7591722802230237	-0.7192687441849483	-0.5114117906518667	0.1447438256196698	0.01261185621058864	-0.1978016706651094	-0.3947271105892518	0.08298140521659898	-0.05700112548629418	0.158128280947522	-0.2154125118627302	0.4310218506877624	0.05922926528704062	-0.2579790860743936	0.1836774499078819	0.1770513335777139	-0.1363841597566806	-0.143751306317271	-0.2873319703931582	0.1330851243006391	-0.7158915527955084	-0.3066158301626057	0.4235342793678544	0.1752207110583751	0.01169014327856162	-0.1655302885493331	0.1274077120802581	-0.05416687471093402	-0.1261533979294024	-0.03142031331626957	0.129435173812116	0.1045059399996221	-0.05511373439632108	-0.01574570859804197	-0.1101149043362325	-0.01236749310652449	-0.1695756110422084	-0.0905635281351176
0.21	-0.309475535232187	-0.01316887619969479	-0.6294046231015352	1.214207447465288	1.044977162681964	-0.1578569423809424	0.4159107411295191	0.07628372007839006	0.6127886637300446	0.2785896751514735	-0.05344699527529798	-0.5976643551212417	0.3429719681039838	1.555344583717756	-0.4988407808812091	0.05582353165742217	0.05144361597037672	0.07816822672684472	0.07502012130853085	0.1852430313522387	-0.8964280246675573	0.2445126425083133	-0.3434795694177318	1.239087279618786	-0.8015589029110523	-0.1533676530253164	-0.2082823778802701	0.02621708833643991	1.990933865289648	-0.1097905281878867	-0.2806825982277127	1.541713065073159	0.03642223508042662	0.001568125756632194	0.002617540561075694	0.9472968239148039	0.756012496891588	-0.04751564965141913	-0.06738428412673135	-0.1129106185760558	0.7573643285560684	-0.7359028415921225	-0.5254160510760175	0.1391422688174437	0.01235079772019314	-0.1926707678396451	-0.3888874924590923	0.05357826744119244	-0.04351760672925795	0.1512139841983165	-0.1831548673331256	0.1872646976398103	0.08555623739598502	-0.1294305200021967	0.181411031550671	0.1807117432411575	-0.1223124569934885	-0.1215955906797372	-0.1901922350214295	0.1263136086359442	-0.6562313942473172	-0.3102519735242907	0.4316053900466595	0.1868370145671231	-3.115971570093149e-05	-0.1437221584855636	0.1819817154496435	-0.06934474652452566	-0.1222441401974925	-0.03165370417210896	0.1323961579247961	0.114036985405568	0.0297515786911158	0.01423631384473175	-0.2460311029962446	-0.00826868146061435	-0.1711962098118449	-0.09515936288180085
0.215	-0.3106618249626785	-0.009368168537529113	-0.633486605832998	1.211201978748115	1.04593561709495	-0.1582216910422444	0.4149172647601549	0.07414411080976237	0.6128182278484122	0.278844188472607	-0.05213776961297683	-0.5980176908125476	0.3451110318977534	1.556179288645139	-0.5001734966789515	0.05810635554506593	0.05078748101975106	0.0788301517514574	0.07318771299175399	0.185202688529026	-0.8975175488234871	0.2411939504227656	-0.3450145914299731	1.241256370569401	-0.8007010731350238	-0.153658407773035	-0.208462466606129	0.0315469188107305	1.990103313356678	-0.1099647117396173	-0.2803866711114266	1.543506790583625	0.03719044419718797	0.0007911032497719009	0.002636970290329905	0.9458224937944398	0.7544534315344616	-0.04858645319784704	-0.06764013434910476	-0.1064941511840661	0.7403653342274386	-0.740906631893287	-0.5410359352501893	0.1389146107790664	0.005608701744172789	-0.2013434239935611	-0.3843125545923439	0.00132959610432059	-0.03203790609692304	0.1433362461401219	-0.1236826443905433	0.2566973904241287	0.1241194003659542	-0.3216798186769092	0.1745401516677805	0.1722151078571711	-0.0961702874423337	-0.10239391363824	-0.04396338855695392	0.1067978512421149	-0.5489264527138552	-0.3109395577812683	0.4344789375371942	0.2132983847530148	-0.01175880586586412	-0.1073202494139466	0.1613136613968462	-0.09380493648627278	-0.1131517458959162	-0.005418180856972994	0.09413823759324061	0.1177233040994835	-0.08165601215651674	-0.005705293049553466	-0.397234214606447	-0.01648560957057265	-0.1736675719963406	-0.09917671170929887
0.22	-0.3108089620490628	-0.006849675378162045	-0.6369041986844003	1.208879660446063	1.046085565320507	-0.157735814283223	0.4131771907961821	0.07244185664855786	0.6131524893511088	0.278502779515601	-0.05171284729873213	-0.5988037381175123	0.3476028922160948	1.558332337830391	-0.5020281922115986	0.05744219988572895	0.05317273663227225	0.07724800203794045	0.07406760117706468	0.1864294431500739	-0.8974831213763503	0.2375083703714596	-0.3474556731437028	1.242872026710524	-0.8003796322154133	-0.1532687531545356	-0.2088886336804477	0.03177817004296356	1.988440912173938	-0.11088562589705	-0.2809578068601863	1.547255695845227	0.03692959266655888	0.0007176978075056217	0.002143091140661601	0.9433019712676933	0.7545558327038755	-0.05019030189703384	-0.06887410371083014	-0.08672913313954173	0.7172359838330168	-0.7042119273092942	-0.5574876509685284	0.1348558574302658	-0.008706789936316265	-0.2186360504529286	-0.402994895802583	-0.07736087325991239	-0.01358156057522146	0.1510451407820473	-0.0281040456874875	0.0275130639643541	0.1354351069944576	-0.1910867305432156	0.1688914780614423	0.1681710322968525	-0.05471548003693691	-0.05524674059246713	-0.009333853061826615	0.1128303498420892	-0.531315838975486	-0.3074145083088533	0.4291160155621474	0.2456279125370707	-0.003913960876233107	-0.06363923935792938	0.1898750198460479	-0.125776558968629	-0.1041633938367423	-0.0006957074023106742	0.07767959081844748	0.1319153720235141	0.04285925720606647	0.007846701719247227	-0.3376826516315113	-0.04188855728598072	-0.1756201921556748	-0.1054241860941944
0.225	-0.3107786273483923	-0.003704389749352986	-0.6402620716130336	1.206535158363244	1.046252033656883	-0.1582677039028256	0.4122609565037982	0.07043833392588406	0.6123706142244539	0.278498602577291	-0.05028103456307391	-0.5992269979005147	0.3504143344502481	1.55835719516858	-0.5048477785112626	0.05965892407812415	0.05252748751807501	0.07822147932343382	0.07256735621689089	0.1876402991299911	-0.8983861675154913	0.2337292824272614	-0.3491401048179875	1.244386658941563	-0.7998268468973521	-0.1528018672338863	-0.2099460982223854	0.03452547201020403	1.986684183874792	-0.1117575032949003	-0.280512381912856	1.552121611199898	0.03776839867403773	0.0006392872681604407	0.002390006662713407	0.9414675327439302	0.7531265857056039	-0.05189688731925796	-0.07006874106658544	-0.06052514412865384	0.7008546673470007	-0.6552308779671242	-0.5724676084664244	0.1290942572505323	-0.02218808523743282	-0.232810133916012	-0.4253870768225553	-0.09718079514127788	-0.008286938453518083	0.1725045281933995	0.003034918927478894	0.3131725281408679	0.1219547819658015	-0.5554405162401082	0.1784662215379803	0.1740124119149769	-0.03390496878037456	-0.03635021478172346	0.001179116159379907	0.1348051912246272	-0.6060403591039706	-0.3093892757548359	0.4207030596093558	0.2801860138364241	-0.007976455103751849	-0.04067813943036903	0.1849661370329923	-0.1531313526914165	-0.08784875925750428	0.007909726585633554	0.06954072141882894	0.144438362140782	-0.1011301761071779	-0.010842338818489	-0.1933186419907051	-0.03834355907724764	-0.1801972546504624	-0.1122753459609166
0.23	-0.3117691408035765	0.0004583968617432166	-0.6424993309605633	1.203228249277273	1.047032269560942	-0.1579395217001301	0.4103923203398981	0.06884021906382577	0.612374427497873	0.2778363994286672	-0.04951235477993153	-0.5988085342299863	0.352091987584571	1.559841783828755	-0.5064713746841238	0.0591183987299144	0.05494730356944345	0.07690331365159081	0.0737163538830183	0.1886553155892348	-0.8985946151970476	0.2299396121842987	-0.3502956900041049	1.246658259838681	-0.7986233639868986	-0.1531731688917238	-0.2096193613852194	0.03482204268669517	1.985262843576211	-0.111736921165802	-0.2809500205385094	1.551829391360122	0.03777284732141822	-0.0003479759804603061	0.001972049371825481	0.9407188226507092	0.7566022663760548	-0.05281176399402865	-0.07065506215561367	-0.0466229114346149	0.7088113878706329	-0.620071581797937	-0.5841964778060202	0.1192241913084389	-0.03138957911594423	-0.2277400670175819	-0.4535609637969387	-0.08200944442918746	0.0004981051270296824	0.2052542516352397	-0.001347460651594049	-0.1725682304439998	0.1016275190208151	-0.1143279808433016	0.1920528012491751	0.1924547820500858	-0.02550037337660762	-0.02480454654634968	0.06343777774894241	0.1613205191914839	-0.7652391417189353	-0.3138104038763317	0.4157121714301241	0.301546173049529	0.003797981045471485	-0.03854489556217829	0.05996525043285909	-0.1775332915382435	-0.07329699719052631	0.005473260361773716	-0.029353372312321	0.1732757552859045	0.04052528235658417	0.01797317518887366	-0.1396981165819094	0.1237300845436248	-0.1866300970606723	-0.119903533568849
0.235	-0.3125030622834937	0.00471741829912662	-0.6453276342350246	1.200008159805428	1.047823554891623	-0.15857332513669	0.409571951303743	0.06727589743189456	0.6124219790621417	0.2780903586906001	-0.04773385092332717	-0.5984231657830432	0.3544555995019554	1.558665329358431	-0.5095714168371809	0.06143380446104748	0.05444542652796192	0.07799199181812377	0.07231858720154764	0.1892541126496438	-0.8987577122928129	0.2251691754741608	-0.3514499140855671	1.248971661838221	-0.7966038252552666	-0.1525901189964621	-0.2104935286730648	0.03485950456573249	1.984463240050355	-0.1126158440119607	-0.2813813700587448	1.547708812304504	0.03792856116592402	-0.0004274000841617155	0.001562533829091527	0.9402845613771007	0.7582706885167627	-0.05375323376178936	-0.07123640382210597	-0.04230812469361827	0.7197302307041518	-0.5953483600200475	-0.5949712819795346	0.11033474894459	-0.0373461019282529	-0.2194100176407276	-0.472444011730252	-0.0854706106895933	0.008111277854793569	0.2244184085172005	0.009600990687263319	0.3589467248691874	0.08964210632119135	-0.6796883371030307	0.1960027357183732	0.1914375443664804	-0.01878116160977509	-0.02357672171896595	0.121902046757321	0.1858460960837443	-0.8742847768653421	-0.3214399149751044	0.4149528167292996	0.3234101081449673	0.003448039689369132	-0.05537929740301859	-0.05346480090974699	-0.2042294901080767	-0.07903200606013393	-0.006714857016332888	-0.07488224792059096	0.1944471188974885	-0.1203944352018674	-0.02535727611038622	-0.1189404840354834	0.2147475281531783	-0.1950261566656821	-0.1284615364977544
0.24	-0.3126909783866932	0.007883409269348721	-0.6486646489916743	1.197222186445655	1.047722357285895	-0.1583640390786841	0.4077030577484941	0.06464716517636082	0.6117351138551465	0.2775598797791937	-0.0464928852857096	-0.5987418349442656	0.355655923504633	1.559729616184237	-0.5117243322042916	0.06097831059697881	0.05691028134873232	0.07670811012213848	0.07350884381855929	0.1909925767209472	-0.8983295058494282	0.2212147710688787	-0.3533105053391957	1.250323242220603	-0.7954038023148853	-0.1528454649032829	-0.2103534147230005	0.03546709124635875	1.982522722218795	-0.1126422439035276	-0.2810590736452243	1.548948899065999	0.03905390990526569	-0.00151066000700869	0.001729359140858751	0.9388992433521212	0.7634215575893611	-0.05565980994023374	-0.07272603997832842	-0.03453262631827349	0.7134966353280008	-0.6012955128646555	-0.6078826037747685	0.1083361319754694	-0.0380996772630957	-0.2227628323076619	-0.4565777499317484	-0.05446216098689458	-0.01525686788656446	0.2171216909442183	-0.02240626869842234	-0.2492235713577767	0.1042798880969459	-0.1265141389617219	0.2033249436725121	0.2026387546401208	-0.02906105121060522	-0.02834760801621166	0.117276956230758	0.2022065486783151	-0.8037692062295495	-0.3254460667383392	0.4150124259051772	0.3465478875177191	0.01284880524884227	-0.05765836274060994	-0.01594904803433093	-0.2351485980495357	-0.06726193204708995	-0.003994474990837943	0.03652953003560756	0.2172951722224284	0.04883862098978033	0.02352310689449172	-0.09842413643266013	0.02412899935418892	-0.202439217186195	-0.1307439462343663
0.245	-0.3130940999551419	0.01170941240340607	-0.6512566635195616	1.194184656841047	1.048567817310312	-0.1589908652373472	0.4068652767789501	0.06327166745714323	0.6112125700989164	0.2767877968740203	-0.04514120662807432	-0.5993194462514763	0.3576116227672171	1.559368331448304	-0.5150173301750725	0.06334938514102	0.05650066436104818	0.07775310839867718	0.07204611718711225	0.1933899867887532	-0.8986179949563271	0.2160358632228205	-0.3549148364444799	1.252734820267658	-0.7937465030150932	-0.152200763717457	-0.2112266188668233	0.03526067213938301	1.98081704423411	-0.1126997747432064	-0.2816113626253018	1.550306622882291	0.0392300677653051	-0.001688383464694532	0.001951327335005676	0.9387739450479943	0.7589574606478355	-0.05661555226129985	-0.07332106673815283	-0.03051924079743084	0.7031556734236222	-0.6095006967611818	-0.6196841060454708	0.1065917314117591	-0.03763649254790146	-0.2307211946510685	-0.4336611898170296	-0.04533772075548346	-0.04347113041360548	0.1999936621710035	-0.03876583167911193	0.2939064589129324	0.1220414626105907	-0.7233143609424562	0.2006958070078325	0.1977726947038517	-0.03983651444128385	-0.03935611097030815	0.1159239815362249	0.21937511829398	-0.7274341228861094	-0.3347626452326098	0.4167023596872453	0.3678937428433043	0.002836357421069459	-0.06984483813489971	0.002350802035392733	-0.2579783107829655	-0.06760261024234808	-0.001037912741221772	0.1565894088768192	0.2265566303290179	-0.154655143092348	-0.02732469170944215	-0.05085271914937957	-0.1499863224061517	-0.2116826616450758	-0.1352499235070254
0.25	-0.3128608170160228	0.01404741797931237	-0.6545349461125767	1.191652783731578	1.048421954307723	-0.1589688888015034	0.4048988894170716	0.06081333170567577	0.611362192086627	0.2767725288567845	-0.04433279114414044	-0.5989433660153313	0.3594838910670591	1.561568084271289	-0.5173209499769563	0.06289913399242955	0.05891642306008891	0.07637220998863678	0.07318641534968957	0.1952806385542506	-0.8980854266431233	0.211591958316226	-0.3572635498463134	1.254051327754615	-0.7927517216129124	-0.1523999737532153	-0.2113071273080828	0.03583246175623252	1.978200849775883	-0.1133985694632655	-0.2812832386814969	1.557700551647821	0.04052809486023042	-0.002918047724899029	0.001473826890043538	0.9377610412845222	0.7612300518339399	-0.05863932084066191	-0.07482199243971956	-0.03309337985703315	0.7020695121255442	-0.6000285168718362	-0.627197565641726	0.09816177839171647	-0.04007303275590027	-0.2337537475181087	-0.4313716608807487	-0.07746179558722419	-0.05296744075381513	0.1918920760201641	-0.0150702320738262	-0.4302801898974697	0.1255389485856111	-0.02621358583989736	0.1846522999801219	0.1839300696130697	-0.03774525555894893	-0.03830282098415938	0.170258539050761	0.244910628749844	-0.8323421714471161	-0.3528153215906022	0.4206779937120413	0.369119710495476	0.01925427723793504	-0.0713756507581606	-0.1419205987819709	-0.2636876761719397	-0.05927460238672948	-0.006752175349494553	0.04548334820396596	0.2373346512738345	0.06124232506370369	0.0163665062171349	0.02078777841315352	0.03679623814673488	-0.2162642543040525	-0.1467598427200779
0.255	-0.3124366384284183	0.01760519503596829	-0.6577798723151372	1.189087325913723	1.049226940729058	-0.1591585987712005	0.4040299250651631	0.05947231798814121	0.6114752778777167	0.2767056603314538	-0.04377364128136689	-0.5995778361945076	0.3615648235917168	1.561524956001746	-0.5201531052457629	0.06512635181438271	0.05844456692583088	0.07731875529702219	0.07166528872746121	0.196646946803493	-0.897350930004344	0.2073929207880895	-0.358792205153266	1.256516230161032	-0.791713687060942	-0.1516844184053514	-0.2113965685358775	0.03583380460113553	1.976551935652834	-0.1141315911684625	-0.2819119404195159	1.554107163868243	0.0407540889270161	-0.003238503726592346	0.0009471294435383139	0.9381905179444067	0.7616897625075822	-0.05961217713465015	-0.07639317013453857	-0.03826628850336442	0.7175717509375759	-0.6046957541643743	-0.6321178652291475	0.08970539582273701	-0.03822811509109125	-0.2269432562971699	-0.4362728494347591	-0.06983430983055068	-0.06876754396034078	0.1976976891588849	-0.04242639924989546	0.2633812067172299	0.1182412914430876	-0.7983686769636904	0.1768240525782096	0.17584897808761	-0.05145275113400569	-0.05314934295068487	0.2067317008425147	0.2732671314264153	-0.839789863795795	-0.3707663967753075	0.4240206514501141	0.3749689253092067	0.009137548374787122	-0.07577950138204635	-0.1854526840689526	-0.2741704463836516	-0.05473568380195133	-0.002478916359338524	-0.1168047652217804	0.2431164861669513	-0.1949648621354719	-0.03324338584064958	0.03275733511000825	0.2686550433279448	-0.2225964327305578	-0.1554509235619298
0.26	-0.313357573497531	0.02041762153467784	-0.6602538600546276	1.185913047974764	1.048998603277745	-0.1585434921524831	0.4020910408310824	0.05703935941172904	0.6107823586732682	0.2756004782061484	-0.04196433989417597	-0.5993288263778872	0.3623860948547122	1.562865593661704	-0.5223792603715077	0.06464157829517142	0.06074136746233517	0.07590246510517219	0.07272716224375855	0.1987689357254088	-0.8974424643946123	0.2030208357057381	-0.361296699182909	1.257826646885257	-0.7900447579282004	-0.1517678586508311	-0.2123499343722781	0.03512623199434554	1.973702248512901	-0.113971203008606	-0.2816036162948616	1.548827387284261	0.04214295086147776	-0.004632493859696814	0.001213064818849639	0.9370825187165296	0.7741319603157719	-0.06177485456732112	-0.07717915152623307	-0.0573047577002355	0.7537880746604134	-0.6085851312876797	-0.6308511792605521	0.08084516011841564	-0.03405561370323866	-0.2046073595009567	-0.4517391697415041	-0.05350664356296463	-0.07286910279349482	0.2161426102552698	-0.08103231732565787	-0.6060926520384272	0.1271719710853909	-0.03437773403025106	0.1730098826267776	0.1723355724046794	-0.0732910664871112	-0.07261730733773014	0.1436125426573916	0.3023349562504277	-0.4932632593073089	-0.3749420794250816	0.4283076981196478	0.3983961366008448	0.03238084360796221	-0.07768515405740352	0.1392657122302867	-0.3256217958024766	-0.04666914477418865	-0.003355872250167291	-0.05720614985944845	0.266558138066091	0.07049883518129312	0.02628218776110488	-0.0662626862587678	0.1565090063469271	-0.2313502332724056	-0.1601292506517191
0.265	-0.3132291696135331	0.02499544473547094	-0.6636114035811655	1.182986779511775	1.049736470881401	-0.1585909517458476	0.4014318745010383	0.05555010028964837	0.6110966193511891	0.2755668366169847	-0.04116745968923146	-0.600318577344621	0.363756030623532	1.561234001199482	-0.5256420300262691	0.0668287126254581	0.06025347435126256	0.07667805166374615	0.07099713223727787	0.2011368795349509	-0.8972135020876013	0.2011941292676032	-0.3636728293053336	1.260324966472909	-0.7884715408421324	-0.1509740536086444	-0.2123726121833155	0.03533372288924645	1.971611877150675	-0.1148002520701269	-0.2822635240403967	1.545933394859669	0.04253572832226094	-0.005117391008854949	0.0005569080032312288	0.9367925809618228	0.7759150741682609	-0.06283106542373131	-0.07897294504677072	-0.08865628942547799	0.7924825797582588	-0.605412562518754	-0.6271476747839584	0.07078604090758692	-0.02971176390683045	-0.1717743636387001	-0.4672952003466499	-0.04423231257250529	-0.06735904433303468	0.2327757468616027	-0.1147721426737343	0.1223068693398776	0.1386988724402395	-0.8175444369758307	0.1696967896278088	0.1651180273732507	-0.09582941269777223	-0.09852488052630165	0.08068337904847357	0.3330411570353936	-0.1747314255487797	-0.3791524823506157	0.4287915724346415	0.4239176269926359	0.02533914930979413	-0.08858740315468244	0.3502193078843538	-0.3801167565226402	-0.06448232486615209	0.001712417600920024	0.07747514364923222	0.2834739187256554	-0.2303705896341637	-0.05321563522930467	-0.1121289638585132	-0.04740250843119369	-0.2444267334766587	-0.1668308243120303
0.27	-0.3141376245460697	0.02886031040269428	-0.6660249904933164	1.179467278729784	1.04940083626803	-0.1591059132616921	0.3998103313213666	0.05310832999270323	0.6105855509738408	0.2744963394669762	-0.03937818800252468	-0.600444842073063	0.3643086459874265	1.562273080218481	-0.5277600924491592	0.06634371693845735	0.0624987229575066	0.0750749551278732	0.07187594928632116	0.2027119970873882	-0.8981959113123568	0.1984819595271106	-0.3656295871547299	1.261594366801702	-0.7861859491691562	-0.1507604476767681	-0.2134642795704436	0.03655596056177816	1.968210670397358	-0.1147027397460709	-0.2819534240634266	1.550456891955277	0.04407293445069801	-0.006637305529509789	0.0007178850258225211	0.9352054370244788	0.768513960460554	-0.06519208256143612	-0.07987921555742837	-0.1230233430662848	0.8159182097184489	-0.6112148960256968	-0.6255861847165137	0.05886966830166294	-0.02641653661459086	-0.1312093409755516	-0.4683830114708879	-0.0211762824897891	-0.06266766827617672	0.2345873169902147	-0.1608810429610727	-0.6928371545441321	0.1479929207487871	0.01083158823866095	0.1763705785701469	0.1768068015472653	-0.1185074662099105	-0.1179037283641694	0.1001757623456549	0.3642306709181553	-0.3170730624711323	-0.3997742164481757	0.4264717213835559	0.4305490213250913	0.0561899746897742	-0.09081338117358931	-0.003664583228680656	-0.402526713505296	-0.04442377537714489	0.003239683355950131	0.1002009752643701	0.3025333059148322	0.07063595627838362	0.03685811117462287	-0.008112749895450222	0.01609641525229835	-0.2539743102126253	-0.1765722637896518
0.275	-0.3147327882601362	0.03279650710525456	-0.6692883217631647	1.176779162429812	1.050055950181518	-0.1597024210390115	0.3995845055452876	0.05071142441001884	0.6110567573743628	0.2746210694731253	-0.03805330374489002	-0.601714409083089	0.364358853851067	1.560336555805315	-0.5302267254003318	0.06856106229754093	0.06209984024881481	0.07567535186151204	0.06993815811882771	0.2046628264255305	-0.8968742205774793	0.1967353468579086	-0.3679167995684183	1.264058718273829	-0.7848357371966592	-0.1507118719266015	-0.2134674469197118	0.03520274636022726	1.96584135621257	-0.1155582561915124	-0.2826506814952403	1.553950735761027	0.04460275623011669	-0.008169337334815384	-1.50348012289599e-05	0.9355823101836248	0.7742444008047743	-0.06635270562967181	-0.08187181717832272	-0.1662824132635774	0.8377118783423201	-0.5924042106235391	-0.6252280215480825	0.04775096953657169	-0.0279003844687789	-0.08104114311759127	-0.4732487355257449	-0.02142105981699349	-0.03757203446769181	0.235807905715505	-0.177436235906552	0.04947061381009851	0.1604022421982032	-0.7078888947499844	0.1807897033433393	0.179860955457296	-0.1309941053890028	-0.1323912336893413	0.1229562494034172	0.3914616885572703	-0.4071726254136069	-0.4205877552820842	0.4216584125448246	0.434230342977365	0.04507408127283874	-0.1126374185452005	-0.3658404341076331	-0.43171468747924	-0.06115737588586726	-0.003187663554149026	0.002128338560423383	0.3093898093832932	-0.28759366289298	-0.07128632672246121	0.01278481524835544	0.08405284110706367	-0.2629625022076777	-0.1899703232037832
0.28	-0.3166237536485378	0.03815750239540255	-0.6714864837055398	1.173312265079396	1.049592939837833	-0.1595000569849108	0.3984391414735697	0.04910829175981477	0.6108046541225438	0.2737026015542028	-0.03553602220977273	-0.6022386641354592	0.3661893679073838	1.560573161034258	-0.5335425561046183	0.06819863055818377	0.06439707624318111	0.07393564075393025	0.07072656515113382	0.2058966323670408	-0.8966814946585887	0.1944779339061953	-0.369554525678039	1.265197285442878	-0.7824332290189673	-0.149283021244178	-0.2149072712627414	0.03476160888656023	1.961962663944897	-0.1155359648778119	-0.2824332812855398	1.548322257133082	0.04616431658366351	-0.009204020925638835	-6.527586916469211e-05	0.933570161563341	0.7688309839721336	-0.0689168441512789	-0.08298379078855812	-0.205675732743447	0.8755506736685063	-0.5673446067563143	-0.6275724882995261	0.04139863193237066	-0.03413067630979615	-0.01439638082479113	-0.493133801254623	0.006518922435047583	0.001452065567771537	0.2604595905917899	-0.2139681899183123	-0.6115850074932525	0.1876046702321157	-0.1040213324672514	0.20111334385072	0.2004318974223174	-0.1480941354356603	-0.1473479235672364	0.06589076856424537	0.4094899943733931	-0.01130578509270902	-0.4248789185591137	0.4188086663044435	0.4545812930946499	0.07043295955474323	-0.1348814386039974	-0.1576007036848607	-0.5015117561052216	-0.04278316316770802	-0.01034580204041724	-0.1165155235349572	0.3264497564485919	0.1005856612393389	0.04376176749542796	-0.2367398642927107	-0.159098344568102	-0.2693900441391337	-0.1980904190996454
0.285	-0.3180144226633597	0.04336425003148753	-0.6729468587589039	1.169831015946794	1.050202259906232	-0.1593351291319348	0.3979189469660498	0.04731572099174512	0.6104516215526096	0.2732785476095533	-0.03376271347842768	-0.6027597903081411	0.3669527218679898	1.558674443712883	-0.537140502857658	0.07058074266532419	0.06415086276657034	0.07453701252823977	0.06869239139764413	0.2075463737484314	-0.8968925085320011	0.1949919116878385	-0.3718500763009567	1.267646523749995	-0.7810548832944939	-0.1497723387859254	-0.2155850883249821	0.03531881225823931	1.958947616011907	-0.1156044489223912	-0.2833061262222467	1.544647354230068	0.04673617603869108	-0.01114502720658347	-2.916178075115542e-05	0.9316050206202392	0.7587208808351895	-0.07017036553384999	-0.08422807571871797	-0.2423317709893285	0.9072680544316601	-0.4953564881554745	-0.6349647386992534	0.03403470488725444	-0.04803633757009922	0.04883875849406567	-0.5275113371876281	-0.03870932440600932	0.06646722321324211	0.2849768625786308	-0.1675959474842199	0.008528802464658687	0.2000317322094065	-0.7855661705338676	0.204910106312586	0.1994338090438756	-0.1324503575089404	-0.1298712417474581	-0.01645701726735534	0.429983466292615	0.3548466666500786	-0.4274756070557028	0.4114567606463523	0.469787721202218	0.02767225832471731	-0.1788120986463462	0.1762153538953695	-0.5649130186353822	-0.07560551186356382	-0.04102411267609397	0.04643374599982192	0.3352607728021018	-0.3636261632851277	-0.08569959081018734	-0.2888361460710411	-0.592682266478658	-0.2764633972608758	-0.2017723634889869
0.29	-0.318474696413485	0.04630118484969174	-0.6743675100471476	1.167018377658418	1.049639806440746	-0.160113988713034	0.3980272906717397	0.04469498339708761	0.6108529130080919	0.2737295331219986	-0.0325242664846439	-0.6037774825223279	0.3669264998146478	1.558913098440532	-0.5397584950745425	0.07029016257031305	0.06645312630020414	0.07289287847335746	0.06971676712928034	0.2099909822809902	-0.8962719658731836	0.1949089262334649	-0.3750975889791706	1.268497970221176	-0.7784491209665569	-0.1490594226778034	-0.2158113189333023	0.03532974276662302	1.954377949761305	-0.1164740796711249	-0.2833701154845312	1.546655475909985	0.0482150018679447	-0.01274378124474525	-0.00111947868246817	0.9305824643616577	0.7568228494978383	-0.07300972150532332	-0.08622836203464879	-0.2460190161638381	0.9112713054295071	-0.4316651423262144	-0.6486999679591289	0.02340713951290315	-0.06870635434805974	0.08766753749699935	-0.5554077237255797	-0.08569164675320236	0.1089195629702202	0.3010395760419656	-0.1151569988732837	-0.7613966513358341	0.1716046171863279	-0.03746016147948895	0.2164405920392198	0.2158087977983388	-0.09958496797720302	-0.1001160100086509	-0.04737971007825555	0.4720942558988764	0.169494955869265	-0.4513589338023693	0.3981238468752791	0.4706049283250442	0.03625246886945154	-0.2103497362395615	0.1354382035648639	-0.5742519871484382	-0.06985223170230416	-0.04706192816882516	0.08972369964636509	0.3795324846344456	0.1167380507487044	0.04829742891590948	-0.08272523616913738	-0.50794398950796	-0.2922385933346299	-0.2167772458440785
0.295	-0.3189804968528722	0.04970528058489707	-0.675131140273374	1.164217088670563	1.050163355972273	-0.1600306502632602	0.3985625990075177	0.04172659064017624	0.6099341415418705	0.2746004240837194	-0.03061026607932842	-0.6045517916592718	0.3685760228918091	1.559645190356168	-0.5435088085470949	0.07274013156047919	0.06634468860251219	0.07370413234797892	0.06794844440768048	0.2116764939926561	-0.8955309036857448	0.1943487668561059	-0.3771929598304352	1.269989872466283	-0.7767893697070613	-0.1485217915799832	-0.2169480135971074	0.03462288337877371	1.951190072556595	-0.1174189439932847	-0.2844427335860055	1.545760346457859	0.04999634676633752	-0.01468541602960562	-0.001561361248656071	0.9293709625750305	0.7536347157050521	-0.07495121620700641	-0.08797674634742544	-0.2321627531888955	0.8935433477485446	-0.3481484826267117	-0.6621050598121939	0.01410690410924253	-0.09651921672092302	0.09336007062283781	-0.5955408297919108	-0.1340199299818126	0.1319369673239774	0.3227726538304616	-0.05790876321518047	0.3036733521611825	0.138446009788958	-1.149224325081504	0.2167709847382691	0.2168249709018159	-0.06716468299806744	-0.05998949039538724	-0.02439882002964663	0.5344889187675229	-0.0931768887115873	-0.475872060732386	0.3802900837661475	0.4659573094362052	-0.01149920843239784	-0.2367077396319628	-0.0666746456950351	-0.5705619415300891	-0.08879689461396978	-0.06625946478891712	-0.06643801287525229	0.36625756780873	-0.4410194527179473	-0.1123757675865818	0.04459226871401899	-0.1921677395850317	-0.2862012588854388	-0.238934813874372
0.3	-0.3199365983314632	0.05363777561649419	-0.6766961432158419	1.16036605088247	1.049520659063004	-0.1611298194117993	0.397201580402222	0.04001359845873535	0.6099824964563623	0.2737164903683517	-0.02723236018125494	-0.6042382853443717	0.3713271208403227	1.559044610897458	-0.5481674401925035	0.07249391998857362	0.0684672088165074	0.07248103748879461	0.06956312207760977	0.2123927278132898	-0.897008847723833	0.1942278073679468	-0.3814466283677074	1.272793249577343	-0.7764407273258261	-0.149038449754974	-0.2189160894066497	0.03462887648315254	1.94632099471605	-0.1175510816843529	-0.2848034223048001	1.543451538184057	0.04987926870097283	-0.01625789177171139	-0.001449490010852728	0.9297083425467084	0.7538487212517719	-0.0763531955583565	-0.09125427057690375	-0.1846337396029502	0.8747197327573623	-0.2962941664023355	-0.6777574292112104	0.01979755804555636	-0.1270771315724111	0.07436002362782212	-0.65670529170369	-0.1474787010893917	0.1144266685700051	0.3744510285511469	-0.02729137921442099	-1.058452978346165	0.1316693563418095	0.1294269218677244	0.2036622142628143	0.2028804540540201	-0.05507561680479962	-0.05402164411033217	-0.004945252197119524	0.6032478914824821	-0.0001932098764892243	-0.4845622853552364	0.3593415297237278	0.4537734839070199	0.0269791260156456	-0.1848840562049144	-0.1063462237379618	-0.6057080042567514	-0.06422827735661756	-0.05979873906295109	-0.1028679365411117	0.4195906633161426	0.1333940921588911	0.07062367388788567	0.02123132148924317	-0.2309276293967354	-0.3106605304553813	-0.232072625726144
0.305	-0.3204425707260128	0.05727537808987414	-0.6748669606600201	1.157489908250946	1.05010052162778	-0.1613023413519041	0.3980337899334666	0.03594329709750692	0.6088723246155399	0.2750803874904318	-0.02595023846762389	-0.6047969483839241	0.3714266071882987	1.559603567544997	-0.5519706172928832	0.07482087309426333	0.06877087292992497	0.07335743277696574	0.0675799264835026	0.2173511347721777	-0.8940214586743002	0.1927633754876165	-0.3827775876492185	1.272284860139136	-0.7735318024436674	-0.1478381164813475	-0.2187703235960203	0.0347252350855378	1.943260624351953	-0.1176726479433401	-0.2850262234328197	1.542182595831948	0.0525807953522387	-0.01802250443207651	-0.001487407980189035	0.927969382480118	0.7505839702093933	-0.07844050827447202	-0.09186388148685329	-0.141808671334298	0.8390236408203365	-0.2540648649084885	-0.6968115149700123	0.03568720157817959	-0.1555563532889479	0.04826788721037181	-0.6903298353146894	-0.1503069246165923	0.07767947870950655	0.395540293377075	-0.02205666777070149	0.2824264552015135	0.1524334265293132	-1.322491615596429	0.1834033841660907	0.1858893153855666	-0.05348443512710521	-0.04158499545889646	0.00606504935539944	0.6588216409386715	0.2062865813048343	-0.4877419267815567	0.3409677469546322	0.4594543537134741	0.008611626183859192	-0.1482064902876581	-0.09763976822975361	-0.6384101833889505	-0.06720132651462007	-0.0388973518651695	0.1865184159920404	0.4070769828088607	-0.5367598942353619	-0.1555662311888771	0.1291041688306014	-0.6183708283550485	-0.30333178190466	-0.2528904609307556
0.31	-0.3215618141582089	0.06204229172533168	-0.6735454582776528	1.153381367671202	1.049619143215292	-0.1626952226312584	0.3973813363283172	0.0331486574859099	0.6089395248246618	0.2745810990953408	-0.02312490900096371	-0.6045118694031532	0.3726438095868496	1.559635771294802	-0.5578379859793979	0.07451245085650152	0.07130009886936402	0.07226524713634085	0.0687514344703256	0.2208221393073664	-0.8933127708886819	0.1930856051961815	-0.3862179302610165	1.273473902304169	-0.7720887783555878	-0.1470620850782769	-0.2194500213802171	0.03342091370776729	1.939003351701873	-0.1184185551144949	-0.2861542016842347	1.547070242927236	0.05346855502836519	-0.02065782389659708	-0.001996261469212824	0.9276301770030587	0.7481817149790138	-0.08135090398609859	-0.09444098876853897	-0.09467209611781228	0.7857168762572876	-0.3038370982142249	-0.7316688861045784	0.06617284165750344	-0.17021048648255	0.04352148546609736	-0.6476932278715004	-0.1336543332991925	0.002202893479992031	0.3483946109521603	-0.05557380087944892	-1.10891498607192	0.183098350333001	-0.01303091236393939	0.1883079557839841	0.1887376188031245	-0.05905267986985577	-0.05970357370088947	-0.006625284316209368	0.6950926818723515	0.2398195922792349	-0.4889654216733532	0.3300812184093299	0.4891247251953165	0.1029392309598072	-0.1468434016182394	-0.1605814259399184	-0.6267591118986247	-0.005179287013409035	-0.01185273255651711	0.1149192770248412	0.4380680876760401	0.1577112959514773	0.09327276092224455	0.1330232606598314	-0.563614230754067	-0.3326564334180147	-0.2712466577534183
0.315	-0.3223761524320007	0.06593986745463014	-0.6752343485013566	1.150189589710282	1.050483853332961	-0.1630142559348582	0.3969962572650571	0.03124473808880023	0.6090453889910549	0.2739289850593595	-0.02100881412319471	-0.6045873675404302	0.372432730998679	1.562063831505789	-0.5607908976566892	0.07679928946830163	0.07134179845880183	0.0732063053175989	0.06703343776406399	0.2217837138098061	-0.8915543283769292	0.1933306424577788	-0.3883373695251961	1.275339194623417	-0.7702634268933439	-0.1468868934775264	-0.2211132485222471	0.03333976653481108	1.935126846702274	-0.1182176722092885	-0.2860822187276353	1.54977577388308	0.05515231222947575	-0.02347727897374913	-0.003362846236620294	0.9274800884009579	0.7461315721821226	-0.08336069484256818	-0.09694898698378729	-0.06285257197878673	0.7301428850797337	-0.3980160654095858	-0.77418443263425	0.09419348515787358	-0.1793735934184058	0.06038271257712179	-0.5611722956616423	-0.05631457907147356	-0.08122454621331324	0.2665009930202072	-0.1395220605048062	-0.1916923649725197	0.2260646273569133	-0.9690605700562361	0.1884652053826363	0.1834157067769518	-0.09880151795446891	-0.06914448236539802	-0.03423040196086007	0.7455548108720331	0.2154313727044253	-0.4911826444256661	0.3137444457685145	0.5199730150506454	0.1091187449017896	-0.1690277157197577	-0.2918153034325022	-0.6433444472723725	-0.01458295445973386	0.01573122594379015	0.07382997627920065	0.4599124492147283	-0.6593583700572713	-0.1813169815709937	0.1459347108758155	-0.5176938951571116	-0.3529386301630585	-0.3094690250906281
0.32	-0.3225014962990235	0.06935457259522534	-0.6745344285896573	1.145650253807011	1.050261257873764	-0.1645517624037676	0.3975576646680321	0.02915228056103996	0.6090292679627625	0.2738326264357043	-0.02004893578225027	-0.6057328187479335	0.3721742856809048	1.562168262129022	-0.5666849229720592	0.07644261025332069	0.07376247988741326	0.07207300884344822	0.06790471920290875	0.2234029933400745	-0.8890946312834107	0.1921646734755665	-0.3913823881228546	1.276448111485185	-0.7675588239066199	-0.1451372483006269	-0.2214664604516386	0.03015635072329672	1.930091898251383	-0.1186313891833646	-0.2871103010375777	1.549023600471596	0.05577654330039324	-0.02691996034929345	-0.003492002714757459	0.9258916583151223	0.7427335745100825	-0.0864479380278081	-0.0988076040606508	-0.1054794175224915	0.6826886493723344	-0.3917759334724376	-0.8074030529912224	0.1073156983299787	-0.1964944739878628	0.1106060188868774	-0.4873084439994405	-0.01985296010118897	-0.07327585361533411	0.1743083136465967	-0.1255038701034529	-0.6241183498393509	0.2756103258217787	-0.5216451762906972	0.1364149367483979	0.1366694454396058	-0.1281894576346146	-0.1290488202015895	-0.1274694492461144	0.8151466148487853	0.2413903220250986	-0.474233115597031	0.2959449183256126	0.4690696455881066	0.1298191807302874	-0.04162761173442269	-0.3452496519052549	-0.7748933646545502	0.01012264200330829	-0.02448626779417946	-0.008621936533766628	0.4702824896857949	0.1984050277968381	0.09076859815694807	0.1233768425169184	-0.532682992391364	-0.3148181588500921	-0.2510546523656914
0.325	-0.3235895065785148	0.07355145081038796	-0.6740676076415333	1.142111375860765	1.051257570580007	-0.1650598547385872	0.398556498243708	0.02711236633086406	0.6093210011480721	0.2731557691805104	-0.0185520126509062	-0.6057963565391064	0.3712835866485087	1.563372916071219	-0.5701396985406284	0.0783591458994294	0.07372032694638161	0.07239371433062219	0.06590276007395644	0.2231844089973028	-0.8869712747529809	0.1926716843953775	-0.3950311829385702	1.277236811139081	-0.7661196917184685	-0.1449688357413279	-0.2214463642382676	0.02977001274021267	1.925334226904771	-0.1188832274193963	-0.2882689451368322	1.556119983320418	0.05788190501489814	-0.02998510239664993	-0.004846175182455318	0.9260217555123827	0.7400887912184172	-0.08823024093192476	-0.1016879333955911	-0.1136423327403333	0.6401442709083162	-0.3049914327561368	-0.8336227738544901	0.1045873429920689	-0.2334006055519861	0.1331944803513937	-0.4959318625336581	0.005398344380831532	-0.05552144814902082	0.148191453717688	-0.1422148157769336	-0.498613716362751	0.2627877931614216	-0.7250415066889629	0.1101286506758928	0.1403913504336458	-0.1327081394938708	-0.1048784019950713	-0.2863934230524098	0.9131266465536031	0.3431480485100319	-0.4810626307765933	0.2628864209193892	0.521436206858684	0.03346596691856942	-0.05415625201990048	-0.314473428853868	-0.8460174833897447	-0.03004922879455651	-0.05618350613706294	0.02060980934811641	0.5105402457516044	-0.8232211816805904	-0.2173991015362167	0.2298119130118903	-0.7702560139844096	-0.3251394533460126	-0.3282741822492542
0.33	-0.3235112774303041	0.07610911658066072	-0.6703398442266018	1.137311821468605	1.051013396888823	-0.1670238942033643	0.3982526639323837	0.02571026545429808	0.6092355476489038	0.2732002488764984	-0.01798925239552263	-0.6072545913270202	0.369984435993596	1.562037514716998	-0.5755858070471388	0.07782461926417161	0.07654589434723558	0.07102858366949996	0.06675838188868098	0.2233352118900779	-0.883267822520843	0.1920884210211284	-0.3978072804930415	1.279265495303321	-0.7628150631758954	-0.1431923967061004	-0.2229565439690404	0.02437170419837182	1.919852230937689	-0.1196257996961158	-0.2887359374731427	1.544088452170002	0.05857339046607896	-0.03420662799845452	-0.005114608098956419	0.9242385157349952	0.7346689691735117	-0.09156949289193655	-0.1037271837535572	-0.005626588324851058	0.5567403681899833	-0.03885274658698135	-0.8362639013812928	0.09388947090501576	-0.3066914778259024	0.03632134112531898	-0.664838090418958	0.0202100909970323	-0.08755354611159884	0.2526279388394929	-0.2732587788566592	-0.7877298966068668	0.1658860164685522	-0.633958036442742	0.2084017525997298	0.2089360045861219	-0.06003507675007484	-0.06088848999847795	-0.4319773189648547	1.071761886174359	0.5281373349886747	-0.4453009621905752	0.2201821823659406	0.6268330669384851	0.250565145780465	-0.3073766744260391	-0.3854923435787772	-0.6942031157487557	0.07169026859453033	0.04165343906936409	-0.6726768962585826	0.5123817276987727	0.2572311172016999	0.1206218964383969	-0.006217355636935988	-0.6468655922993519	-0.3973712683553474	-0.2885715723263186
0.335	-0.3228893070129034	0.07852755299930161	-0.6691355010198627	1.133701751660339	1.051878898219426	-0.1682307837282055	0.3985920757107103	0.02214452602499094	0.6098952833093989	0.2723795649340767	-0.01574441733715709	-0.6080730403651946	0.3695840551798379	1.55560959912145	-0.5792597458061508	0.08042280669305335	0.07699571755599686	0.07238839483536251	0.06516433010968616	0.2218583437269494	-0.8784277647140339	0.1944526881904016	-0.4002753552747412	1.280198399244932	-0.7613657573794227	-0.1415570925457501	-0.2248501385484575	0.02940936863450717	1.916240998086311	-0.1192555443282903	-0.2894904341720121	1.536414623141196	0.06124872680216852	-0.03880387702724626	-0.006573891292426273	0.9229755603792884	0.7309840706044129	-0.09427011293149749	-0.1078958090882609	0.02177716234748182	0.4694384174451198	0.3312395631869937	-0.8356561511813491	0.06995573379765654	-0.3848026200971154	-0.04664854080108758	-0.8379719415646188	-0.03520329808330139	-0.0459818213058272	0.3306967374056458	-0.2515988833536672	-0.3665651640061077	0.0811769553473012	-0.66491679134405	0.2117995547533561	0.1792307946782999	-0.005219137135049476	0.02382448210734776	-0.6842682080936545	1.287910051970895	0.7823127713835389	-0.3983264249689864	0.2029652960785497	0.6465361013727257	0.3281653573820349	-0.4246748947099949	-0.2906309732258529	-0.6511411140815855	0.02757351223953318	0.06833007583854907	-0.6299978134697509	0.6818940667375759	-1.018925420493104	-0.2768495231400758	0.04523701148925672	-0.9653790217390471	-0.5048546191488374	-0.6006482720468859
0.34	-0.3233218796259234	0.0801692784710361	-0.6622080169361827	1.128826844131732	1.051397410777823	-0.1709069150027322	0.3975963401231374	0.01949735381728578	0.6097552613258871	0.2728337796393084	-0.0144807305360314	-0.6097689187215809	0.3695308644395087	1.561942696487993	-0.5850886220829319	0.07987471357584625	0.07965482303877426	0.0713877415463679	0.06610743640255036	0.2178268349773952	-0.873435696975922	0.1955471666845033	-0.4039521325725469	1.281276888521122	-0.7592653596436235	-0.1392911383576579	-0.2264553901895008	0.02952730338259672	1.910476284607346	-0.1199002050387014	-0.2902751681412183	1.533573167333553	0.06226335483353724	-0.0434870312137064	-0.007136279722837053	0.9206721129777499	0.7234042634122251	-0.09770902750075919	-0.1102152144339507	-0.1834818998931174	0.4737186187769603	0.4798745971475853	-0.857872408201407	0.04564594283113187	-0.4126650748074062	0.0886193997535412	-0.828702798203551	0.04996717144155897	0.1447435250321862	0.2613282542480613	-0.08312912479422591	-0.9353052084130403	0.1274313043608481	-0.6715519134915828	-0.0178305933313068	-0.01832880867395937	-0.1186751432192276	-0.119638775705283	-1.519669633903226	1.433760030343636	1.059708051740392	-0.4840603489843873	0.2726689075332254	0.3729789633048318	0.02013169598254059	0.2029220971985787	1.044867473066063	-1.084794063079489	0.04303652793228851	-0.1535120935760774	-0.5885260346889161	0.4575764026374408	0.3140737132144456	0.143943666668074	0.2655877992375434	-0.7379971446088618	-0.1252738663135319	0.006681388486697235
0.345	-0.3235110100936584	0.08270736910444902	-0.6585688640587539	1.124964170754709	1.051992654664974	-0.1724902179372658	0.3981342049768469	0.01593327853532347	0.6112874783988634	0.2743965782834644	-0.01382932711940019	-0.609864167526315	0.3676742028222966	1.565377171651516	-0.591862963302376	0.08075157738744487	0.07974580633869459	0.07167143619831351	0.06384528600202337	0.2105881195412493	-0.8666874557177719	0.1997553878257298	-0.4073382049067709	1.282969817571751	-0.7565660682127671	-0.1408954842136394	-0.2250734752150686	0.03798538919836571	1.904120015150708	-0.1210184798948052	-0.2926397807684364	1.531940980845891	0.06627372938426794	-0.04781671166169921	-0.008712805479468864	0.9218201717579467	0.7154507024960313	-0.09998865573039908	-0.1137706810744377	-0.3117996000413173	0.5376925488208781	0.4534138921762426	-0.9025235564867509	0.02951090032517838	-0.4391628238132695	0.2802549212905588	-0.8333980558011332	0.2341458724135812	0.3122765014900195	0.2239926290469225	-0.2375093796345883	-0.8528282011340924	0.1307728953351566	-1.404797695602168	-0.1494052899015664	0.06660429007501914	-0.2195843382415266	0.03659642508666117	-2.145526921048864	1.751900780043676	1.346544104367406	-0.6455010219583229	0.21339110396183	0.8510321713544782	-0.4338238963083549	0.3293936964617069	1.41487708016301	-1.237598091864065	-0.1511461605827756	-0.1454953355005405	0.7768940361219379	1.165367392126043	-1.245640018058817	-0.3331035404234866	0.7900222669022953	-1.777750668696611	-0.44275905339712	-0.5678074153276862
0.35	-0.3252606456828369	0.08226292667938405	-0.650986566756687	1.119647652647398	1.051362266857012	-0.1755724160083417	0.4000586031075839	0.01333666606347762	0.6121729542388832	0.2768018797957089	-0.01228813309543605	-0.6134897553844549	0.3625406372629433	1.564668479193969	-0.6019884440198566	0.07978728107141844	0.08292466323392038	0.07016730191036989	0.06445249835490605	0.1998960033429747	-0.8563825384230418	0.2034689329009967	-0.4106811180898381	1.284437591985868	-0.7536806480466889	-0.1392630210168806	-0.2263570969827422	0.03719329805410546	1.896998411031728	-0.1216813935382206	-0.2936006636314215	1.534774425732872	0.06803728013614511	-0.05406980310937282	-0.009874095140843706	0.9201069692859892	0.6986843386843082	-0.1019558919794833	-0.116008859873226	-0.1322172156830893	0.5655797772310592	0.6484569503922943	-0.9484502041234776	0.04957941613763055	-0.5228382526985033	0.362339037389539	-1.083395174045586	0.1387471541450331	0.3985076260412571	0.3819682394491198	-0.8071195507064457	-1.704357476835356	-0.1460048263829213	-1.316167981688984	0.2000903446004125	0.1987904218140352	-0.02164267492207663	-0.02243145547385279	-1.209940670424103	2.784374889281038	1.693615579478382	0.2244691367352026	0.03637280979586713	1.048709409090859	0.9664360824686132	-1.040843287991034	-3.095376381987132	-0.748423135806678	0.02406651020341149	0.3563846209638939	0.01004297682706667	0.1154846532576906	0.3845028334570245	0.1241860563639426	-1.309637050237645	-2.100622339237145	0.447172541752307	0.1217090254072309
0.355	-0.3270320828170425	0.08211968091325053	-0.6489034110801765	1.115184253125062	1.051996762254183	-0.1779305988690502	0.4019173847985033	0.008919704626901869	0.6143153272002222	0.2791035561570584	-0.01008386915389608	-0.6186077528806283	0.3574943859384403	1.560960079578083	-0.6138306428970788	0.08345224630343316	0.0866253722272147	0.07237098932717687	0.06564861096176824	0.1964690501679151	-0.8375409905147767	0.2071745271587046	-0.4065663701273727	1.286083979681492	-0.7479919182058991	-0.1294999371555699	-0.2349174207710764	0.02212018040473034	1.897829854581525	-0.118772808435974	-0.2928575737991646	1.537232451943819	0.07731932977311748	-0.05988428453537308	-0.01032854939361796	0.9015141591383925	0.6880189449137211	-0.1190366630228131	-0.1260445472781422	-0.4516593974489519	0.3920212039244877	0.6517296115412436	-1.021904641710171	0.05924079023064307	-0.5935749579609362	0.688702678446378	-0.7783784019103234	0.1849440459677472	0.7101787894327121	0.02879198992300799	-0.8348361827364031	-1.442519844751518	0.1368723783006373	-2.126698989924674	0.2609855314541965	0.4540136887352815	-0.1408490305465778	0.7324161938644125	-1.580041789410707	3.187523669873788	1.812410154122278	1.189853052375802	0.5705339641867621	1.119331657631651	1.703470932784422	-1.257501027400691	-4.949065453558588	1.049273329495909	0.6865715900696628	0.02987969866257088	0.7805082464659595	3.101960803883541	-1.551159729452432	-0.242073849056507	-0.8290106705509407	-2.982420127539034	-4.343009731946559	-2.21583087211272
0.36	-0.3327223540870485	0.07909911263446505	-0.6386000316408402	1.10920333718793	1.05143641871004	-0.1816456691027561	0.4073570253256941	0.01098434383277591	0.6145528367878235	0.2870009362881735	-0.01520079122355638	-0.6222026416651907	0.3493988184826666	1.554319616854195	-0.6234879008804437	0.08063778240619751	0.08892164450538183	0.06937403467796582	0.06534911277923161	0.1713811240415966	-0.8332042686151307	0.2045791800775764	-0.4022875240732928	1.296137591378906	-0.7467952019844931	-0.1302769472600941	-0.2326960869306307	0.009299354830646093	1.902185951654136	-0.1208085100647658	-0.297700988679577	1.548081437653598	0.08423076416764345	-0.06762326880486814	-0.012841947427488	0.9191547662935645	0.6616418748229319	-0.1197926239849733	-0.1277999239245191	-2.297350959871328	-0.2749525045552831	0.5942566986043267	-1.096615964022526	0.03672170124658838	-0.6019027406516051	1.543402882383052	0.8462748713295497	0.3749021103326264	1.810003713558672	-1.65139728603605	1.080702327076302	-1.73640954582319	1.844232393047762	-1.920721082173747	-1.140875264510721	-1.146401239543888	-0.9985898932195646	-0.9923305979676671	-7.769021384719222	0.9320813378878167	2.161165371167337	0.3821105194080459	3.191798740318418	0.4222382555123695	-3.848035611412445	3.159676205619051	7.391154031160369	1.635363999477954	-1.217159219538604	-0.5279693353599862	1.566362989382333	-0.6026437485473137	0.4837840377994775	-0.007355095075898644	6.332016486696239	-2.114890181900528	6.570121045680982	2.724124494163414
0.365	-0.3433110031929184	0.04983895324559307	-0.6170219973707276	1.106203280070323	1.050647130983582	-0.1850512191459051	0.3903797785630865	0.05761550938417295	0.5743794795225311	0.313691117156725	-0.0198393828310764	-0.6274024590306643	0.2923064595922462	1.570781171895489	-0.5172566365332505	0.07015327871880545	0.0997615767490041	0.09808834497978139	0.02517343956681826	0.1229186128143676	-0.8335318413432674	0.2365888000697195	-0.3433952194625951	1.363711612479864	-0.8100685835311278	-0.1605890932631455	-0.2048355741371607	0.03867803215101254	1.866150490430322	-0.1293139760386458	-0.3336449238569682	1.552289800868828	0.01021944687340562	-0.005354975099205529	0.004771935054481749	0.9631500567304897	0.6971438563880612	-0.03522181541666362	-0.1042061338392689	-2.296834174138973	-0.6383008578921886	1.395739496397657	0.1230926886400284	-0.01842210534007851	-0.505457696479738	1.623538668481671	0.4033824648299607	-1.541720647075167	2.548745835756351	-1.699182371125392	4.50990485783709	-16.04775076976183	2.076729696310019	26.75747038405187	-0.1823970458233827	0.1093162855970715	1.382221986930235	-4.919570643366179	-2.857462682411686	-0.205623305950432	5.732457573736172	7.049450507450095	7.743806847266767	-5.277841865952763	-8.505550319495145	8.38419803281913	12.08966363276273	6.758079534416847	-0.7076595875562506	-1.582226643778023	-1.344075870040193	-10.34420818857552	21.42727497640457	5.939746467218084	12.61053526582643	2.03755074509125	16.31237247388741	12.31804103264523
0.37	-0.3503126131872596	0.07549666235261296	-0.6238862287663373	1.11002438362063	1.050638287808526	-0.1868224821018156	0.4203912621344548	0.01262010787104896	0.6039170409767467	0.3075203300700683	-0.02827133963086011	-0.5917960897116418	0.2514761516532682	1.552726967282213	-0.4395465075984893	0.08058566283707821	0.08796641401230651	0.0706273251736107	0.04572153788137446	0.151698843764263	-0.8326044604529942	0.2617706560645265	-0.3395045374128376	1.364279482942946	-0.7859180243702345	-0.1977441438257135	-0.1640997044705429	0.01804571256740612	1.959540197487536	-0.12633989039011	-0.3104373139050003	1.558122887734805	0.02983578550147509	0.0717702813802565	0.02711198226782062	1.02339079586948	0.6628905511559157	-0.0001470875993220631	-0.04246733691726669	-0.01260527490273278	-0.7534860676453634	1.348884671751397	1.370710494091151	-0.0496831465202854	-0.2293360658057406	-0.2021786918040719	-1.222025740408478	-1.551962270974009	0.4354091898272365	-0.005565988876101905	2.740092888355426	7.004252892178215	0.7599725552715567	7.705071407508918	1.311584627212149	1.307671728259976	1.951848250758853	1.964696537590009	4.315723386230213	1.076609523804129	4.379416167131229	7.577301600793844	6.349909857005738	-1.669866323493085	-4.740062057372159	4.524458717228455	2.951170149455238	7.21371639141908	0.7341600619044699	-1.303470866412875	0.5560618557780775	-0.7763625803546298	0.4499995655026908	0.2573949884078051	8.35918144397225	-0.7415807759886485	1.911195215631815	2.203906827305207
0.375	-0.3490126931062795	0.0756499263647928	-0.6251227025920557	1.117821792454292	1.049631975910946	-0.1862551891701609	0.4174879769726993	0.002095918586161056	0.605826292980332	0.3008268805819569	-0.02180252394289359	-0.5939459075096032	0.2758509231399149	1.560422063866538	-0.4116356975090998	0.08485749304961607	0.08825850230804759	0.0716407876266333	0.05291209957676638	0.1651843043196302	-0.8212595820181415	0.2743141910999266	-0.3254398768091364	1.370952187665968	-0.7705465031659354	-0.1990177202117238	-0.1602603588659717	0.0135457803780808	1.976903612387135	-0.1262261302647993	-0.3077370059901813	1.552312313581664	0.05134406162009154	0.06552061554683777	0.02446148001506955	1.039457814643262	0.6498416885813971	0.0005042641143745443	-0.04471798862267982	1.002685836888147	-0.8148688532564484	0.2351807724065053	1.349929621098221	-0.004567640220590948	0.02679217960292693	-1.707961372409442	-1.216899559278759	0.7515448838583739	-1.929647162445371	0.6333529732285712	-1.845146768290907	4.260801290930788	0.2638322168414107	4.583166178947635	0.4688109941046331	0.7220570938483888	-1.043769653173899	-0.03166362486857946	0.3184864945708171	1.869521468068669	0.2637397058274983	-0.7859013763054966	0.9484518881427685	5.777339352529758	1.935948741238133	-1.79937757166748	-0.7150607350684458	-1.137689877675907	-0.4154051759689532	0.6631904450650117	-1.270601710222319	3.403282157759828	-1.509586238935714	-0.6722614652550694	-1.457747648955362	-2.760474905208007	-0.9357331268729161	-1.146516020922083
0.38	-0.3428210403587506	0.07463925850895817	-0.6300025804298598	1.123833729766613	1.050057290863893	-0.18632827886804	0.4076320502253956	-0.003881892277597305	0.6095624436579636	0.2931827444435307	-0.01958189129763398	-0.6052545690291211	0.2910680402356304	1.564047894958924	-0.393336865484066	0.08419195196906662	0.08831851920245953	0.06362579583378042	0.05426764223596952	0.1611574852353404	-0.8080477787044518	0.2782924221200774	-0.3344013113867986	1.366874637737859	-0.7438292779534401	-0.1870622208775381	-0.1718012480852729	0.01783496792451427	1.9578971373005	-0.1286131678993221	-0.3030789506843837	1.54749207886519	0.06296973815082257	0.06012101555150351	0.02257572850681567	1.028696692561729	0.6343675037567267	-0.001998925104172732	-0.04626483961839178	0.6905360447263007	-0.4480607553000305	-0.1642634598260845	1.249119744509923	-0.03622781283256202	0.1006944373515489	-1.067068246069146	-0.9722532407048361	0.4245634780274295	-1.368138914033243	0.4393244157792669	-1.485005456443566	2.099144585593137	0.1975239145337304	2.633377651523087	0.3763478281831401	0.3744132575641476	-0.6909337393443219	-0.6883500276736331	-0.1376996707647432	1.935223441215305	1.737274896342391	-0.8613914338974499	-0.287456788317784	3.340737791147897	1.371794017472706	-1.338899561867282	-0.3713031343458382	-2.097969097551645	-0.6400689529906861	0.4071489009087891	-0.9660939071895337	0.103410320492232	0.3293197906047695	0.1329963576128377	-1.17873084610374	-3.95392735333971	1.063338591469362	1.293368958275386
0.385	-0.3401337135104958	0.0755808460407606	-0.6358355022165808	1.130586886627665	1.048936645407861	-0.1850152299167893	0.4053268405692202	-0.009175509579329029	0.6101004781508053	0.2898256021957222	-0.01754019790774341	-0.608821435077549	0.3012675660305686	1.569023862845985	-0.3810372049485449	0.08693944983317406	0.0874023519214632	0.0652307691226191	0.05370620819582484	0.1630258431613449	-0.7985099717458397	0.2948307285050136	-0.3330420072161344	1.362700153434353	-0.7356449795326074	-0.1842834721545279	-0.1724570445594783	0.01962973474718816	1.953652437179008	-0.1291295144762662	-0.3018485421886409	1.545513964812054	0.07228235610152681	0.05450807734342731	0.02039964766149024	1.029514729372371	0.618836050319805	-0.0006558905843835288	-0.0464438629489148	0.1587046074572428	-0.05108140033874596	-0.2607366785138946	1.156264925614986	-0.09811492894078848	0.1063543251451246	0.05534189609693063	-0.7479803229751266	-0.4782358533914264	-0.1381197597192741	0.1310688493676579	0.202144364465447	2.15799104080393	0.1857808879669277	1.978068965274314	0.6365017722539734	0.5409693336831515	0.4714551032093131	0.1694532644651232	0.8163328277487675	1.711158966728533	2.459168589134807	0.6900819621590147	-0.07799803664956166	0.6248061602268978	-0.7009550854406726	0.6954067432976191	0.5858771407501807	0.2704066745458673	0.1054495483966567	-0.2920854462793789	0.1003841703333371	1.475427154985637	-1.228940887676765	-0.4570041660861235	1.060508581716327	-3.091851224843066	-0.6385153115278464	-0.5228177782567642
0.39	-0.3405398024693287	0.07623387857205553	-0.6417741393233446	1.135720817267427	1.048977932832606	-0.1849482796304714	0.4059264015062295	-0.01254974754293911	0.6069260393694295	0.2896194183207427	-0.01547422930419429	-0.608642552143896	0.3088813429232637	1.562129982824926	-0.3722857867336595	0.08891756288582997	0.0894284542151744	0.06513652821586377	0.05837242730551537	0.1663291203043536	-0.7887866125955254	0.3074183366373423	-0.3303455559515291	1.359089332975228	-0.7324538835093735	-0.1867521725617516	-0.1697255197337875	0.01645983133302524	1.953887606456274	-0.1287095049274489	-0.3015424947877574	1.549937445720217	0.07953200223732421	0.05006677712779663	0.01907845831062655	1.033486609170859	0.6076404537743668	-0.005164688663282502	-0.04804055621045754	0.1068388104024072	0.03453068610764199	-0.2689219893669728	1.133733686608457	-0.1142006211288691	0.1289496971668467	0.168391693356851	-0.7052277027596806	-0.4205597996425133	-0.07703877205074662	0.194816721712486	0.1633481651367843	1.581661367393611	0.1066069101201664	1.814063928906522	0.5484897823292545	0.5477884234357793	0.2798872101021249	0.2807403225708181	0.4956195108744182	1.812038824969307	2.005924836815741	0.0879427280300559	-0.4767322796537414	0.8403337690852615	-0.1965317837754279	0.3480148296069507	0.4070037957540679	0.1939622379719896	0.06497682903917584	-0.1560971816272084	-0.4313300229540194	0.7209477110627893	0.2891739269992875	0.08324465862518027	0.6776522310875366	-2.149869022801864	-0.2540832592706502	0.2858343107829289
0.395	-0.3392627823890943	0.07841070587336652	-0.6482736502861879	1.142078739466936	1.047727373960212	-0.1835013645612064	0.4064283807026344	-0.01691359577451546	0.6065682112329756	0.2888205361704144	-0.01277683417129897	-0.6101787699992245	0.3117998665091054	1.565490392259881	-0.3655251036892321	0.0915985845632573	0.08902669157920715	0.066371568906312	0.05777832888597112	0.1663663698405317	-0.7790483566607732	0.3201910097320668	-0.3317528072134994	1.352858717807587	-0.7256914783274299	-0.183881889537063	-0.1712730549973924	0.01913373714841858	1.951567304332305	-0.1297279928383965	-0.3006554414442897	1.553147121226465	0.08583660245430234	0.04610421898342236	0.01785489987216422	1.036350870655859	0.5951840796738	-0.004928029182714963	-0.04875405239357661	0.1923760376935902	-0.02803709589716085	-0.2712983402181238	1.139152426426979	-0.1240614052768245	0.163533509605914	-0.05961510977521883	-0.6778257372944358	-0.09432719909634804	-0.3707186125657999	0.302929408748895	-0.379994825427118	0.2561761938185578	0.05604014680024809	0.6239014988097864	0.3304790621295012	0.3458379033034449	-0.2346304500795919	-0.1499862026268134	-0.2667746194011789	1.940281574197183	1.786982105214514	-0.8137740860974716	-0.9635164905474949	1.852861720076262	0.4226425257347093	-0.4447943202468642	0.1579326385106244	-0.6077264549270882	-0.2733422459390978	0.06927417695474213	0.07228346148353863	0.9626410589777454	-1.01951013729878	-0.3940715945473714	0.3896922034860328	-3.093584640695378	0.1246678619791925	-0.01780255742857736
0.4	-0.338295848391056	0.07781057576236002	-0.650860365679757	1.147172462538801	1.047708240248544	-0.1831593560605782	0.4059870240248323	-0.01992980989836008	0.6055520787827858	0.2868351816161885	-0.01074560100401696	-0.6127027563826577	0.308867159560604	1.562431155427175	-0.3663262387782584	0.09158481038288172	0.09077035845025333	0.06362103022649437	0.05875534303233236	0.1617804718273122	-0.7671021933014164	0.3303468345842345	-0.3361006181455385	1.345874590610514	-0.7159763131585221	-0.1806199842605166	-0.1733805991282606	0.02562181493438353	1.946512759769861	-0.1304852370411644	-0.2991347922070202	1.551857791277065	0.09045839953064536	0.04162752939600297	0.01597224488393794	1.037430039603903	0.5816427819448345	-0.004995949126813267	-0.04804267244894695	0.1437650551763271	0.04269869033936786	-0.2635134383037279	1.126154278627652	-0.1443547440322706	0.1854037520673596	0.02067191023267656	-0.6599435439534554	-0.07042028898756542	-0.2995446063787352	0.3316608598178372	-0.3433726114052558	-0.3405270838518503	0.004063917920332032	-0.4243600552381406	0.2939448379485826	0.2944879188848365	-0.2237612036066958	-0.2232635433622736	-0.5680382845316462	1.974040550441467	1.932513865529994	-0.6590171386510072	-0.9880119623847096	1.528920508069538	0.3602182016089243	-0.2157420863590321	0.4013333519650629	-0.5752864152615005	-0.1497386145242994	-0.002659935862407951	-0.388801514194023	0.8042997815480558	0.2145285709764967	0.07691585496296137	0.4681733532762942	-2.612692761269689	0.1052895528358339	0.190525468623292
0.405	-0.3378072442521112	0.0794374171089042	-0.6563878762428393	1.153392397303163	1.046326863333042	-0.1815005440854414	0.4071320987957051	-0.02302195380722945	0.6055777232176988	0.2865170661190393	-0.008338236787848188	-0.6147565173992146	0.3020957532390036	1.555989876706055	-0.3662377829451549	0.09375469269668628	0.09005314799107483	0.06440991692599859	0.05680547865784803	0.1580816353906425	-0.7564548521476003	0.3428715132029594	-0.3375994470861454	1.339650057342376	-0.7099748414179251	-0.1784616644255209	-0.1733977606026605	0.03148648114442813	1.943719459273617	-0.1302092441994084	-0.2990118851007799	1.554342926231514	0.09609597934886661	0.03848405959080383	0.01514829915351789	1.04123794361797	0.56956325615731	-0.004795166668301775	-0.04866350163798933	0.07349621028081049	0.1064567796201192	-0.2570573455701947	1.116998342536617	-0.1702320970771424	0.2154728518046664	0.1417155824588098	-0.6037604065616241	-0.1275850706057993	-0.1742509183881286	0.30375404683	-0.15814085942369	-0.9966282195078404	-0.01750262231831887	0.1737731282591	0.3172941663678908	0.287805338332561	-0.07955891687027124	-0.1385977244814917	-0.5906612384324686	1.975999864338019	2.051817278168942	-0.3459860017223679	-0.8854826235833472	1.131307685393666	0.02761266791547718	0.1633398886982585	0.4823860679863404	-0.2707648580389633	0.009282517347495014	-0.1341713899940893	0.1212178752510616	0.889106847140852	-0.8323048298388622	-0.3220084487649382	0.9229864030108869	-2.741569582139968	-0.1265500266833617	-0.0180341994175295
0.41	-0.3369502074347256	0.07986231581991475	-0.6585011573525718	1.158387057829145	1.046123257512049	-0.1808575056515194	0.4076396298810868	-0.02610485990423942	0.6044120866136992	0.2853416044190346	-0.006985684365691609	-0.6154335361874018	0.2964014393902614	1.560424863437638	-0.3678221222022224	0.09396907232457753	0.0919355945276982	0.06227070319145959	0.05774447840868949	0.1528496318834731	-0.7446694929414219	0.3541149008723602	-0.3397108815204348	1.333855072634648	-0.7035921111154056	-0.1776455815023268	-0.1734274235122485	0.03151299481079637	1.941043847375178	-0.1304958744951224	-0.298436109709574	1.56128993505118	0.1003318956387156	0.03475223789826143	0.01344573980822069	1.045309370810961	0.5576821794118196	-0.006229153697578029	-0.04819996958087679	0.04384417068971259	0.06317967584377672	-0.2820414419928115	1.118497069807011	-0.1818543395642792	0.2624344513381091	0.07001667921231679	-0.4662133424210353	-0.05381022876174418	-0.2784355724720817	0.2366427947398727	-0.2254766619229887	-0.4672057876124098	0.03452291200203156	-0.4256536231841836	0.2913842766393763	0.2918490085873411	-0.1611031432711782	-0.1617863805849999	-0.6704835674825468	2.057316788404046	2.133803360562935	-0.4167567105945218	-0.9168767837121305	1.242451556243884	0.1383462129509098	0.1007333477435717	0.02608563614730934	-0.2905091669282376	-0.005478865198619978	-0.09224324450327047	-0.1557793480865771	0.8582199885396432	0.1785733228831715	0.03344018369203453	0.8480158596221616	-2.553035223346313	-0.07514050774683784	0.06117619479122182
0.415	-0.3360874697102955	0.08096951740522909	-0.663271479628172	1.164570450212271	1.044636093572143	-0.1788048068422472	0.4078292733754734	-0.02875268799899345	0.6048524955002729	0.2846889801756807	-0.005052650433683959	-0.6167298325645688	0.2891335960063176	1.56022399441989	-0.3684442492029041	0.0959284151055515	0.09174003090369598	0.06246000879544557	0.05534791311681073	0.1481070735973195	-0.7325846230954466	0.3670615023788835	-0.3422427507459594	1.327167499634911	-0.6971858027842609	-0.1762622838760122	-0.1733897661437934	0.03180152542707949	1.93866021704664	-0.1301724522969447	-0.2984855788489254	1.558757510149932	0.1057470655926051	0.03229540307122955	0.0128303377745932	1.049533878921967	0.5446946643298205	-0.005998681062019705	-0.0487332514705392	0.04548192243344514	0.0385864215203604	-0.2558462246895775	1.124894646034988	-0.2010881461687752	0.2964916725337504	-0.01923466254706534	-0.4158577400192328	0.009975077938816471	-0.3831090175066672	0.2481130783189053	-0.3281947972071713	-1.095200456531964	0.03888919428243535	0.03094010903241527	0.255137808905691	0.2584184364246843	-0.2755089250890143	-0.2617534143648204	-0.8259837055113343	2.144541947518088	2.203839063007831	-0.5307991574059734	-0.9895777827089156	1.442753845855286	0.177989303532373	-0.07032548924301815	-0.3670407662769395	-0.4111044317900169	-0.09550983984824202	-0.06318963280503367	0.01988331859863815	0.8784462454518184	-0.6850720463916843	-0.2543746762853193	0.9210571083835436	-2.870484228456214	0.01474977648205369	0.04402665352924535
0.42	-0.3358923291972712	0.08151729323403908	-0.6653980699647114	1.169627770976835	1.044246607896547	-0.1778869979648246	0.4083086715888129	-0.03066897755870552	0.6042380639706982	0.2828151361539586	-0.003381253863896006	-0.6188163151487855	0.2828387318186407	1.562770312959032	-0.371109711894372	0.09595941297757866	0.09381465233092341	0.05969731022575708	0.05544537491166016	0.1413961614885428	-0.7206991380405025	0.3786599561621207	-0.3446373009745647	1.322045993745399	-0.6892909756879788	-0.1740523079812318	-0.1745820270970727	0.02672139994367619	1.935364822958625	-0.1310170065811839	-0.2977403675584406	1.559202457129526	0.1098823761625636	0.02910008888235084	0.01140985381093249	1.053572241142642	0.5316571260589025	-0.006696965350993068	-0.0480201039530664	0.02876349089746585	0.1550527366115089	-0.03736216959225103	1.132420370022267	-0.2398738860845224	0.2781216300922488	0.0287173938194459	-0.6258697201580683	-0.01410575087035151	-0.2557000675407056	0.4631141517764304	-0.2943904964945959	-0.5183460257868349	-0.06865990780224451	-0.6416408890583879	0.2794759269391417	0.2800583035277012	-0.2531728282928796	-0.2525641799962419	-1.097757043038721	2.203431549746853	2.233131330421773	-0.5187619424629653	-1.008136857263293	1.43232623858354	0.1934098887104891	-0.03924150615202864	-0.1479601928198048	-0.4140826532309376	-0.08794411536301862	-0.07353287389106518	-0.1446114783699037	0.8691296982620372	0.1298992146100844	0.02593276073527943	1.07647650507558	-2.732265800989984	0.002781273588024873	0.06811725994334993
0.425	-0.3358551361220993	0.08367356814473055	-0.6671004328903322	1.175827816223275	1.04244833337025	-0.1759823938911803	0.4094626530886013	-0.03496509602918463	0.6044424100870995	0.2821460017372566	-0.0005205372120327652	-0.6197204697792418	0.2768903523802194	1.554557356289877	-0.3734771566712178	0.0981761358491451	0.09385250149809789	0.06010150459135469	0.05292599600355836	0.13423175676105	-0.7086610324180826	0.3916350913571045	-0.3469533862456998	1.315523008809949	-0.6826001758371953	-0.1730123927363934	-0.1745070896828667	0.02511986550752231	1.933034271495311	-0.1308275518807402	-0.298083204373573	1.546500487221201	0.115118047661499	0.0271503283905273	0.01097787622946348	1.059601754292132	0.5197212639785878	-0.006518866507187131	-0.04846072719587868	-0.0342847995569367	0.2616989152041515	0.1869869700671885	1.127363571076032	-0.275576856419509	0.245900256852584	0.1423919445421651	-0.8028509162331061	-0.07335198883744387	-0.03735833742830124	0.62691768491704	-0.2173160659454425	-0.7552117084989068	-0.1433873427665136	-0.263503369962854	0.3107653577279657	0.2983504483259269	-0.1874462005035955	-0.2107080815627951	-1.334239970566226	2.238450377724765	2.239955333428945	-0.483621933027842	-0.9980009093902076	1.384514887621669	0.08884667521391859	0.01020053840257028	0.1489107329957063	-0.3732556370171244	-0.1000394224528061	-0.1140740080347458	-0.3501979796757601	0.873995230518802	-0.5606894207037207	-0.2211907765806411	1.260285756205528	-2.568684801543013	-0.04085609192731966	0.03370807065842353
0.43	-0.3355175261908918	0.08328487928468317	-0.6664842812907569	1.180840667431658	1.041771210646006	-0.1752906117733022	0.4099037577176237	-0.03806249448826567	0.6034126077370889	0.2828595294423903	0.003263793021231569	-0.6211126319727091	0.2735072266330132	1.554537277993652	-0.3763086418356553	0.09846005862359321	0.09621021543969387	0.05783465762050332	0.05344461958730663	0.1254982204227694	-0.6954881073239112	0.4031538532116619	-0.3488114870374441	1.310686092289116	-0.6751856095097748	-0.1714196365473927	-0.1753048122901776	0.02913402250118213	1.930235689394619	-0.1316907399627364	-0.2976938451363675	1.54334707058736	0.119302000334093	0.02447393079216152	0.009661149625470145	1.065255559966361	0.507338384487843	-0.007419060967539232	-0.04791069565217485	-0.1675635850787529	0.233469593631802	0.2526197278940521	1.092358841852096	-0.2763615666758805	0.236451681693449	0.2543682558340812	-0.6749366058144782	-0.1557070590540926	0.1377918759428315	0.5136434142512807	-0.1306853208564756	-0.5189563645809736	-0.07014737528689889	-0.3546693542313044	0.290294831682208	0.2911293689986696	-0.1535508900188791	-0.1539868572568139	-1.480401692317829	2.251543653740645	2.140413597351237	-0.5140181320108137	-0.9799199051530487	1.411384852761631	0.1114140191887676	-0.02020598563627402	0.147386848987074	-0.3763976123929383	-0.1216445101610105	-0.1401534157179488	-0.5592356299485408	0.8781835055905456	0.1091585596558159	0.01966981996698825	1.341544380474158	-2.486456885925299	-0.02561814987218508	0.04299751740024298
0.4349999999999999	-0.3361322521163344	0.08446497418234382	-0.6671194142948942	1.186678144217305	1.039971971600904	-0.1735364958720205	0.412109446806705	-0.04144469563876461	0.6019223197475506	0.284636754422345	0.005355007195319652	-0.6210489782439855	0.2709728562591986	1.564690916320029	-0.3798215948850582	0.1005674802168152	0.09617172044971597	0.0585738127526911	0.05129123155639252	0.116118573086081	-0.6823647085865249	0.4151732206168585	-0.3517197259224615	1.304651056819377	-0.6678072915161971	-0.1706985591994556	-0.1753992395275719	0.03158448468225377	1.927230815993696	-0.1317603335251342	-0.2984387713472282	1.537507094882383	0.1236124242084716	0.02294962693288775	0.00943545415226464	1.072303914565405	0.4948532945379791	-0.008076071613921843	-0.04832895119512733	-0.2802209787025013	0.2046921616053277	0.232679114823005	1.042249747182307	-0.2611358357298772	0.2370748936531869	0.3768441857458338	-0.490607188584221	-0.2527336996360349	0.2883321731586583	0.3539189121259992	-0.03353379182685439	-0.009938437463742294	0.00129952880474382	-0.7443275878615304	0.2465597755569701	0.2418754351084652	-0.1278641080891991	-0.1321129240592043	-1.556428669376038	2.277617531529756	2.126759739270249	-0.5464039516483949	-0.9623674874985558	1.437281894044244	0.0762439838528878	-0.07837210128678639	0.02089918519780394	-0.3996008022219373	-0.1767434601895274	-0.1686830451251213	-0.5647710173909606	0.897092122669457	-0.4705706263276389	-0.1750755484652114	1.388224258931627	-2.642029659081311	-0.005467530439396646	0.04324443495723791
0.44	-0.3373629045318075	0.08594006452093132	-0.6663140499661825	1.191308843612514	1.039441088124123	-0.1727473110827735	0.4141131064493908	-0.04306376044635549	0.6008996751916043	0.2862686150559375	0.007394557362588362	-0.6213847044368661	0.2687506320836965	1.556013874119827	-0.3839791564461728	0.1004953155312563	0.09825051589758863	0.05660754024472135	0.05218165555218245	0.1073601899674331	-0.6699626444833986	0.4270929042145537	-0.3540067201429861	1.300037356249308	-0.6595028524696012	-0.1693400863532116	-0.1766042789976489	0.02946617024614193	1.925201798973276	-0.1330317928287849	-0.2983422055835681	1.535840920752169	0.1287846486397324	0.02062479221386075	0.008254862731395262	1.078316566859524	0.4821983049947624	-0.008008332850597977	-0.04802621229837634	-0.2827025287148343	0.3094389154901537	0.1842244415039694	0.9876327776216399	-0.2401142164995153	0.2355714308354505	0.5349616862827031	-0.4721555782116526	-0.3205401777265325	0.4240549964799035	0.3671018447708036	0.05571958799818215	-0.5100473413925065	-0.1045999882268789	-0.1896417853629355	0.2360660275926299	0.2354009627580962	-0.08890096315813847	-0.0881536951288634	-1.598481822141159	2.353702402010652	2.450026317866304	-0.5632334124375974	-0.9615734890169273	1.415144433940695	0.08152188565198341	-0.08202937253278157	-0.03694953016282985	-0.4259019752614664	-0.1987934245056065	-0.1856066455177636	-0.6286700276537702	0.9164844580770641	0.08821801905678744	-0.003417368264840426	1.308877727885174	-2.832942162556261	-0.00168300684376519	0.04664667803965651
0.445	-0.3383215869262721	0.08835695407752304	-0.6663977844826289	1.195727752476986	1.037899783094661	-0.1718676140082467	0.4178179466829846	-0.04496479373288969	0.5987306992919462	0.2884901880792312	0.01049353039997417	-0.6213773088551644	0.2667817225290495	1.546983071627789	-0.3887869216894442	0.1024674820616954	0.09811602187847569	0.05772869631119124	0.05032074925104446	0.09743598554581545	-0.6570058160890235	0.4413481053016493	-0.356345559300011	1.295139076256605	-0.6522332863998792	-0.1688929075596777	-0.1768048499588292	0.02875510114228142	1.922808614633655	-0.1334429798081813	-0.2993227082596071	1.533634581376916	0.1330829413577952	0.01944884713432075	0.008126904238176092	1.084177632679616	0.4674671942280332	-0.0079011792677626	-0.04801036574086844	-0.2400035097853661	0.3764279082192361	0.1378604341254417	0.9372570700868732	-0.2108580848784648	0.2361527946987094	0.6224582778416307	-0.4553401526220176	-0.3345548579992446	0.4746238317774892	0.3811966033405667	0.08821339218614384	0.2918746957200394	-0.1915209619447293	-0.9716587712235267	0.2193891397748136	0.22026854793382	-0.07365889406753001	-0.07544226967929306	-1.606116356651681	2.413562997355115	2.834800254499433	-0.5581784885401831	-0.96832781669487	1.37364582067771	0.03938681728454325	-0.06897952528192067	-0.04424972662986595	-0.4617380538725695	-0.2301149051433956	-0.1891565829009507	-0.2824999523629422	0.9333859647037471	-0.3880747263459035	-0.1417505903926595	1.310316895258521	-3.402714813310936	-0.009046296424104039	0.04257762470338617
0.45	-0.3401170152907739	0.09005780117748174	-0.6664614403373212	1.200700956582283	1.037671437255191	-0.1702465021885239	0.4205486754373263	-0.04679465250631399	0.5975280677295979	0.2912028388274435	0.01225203161639964	-0.6205920959603728	0.2641878523445374	1.555355141252637	-0.3932624019236001	0.102216681637432	0.1000175747934886	0.05576742739129755	0.05133544479863094	0.08868393268387065	-0.6436067800577361	0.4560888189315036	-0.3592422653601997	1.289917916706124	-0.6455937183592991	-0.1678913607961344	-0.1777526996397953	0.02376165431330523	1.919879685102519	-0.1347670719907862	-0.2992878699273253	1.53325054548092	0.1384059778125147	0.01748965744136257	0.007129592817907268	1.090788316221136	0.4500460945463922	-0.00863977803146608	-0.0473118400189135	-0.2227366620442958	0.2491426663188387	0.06622361199403345	0.8991824359193876	-0.1674956846978105	0.2412379850174362	0.5580771853969749	-0.2664132920171506	-0.2565303584604337	0.3740776658810354	0.2309648195802125	0.01066361699407113	-0.3672058039495391	-0.05397077059269288	-0.3887106185305039	0.1816132699572638	0.1819203897610769	-0.1185158000902033	-0.119028611124848	-1.588260327533319	2.411603680897915	2.973502049930167	-0.5393013026384399	-0.9772844150857849	1.376442785100203	0.07828895600787925	-0.01219558088549723	-0.09141906428844444	-0.5159541422122963	-0.1898564560194818	-0.1675143421021349	-0.3598091780294073	0.9543257619452099	0.06556884469708822	0.001742185674643815	1.273481393311955	-3.529997868114286	-0.004912227777116975	0.04546913509940497
0.455	-0.3408841127168142	0.09094720936285483	-0.6683318284977676	1.204610126981876	1.036590031426283	-0.1694593667481402	0.4239702883027091	-0.04744249426122357	0.5968464656657121	0.2931161794713663	0.01338790112572757	-0.6212665997104194	0.2611538047178136	1.552333468652365	-0.3976972024579041	0.1039099753532338	0.09957807906559499	0.05653110947995359	0.04909540116150294	0.07979112295410319	-0.6302204195793146	0.471352784815347	-0.3617358381850537	1.284776544803787	-0.6381205763330642	-0.1669032809346232	-0.1774126020192574	0.01702092461179975	1.916781077611726	-0.1358079032707025	-0.3002137195765336	1.532324208535751	0.1427888422480867	0.01661616510921051	0.007077130349334829	1.096432466108993	0.4323397049399137	-0.008442505241968311	-0.04749315677815814	-0.1886323883507646	0.09784897146132931	0.02927438421551568	0.8729578375751958	-0.1313738635681793	0.2423551370523136	0.4351373338319726	-0.1124422458811075	-0.1587639896790689	0.2281697521684905	0.1032335188704563	-0.09077267049191469	-0.1661980483539341	0.09370987502098259	-0.7059814880600271	0.1400956870157645	0.1365744978413393	-0.1735611293425499	-0.1707305563531621	-1.576239296021444	2.409209874671899	3.101623432213652	-0.5073419727583318	-0.9931657120138802	1.388228876498314	0.08180651074896725	0.04707279780149524	-0.08265724872897315	-0.5796630779052924	-0.1547596701997506	-0.1622023425203367	-0.3959947142013698	0.9687260211569955	-0.314750514550908	-0.1295181455548494	1.302196491316019	-3.673789672730613	-0.002089878114719863	0.04629116831993958
0.46	-0.3409861985676915	0.09080165121256728	-0.6684111159288156	1.209270267059586	1.036660830830782	-0.1679242621708952	0.425461144094455	-0.04857022991318812	0.5957437241053839	0.294869304635106	0.01390038807891367	-0.6214243913237654	0.2585503265523139	1.554422013917664	-0.4014082605835988	0.1030785474987315	0.1010796751627809	0.05418344150607671	0.04968377755705106	0.07039047211420173	-0.6161022299035724	0.4882332651218104	-0.3647680627882376	1.279197925098128	-0.6313154381604351	-0.1649619962806623	-0.1777737401091402	0.01579046147919103	1.913044975108343	-0.1359370228314224	-0.3001218538316733	1.530624887680939	0.148242437069601	0.01502754637058664	0.006210402792330798	1.103098211326638	0.4140596939721589	-0.009073729463149384	-0.04674116775895512	-0.08886771566020095	0.08297651246395488	0.07427815947777307	0.8598058846152141	-0.122803252523316	0.2255947705931914	0.3299425183395132	-0.2051080074764428	-0.05086033684627167	0.1316479086972941	0.198646096851378	-0.1991740350676243	-0.4711463359228263	0.06116267174359006	-0.4854338958081587	0.1251240097846728	0.1255755537352573	-0.1957202250656693	-0.1961528492599128	-1.60264267818426	2.469439778505137	3.421855044091769	-0.4912127065733993	-1.025855632336583	1.39512636959224	0.1269394718056462	0.08662196888102959	0.0745453178471658	-0.6389325137366753	-0.1098031359355348	-0.1700405947478718	-0.2446945600448934	0.9796816390215584	0.04383617563335476	0.002597071790550624	1.371380161403613	-4.021052408163409	-0.005278216750928359	0.05107034758779655
0.465	-0.3402618780735331	0.09072607530847082	-0.6693627515272871	1.213845635344637	1.035682458636508	-0.1664797161134103	0.4268403193271196	-0.04957488135147069	0.5960908163229438	0.2965244888961788	0.01494383605696195	-0.6230106896921439	0.2546933770028316	1.551091686418127	-0.4053738667043963	0.1049999294506535	0.1005390030768448	0.05478239484459241	0.04717769944023645	0.05925974260809754	-0.6027293408672849	0.5076178565815075	-0.3668523447095	1.273251650980144	-0.6245900016237108	-0.1647315444413752	-0.1770260832268754	0.02357136700483361	1.908856612424531	-0.1359199100022157	-0.3011805684749917	1.530931150015653	0.1526828501474425	0.01358470271238364	0.005481913710986546	1.11018799853087	0.3940492693675001	-0.009711540707263934	-0.04697861663132481	-0.00810797653529265	0.136783246680376	0.1499217100759294	0.8522635145282627	-0.130813719197635	0.2030617165137598	0.2861972237309762	-0.3617401693126536	0.004228439806796963	0.1162949550541222	0.3515341084781096	-0.250355767608627	-0.2588338797043419	-0.03577713867024338	-0.7092770020231709	0.1237656249946585	0.1236848645678957	-0.1887982248133225	-0.1898468567108745	-1.63957874437604	2.564848614911603	3.74737354605561	-0.4912059142593089	-1.060065251629692	1.39779861526231	0.1132707208442799	0.08692002834570917	0.2322526513992848	-0.6826398347699759	-0.1131334747817954	-0.1853284606453054	-0.1097450716854233	0.9892880658284106	-0.258519751147375	-0.1045707786118188	1.433440721803792	-4.342726770612347	-0.007564237533157792	0.04686320515997801
0.47	-0.3402590944686504	0.09181625170686675	-0.6687029093771197	1.21762352708241	1.035722436886771	-0.1659842995240594	0.4289202544954923	-0.05193045574665755	0.5955304046958102	0.2975629008674781	0.01757008426253414	-0.6237117154734682	0.2517360975720393	1.549223344586788	-0.4090546280305262	0.1048994411024379	0.102117290196464	0.05245588603103183	0.04784937315059882	0.04913949554591231	-0.5877307326639631	0.5271908815924291	-0.3699068434437598	1.268198712987717	-0.6168712193053218	-0.1632610571588872	-0.1773444282436579	0.02533546395578045	1.905550797070372	-0.136786398784451	-0.3012081722770615	1.530296533985465	0.1582229906814564	0.01298372184068293	0.00538991634193059	1.116492248383002	0.3718919999456248	-0.009500949952845289	-0.0462088345047455	-0.0172336387811078	0.1980617185528484	0.1614957159225124	0.8333855869949254	-0.1376462188396612	0.1883519572826859	0.3482671207753344	-0.407282966947029	-0.02988894177258427	0.1994804896892063	0.4058693066714445	-0.2046997239551138	-0.6565942518068697	-0.08890909738610293	-0.1908509481947597	0.131273062734039	0.1305369297661677	-0.1636479807943962	-0.1628201475038978	-1.676182161426192	2.668275561221475	3.873205063241091	-0.5105646278080286	-1.082796937376558	1.394485504381147	0.1053493432260953	0.04681552244942334	0.2728962083300014	-0.6927338263952858	-0.1572523255790241	-0.195695578260155	-0.1792867377701022	1.003744801696627	0.03494848407707871	-0.01200913054096749	1.470407024795743	-4.467897941068297	-0.005706194134205942	0.0483117103296865
0.475	-0.3405074393092044	0.0928153068191117	-0.668428219466778	1.222109023822523	1.034711491514438	-0.1646058845471857	0.4306973180273755	-0.05335478169030776	0.5955504337668321	0.298580758557724	0.01928998126980703	-0.6240225125231105	0.2504226093647335	1.55283389026584	-0.4137724096607825	0.1061020778378097	0.1015371016937267	0.05329621585838706	0.0455577836772279	0.03898697415064926	-0.572960599750709	0.5473885456846419	-0.3729706222870048	1.262093865770922	-0.6102568903237394	-0.1630927875214736	-0.1769745795626635	0.0293748155167515	1.901261237586939	-0.1380146038758852	-0.3024148246333329	1.528904194893417	0.1627620816416774	0.01162531341988463	0.005413667408028604	1.123995370080119	0.350706910285191	-0.01021843580934253	-0.04648247024707376	-0.08669923039007957	0.2392254546243764	0.1696263788716452	0.8131792756478224	-0.1403215492746036	0.1770172255959746	0.4410258433002025	-0.3858876923280292	-0.1296460503390899	0.3281434222832144	0.3844917477736229	-0.09490069138179011	0.3362377796714759	-0.08125314505069395	-1.02454831472269	0.1194379746664785	0.121133245323768	-0.1268874955063085	-0.131842240804154	-1.706935759463338	2.788934890677657	3.906427110111755	-0.5361351670684406	-1.097185110187217	1.388194548048322	0.06101641002433437	0.001629219322731911	0.1423926192211055	-0.6982198548371072	-0.2295934405999666	-0.2058222759644939	-0.4168797427258903	1.020089206739	-0.2167756348674102	-0.07993835613381974	1.459158958637755	-4.423073007702746	-0.004204774920205281	0.04560669345030264
0.48	-0.3400855626404535	0.09492980487188178	-0.6689105481973862	1.22593267199427	1.034708719527835	-0.1641930331481737	0.4334951065463675	-0.05562246947188189	0.5943832875372308	0.3009721753766738	0.02160285049160283	-0.6246572352430234	0.2491709819673166	1.545617127131626	-0.4189263730866845	0.1055767610065339	0.10306259208028	0.05124294501033606	0.04652878319776464	0.03004179536486353	-0.5581184634376265	0.5671634636396908	-0.3756327183889062	1.256686286182116	-0.6025733290528801	-0.1620802883591083	-0.1774869964209154	0.0254853516036622	1.897662304169234	-0.1385943952990429	-0.3024947344239045	1.52739049590983	0.1684650824253737	0.01110030878149099	0.004674887397851069	1.130080740653151	0.3284192754928169	-0.009958051132446613	-0.0457002491700996	-0.1315775743801841	0.2465021570316964	0.08904941816147602	0.7896955505547275	-0.1275059310980695	0.1766347781244639	0.5041268314362215	-0.3062186625902719	-0.1650572567715935	0.3780880935589753	0.3234491301908425	-0.0559792765948173	-0.3894802621767092	-0.01858641131646123	-0.1609428482497655	0.1096696495881189	0.1089151829388056	-0.1260782350823395	-0.1253362551419588	-1.718190497278776	2.935451854939239	3.96341633905995	-0.5602450594975564	-1.112605185979744	1.397547176892775	0.05135941432114324	0.00583579840281137	-0.1611633827220114	-0.7138346836198151	-0.258611305148685	-0.195850245503067	-0.5538754344285579	1.044550002340942	0.02656078864568411	-0.01509366455886049	1.38872480396625	-4.511382745679413	0.0001926952267356246	0.04562230666868255
0.485	-0.3405825221799222	0.09568521546320038	-0.6694529026193328	1.229866285883946	1.033851743933733	-0.1628262177524083	0.4365706766828429	-0.05667284175656667	0.5931405262534778	0.3035584608742086	0.02275773517431961	-0.6252821230042915	0.2493670053517497	1.548565398477092	-0.4230295817614212	0.1068691575444999	0.1023986597254056	0.05218312093210091	0.04428035354241377	0.01990910821385356	-0.5416843385272548	0.5872451078241888	-0.37862313357242	1.250853402341307	-0.5959356072942094	-0.161225175235922	-0.1779134399275234	0.0253329004389119	1.893660043213399	-0.1402388143728111	-0.3036836762297696	1.525472982493381	0.1731939761862071	0.01066607482236979	0.004256867810354505	1.136989240787769	0.3055111729130581	-0.01068470328854185	-0.04598910789584552	-0.1597125707409862	0.2238481168717687	0.03522283895031599	0.7718120505192595	-0.1133770813143083	0.1758514779472128	0.5160038713048474	-0.2370631440441145	-0.1683476625691152	0.3821581019065994	0.267084791961691	-0.05278888701487714	0.5459303198589065	0.05455430674243989	-0.9883705343471602	0.09159970379838933	0.09241469582177365	-0.1382469228818131	-0.1375224432513512	-1.73149040128264	3.070980285643637	4.064785688639003	-0.577332838852491	-1.138862787133309	1.405947817492684	0.0340268288794757	0.03235745756237121	-0.3539682250000706	-0.7286187303835867	-0.2617636934316931	-0.1943539720408113	-0.632558681354996	1.062846080165676	-0.1798919036932629	-0.06730124135549567	1.31757633902726	-4.649914696969311	0.0004893820366916675	0.04594306619365561
0.4899999999999999	-0.3418442234465058	0.09793911498683198	-0.6690917703978083	1.233222986417775	1.033862018397443	-0.1623425019748293	0.4404629409278558	-0.05661077002433609	0.5928201318452226	0.3047697909807806	0.02459099562794733	-0.6250510460775389	0.249517334513963	1.548244267749055	-0.4281936729802549	0.1062265502236653	0.1037744398292882	0.05000324717716107	0.04519275653347732	0.01083904734175185	-0.5257769848397146	0.6087886078642063	-0.3811198669574383	1.245575373450126	-0.5881784307595325	-0.1611603446690113	-0.1773986162112838	0.01449399804298619	1.890323597775647	-0.140826332486925	-0.3037136634156196	1.522015033927856	0.1790612625787061	0.009525328847036187	0.004067499514202014	1.142271438104467	0.2831368257666825	-0.01037907077099895	-0.04518996257481985	-0.1481833247225259	0.2098168033755599	0.003087220073047471	0.7583755873219208	-0.1097935834984514	0.1717701736210842	0.4899793098058947	-0.2165720180468598	-0.1306757254418211	0.35512189652006	0.2616326063696819	-0.08212403811439063	-0.1197860738537265	0.08495748459764815	-0.2679630137193628	0.08151283063486339	0.08079188164773637	-0.1530804731802687	-0.1524444931766997	-1.772838127823126	3.147455166955627	4.206366252706073	-0.5982882295488492	-1.184665907023368	1.407968860043938	0.06908582772956762	0.05701286929679801	-0.0953744660164155	-0.7326869518655316	-0.2258524418080107	-0.1949350468094523	-0.8080596726059974	1.069203092871535	0.02107670955176424	-0.01458273268157079	1.231581447955304	-4.621095964594014	0.001114433829468953	0.04472892279575751
0.4949999999999999	-0.3417718514248719	0.09811218086549586	-0.6699163948601712	1.236397921017271	1.033868821810348	-0.1610275843340374	0.4423540077162541	-0.05845862028483897	0.5917928210234621	0.3078803474451304	0.02559866759206852	-0.6259837110222918	0.2487862325400637	1.54813296990536	-0.4318460419597915	0.1074833851061159	0.1030352482402512	0.05084589844723613	0.04277620579978362	0.0004099738197065402	-0.5085401145859748	0.6301604703262804	-0.3846069763407025	1.239065858480896	-0.5815168973916733	-0.1600358039760231	-0.1777033647738011	0.02054433917796588	1.886096082096059	-0.1422361655718905	-0.3049184067950828	1.519044539752053	0.1838403392478007	0.009297560508949778	0.004187885493235783	1.148298988305144	0.2597922022123345	-0.01109042254110825	-0.04549968656857611	-0.1160103950530488	0.2192432736761473	-0.0005444062036841955	0.7471774077185416	-0.1137207876048062	0.1651127045155093	0.4589128528008913	-0.2421419921146414	-0.0903229632993886	0.3272948442234541	0.2980520182677154	-0.1106866013381635	0.4985055846368261	0.06018530723833916	-0.8425096900026242	0.07500272779889523	0.07325575782623617	-0.1625885169885387	-0.1604056098216099	-1.81076795526459	3.21721151354144	4.345082078335558	-0.6258890915712272	-1.245408300982703	1.40874151400989	0.0909182434624211	0.06510496797748155	0.2131722312722626	-0.732811026546452	-0.1920449727135329	-0.1958785284904411	-0.8619735416441819	1.06927255098578	-0.1569005749040205	-0.05640122685885748	1.136467918970554	-4.695288184829757	0.003686993133739791	0.0422344006328482
0.5	-0.3427849311141934	0.1000048830713925	-0.6695119474378222	1.240385403840925	1.033055255272844	-0.1603805205096415	0.4448918760254237	-0.0593725084683424	0.5917154460695038	0.3094044419056127	0.02769340379938123	-0.6259945176949354	0.2503173817645448	1.550961980006641	-0.4366259405046293	0.1067671827287202	0.1043280963227806	0.04857427614164087	0.04366526008335957	-0.008956008861004028	-0.4918771745470435	0.6528568749118454	-0.3874390090203417	1.233221755113466	-0.573769918840579	-0.1596463300904598	-0.1771557732283115	0.02300793364341814	1.882803855892214	-0.1425183625731717	-0.3049282726074918	1.514609329242127	0.1897168942375579	0.008361853333455316	0.003535281760611382	1.152535767083575	0.236805342383928	-0.01076155704108918	-0.04470130631359538	-0.08499628612206657	0.2667244570871419	0.01147213352130794	0.7381495576636794	-0.1272068472617386	0.1542650057059966	0.458354517330495	-0.309806153456631	-0.08518449617012332	0.3391730956290883	0.3652533409402448	-0.1037728254625503	0.09082100520035392	-0.01942069636361267	-0.3679554161476991	0.07079543697076088	0.07139461805543591	-0.1485061284278255	-0.1489663080720067	-1.819242076547178	3.358477364763258	4.392469107614893	-0.6673670821661838	-1.314646734411087	1.413396503707198	0.1169951894151677	0.06086140064706266	0.09539563365935876	-0.7320475212597904	-0.171905624041567	-0.1911267093159944	-0.9153674952058257	1.072037145486393	0.02358808610785489	-0.01832844901155228	1.027209215961171	-4.7995650412898	0.002496316588189301	0.04175252672480455
0.505	-0.3428209746483382	0.1008072125002974	-0.670399890420033	1.244274495643022	1.032258337318158	-0.159531274589985	0.4472661489956655	-0.06066964113528828	0.5916273579139869	0.3113021992974241	0.02925467863093354	-0.6268963926885086	0.2502410417891606	1.553140352134807	-0.4410237247362354	0.1080574599337126	0.1035965407918117	0.04954854009142805	0.04133232254993265	-0.01941321433611443	-0.4733452122244164	0.6755955278089264	-0.390582388011409	1.225958264118522	-0.5670665980349421	-0.1591956538211491	-0.1766717914055294	0.02591946670062293	1.878548691433295	-0.1437484650939481	-0.3060925965951952	1.510994611937334	0.1944900489647894	0.007514954046473366	0.003790496407048146	1.157529045994702	0.2134565115957997	-0.01145815782426648	-0.04503996166785747	-0.06962319267948443	0.3095517256519631	-0.0115921030351413	0.724153926387667	-0.1366253932149352	0.1467110713947277	0.4814136880977529	-0.3400814471969679	-0.08571171427115803	0.3606125801597049	0.399890908562914	-0.09125364036100857	0.5811817148265713	-0.06609243459243211	-0.7845313263749868	0.06788400762760784	0.07108157715966089	-0.1350495723450794	-0.1284200843075053	-1.794714582709055	3.507599331042115	4.397653649830961	-0.7138369287674249	-1.388688238030763	1.418337364849751	0.1124497301766493	0.04409598281049531	-0.1404669562423464	-0.7321370395637394	-0.182149341056332	-0.1837783779368194	-1.025353183332537	1.071230803564188	-0.1295124871452163	-0.03587795996591259	0.9445804166848545	-4.830682788811439	0.005108114810210302	0.03937973058244525
0.51	-0.3421946775992349	0.1025555060473194	-0.6702220393284283	1.24732095914147	1.031959969303949	-0.1593540841640906	0.4502719431417457	-0.06305020219726541	0.5907259367231975	0.3140839593656842	0.03130478061367075	-0.6269477568229077	0.2527615345542224	1.556292983209031	-0.4450987520252401	0.1072436732977704	0.1048311170951773	0.04734355428351295	0.04236311838733728	-0.02857233786217092	-0.4554091374756126	0.697554518200097	-0.3945078790983156	1.219413294154283	-0.5593237618110808	-0.1579812848275618	-0.1770795164076227	0.01878021801158091	1.875234722693753	-0.1441775180688881	-0.3060015788933054	1.505526533232575	0.2003773146977974	0.007438128165581127	0.003232617601695415	1.160871839324912	0.1893092593564544	-0.01113321365077454	-0.04421995130566906	-0.1195801045576436	0.2782165117100076	-0.02183978227925444	0.7125846262097004	-0.1347129164909948	0.1381711946473377	0.4975452456375802	-0.2733073217520319	-0.06908222910262024	0.3835964772185714	0.3390009710650884	-0.1021541067485304	0.3806894507501616	0.001558615857090548	-0.507270314281541	0.05861878743663634	0.05924251416381322	-0.1425352905623665	-0.1431397287009712	-1.75252861427807	3.566059961645788	4.442994489990117	-0.7642950369881942	-1.466839930341464	1.425023713061336	0.09649617223288336	0.04385533167437997	-0.1230952618880253	-0.7354978669068135	-0.1974461185136413	-0.1700427716103917	-1.1701043501298	1.077860517452229	0.006388291105739536	-0.03074610154785165	0.9003007788483562	-4.773322089083078	0.003787577734629725	0.03978285469978576
0.515	-0.3434868820097221	0.1037690742500421	-0.6704117169189897	1.25116672265183	1.031493923217088	-0.1583461670300644	0.4526525699039873	-0.06313765944143349	0.5908867581048274	0.316407092612064	0.03372212653423338	-0.6270724226423035	0.2531181286550578	1.554453571579702	-0.4487342891648018	0.108519706688274	0.1040707620445236	0.04829466898229532	0.03994586897632668	-0.03860945702019981	-0.4362793722210979	0.7207664010725771	-0.3984542427272353	1.211379286673882	-0.5525753575719687	-0.1578545600461601	-0.1765054410803724	0.01208963089662317	1.870951285084343	-0.1448138944652612	-0.3070630304890586	1.500786673827425	0.2051839450343125	0.006564535780364221	0.002697437334037	1.165360443119512	0.1663548485810886	-0.01182891271043778	-0.04457958742876716	-0.1699565133072127	0.2416828432751377	-0.04674400614700823	0.6971986260938293	-0.1279910171996829	0.1272613867320538	0.5203513070780051	-0.1991404551050419	-0.05296949089735721	0.4048369945447498	0.2733435345981138	-0.1141647270482504	0.6704702135304993	0.07609735206537176	-0.7192896269669122	0.05570562203692678	0.05940450668919137	-0.1525924197681733	-0.1489257128722798	-1.711846385153322	3.594482530759746	4.480232346366298	-0.8164586571111944	-1.544269372277131	1.422975000525606	0.06145640900891965	0.04139069551241471	0.009744801027245753	-0.7387938190928914	-0.2359027539658604	-0.1603894160498895	-1.216978144789598	1.081024229173212	-0.1008583192131437	-0.03589434002776677	0.8693387244487644	-4.754417419349476	0.001819770967239141	0.03856821306543537
0.52	-0.343811546723925	0.1058594722405325	-0.6710270424897103	1.254159609501065	1.03160727677392	-0.1582535291890927	0.4556838535067805	-0.0645424442140603	0.5901141277375912	0.3178226037789097	0.0351627001914022	-0.6280301357091836	0.2559000884188554	1.557962363300223	-0.4537814686544603	0.1075580794880533	0.1051867575679045	0.04604465093126834	0.04095087181357397	-0.04741911713618661	-0.4178764383510084	0.7429689491948375	-0.4033063960318162	1.204081619959505	-0.5449365119128615	-0.156947053158219	-0.1769224216831055	0.01684976047192577	1.867545848976742	-0.1462631262829689	-0.3068274562389752	1.49459021575313	0.2111047645992347	0.006582749010781194	0.002886292470971928	1.168214518435598	0.1425490906450527	-0.01155894995339007	-0.04368649415360023	-0.1747565292173922	0.2563181739901131	-0.02131711038533293	0.6838724508683302	-0.1299282358244614	0.1062552328920155	0.5478037460289477	-0.2277873631048093	-0.07153881651470262	0.4490613694370096	0.2944744886472386	-0.08813816175765958	0.643135939311724	0.05568351119274891	-0.6142193484716023	0.05757668769619174	0.05705709632496242	-0.1371397502844834	-0.136618091110166	-1.687219058940291	3.673320202216095	4.445572995133531	-0.879394961941711	-1.616206930055583	1.404003009396021	0.05342626357392856	0.04024185534004672	0.04524206309580661	-0.7431668431797538	-0.265709978885441	-0.1537723798240943	-1.219921356539379	1.083589915874833	0.002664219845598123	-0.005352166327125188	0.8277060909851034	-4.734312491599399	0.001252855304955141	0.03666572882351631
0.525	-0.3450591976016735	0.1080979047723973	-0.6707744313876667	1.25703560637136	1.031706248034519	-0.15819674122115	0.459169319186749	-0.06504303645879707	0.5901818466220395	0.3203580435135956	0.03700895091304354	-0.6278700485687779	0.2584203540958343	1.557293636569537	-0.4578900807573087	0.1088758335827852	0.1044578248921841	0.047138530450466	0.03861053914984822	-0.05624271668538054	-0.3989436620305445	0.7650409860059203	-0.4084697283776149	1.196244089112717	-0.5374981120851782	-0.1570032035338293	-0.1763292845471793	0.01920935358306603	1.864089406458453	-0.1479277744758838	-0.3078454836031843	1.489522888486371	0.2159436967966007	0.005772378440656476	0.003056885312349765	1.172272596726819	0.1190351785480218	-0.01138860605881401	-0.04408286143265337	-0.1605905430795645	0.2753894102476081	-0.005844363723112268	0.6671590817774519	-0.1301251472571889	0.08268967107374083	0.5694397712561523	-0.2697992951147434	-0.08878964295548543	0.4822250827413288	0.3307655696688357	-0.0631744511919064	0.784571537733754	0.009667049661064115	-0.6885330641397843	0.05892608021024895	0.05918441314439001	-0.1204769267048635	-0.1194753162531766	-1.654866657832615	3.77204750843909	4.378220018291027	-0.9415110482961124	-1.686598601440951	1.376463196314726	0.04792768333518788	0.04073633120326405	0.01252647091312587	-0.7503757172582819	-0.2904525306793745	-0.1547069379087488	-1.259408514599135	1.093424557078424	-0.08665812846322832	-0.04757654917977509	0.8045632890263827	-4.671174038866922	0.001955825829578929	0.03631021015806525
0.53	-0.3455641489420703	0.1094041205272377	-0.6714341398759728	1.260720749214084	1.031251438440783	-0.1577500008478329	0.4614706064278798	-0.06662062950566319	0.589371630831263	0.3232669003139924	0.03833745753537067	-0.6286128329306983	0.2611778281154968	1.55855152741091	-0.4617385810004074	0.1076406238401675	0.1053166018865214	0.04498194809005021	0.03977814480746129	-0.0654123301461942	-0.3788034601384981	0.7871809418697385	-0.4134001246145111	1.187675231603458	-0.5309035080754035	-0.1562301593842709	-0.1766536375884354	0.01826686749497623	1.859794942318635	-0.148772754473471	-0.3075445789190657	1.483073267143439	0.2219667463034221	0.005713997753243143	0.002419919299586587	1.174765642971358	0.0964958457479065	-0.0118740140575909	-0.04298846097800268	-0.1577261161800237	0.251729567778102	-0.01717323611974118	0.645289864893676	-0.1199172396366694	0.06700786686759157	0.5706340169534152	-0.2417525114766207	-0.08990660828008709	0.4843173743605404	0.3026379107588378	-0.05668824629547407	0.8928524237997847	0.009873412134972333	-0.7432670901771035	0.04813848762370645	0.04767975529318326	-0.1185491762309899	-0.1180834780452666	-1.595880441226525	3.842488791460475	4.321400060892076	-0.9953309270955198	-1.756778711213512	1.352282997977488	0.06559503039633771	0.06204479282742869	0.003867549383173931	-0.7610528005297742	-0.2942936571160861	-0.1618548765302592	-1.284990085484698	1.117516438381449	0.002282885240444293	-0.00429176602609195	0.815302005591762	-4.628386257505251	-0.00398563661166113	0.03308630571423363
0.5349999999999999	-0.3451929214151076	0.1099354449546116	-0.671293467670686	1.263322024158926	1.031080348947446	-0.1575693254298568	0.4649897996612447	-0.06788165865475133	0.5885962054262417	0.3264550275992107	0.03925463174432963	-0.6284083083583207	0.2636043617145924	1.558056403623308	-0.4652491723109238	0.1093045553486308	0.1049007609423581	0.04609653132233488	0.0374520689713416	-0.07440392984588245	-0.3592927316205923	0.8098463360485798	-0.417818549385507	1.177999793426283	-0.5244490191210895	-0.1553829837410012	-0.1758944695159059	0.01862994247126767	1.856317639196825	-0.1505971726864483	-0.3085777400094786	1.477504942871578	0.2270086204870906	0.005760431888469466	0.002724964826049068	1.178736835651164	0.07433660610253835	-0.0124727640354422	-0.04375108404743618	-0.1532213720668003	0.2192237666635758	-0.04957777072207191	0.6205001492430307	-0.1044608311238627	0.05446563167519828	0.5696705034495809	-0.1917383755132055	-0.06849702545159859	0.4707267018522079	0.2585054143809431	-0.07516112656607195	0.7992500906036221	0.02262455173551539	-0.6070897915387126	0.03829908969622927	0.03966489964532337	-0.1262941430987028	-0.11847559050695	-1.524910152227671	3.903366194092143	4.270196914483162	-1.045119443070653	-1.826439145949025	1.335999504266821	0.07493020111902053	0.08416113753239304	-0.01469923123794354	-0.7773586357016031	-0.2921544789798317	-0.164760084527921	-1.368988244976449	1.140657157258279	-0.072888730948008	-0.03290617591370289	0.819098707429138	-4.54060024656636	0.001894564390764601	0.03464924445425167
0.5399999999999999	-0.3459397398109119	0.1114046988743866	-0.6716910002764944	1.266728892007431	1.030407652376801	-0.1569971710254255	0.4672843773290531	-0.06816400443052997	0.5887762866198155	0.3283105517580126	0.04108946464094248	-0.6292021419533552	0.267574910093881	1.560093475319363	-0.4694307325137477	0.1083962461798736	0.1060502244695424	0.04391502626738746	0.03863881941199598	-0.08196872022047777	-0.3385944648953342	0.8312397001417189	-0.4236353501642819	1.169141079217324	-0.5171825702875998	-0.155327440785766	-0.1759227593823363	0.01581545116819441	1.851991946471119	-0.1514282849632165	-0.3082870621004881	1.470368119731258	0.2332540741610716	0.004941569032452821	0.002104236794536341	1.180958074816953	0.05166678321303515	-0.01208112666368855	-0.04322330478375093	-0.1434361489440052	0.2107287769295544	-0.05592894425137132	0.5972270116613333	-0.09068571346143749	0.03718757031693674	0.5799064836928797	-0.1769324618923719	-0.07301944395368863	0.4814841588667829	0.2405640283819666	-0.06583734183409268	1.027989795000663	0.01883298927078979	-0.7775156665693664	0.02663193207214971	0.02610015618857683	-0.1190155694207926	-0.1184960324720563	-1.46091036759254	3.961484252261512	4.208606660268888	-1.097739244153582	-1.894192338621486	1.327744129801649	0.08920387492989239	0.08929670800055825	-0.04863760973568316	-0.8033952024323011	-0.3014215669861297	-0.1703875523493001	-1.426362596474577	1.15667037604045	-0.001748417429412296	-0.01479224258506975	0.7693755203711206	-4.462613388173724	-0.004775627284325365	0.0338104450727276
0.5449999999999999	-0.3462057380177254	0.112835570087092	-0.6729564694997797	1.269077856831192	1.030597545543801	-0.1563981505840026	0.4708675582310846	-0.06939255143123367	0.5878889642004144	0.3315535576995124	0.04177386936678108	-0.6289616539939173	0.2705739023024403	1.558281563380734	-0.4733493894932678	0.1096263643801409	0.1052779015371351	0.04510011903521541	0.03632613483410443	-0.09036579157686823	-0.3185574511228277	0.8527122952768283	-0.4296005837388478	1.159810704468335	-0.5109092361179368	-0.1542992206872271	-0.1758629665328024	0.009654746657163371	1.847500763171841	-0.1533840728029883	-0.3092343805372023	1.464311413241478	0.2384379874227625	0.005162069530982748	0.002453620192805323	1.184314149843588	0.03014693488955461	-0.01278145673675701	-0.0428166482953774	-0.142590599041484	0.2071538423751905	-0.05436711073237187	0.5733761502476338	-0.07576026205440756	0.01738460413195923	0.601727095342465	-0.1680249265605263	-0.08063512182391291	0.5077722960133438	0.2258267691978882	-0.05414363885095264	0.9094433680141499	0.01261413708654866	-0.5970113405964319	0.01684815128647134	0.02311666412568597	-0.1084077006635345	-0.1049298529562828	-1.404839457083134	4.009539845675588	4.181087549643529	-1.149461821839521	-1.957962940604537	1.321931713980876	0.0852777980247109	0.08393773590747743	-0.02881241114623843	-0.8266406313086396	-0.3200563552407087	-0.1673686308877144	-1.432966007159808	1.15884426920673	-0.0584746454701198	-0.02516741154840204	0.6747527705621296	-4.461876108620342	-0.0003144270686529818	0.0338002180322973
0.55	-0.3472956828169381	0.1130525303207213	-0.6734292184009303	1.272185489850602	1.030077422505882	-0.1568207823807808	0.4734764565721946	-0.06957727833050181	0.5880089985663597	0.3337424838785735	0.04341878874811709	-0.6295592378401483	0.2750637289565409	1.55761053559009	-0.4777625510276511	0.1087120368115556	0.1064031116413594	0.04300600292705566	0.03762322546736661	-0.09733691555185643	-0.2974580708032599	0.8734404513681099	-0.4350937527333565	1.149478334623755	-0.5037067543280361	-0.154266149857818	-0.1752439675323748	0.01473123544855457	1.843789946935583	-0.1543639995789621	-0.3090534662585619	1.456667523110394	0.2446942959685496	0.00432345306153971	0.001865317374758381	1.185479383984457	0.007793210553179111	-0.01234765676916604	-0.04309094756745824	-0.1608812577406907	0.1946404910537896	-0.06060522733303838	0.5465811813741429	-0.05763144620948854	-0.002301282202007263	0.6414146229955415	-0.1384174485674852	-0.09272847481217587	0.5510518018003797	0.1917025664632638	-0.03536172354191677	1.132692095283711	0.02598645551356257	-0.7389965614574258	0.0127051119923529	0.0121477539100409	-0.1007091984986997	-0.1001855958899304	-1.352132262770033	4.053354347382549	4.218634778678013	-1.202396958372238	-2.017922605383941	1.316847914391414	0.08753997916958023	0.07737701261091727	0.06409924143183963	-0.8362369053747603	-0.3313247817200505	-0.1533366715460443	-1.584695382061171	1.14189193286019	-0.004864893012313303	-0.01049278753667291	0.5339261330622089	-4.392370968977313	-0.001362033780758259	0.0340839573506006
0.555	-0.3475289715292494	0.1151958670454814	-0.6739689039260461	1.274275150080413	1.030526768660067	-0.1564020365164438	0.4773702577640145	-0.07058902765638236	0.5869916955287591	0.3373331279773666	0.04379504758976408	-0.6291799516069401	0.2789063861130922	1.558677319335584	-0.4813546267711548	0.10977811515234	0.1054624510215712	0.0442767912825736	0.03536956821850911	-0.1043335696777486	-0.2770764289327577	0.8952809250249933	-0.4417514726627133	1.139683932240424	-0.4975117832022161	-0.153212727865661	-0.1745748323612552	0.02158389278077521	1.839104071998398	-0.15645765922792	-0.3088409594957428	1.449503405926212	0.2497663840552946	0.004634109911155326	0.002256064459471354	1.187289738798784	-0.01326113589519953	-0.01306796449560533	-0.04333500295507406	-0.1793921308187186	0.1839562660760185	-0.0643860413456124	0.5195282793622156	-0.03917407693096125	-0.02148509229864875	0.6847054411985137	-0.1117854573351668	-0.1031036619523016	0.5984960763578989	0.1614787969526581	-0.0166431434523212	1.110877027177146	0.03773141958982949	-0.6058912292314618	0.009083007880191339	0.01091310447455555	-0.09364816893542158	-0.08870799141540002	-1.306990475504687	4.09726208587343	4.204456609727346	-1.252788528640612	-2.074471401745878	1.315621246962537	0.08497718637833526	0.06724021132741677	0.1911781458261478	-0.8400547336433286	-0.3439211492438739	-0.1309296294412617	-1.66955394670444	1.134491016258663	-0.05187490799183168	-0.02051397038290534	0.3912699886401761	-4.361372783007157	0.002182502176323881	0.03174475898470368
0.5599999999999999	-0.3487570300632426	0.1163446601820434	-0.6735867361691581	1.277006088877818	1.030206056157769	-0.1569435396074193	0.480487904488503	-0.0704956091994754	0.5869664048403325	0.3399485429367629	0.04510706419700054	-0.6293415797076299	0.2842747411062661	1.557777496123518	-0.4856197474970591	0.1089720101244415	0.1066568808624476	0.04223441347763594	0.03677867127360603	-0.1115018965659284	-0.2555256395270219	0.9156224259845929	-0.4476959596214681	1.128872144157637	-0.4903311041713677	-0.1532093720345113	-0.174809363671625	0.02637933819341749	1.83537245215658	-0.1575514594163673	-0.3094620088060506	1.440849277056284	0.255930799162311	0.003674203935870997	0.001677678329200932	1.187335149342348	-0.03509201098427028	-0.01258783578902922	-0.04305361358751388	-0.178591043005689	0.1866345798804064	-0.05974945973100954	0.4938141529262228	-0.02296326259701912	-0.03938947572770006	0.7189710490486687	-0.1099226711872576	-0.1260988932458113	0.6386139409055378	0.1548489210529417	0.01512774102363303	1.297142866365027	0.02125693837111698	-0.6740502096117229	0.004139014797659813	0.004658055018476131	-0.07977556018794062	-0.08037257767170336	-1.271818049146658	4.160810338297734	4.018514881924289	-1.297483743573341	-2.128998541719708	1.323920148781279	0.09199255104616437	0.05959062980573303	0.2794325138859522	-0.8409788270334418	-0.3531599590509794	-0.1145256247613713	-1.7107154535289	1.134319128895659	-0.001668629808608739	-0.01598051113329071	0.2952359200894027	-4.281678393217124	0.003568598319495316	0.03169413628891804
0.5649999999999999	-0.348904119020326	0.1166834910341448	-0.6749955460461382	1.279640385737213	1.030846689235165	-0.156686010903387	0.4838617742790422	-0.07149464398181005	0.5857700967347126	0.3439106569183111	0.04537927369089064	-0.6290861024472714	0.2898513030197911	1.558110843488445	-0.4887377950892113	0.1099419761570684	0.1056030077956394	0.04362855875467215	0.0346107253459285	-0.1195080028494103	-0.2346013082868706	0.9360451593308845	-0.4548483363308345	1.117797306054566	-0.4840896995334526	-0.152128588475029	-0.174145752674335	0.03217730278792869	1.830614869725751	-0.1597535865872668	-0.3088945363440971	1.433051538392337	0.2610109582133059	0.004274957913439775	0.00206117752267885	1.186974343599254	-0.05536776290743736	-0.01236638053155485	-0.04301494266792007	-0.1734053820034613	0.1859321418211146	-0.05889798559695326	0.468349153970068	-0.005596786348600135	-0.05200113140481045	0.7430276523613961	-0.104880346770198	-0.1405707402785772	0.6637064570598888	0.1458258161462435	0.04071317836224807	1.280196627434413	0.002398160438348748	-0.5407724213133386	0.002129157774682879	0.004392129553049137	-0.0684883873941725	-0.06640105645407807	-1.223216454578245	4.204536720258564	3.896367427445436	-1.330907731411657	-2.174970732634808	1.334634566688783	0.09341416536518385	0.05570069220685334	0.397885732253235	-0.8427344167349686	-0.3639165562017724	-0.104296404112347	-1.797224694646272	1.145497435691251	-0.04005162407307487	-0.01753878157292178	0.2488279638122275	-4.199384232471372	0.005920931452721452	0.03034818955782731
0.57	-0.35023355736375	0.1177394940528126	-0.6754335441833423	1.281348888978788	1.030782285346264	-0.1571123328684917	0.4880408539403574	-0.07134963591840961	0.5855154986567997	0.3467928591941446	0.04652609330237876	-0.6293526975358307	0.2951649979220441	1.558379965998981	-0.4926991410658716	0.1093809222171829	0.1070716091677982	0.041680582727322	0.03614826448537332	-0.1261567037463961	-0.2128074135389492	0.9555188977218874	-0.4611506834982911	1.107302877330107	-0.476835994499486	-0.1521009264725898	-0.1744019451217688	0.03245944017763901	1.826887038836488	-0.1609407506718935	-0.3095076381937422	1.423579164751605	0.2672674747577924	0.00359726285677204	0.001547381023034502	1.187804682123716	-0.07670566587139767	-0.01253068441869162	-0.04234281053348568	-0.1830632782925905	0.1673959346516688	-0.05685117959691325	0.4473322569355149	0.01551868511751527	-0.06054036698198043	0.7542996587908524	-0.07243323741931115	-0.1410704579116876	0.6774825293146445	0.111264086919895	0.05759268738071124	1.488426079202795	0.0143242639930049	-0.6466512670687213	-0.0003976611846130078	0.0001688002898599364	-0.0602609529431548	-0.06090571568713579	-1.146875796414879	4.169534096551006	4.078858311543759	-1.354771822872529	-2.208073785397408	1.350074476223434	0.1002872023198837	0.05968009163725284	0.6525347191620235	-0.8477420690515814	-0.3707807781067309	-0.09721981934439136	-1.9103102447302	1.160646790748862	-0.01008072414064001	-0.01020810702090391	0.2212254208311105	-4.284771273056752	0.002755673921735957	0.03568809182960633
0.5750000000000001	-0.350256628912577	0.118520972002021	-0.67588803641276	1.283881707360189	1.030856074938084	-0.1573136907921918	0.4914206153860087	-0.07202782195168456	0.5852142434766362	0.3508566450900787	0.0464195352212716	-0.6287043432767355	0.3006452366781708	1.556870719422089	-0.495029725046227	0.1099514077677397	0.1056124521813	0.04312643953432969	0.03404993925837728	-0.1325031038444993	-0.1921114394392414	0.9772171375780011	-0.4685399947969604	1.095777104236281	-0.4704605502294887	-0.151021391036896	-0.1736615441151827	0.03618801452165703	1.822080600417566	-0.1632359205230063	-0.3088224203232881	1.414547829697404	0.2724867612026472	0.003326799428980125	0.001872712251348841	1.186792517754024	-0.09749024307224549	-0.01349485355695779	-0.04165392837845722	-0.1747566358389913	0.1324707494849553	-0.05337751997419923	0.4274330177267227	0.03754622783061193	-0.06223354403076845	0.7335159888303429	-0.03586029110801723	-0.125875818509655	0.654284314711697	0.07418768109260275	0.06328938358456315	1.253625491503241	0.02231431841886551	-0.3373176784528947	-0.0005956170870248406	0.005074688117514515	-0.0589244770441009	-0.05008968165662921	-1.069374411201573	4.146768729434139	4.231253779375509	-1.361887709711623	-2.233546159394257	1.365883546320007	0.1020632714064949	0.0659300670652435	0.8980427188592857	-0.8606842553057362	-0.3832580728910402	-0.0989314113199745	-2.053271171077581	1.173507131847342	-0.04177510071091252	-0.01091398971530103	0.1798890833570711	-4.333455463871225	0.007261386503617701	0.03756413010193955
0.58	-0.3515788115555307	0.1197972121540446	-0.6757154561315059	1.285451297124283	1.031688736628867	-0.1581220012262474	0.4952151728492953	-0.07163435196087621	0.584269416144845	0.3534456526538106	0.04717276042697119	-0.6287863141657087	0.3074360243655195	1.560704411898309	-0.4981968968348011	0.1089198533745553	0.1066387253005755	0.04121809556643915	0.03566074721890509	-0.1378356352569152	-0.1705856680037625	0.9975774163192788	-0.474956548780559	1.084968391599677	-0.4631472255301048	-0.1509369647286299	-0.1738665811309118	0.0391427930608651	1.818191409820536	-0.1645232357484467	-0.3095020848815726	1.403926532485638	0.2788695372142408	0.003645356455603926	0.001506771989398795	1.187898838474168	-0.1191521742485638	-0.01335875340218287	-0.04153567565240349	-0.1272208493045449	0.07557576116887058	-0.01308708195231279	0.4135303849794939	0.05664067446442394	-0.06156597327828032	0.6458027954723786	-0.02673365489502032	-0.1090725066672118	0.5790755585913104	0.05971110565645416	0.06956771500956625	1.61268154491029	0.008823958051169076	-0.6302873642231043	-0.009244605510135822	-0.00869863407813588	-0.05650359270252009	-0.05715162904562783	-1.025380538178349	4.22907609867631	4.003662989809522	-1.346228295742067	-2.256438325791848	1.377686581895851	0.1065662196272601	0.06953489978517677	0.9505349317619487	-0.8821718635472777	-0.391301483065731	-0.09616547091063293	-2.090884535870605	1.183561664484359	0.009985363994054261	-0.02412236089301306	0.1161070873851202	-4.240438117720476	0.004608793222345827	0.03837213614040828
0.585	-0.351152376230784	0.1199048001974994	-0.6752835314167921	1.287037166110105	1.032657574089496	-0.1589034953151759	0.4987051821849304	-0.07132136149370233	0.5842674397980513	0.3567868881217586	0.04771235349712139	-0.6288899681304313	0.3130244188000935	1.556487649406864	-0.5002818429001558	0.1096984435922755	0.1054050816110465	0.04269065354485736	0.03356630694158862	-0.1428815451537337	-0.1487672625906251	1.017618140490231	-0.4813308493888987	1.074084593138398	-0.4557680693248002	-0.1498259562639809	-0.1730571117341769	0.04226242311060198	1.81319474172685	-0.1668944487250973	-0.3088066746071211	1.394380583795006	0.2842147182603554	0.003154464345138036	0.001155023016343333	1.187506617548232	-0.1393219683218895	-0.01364492858250716	-0.04120087178348068	-0.05503724406785037	0.01142886727660983	0.01592998999090559	0.3997482264606668	0.07674816663386846	-0.05206158848998934	0.5251738259392459	-0.0154005401336239	-0.07657499771903009	0.4670122224894381	0.0411331559446941	0.06141459685852167	1.032822080101482	-0.02226451481400823	-0.02456064492165821	-0.02207919939956157	-0.01924287464707157	-0.05354976087652809	-0.04415511551826418	-0.9778182177437538	4.303306308098948	3.798130353560448	-1.313210216287588	-2.269022512897168	1.392049190940246	0.1147998575279986	0.07947445429118981	1.003363825026812	-0.9130149914950459	-0.3910845573285923	-0.09812976752479401	-2.09113554766579	1.193769768656363	-0.04188931484449382	0.00114706254026543	0.07454281573862087	-4.169452474884442	0.0102371570648929	0.03463276393000522
0.59	-0.3519831016485724	0.1204195704650176	-0.6755369989839323	1.289229171401233	1.032902840247991	-0.1590315172527257	0.5004252300835103	-0.07160179983782979	0.5838497946751346	0.3584040184544497	0.04747643756275368	-0.6282103024422602	0.3183895315005602	1.56217979971487	-0.5014038482658362	0.1084377556806	0.106153003049834	0.04081434781401774	0.03523622087947698	-0.1484460106446896	-0.1259935445707117	1.03659209767122	-0.4882313243983196	1.062300240792436	-0.4491968141498058	-0.1496530893147305	-0.1731579580206257	0.04747371727948892	1.808891423795522	-0.1681578769532788	-0.3094517138433938	1.383590952224959	0.2906909203152785	0.003436049098348226	0.001428509126048174	1.1901316243258	-0.160333663526854	-0.01286032560495136	-0.04138608383024208	0.001016524641693979	-0.06387199135507124	0.04682837548442681	0.390026438596009	0.09498657763355123	-0.0351691064575081	0.3919346589013992	0.02045127852388843	-0.03199393024132153	0.3485692866005996	-0.004683463476045437	0.03757882628860065	1.541729123801784	-0.03175400538392749	-0.5380863155264032	-0.03916966462440677	-0.03855223838432148	-0.04723402708315447	-0.04786264705266795	-0.9003073982468888	4.241316306678515	4.026642234014551	-1.272300708490888	-2.263993416644818	1.411246565060768	0.1318978463175028	0.09808859523143934	1.271745751522235	-0.9526883346175035	-0.3695459424735808	-0.08432066554114721	-2.189494093065278	1.212502792250395	-0.002912766727357642	-0.02159329034802169	0.05327439646860433	-4.23802074390224	0.0143463033819492	0.03229047838782752
0.595	-0.3519406715163475	0.1208295228991979	-0.6747770674058371	1.290595311907963	1.034140555564389	-0.1593017488794186	0.502748210266471	-0.07081642417571023	0.5839285463538346	0.3596919787079956	0.04773315014288536	-0.6285796187155575	0.3227449986177302	1.554571727329555	-0.5026120077479864	0.1092530931068343	0.1048770160170611	0.04238801814344976	0.03317262109305739	-0.1527357763965505	-0.1045716227681597	1.057314061778261	-0.4941146984760935	1.051525524766358	-0.4415389574099398	-0.1484035719171093	-0.1721986563492461	0.05282097979564302	1.804409519830746	-0.1703819766336171	-0.309362274262784	1.372231126438205	0.2962033616835238	0.00368259571423855	0.001735483366237233	1.190204317743329	-0.1819384904059951	-0.01282531727273756	-0.04170805608458106	0.05017239313502152	-0.1347717569720977	0.05347865920174934	0.3782927419982024	0.1119353017250644	-0.0114130562226313	0.2706321601894107	0.07698632067488823	0.006673132928166852	0.234404609537295	-0.06836975363310033	0.01542566834377652	0.7644160155381862	-0.03636808433596825	0.2437375542588699	-0.05167153696739112	-0.0484853172041832	-0.04136431332413457	-0.03313704598737754	-0.8241166079383423	4.144932373604862	4.305471820196437	-1.234281647296771	-2.251677425454413	1.423358558345817	0.1435210720202792	0.109875479279718	1.56225826140629	-0.9731720671649161	-0.3564716738250245	-0.08902872842106813	-2.293667642322234	1.238555055288234	-0.02927919189402091	-0.006556809959011389	0.05985585675239709	-4.343512540138833	0.01759227509794352	0.02995959370926154
0.6	-0.3517367173361405	0.1197382078180109	-0.6747798937495034	1.292459808969507	1.034571588102642	-0.1588174196909726	0.5034384800416821	-0.07042110136389515	0.5834936780534952	0.3612444525948881	0.04685587752066991	-0.6281465592565478	0.3264612743779934	1.56120708596783	-0.5026548163147974	0.107521619355251	0.10520303440079	0.04056268259004976	0.03492666011371079	-0.1573492805485736	-0.08405441862780665	1.079107595670226	-0.5004264973742767	1.039946769739831	-0.4348727974025958	-0.1481331079166918	-0.1721951918135657	0.06058761607002305	1.799103792470425	-0.1715143011919423	-0.3109091623309547	1.361531743518545	0.3029362138475791	0.003456227107687039	0.001277419138839003	1.195723845162892	-0.2029974029492185	-0.01326545345645991	-0.04108680894413986	0.087293012648878	-0.1913897822481637	0.05632358860297947	0.3625601051949078	0.1270943299743039	0.01656062305798277	0.1774729884274976	0.1393240037349614	0.01542426943917795	0.142512133760987	-0.1385449545791828	0.0133715054743505	1.377927204921215	-0.05343120434941966	-0.3250488483262126	-0.05780304178615409	-0.05710491539841103	-0.03710386897725249	-0.03770194625198828	-0.7833285863802092	4.12432723660699	4.225732928487112	-1.21056224970639	-2.238074224294595	1.409425230533525	0.1427322808668688	0.09357531553662353	1.637914198783612	-0.9470222329013515	-0.3608405604613361	-0.07522313773432417	-2.255821489146447	1.259334120259895	-0.00352635323424841	-0.005965154717676054	0.1510512126269424	-4.421900222344577	0.01867975215038051	0.03217184955689836
0.605	-0.3511564344249662	0.1193184358591887	-0.6743842173353983	1.29400478039612	1.035972931333101	-0.159059527159658	0.504398967998106	-0.06940939860741865	0.5839299865158978	0.3618880259353532	0.04562748839013887	-0.6285862229472552	0.3309076527395694	1.552746362991895	-0.5028207119449842	0.1087332532503613	0.1043205954639673	0.04217484746516217	0.03286334866893947	-0.1615059458395944	-0.06263779560949746	1.099882990923511	-0.5064084400103867	1.028474847165176	-0.427344583716501	-0.1469035661035162	-0.1713314656241228	0.06708126080596002	1.794965966845758	-0.1737709580481345	-0.3109572764180776	1.349924032413204	0.3086572851409759	0.003483527181396972	0.00160863848637353	1.19962425690774	-0.2251895117664282	-0.01297503887147861	-0.04139671172405459	0.1094524219296968	-0.2309172074681276	0.05065366498615478	0.3465849616618435	0.1373579656141743	0.04447264457609049	0.1129797740747702	0.2003498917951441	0.01539675006488848	0.07817701024567521	-0.2075983924247979	0.01452187711491369	0.78362831082818	-0.07194988012639622	0.334477070626076	-0.05800495284131536	-0.04982870168999659	-0.03469717188174491	-0.031727701469154	-0.7505548307137594	4.131740711760615	4.1392217697368	-1.201102485027415	-2.215924878540037	1.365819786817756	0.1318588149917012	0.0729869160921995	1.686471091259299	-0.8895458348666186	-0.3755782423789605	-0.06317417175611874	-2.330510747619041	1.27085132502612	-0.01851167062706155	-0.02077271332286297	0.2107336294676973	-4.393905193342493	0.00987292248733266	0.03519026659118527
0.61	-0.3503884727641645	0.1174340724115983	-0.6749374868661246	1.296068500388249	1.036620856618667	-0.1582850635726795	0.5040650226680619	-0.0688291014440699	0.5835352999722466	0.3615909633159258	0.04468016524641508	-0.628401302849477	0.334522909893894	1.557789295594238	-0.5018266761451354	0.1073589141699221	0.1050519676509631	0.04035825199900198	0.03465760329634062	-0.1659915191637793	-0.04225341055378829	1.122008124520462	-0.5129986899032165	1.017987104733435	-0.4210288334670333	-0.146712956114739	-0.1715315684806598	0.07603241205654061	1.79022813267172	-0.1750354579944432	-0.3129920799948587	1.338608547628568	0.3154841521891124	0.002928949308323308	0.001195845631959517	1.209634572862017	-0.2464707298442306	-0.01334570372048187	-0.04084631760025203	0.1174888352027741	-0.2461347498099656	0.04210666336459296	0.3298367444164098	0.144602562350847	0.07253151776466578	0.07827755985305793	0.2527117493322564	0.01820985981989778	0.04304332421607709	-0.2717700589377464	0.007236678516091261	1.324123188472353	-0.1029783082973365	-0.1355256195106454	-0.0552402674138263	-0.05445299575144268	-0.03371652462120178	-0.03433478728318967	-0.6896309064400836	4.081399546227351	4.466009273788257	-1.203383704016745	-2.175858171773536	1.286009250713121	0.1259852854707708	0.06052590420353608	2.009668048657519	-0.8171834493020399	-0.3925473914018801	-0.06065123177795217	-2.466789505936275	1.265608155956059	-0.01536581387857978	0.005455630468596959	0.006334441159771892	-4.494899932608628	0.008795321312599127	0.03168550293859318
0.615	-0.3492400690488609	0.115879362045542	-0.6744115635428956	1.297232954277311	1.03729456183647	-0.1583187771556052	0.5047886011616081	-0.06708710464537135	0.5840829799790453	0.3621501528340922	0.04310896428224213	-0.6285364944856948	0.3388097633017238	1.550521112511762	-0.5012963420128795	0.1083249217568007	0.1039471132984772	0.04194100442928435	0.03256346728421557	-0.1701627777097873	-0.02130238332415169	1.145040652412308	-0.5187399685990296	1.00679932704948	-0.4151523456634821	-0.1455497203887583	-0.1707727273787655	0.08552902607370007	1.786820014915804	-0.1774760634702761	-0.3135491657107898	1.327075833296087	0.3211586657152397	0.003186009383594197	0.000848487964736044	1.199248317951793	-0.2700394092590953	-0.01381553247189865	-0.04119281910947287	0.1174058546914947	-0.2631239504739467	0.04027303642317841	0.3173731147828682	0.1476007719877252	0.09951075633992802	0.03993826051644822	0.3024929186168411	0.03223765785362843	0.01190319205519874	-0.3355833506314762	-0.01332787503429568	0.7343051770341292	-0.1313758069555908	0.5060244646896328	-0.05360722253823366	-0.04528516119795133	-0.03850682556683681	-0.03838602380763167	-0.6137737762352701	3.991756666899761	4.824096341207753	-1.212787371572492	-2.12431025185146	1.178708558020629	0.1255345745247802	0.06503553950806717	2.371636359791646	-0.7363542840153587	-0.4134043612655384	-0.06138019042366135	-2.416120250678385	1.248224564439766	-0.01445547167323077	-0.01463830147066644	-0.2391814465146782	-4.788983052778587	0.004494495818092602	0.02402114765391729
0.62	-0.3492162508307259	0.1146847618379771	-0.675013769180447	1.299142643212886	1.038750517319559	-0.1572682171619383	0.5040753256356693	-0.06597867434366173	0.5839398325771202	0.3614943093169883	0.04187749360418088	-0.6281659651423254	0.3422514851144076	1.552471934805913	-0.4994959517011797	0.1070196690908905	0.1047175866187653	0.0400955930600479	0.03431949768059324	-0.1731211117667293	-0.001763079668803106	1.170169316022684	-0.5254117691661331	0.9967790673002098	-0.4090537881892256	-0.1453295871621239	-0.1709317200122366	0.09758831573301503	1.782983311251946	-0.178893308904059	-0.3161899757825223	1.314852645998382	0.3278175842269546	0.002696296533548952	0.001107297180711564	1.196117315059291	-0.2932331722969415	-0.01342253565144251	-0.0409630135278168	0.1346672553888365	-0.2933424324428908	0.01576233732273001	0.3056959454329884	0.1514751283167458	0.1313766870174293	-0.02441044850644615	0.3642522598495918	0.07021935629652049	-0.05312889353086379	-0.4076097916984102	-0.05884297767486319	1.251494688160885	-0.1609160600089887	0.01778653230467124	-0.05423175053585663	-0.05456820261939438	-0.05760073461781202	-0.05819970289128424	-0.5475174280239693	3.926537146131948	4.74198025657999	-1.221671824370941	-2.072893780772231	1.058158673117701	0.1496486050969865	0.07723667757347087	2.434203452296411	-0.6467521619813769	-0.4135195367712752	-0.0621559938182896	-2.416166808908734	1.219978698810264	-0.006693640550256915	-0.008219651690984634	-0.1561845128400057	-4.792158538277556	-0.001302263948640257	0.01608042420762763
0.625	-0.3480380330951932	0.1127553325974922	-0.6754339987161389	1.30010690084394	1.039356735642065	-0.1570323426462377	0.5042240086593356	-0.06357895874560188	0.5839688251979508	0.3615204020486285	0.0393246957363003	-0.628951747327093	0.3456693692741615	1.547944797991061	-0.4986873951328137	0.1078932767682361	0.10350748901498	0.04152682704565964	0.03203239409588161	-0.1766828662411232	0.01857597427680928	1.192259058320958	-0.5311614966843931	0.9860548448825754	-0.4044427007488311	-0.1439682193458392	-0.1700510776667262	0.1081969809721533	1.780394754208472	-0.1813841445892529	-0.3173408571004653	1.302165006402122	0.3332332028247394	0.003062691575771199	0.001379195110488299	1.191133335436692	-0.3167424958592269	-0.01398665590875115	-0.04101297361979677	0.1560731331788342	-0.3276326357629781	-0.01502921873598343	0.2960493106599224	0.1536844433903081	0.1604974477305729	-0.09742354227207028	0.4188181933506032	0.1037679586184492	-0.1198020893138557	-0.4763457303165252	-0.09967430772056775	0.731367136880086	-0.1817351356415543	0.5476479274109211	-0.06241218637279142	-0.05371857451133391	-0.07785294777647681	-0.07820505837880036	-0.4832410569093821	3.895404908361521	4.506097050231473	-1.222187613889872	-2.032452524112373	0.9582786037364622	0.1735491704089457	0.09228472728642778	2.392614360845262	-0.5813331099849387	-0.4178351299111008	-0.06005522810856806	-2.571457860183528	1.192516764114868	-0.009246606492479881	-0.01783072702389092	0.04909004198607868	-4.540678387170658	-0.003228155566345898	0.009936068948307172
0.63	-0.3475588691904125	0.1110830560744851	-0.6756262014614161	1.301891973940502	1.040774810214695	-0.1557095525236784	0.5028025294827841	-0.06196985372559728	0.5849512655325949	0.3602445601551145	0.03743809531782356	-0.6289430976265458	0.3494348166411512	1.544569193832123	-0.4963521651705278	0.1065341888669318	0.104239657308263	0.03948827742555164	0.03362145377617977	-0.1792033232363073	0.03775550156689434	1.215110681194725	-0.5377777931099351	0.9763404530511469	-0.3993465638939444	-0.1435358011127345	-0.17005160544914	0.1204995555930182	1.777427593409071	-0.182841283563465	-0.3205751274539181	1.289914770635157	0.3396438539379329	0.002655376045613362	0.0009942464447838346	1.192260774231828	-0.3382877676495434	-0.01369065994911507	-0.04048482903714095	0.1797727137323668	-0.3552894507314716	-0.04949811630913076	0.2833454237801187	0.1583093351878312	0.184629057090023	-0.1581153057417558	0.4587996322325672	0.1047429715516961	-0.1691170368420833	-0.5293023061227624	-0.1036679217913098	1.035824101390964	-0.1979690403639136	0.2451017088995643	-0.07372452169408431	-0.07298319772954874	-0.0953944201289718	-0.09601438053119457	-0.3902672342269564	3.881257044499602	4.439332112091431	-1.200069164746602	-2.016895830579604	0.9173439167438273	0.1701547504687147	0.09502166392991428	2.527431630282883	-0.5661065644463273	-0.428081485395005	-0.06538286058605276	-2.591886217399159	1.182501757861351	-0.02006379784318473	0.01191871493267677	0.02884759607433831	-4.484124153745195	-0.003642349240030355	0.009579001628330584
0.635	-0.3469507082041502	0.1095438915938344	-0.6758234437773509	1.302702043075287	1.042170189549675	-0.1552538603690813	0.5022876543899898	-0.05917175948235865	0.5848682654296612	0.3598603257333773	0.03431175028376943	-0.6289669821997197	0.3528447371696291	1.544856020764095	-0.4946954336422388	0.1072384179774441	0.1028608914207857	0.04077145984752431	0.03116834800976538	-0.1814631510096661	0.05781362597469307	1.236757757628086	-0.5433112764147303	0.9666187426836462	-0.394365797108837	-0.1421934683757627	-0.1691239635639614	0.1323361403373938	1.774659163359467	-0.1854649084192309	-0.3224178536882232	1.276812287859083	0.3449501312229135	0.002252387191522743	0.0006177864537452191	1.191003112776838	-0.3609888647014065	-0.0134521032196154	-0.04079535703218662	0.1895242089968483	-0.3691215411696174	-0.08146718690020475	0.2717685887325343	0.1629121473346617	0.2046804155246214	-0.1987096184574086	0.4824588924152129	0.07510395000369804	-0.1854284398078408	-0.5710236751258762	-0.07201725486325385	0.8781964455958942	-0.1986543116107016	0.3924944954422513	-0.09083925579865851	-0.08650161228339087	-0.1044212413000665	-0.09833830500689537	-0.2572393359335282	3.836279639603575	4.477172200569259	-1.169518819183883	-2.018246811212739	0.9167927878931438	0.156556581029033	0.08963997123560846	2.679548825775221	-0.5900732117479781	-0.4554839003250196	-0.06392125813524843	-2.578279155273593	1.181208716998316	-0.005188943110850498	-0.02065678128177527	-0.04119923153726252	-4.506807555305199	-0.0008022304333723495	0.008895902475388236
0.64	-0.3455990314388108	0.1070616946110467	-0.6768908410897494	1.304282842919876	1.04294923342047	-0.1537821827926262	0.500530021873826	-0.05728215461499413	0.585551821557187	0.3583629462292958	0.03198440493939376	-0.6293357734710495	0.3569115091903287	1.536091515762966	-0.493835760398781	0.1057624009586201	0.1034611566387317	0.03865266916242893	0.03270776432832038	-0.1821127217676485	0.07655468037793624	1.259579987785728	-0.5495210443584208	0.9561514146610712	-0.3900959127812589	-0.1418011600772128	-0.169104452723952	0.1460556862069064	1.771126140255225	-0.1871682859502279	-0.3258831280480453	1.264390882365336	0.3513493229890953	0.002630894479520884	0.0008517470553015019	1.192966157630822	-0.3826371379835711	-0.01385552952630142	-0.04027066169157593	0.1867926385693306	-0.3567815192601182	-0.1352820574921241	0.2588836210151664	0.1698215198641447	0.2251642202181691	-0.2030735549334874	0.5015296590964966	0.03902663936202053	-0.1706246976090381	-0.6024166708492695	-0.02578768422265422	1.040655873215077	-0.1805550958855295	0.1991940408404852	-0.1023410448814498	-0.1016556539023481	-0.1116709649083506	-0.112269899587955	-0.07482149654485061	3.711804795795454	4.562226347427006	-1.138590076761601	-2.032536621763945	0.9372564074858013	0.1361174148397656	0.06971644372313335	2.722991497935577	-0.6338565975130628	-0.4763010527591199	-0.05991014692559823	-2.636785904223918	1.190521723088174	-0.006915467207593162	-0.002732976514866432	0.01694796229443538	-4.52307195750613	0.003183476051224114	0.01514698032232549
0.6449999999999999	-0.3442900205988501	0.1055434862412713	-0.6783054393866591	1.305777335217612	1.043707471777796	-0.1522932870742441	0.4998000101560343	-0.05435356436705117	0.5859704422483206	0.3580325117272002	0.0286162691553906	-0.6292298207479861	0.3623373251913748	1.538082673028439	-0.4929436903410541	0.1064096481984945	0.1019424616171255	0.03991649198518394	0.03014352479657656	-0.1828383105818855	0.09462250426187616	1.282630533475449	-0.5555855307686366	0.9455548684353021	-0.3857009194563601	-0.1414818537673701	-0.1691671130077496	0.1585595140380317	1.767317319002897	-0.1899912319881806	-0.3292830576017376	1.251789433075849	0.3567260228140113	0.002141584328820308	0.001172733121267176	1.192834536322119	-0.4053880734392427	-0.01426213222013996	-0.04061877947156312	0.1815577875782612	-0.3258610792418272	-0.1863260852091554	0.2492116642453922	0.1736164689912642	0.2454492322638645	-0.1913276712123246	0.4979299696373169	0.01273909190101993	-0.1408404811594244	-0.6107834780447565	0.01700922954509015	1.06951472793309	-0.1701859412368354	0.1344689673157665	-0.1050536273994061	-0.1023606523873882	-0.1224159940840144	-0.1191825354986864	0.08593379235096016	3.599177296229267	4.473155472590057	-1.105540439548181	-2.051844453892023	0.9580299947374241	0.1209340074255136	0.05299887738256159	2.722762090769759	-0.6837046900622509	-0.4950396924723974	-0.05405903643885481	-2.662752604715738	1.197301400851964	-0.01498324657570697	-0.00755062348691662	0.09192572479151391	-4.460832102489494	0.01100636447799641	0.01735350459094127
0.6499999999999999	-0.343753957277891	0.1038279965889438	-0.6789815213968067	1.306453766321638	1.045296862944061	-0.1513751042193917	0.4983658112785527	-0.05236665545731878	0.5856908210285567	0.3568747650499336	0.02609337797915451	-0.6296261379574636	0.3669393327792296	1.534560319787109	-0.4930043804436987	0.1048859668552221	0.1025452350889232	0.03767358198298235	0.03159306285529071	-0.1819472528355349	0.1133068251083729	1.303229447522554	-0.5606042890841831	0.935718937817715	-0.3805159066154548	-0.1404024589053038	-0.16847525545204	0.1723595650614349	1.763928180421778	-0.1919559712473636	-0.3308128895435219	1.23816593763792	0.3631727432711411	0.002391080012068479	0.000666798883440164	1.19815848640077	-0.4261268976279201	-0.01382716614112765	-0.04012294783007496	0.1926222350786043	-0.2758534992358713	-0.2339394082056106	0.2395623922147448	0.1692215847107086	0.2651665763421644	-0.1762546539071237	0.4623234092315466	0.01983618755282091	-0.1137601941065666	-0.5822837616821004	0.03307841239430216	1.165741655682584	-0.1893567905912928	0.01857019068847124	-0.0982967175118475	-0.09767061945428576	-0.1433294950150731	-0.1439580917994744	0.1636294906961915	3.607883403524037	3.997296217482201	-1.068044405315959	-2.072169996735399	0.9558185160246818	0.1155448575567107	0.04834174128176338	2.688745122160717	-0.7140666736516739	-0.498307413308401	-0.03560699453910495	-2.656052046260063	1.186811751602262	-0.003031292373194345	-0.003850237050725776	0.107093700950699	-4.163028556108844	0.007047961528339032	0.02113341403541594
0.6549999999999999	-0.3422377460312037	0.1020009683318898	-0.6810139350532481	1.307987159813669	1.045945219282948	-0.1495691566862701	0.4968797847304152	-0.05057516283009631	0.5854206290223224	0.355921176598161	0.02382812877885179	-0.6290938892981436	0.3721904025977861	1.537206529938664	-0.4946146273448338	0.1056189167293205	0.1010743112918207	0.03881690325311207	0.02882599460595129	-0.1809016921663441	0.1310960079748799	1.322388460428586	-0.5663924815066668	0.9248837120228766	-0.3752952615893516	-0.1402520292979982	-0.1686970904689618	0.1846559040293374	1.76017282381629	-0.1939359867692511	-0.3340147875112296	1.22540263979663	0.3684439110781791	0.002669579171474977	0.001086034515719456	1.204152140071622	-0.4461623463359779	-0.0142975801881384	-0.03964127410159474	0.2076977663793531	-0.2140966612883245	-0.2921286591970372	0.2313459670525716	0.1636332192653104	0.2889420796552222	-0.1562914538252809	0.4203150760481098	0.04285135399891548	-0.08730748821864839	-0.5445365948556939	0.03716484059356933	1.254883162161018	-0.2105410009557248	-0.1131560516285279	-0.08548024367398384	-0.08168898576176734	-0.1631200472201092	-0.1544641519918152	0.245879238629403	3.620893166800719	3.616757002371132	-1.031475420504838	-2.096688662692438	0.9513372793605885	0.1237648768556475	0.06039977316563194	2.632643821054133	-0.7337619052147795	-0.4833398041966489	-0.01426095733550978	-2.708919732214738	1.161539806576397	-0.01113191303881721	-0.005795859222757731	0.09394139464686321	-3.822825433111214	0.01358823788794086	0.02452803594781798
0.66	-0.3414367438709606	0.1017308469888749	-0.6821770109184896	1.308574642694043	1.047445295729811	-0.148207588223116	0.4965157691081468	-0.04820864980222846	0.5861424240404123	0.3558818128521709	0.02080180488509739	-0.6293815516620208	0.3785956925845511	1.534428651966344	-0.4959398766570977	0.1041560927240315	0.1018091107228118	0.03638712446689883	0.03017574136242471	-0.1796710223863094	0.1496632217143051	1.339686802122641	-0.5710664023625522	0.9146796245771519	-0.3710008263122364	-0.1390360977818406	-0.1678521071220529	0.1981239342607571	1.756931551031832	-0.1965684051183154	-0.33218869261374	1.211590152515702	0.3746776524765805	0.00216380280035866	0.0005599496170918933	1.207794708576272	-0.4642597246373553	-0.01384852452511225	-0.03985680881557497	0.2125316091888513	-0.1505102867966649	-0.3569810171068925	0.2263331008275496	0.1588860464795963	0.3147976310435274	-0.1402286200595579	0.3859028453815669	0.0472868110306769	-0.0522406055790316	-0.5235102309344807	0.05977737594161513	1.28586644935928	-0.1996724139358399	-0.2486293564025956	-0.08340013447657554	-0.08288646697492218	-0.1604739052111535	-0.1599864585946154	0.4149964737818557	3.499896311044722	3.71007185728754	-1.001120717294981	-2.127676659658961	0.9649030388507948	0.1635479835821406	0.08795779504351232	2.618478695042421	-0.7659120651105645	-0.4354456520324768	0.02968350659749421	-2.690185880789544	1.140140924782516	-0.006363513890464361	-0.00744532021135326	0.01293506165995079	-3.834204185126003	0.006962692576106989	0.02542106072577838
0.6649999999999999	-0.3402665557013803	0.1005579209289528	-0.6848224157105181	1.310066878581271	1.048038672396976	-0.1464677761844041	0.4951771428347839	-0.04681710090230872	0.585886498707195	0.3551836350630647	0.01882378981183735	-0.6286137902653586	0.3853694567526633	1.536633487077524	-0.498450940353113	0.1049205711307839	0.1003588072839634	0.03760666856159314	0.02736531698637723	-0.1773432822264258	0.1664145024589135	1.35896819491631	-0.5765591559012418	0.9043646387020817	-0.3655849332545774	-0.138558001868874	-0.1678512114333575	0.2102988809476344	1.752655990802807	-0.1980349020392877	-0.3304225973615331	1.198483533059725	0.3797515156834501	0.002550112009263622	0.001004107429812504	1.205637320289382	-0.4843162441351589	-0.01432115134697358	-0.03928335498489724	0.209958046146453	-0.08532247806291086	-0.4283338073022153	0.2193283677615239	0.1537988015359134	0.3428053376959505	-0.1163691425712601	0.3624267540483944	0.05171084866525866	-0.007556727677368099	-0.5134271858559557	0.07965563690517348	1.403622678195768	-0.1758313765176038	-0.4814197502226823	-0.08177246368535983	-0.07364922699086256	-0.1490510309648508	-0.1459221920307988	0.5904172938099512	3.351631840545553	3.814427575740156	-0.9717191169148028	-2.158959865101957	0.9841893765789568	0.2115676448060142	0.1159971676032704	2.605843462150795	-0.7901479708261422	-0.3836626518090751	0.06845349729060989	-2.51538126986299	1.128472949208013	-0.01127547122553001	-0.001710874639080631	-0.08295640166526863	-4.042358329921182	0.01678021865665393	0.0239546294810444
0.6699999999999999	-0.3398687689316652	0.1007044702847316	-0.6869383170849921	1.310667996407113	1.049346536545689	-0.1451962721043077	0.4948316933905516	-0.0449414148916888	0.5866334295376305	0.3553845409323717	0.01611793085404999	-0.6286217836763833	0.3917804162917629	1.533768568358157	-0.5009856688832596	0.1034829280752786	0.1012000692675341	0.03523195623946751	0.0288525100059072	-0.1747927621333592	0.1837102812512281	1.376676557078322	-0.5810208874433535	0.8930097788693719	-0.3611408965436268	-0.1368867353044625	-0.1667509216007531	0.2234312768719316	1.749206575031624	-0.2000889632145774	-0.326164507016161	1.186531438337783	0.3858638997369934	0.002048683084042169	0.0004983372548822442	1.201759417043545	-0.5033469267058612	-0.01390584574583203	-0.03928699625804877	0.1954284868916162	-0.02500019908760663	-0.4919091507534616	0.2109160541880424	0.1417903571420079	0.3670306056331774	-0.08200336193335757	0.3434499811524251	0.0511739263926768	0.05446259166993006	-0.5131059009823641	0.09657508754286961	1.380178307282689	-0.1516098995948083	-0.5365892929299124	-0.08145895961818687	-0.08098341088256376	-0.1335872675907584	-0.1330380931515224	0.6841713581478216	3.295595074412321	3.558352954664413	-0.9424064554677806	-2.181979383541598	0.9958564721258223	0.2606396417500363	0.1310216553405709	2.480554646647522	-0.7903097022393281	-0.3491057876236994	0.08437492506254045	-2.503975921374862	1.125374294453094	-0.0005213885578962842	-0.00736439116200944	-0.03657966653689118	-3.909901686072692	0.02232114341277213	0.02586477880009766
0.675	-0.3386142103971141	0.1006446753143336	-0.6897912858366407	1.312058380592432	1.050595788858754	-0.1429652543445406	0.4942584720106051	-0.04337820191841348	0.586356587277499	0.3556496577881955	0.01377004135716162	-0.6285648068013079	0.3988411407587076	1.53485712617987	-0.5042762064521052	0.1042116616634696	0.09970739902209036	0.03662275579634078	0.02615278141694819	-0.1720930257945425	0.1997959988945833	1.393900332061313	-0.5862156646749093	0.8825779952808248	-0.3556093027225421	-0.1359949645887848	-0.1666082160870037	0.2346042744742307	1.744860240923891	-0.2020931572740017	-0.3221236961956951	1.174432030695418	0.3908929466678644	0.001693538244999892	0.0008786709432229657	1.200864209838119	-0.5223995296820558	-0.01428283038417274	-0.03903066849536409	0.1818575699399528	0.03696245906882176	-0.5498979102763509	0.2001552839564726	0.1271398896513985	0.3917159665205318	-0.04394719009861545	0.3249848700372971	0.05246920444953098	0.1167346342580637	-0.5097735255905641	0.1003451207524677	1.549736781790208	-0.1365767696484062	-0.7815268273064992	-0.07865144874453504	-0.0703937014383318	-0.1258163352949047	-0.1196060888172553	0.7443628785076061	3.266966422580559	3.22886244103608	-0.9182174166478621	-2.19429290862979	0.9826962698302294	0.2823200945218094	0.1300310377723069	2.354374959227003	-0.7654457962082194	-0.3522919140851982	0.08196283087788031	-2.560632625188141	1.11645993862954	-0.01244164320755215	-0.002434322400275411	0.04643335059739728	-3.651774040458692	0.02612450089408028	0.0255120226192967
0.68	-0.3383251958694263	0.1016724161922033	-0.6921169357060555	1.312801681981126	1.050975402136929	-0.1414572522475476	0.4946425152896211	-0.04134325111456826	0.5870802154968213	0.3568344890677916	0.01072650723812615	-0.6276829935272129	0.4057537760354046	1.531698894747535	-0.5091823782515494	0.1028618091549473	0.1008043601103956	0.03429202046833088	0.02776526991124527	-0.1680180804215081	0.2166041969729053	1.408442300405726	-0.5906900788499397	0.8710943665519929	-0.3513338150422	-0.1341499020685221	-0.1655287812799102	0.246703697647895	1.741660155267711	-0.2033257842167552	-0.3210686879637918	1.161362447299136	0.3968672590988886	0.001741736469408138	0.0004004868514812137	1.204544609679537	-0.5393016103652707	-0.01412662810105442	-0.03937872122874268	0.1798391444457312	0.1032516754301535	-0.605578792443528	0.1915196090374239	0.1089307467695152	0.4162962476517112	-0.01630931977593499	0.2956519937591358	0.05352191685350689	0.1632179367024714	-0.4939186702242265	0.08781105028394313	1.532401343717462	-0.1342789628886897	-0.8732023670141791	-0.07644297141670178	-0.07598823347864896	-0.1337897912489379	-0.1332179568930355	0.8114916775409374	3.193937507392616	3.010297093102531	-0.9084326469321319	-2.186826259164803	0.9258107902933628	0.2524883424288782	0.1135783276116093	2.33744368240415	-0.720119369564818	-0.4071825327036411	0.06320921257134482	-2.48730432066115	1.075652148537427	-0.002593252761967405	-0.00440851694527601	0.02729887754694607	-3.520952445573864	0.01782069955252586	0.0229127170038748
0.6850000000000001	-0.3370326895964961	0.1030100944500029	-0.695724912261139	1.313722279139542	1.052156020476335	-0.138900304986517	0.4941430671203772	-0.04034672913919755	0.5868587336888913	0.3573101841216425	0.008766792554036727	-0.6278388477373722	0.4126782231072841	1.53213430812875	-0.5138234414261804	0.1035461022663206	0.09899309931352547	0.03565251072029222	0.02495618766605064	-0.1637626625247992	0.231963469855578	1.4233436578455	-0.5953884674274847	0.8607463130267093	-0.3463275768777054	-0.1335416900937336	-0.1655282628698531	0.2576473068383283	1.737724943848536	-0.2059367148577617	-0.3182210330054165	1.149845293555177	0.4015397630144142	0.001631827069229031	0.0008035151502652582	1.205593985527147	-0.5568831328395161	-0.0134219147478881	-0.0389238811945613	0.1887500968689664	0.166949009419868	-0.6588323621234752	0.1813196472783861	0.09099071106093577	0.4424890102084466	-0.000253922102865817	0.2674366940112255	0.0579338134054518	0.1938476243795774	-0.4749873719257111	0.06224887963864343	1.593023973874545	-0.138163783997992	-1.065471409730196	-0.07448814643362441	-0.06380437456793751	-0.1484163247943855	-0.1453153812802437	0.8805884989445047	3.102761804638527	2.867157803964771	-0.8986865486753516	-2.171005962187783	0.8535388347832823	0.192220383905357	0.09126398865133505	2.35124304670618	-0.6729329126291932	-0.4871435731571546	0.03894399512493533	-2.394413301504582	1.027090544424306	-0.009591616978827575	-0.002454797624222331	-0.0233751045219179	-3.426560122365065	0.01217435391387528	0.01867974565073419
0.6899999999999999	-0.3366640609766076	0.1036522784916146	-0.6986219996016628	1.314050262422525	1.052366004374514	-0.1371347480070906	0.4946169326394414	-0.03862026372659384	0.5874800734509471	0.3587935488984192	0.005923791163772579	-0.6272427434792214	0.420521547825447	1.529882065389331	-0.5202457382396016	0.1021620100294282	0.09964417802309883	0.03319119957728129	0.02648694692873357	-0.1597975370296157	0.24792074801931	1.43631086436537	-0.5993826872736105	0.8494184732831123	-0.3427299807358383	-0.1322891580247521	-0.1646906297754515	0.2697716645115118	1.734957939662812	-0.2079244779984201	-0.3182194460728328	1.137574625158356	0.4070248256101893	0.001923244436128871	0.0002096764789995051	1.20240141822549	-0.5727373617237258	-0.01324167736805722	-0.03929749844567601	0.2038810887565865	0.2166145396335134	-0.7090812767635939	0.1716519192425847	0.07201414094454914	0.467321681570595	-0.004146737640268433	0.2456354746109109	0.06198188876206666	0.2099546676289356	-0.4666637227419145	0.03199396662945261	1.539840369407024	-0.1349194383590389	-1.160657166668351	-0.07960098120759489	-0.07911903856566556	-0.1588150195096513	-0.1581980570506439	0.9432520204380842	3.010889226829905	2.786469232962873	-0.8778833878520169	-2.149192903447658	0.791332962507912	0.1222738835915636	0.07857932411030404	2.324325768419758	-0.6411910860692251	-0.5633309760507097	0.0208355720033571	-2.363287791881194	0.9719996545730701	-0.001807911821976167	-0.007906121104269952	-0.04268999483788996	-3.335084804740621	0.007331345227156165	0.01772751510666605
0.695	-0.3351847328193194	0.105496808645399	-0.7028002028430295	1.314323238362081	1.053359648520671	-0.1343087711441338	0.4940246325171749	-0.03706458157719519	0.5881390051221711	0.3593475636925987	0.004130282304243072	-0.6277075182919725	0.428343554277374	1.530263378660325	-0.5262900669871795	0.1028579053708992	0.09807940437099617	0.03454572567473093	0.02353481833131645	-0.155660590987739	0.2623842537886916	1.450119859030872	-0.6041162769241365	0.8392683474674811	-0.3383462545466413	-0.1322956033952684	-0.1647786447945715	0.2805096991641224	1.731325333589495	-0.2112470969882136	-0.316625794151983	1.12659374915972	0.4111920045953379	0.00223264830069123	0.000428088636010822	1.199500716879876	-0.5894426338094828	-0.01389694197567559	-0.03878858802774283	0.2248171801488154	0.2526731091919165	-0.7552300842736358	0.159033379102107	0.05467075882833355	0.4911744984152931	-0.02039030610546976	0.2330257330414058	0.06460857907502882	0.2179784534537217	-0.4691622127795581	0.005337352767808711	1.575955331113526	-0.1234303956100259	-1.348119414678458	-0.08612214119735621	-0.07513594197489711	-0.1585135754382427	-0.1586910132954374	0.9945046011342292	2.929164576363531	2.665953708690547	-0.8449746723737637	-2.131793750832521	0.7525068122950923	0.07579713411103493	0.07154436097526894	2.272641287496281	-0.6274038254614723	-0.6077204746576457	0.01448525337277521	-2.303984462889628	0.9306666714025468	-0.009421675923336651	-0.001870500110292927	-0.03166252044274623	-3.264198457869682	0.009715764500857132	0.01600183054394962
0.7	-0.3346342200813613	0.106480327842937	-0.7061477284538864	1.315092730672957	1.053514748226501	-0.1322615634621978	0.4943236676030216	-0.0361064114304172	0.587934668674523	0.3609419347639509	0.001292102238955516	-0.6275801184961254	0.4351061008403893	1.528366939348666	-0.5340096619642425	0.101366615059188	0.09836889429329881	0.03203752235167238	0.02512604403744921	-0.1503904394744891	0.2775093185589131	1.461638375764011	-0.6077774800692043	0.8281184668892426	-0.3351015592969956	-0.1315908633653266	-0.164145065244153	0.2921365767337701	1.728685844886872	-0.2137364424113166	-0.3166247283999619	1.114764960714526	0.4162699907121765	0.001880687691233761	0.0008780867159272195	1.199827070436261	-0.6043450098986736	-0.0134194257656432	-0.03917061306437362	0.2468057438710836	0.2704333477194523	-0.7945227529687615	0.1454651404315324	0.03696801332698496	0.5101382960406204	-0.04831655218328565	0.2265396507778768	0.06030941883009686	0.2250798332544361	-0.4846177528560235	-0.006662055295473745	1.478909902154439	-0.1013711287957457	-1.39768741050905	-0.09599709004158655	-0.09548053414420993	-0.1425270523144133	-0.1419352166288735	1.028083271197907	2.865394103633011	2.439651234068817	-0.8003196636723664	-2.120287321360945	0.7482089930762529	0.08421165655512741	0.07540251582993512	2.20807033430496	-0.6374468434369532	-0.5918059669079856	0.03127041071743613	-2.26703053175404	0.9106227040351464	-0.002062467015660291	-0.004483775396908361	0.003958985953793097	-3.125004062192311	0.01452557657884094	0.0202826111549939
0.705	-0.3329082326724765	0.1084986762397666	-0.7107757550451581	1.315566045007088	1.053569913779366	-0.1292827147541254	0.493442772789743	-0.0349236817068443	0.588669192491121	0.3615416581702786	-0.0006009134304117132	-0.6277783500862891	0.4427846457887625	1.5290251212146	-0.5412156295008405	0.1020233547486192	0.09715037055802388	0.03360885971027307	0.02230231712318695	-0.1450567126465914	0.2912853316439302	1.473343195174222	-0.6121612280326527	0.8180976977648954	-0.3308026363677706	-0.1307437563101854	-0.1634485251727025	0.3023597805966392	1.724979576928291	-0.2160638695438521	-0.3151062627868062	1.104163117152503	0.4202487284158319	0.002300439943110817	0.0009581646801645172	1.199838164713803	-0.6198173112501755	-0.01388645642064365	-0.03860273418797223	0.2703543900430624	0.2873537095826079	-0.8281902613116117	0.1298746181668273	0.01910773260595571	0.5270117156667604	-0.07505373755563213	0.2195572752835493	0.05539432861491642	0.2351100542992912	-0.4977675402210531	-0.01312061391070538	1.519864264626856	-0.07923891350355884	-1.588466844056734	-0.1030198367324076	-0.1007849689608514	-0.1191765523001212	-0.1109227584628226	1.063174217181165	2.795951668976869	2.254327060586671	-0.7532373200515979	-2.107794613063392	0.7471483438087438	0.1206466159660862	0.08041886736739892	2.165820092532408	-0.6489251850904948	-0.5424481439694609	0.05136069071691258	-2.234891031732797	0.9041308356627126	-0.006723732827040634	-0.003734521622163833	0.03293533306528387	-3.008089537256064	0.01977488450085542	0.02174416739881354
0.71	-0.3321285096011237	0.1097611962040145	-0.7144610062353101	1.316547894101673	1.054293882941012	-0.1269119635912104	0.4934893768116543	-0.03443882093828446	0.5884230494827702	0.3632343367333806	-0.003475409344819409	-0.6273343685559408	0.4492607315128455	1.527049196178627	-0.5501572889809474	0.1004802036070023	0.09772436776888443	0.03124963861760348	0.02418979665400372	-0.1402193807486117	0.305658804593642	1.482946452277859	-0.615354631750197	0.807088649979528	-0.3276345716864399	-0.1305331224023858	-0.1635195922906829	0.3135283555514018	1.722252426169789	-0.2189881136745979	-0.3150069070069795	1.092709970126305	0.4251589222774559	0.001939827044707442	0.0004391826672150288	1.202792824758091	-0.6334999470212439	-0.01351165716381231	-0.03897614426932827	0.2973046620894303	0.3196909536853415	-0.8680708678125348	0.1150822294185305	0.001171511043707216	0.5452812276645455	-0.09106803768191989	0.2010006084652877	0.06441931752854856	0.245582441735071	-0.4968041615778795	-0.03281557197776674	1.421293850345572	-0.06536440722056899	-1.654222164928111	-0.1038260639219502	-0.1032957219047842	-0.1021813017283022	-0.1016128592741902	1.107173873510441	2.70332362719614	2.19581332219029	-0.7166277652265994	-2.081206115834907	0.7159617757026667	0.158219760240133	0.08763848668023315	2.142590014181746	-0.6456206895945447	-0.4855062096133584	0.06103270967947307	-2.180085450062085	0.8614315667685807	-0.004252472375547138	-0.002254202800111648	0.03630082699119404	-2.963277811657464	0.01738885366129926	0.01852108339066868
0.715	-0.3301310403152195	0.1120905380560711	-0.7194613911642628	1.316642094209134	1.054043856329899	-0.124502801060738	0.4924398153851536	-0.03316603692346029	0.5892598907175355	0.3639240773308848	-0.006200051787493893	-0.6279446165616106	0.4565537822650466	1.528017469485881	-0.5585226252985519	0.1011056587327475	0.09627929932692984	0.03301197157262163	0.02149438374133707	-0.1352548990660255	0.3185654355337296	1.493570251874436	-0.6193870639104567	0.7973165337972675	-0.3235969501187239	-0.1292058509531133	-0.162647049688849	0.3234856651875782	1.718555858767465	-0.2206483728408716	-0.3135336869855945	1.082642163743257	0.4288154403416078	0.002349948348851512	0.0007416174539202084	1.204104016589612	-0.648231715550482	-0.01319069468582146	-0.03841469234453671	0.3256008880085929	0.3620845537632607	-0.9016675600721228	0.1003898582980031	-0.018822015409543	0.5612607375244543	-0.09856887902087985	0.1719358064080457	0.07626883308487648	0.2597091826611457	-0.4810137586790872	-0.05540137007808378	1.418861874301663	-0.06393557872666233	-1.80699392736344	-0.09967112352851089	-0.09738833020618437	-0.09060059010546871	-0.081719402580924	1.133360195446126	2.621342387173907	2.08194636244879	-0.682812344277239	-2.053063268300784	0.6850879781911993	0.194803528023786	0.09468388634271643	2.116202042411691	-0.6435758776617859	-0.423135756599732	0.06420185281881621	-2.112860028669579	0.8299839595242707	-0.006185085421517275	-0.003634343965350288	0.03721544346975653	-2.876787461511302	0.01614123128322961	0.01708617098109366
0.72	-0.3290571389449686	0.1140523004024569	-0.7235126407562528	1.317485083093592	1.0545702604527	-0.1212598293218136	0.4923817087670066	-0.03298462891031941	0.589131644057804	0.3657165501020455	-0.008131788897792753	-0.6277115620965904	0.4626695078363879	1.526147275663295	-0.5685391255242592	0.09960971242053095	0.09692462249073766	0.03074211123845702	0.02355067582873685	-0.1294052505051688	0.3321274154705287	1.501708684943091	-0.6222156769272238	0.7865658193514244	-0.3206719222818287	-0.128607072832171	-0.1626350420573665	0.3343891595740679	1.715793227230785	-0.2229547367465634	-0.3134390328589239	1.071802269185221	0.4333932475925967	0.002262892967489254	-1.018446182299377e-06	1.206854665329905	-0.6608699015357147	-0.0135835906608953	-0.03877622935091204	0.3603554017103863	0.4104464723274449	-0.9356576621122674	0.08420015721283591	-0.03854899580288912	0.576277739737487	-0.1003375887963418	0.132503507424374	0.09791006766925447	0.270690213337459	-0.4504398913176124	-0.08922774503687396	1.375808218346867	-0.07224109574770174	-1.886061448063717	-0.08850419256905596	-0.08797483397792442	-0.09193496551945902	-0.09133392271755504	1.125643452049623	2.577628013604748	1.806881894559084	-0.6431277769742136	-2.032839514508731	0.6793822776303985	0.2277135746866019	0.107561638040496	2.078312396483547	-0.655863263579276	-0.356716151362878	0.06934418622960885	-2.075950760891196	0.811436856858066	-0.001322385258016545	-0.002832695535178117	0.02510912259996136	-2.701121326092205	0.01681746499188923	0.01952637405989649
0.725	-0.326764768721856	0.1164274658984052	-0.7288085885170177	1.317346375963076	1.054072993072433	-0.1188016263242103	0.491326854434044	-0.03199787480645087	0.5901658219229822	0.3665340237433126	-0.01066560347726548	-0.6287045225410147	0.4696796198868263	1.527251120608158	-0.577861995324245	0.1003276096167027	0.09549682738855307	0.03256610592653549	0.02081499419647785	-0.1236359245636612	0.344516521456227	1.509812052519734	-0.625866222353381	0.776996624003604	-0.3167415244973113	-0.1269603201935803	-0.1616188423384212	0.3440846243188967	1.712008814003047	-0.2240081818666924	-0.3128324924544078	1.062121723289372	0.4368586993486696	0.001635379334131215	0.0006188827831123589	1.208580471169766	-0.673953202650598	-0.01312671242114647	-0.03819706147178061	0.389696350312728	0.4615446245422507	-0.9705773790704743	0.06763034751120858	-0.05905435384286106	0.5900679334239389	-0.09456083849110497	0.09455781673553208	0.1159396551050851	0.2864081798607371	-0.4202836784339027	-0.123599299864684	1.350164706826684	-0.07643196782013052	-1.975992563261106	-0.07772554063463731	-0.07587760200591823	-0.09509285367864366	-0.0850529502909915	1.117416520139774	2.527712926776798	1.573840992561251	-0.6063863157776646	-2.013683418947502	0.6840262874033214	0.2419425971654356	0.1167994770376084	2.063519288244589	-0.6723541926249313	-0.3135632576821447	0.07008480839566419	-2.039627741429114	0.7964594095124474	-0.00685446715205299	-0.003032071819077119	-0.01589033992420387	-2.554764483450833	0.01816482023396242	0.02451324882177996
0.73	-0.3254107501928389	0.1185870466407712	-0.7332488256586924	1.318006814536303	1.054384111751227	-0.1155102212947633	0.4912371233389251	-0.03219226468239162	0.5902126011747383	0.3683813180313377	-0.01252384393487693	-0.6287588973194681	0.4755037414533135	1.526230663357044	-0.588705425538534	0.09894198323724217	0.09626670625137509	0.0302538158756525	0.02292960826662647	-0.118652958683279	0.3574239880535042	1.515631957016273	-0.6283416512800062	0.7664577322144023	-0.3137147225323125	-0.1261265733158497	-0.161477862117754	0.3548108139605305	1.709018356665651	-0.2258154812540477	-0.3132491022531047	1.051747837901372	0.4412488622004636	0.00164459556649386	0.0002483548891747081	1.204400464849222	-0.6850211011775852	-0.01353489189476335	-0.03845017969182741	0.4040067645135	0.5117050780452757	-1.010777667777981	0.05176391622801393	-0.07730335524942353	0.6030325741879002	-0.08070829131831951	0.07135575757128888	0.1253779390119228	0.3116361520249986	-0.4050169237697089	-0.1549229707274698	1.31170232698929	-0.05939633387271347	-2.071055974422781	-0.07252155507866061	-0.07202831696611058	-0.0964308508474653	-0.09587443622986504	1.127190937217152	2.435451286996564	1.511421653129901	-0.581916442093656	-1.985885203779158	0.6814408455905888	0.2211816506093527	0.121002437794906	2.073696427278756	-0.6803701500839326	-0.3243026363643794	0.06794934228650711	-1.988467395584264	0.7653669446872282	-0.0003872877155761365	-0.003208533657382529	-0.05317001357399792	-2.4867744831687	0.01738521427616988	0.02427624876462002
0.735	-0.3229228689283045	0.1208599236631581	-0.7389590295600743	1.317694207171497	1.053685216734336	-0.1121841389120715	0.4911986257118626	-0.03142794762203902	0.5913315013917401	0.3703084905221926	-0.01454934797039016	-0.6300697092578879	0.4821335030535748	1.526620076207036	-0.5989055538700093	0.09969431203264503	0.09485574064123216	0.03212914384243652	0.02013755797213396	-0.1127594005107701	0.3689640861252298	1.522612256742589	-0.6317439522153092	0.7571520413633694	-0.3106370619981239	-0.1254407459883426	-0.1604589823889985	0.3645215013238088	1.705948873163962	-0.2277746478256539	-0.3136199576501654	1.041789601013823	0.4444191600173814	0.001464599862711863	0.0006883409498731749	1.200523102926249	-0.6971098391718415	-0.01302174560788496	-0.03864975572624984	0.4080553743680069	0.5625994884750217	-1.053092706896401	0.03475597765578833	-0.09552995041815916	0.6138716890945418	-0.05622201832270657	0.05523056095524649	0.1292444556102254	0.3475723432008647	-0.396905403856258	-0.1828605690655065	1.259794339261352	-0.03151560185402118	-2.143843736856097	-0.06918526394434195	-0.06731919201490653	-0.09457711297787706	-0.0837887876852486	1.130506296065427	2.343204020948454	1.43663915219174	-0.5691621145460558	-1.950523337480289	0.6685318342529463	0.1914298750516162	0.1190265657638807	2.058013354387428	-0.6792980377744694	-0.3531481373004747	0.06008279964523758	-1.913046078640065	0.7251057192365175	-0.008999854818259229	-0.001906392150168425	-0.04232486669493927	-2.412002028976065	0.02072059859224093	0.02277451294906548
0.74	-0.3215376766470759	0.1242931061341686	-0.7438166952549516	1.318083057124688	1.053790585846554	-0.1095255655474589	0.490555231377328	-0.03180050076283359	0.5914666861078437	0.371684809300671	-0.01591712980740089	-0.630374597322867	0.4875467436699446	1.525789417438983	-0.6104942093291904	0.09835952951130765	0.09569414528982463	0.02983089892095524	0.02236058697247309	-0.107643211769816	0.3807613514244975	1.527387560299009	-0.6341004764071817	0.7469800014422935	-0.3070316227241505	-0.1240694682547268	-0.1602189484918833	0.3750205693392701	1.70228126862853	-0.2289623593052506	-0.3130721800333308	1.03277293414659	0.4484139446722485	0.001858071019092196	0.000338816441012878	1.201035552099845	-0.7070693472857753	-0.01341704924284797	-0.03822939615524581	0.4088481808802108	0.6108381015086255	-1.092312600083708	0.01512534777986138	-0.1117926780602687	0.6214849286810805	-0.02362106066027564	0.04106102775480956	0.1361916530927169	0.3915435307661854	-0.3898198355704069	-0.211535073110609	1.231698526875328	0.002823531228897434	-2.209753563897034	-0.06125521638618067	-0.06071267471987952	-0.09303723080101292	-0.09353774699552045	1.116020484944575	2.285553805396094	1.228272883280249	-0.5657488157887025	-1.905341615680522	0.6374731115859006	0.1758794890407002	0.1172271841603066	2.007910343141524	-0.6632610967358501	-0.370570249436532	0.04647442052377834	-1.874864847940971	0.6796740899142365	0.001914753189920715	-0.004249583413731119	0.01377858305883172	-2.259828231170189	0.01997111242089969	0.02058668813014639
0.745	-0.31902989824915	0.1270612245295584	-0.7499010698221775	1.318375635911786	1.052921465868219	-0.1060097242660437	0.4900614808914395	-0.0311813313363034	0.5925749235525009	0.3741755623130398	-0.01815400233845881	-0.631930166566293	0.4938567654398022	1.526268942600033	-0.6213279106914367	0.09916700954536448	0.09432300235138782	0.03179393135700286	0.01953867688402629	-0.1026642748310198	0.3920623294228192	1.532363788023066	-0.6374938769915942	0.7381465374368867	-0.3034984698236948	-0.1236587038769743	-0.1599963564431443	0.3843418346393881	1.698616334802407	-0.231190311215388	-0.3137631208292131	1.023972847472645	0.4511687803464201	0.001563132494593327	0.0007501193722590701	1.20162422078938	-0.7175774202584884	-0.01289310001743692	-0.03775150795992491	0.4101877671673957	0.6570784800604681	-1.123650891887142	-0.004226394093037366	-0.1269862698114685	0.6247204221574589	0.008179709953824162	0.02418517770563955	0.1317793883167176	0.4369884861810641	-0.3785987750570114	-0.2293079890777269	1.197521284408218	0.03596293684632761	-2.261063675600635	-0.05476826294496869	-0.05259478201608776	-0.09099788115916176	-0.07975735527067268	1.096121666943954	2.240763889998384	0.9930818803825335	-0.5640983008211757	-1.858262915189592	0.6119498118189899	0.1697080406362752	0.1069539384296781	1.969754373833381	-0.6553679514144651	-0.3731744531750397	0.03273051244277971	-1.847352305676173	0.6454422147931594	-0.004857782889068819	-8.595903957522249e-05	0.04869705986330389	-2.082944815049886	0.0163958117337885	0.01968105627303244
0.75	-0.3175912934838773	0.1307129662762075	-0.7550882396053082	1.31780846111526	1.052839173794565	-0.1032272488373684	0.4904716591680463	-0.03171161153498826	0.5928330862011646	0.3759973389824656	-0.01940158013907597	-0.6324118811618616	0.4989279680417157	1.525385708377196	-0.6333982165031777	0.09791392395814062	0.09525580031610474	0.02951506103728517	0.02188264901998586	-0.09688563800561099	0.4037320364800279	1.535092304907752	-0.639798616331731	0.7284019981515758	-0.3009038133505695	-0.1223813695277998	-0.159180959588474	0.3942212240315079	1.695793294829459	-0.2324070136667516	-0.3131561038020161	1.014465336814293	0.4548306970766108	0.001939864407663787	0.0003699572241751423	1.204310487471564	-0.7254825853666566	-0.01328798796018599	-0.03810779439688674	0.4278426593137811	0.70118240697805	-1.160228410332419	-0.02536420169267157	-0.1372975618781183	0.6279647947982894	0.02797155669567071	0.001962426230857008	0.1310980308440702	0.462126650561151	-0.3581474773257645	-0.2528078215086202	1.127212453629917	0.0716354699546226	-2.293074001202829	-0.04961759101161854	-0.04908935394766535	-0.09910711385488184	-0.09855473906683868	1.077584490639274	2.189931743833677	0.7959331719839177	-0.552399879578092	-1.816547537824422	0.6170804684539994	0.1704924428829347	0.09576694666727216	1.965760047699066	-0.6716389113381439	-0.3630608028553919	0.01122528198911358	-1.802301267612927	0.6315648188951243	-0.005056249530566899	-0.004313490066199719	0.01772918693059949	-1.897897185796719	0.01597335977978747	0.01989635117687908
0.7549999999999999	-0.3149186721780311	0.1342667412053707	-0.7615186283823534	1.317992440062103	1.051854605029385	-0.1004424329658847	0.4909881290683692	-0.03130904882896609	0.5930796752154373	0.3787931878978109	-0.02153009867883445	-0.6341624885760747	0.5046718840311086	1.527890656953187	-0.6446762560470309	0.09875878690675241	0.09390889231039438	0.03151289130475537	0.01894101545840782	-0.09214273968106378	0.4142660941981226	1.53680564857484	-0.6430818305854643	0.7199933632124769	-0.2972746516879335	-0.1220130905983555	-0.1583956890248314	0.4038663624958703	1.691931180464687	-0.2345803659211114	-0.3139424360920047	1.006128438856147	0.4574397211527479	0.001577296669334345	0.0007744456490010835	1.204536998376596	-0.7339423700964128	-0.01275455685723854	-0.03755491721284115	0.4541928389110118	0.7372567642969832	-1.19333991316332	-0.04663495719159515	-0.1456876351268564	0.6282924557228435	0.03262029549683591	-0.02019869138101549	0.1238339339816488	0.4737833216844547	-0.3372108438803187	-0.2722559917374639	1.070521408048659	0.1055414239092352	-2.34816636447337	-0.05075547500453503	-0.04463679847922393	-0.1092063919481069	-0.0997210522211758	1.058269939598998	2.140249206535918	0.6378463060270139	-0.5398081323592931	-1.776445109723932	0.6382467545845365	0.1674915515830893	0.0802261254542308	1.967505583142862	-0.6942646031453579	-0.352079982307298	-0.01128022194036513	-1.755175111651992	0.627172776392626	-0.003752017451803795	-0.001908821401928506	-0.02925682146797865	-1.699471281435847	0.016105162089683	0.02140586958778336
0.76	-0.313132111090612	0.1386387952910587	-0.7671892484638003	1.317320062742632	1.051606173167513	-0.09685413520196358	0.4905583082918388	-0.03196392457333525	0.5940819895579109	0.3809375380989909	-0.02257450267031925	-0.6347968072902395	0.5090618668082241	1.526880729896591	-0.6570083644874464	0.09752207732508122	0.09488623589256352	0.02916308304826006	0.02132756347063611	-0.08659585537272003	0.4253669944894825	1.539663736839528	-0.6453474109030564	0.7106595627068369	-0.2944221849987235	-0.1208807930198975	-0.1584565507673316	0.4140285868678699	1.688860006505814	-0.2357533247050189	-0.3135911835313637	0.9971419346759213	0.4610242739287189	0.002001658550642901	0.0004725221395531043	1.201648179485634	-0.7395917844354026	-0.01308306147382881	-0.03783584878627663	0.488255639998163	0.7585314453572418	-1.222517862902103	-0.06686284025174555	-0.1503856809843259	0.6280117568762813	0.01691477425447546	-0.03580019876071607	0.1151250980852532	0.4645875170112096	-0.3222554920510152	-0.2931104806227874	0.9105586879300909	0.1436833078988842	-2.308135910601986	-0.056676720831278	-0.05728108445108649	-0.120908161243851	-0.1203377268483155	1.03547967213205	2.10174745018036	0.5116610171243576	-0.5344431577615997	-1.733865548242395	0.6559230529131984	0.1539845795756343	0.07350169081787299	1.951484007662786	-0.6993628677543764	-0.359174286582952	-0.02298265830145216	-1.741637013382949	0.6161474913168986	0.002775352809999218	-0.002939579082810547	-0.03629163272225371	-1.478393730225511	0.01647866708727234	0.02089165789713513
0.765	-0.311054827099817	0.1421837669344184	-0.7730533026643529	1.316518056517594	1.050555249478968	-0.09420002819655415	0.4910325276605167	-0.03260994017093775	0.5941660691318792	0.3832602100932928	-0.02455504658287913	-0.6367456958059724	0.5129967910362357	1.529798466698677	-0.6684943007684525	0.09830398599954582	0.09345187224768786	0.0312102331805163	0.01817197880136587	-0.08210969967976363	0.4363210148694496	1.539811581347166	-0.6477050147037868	0.7026349446898963	-0.291462850340019	-0.1198894899938936	-0.1576606517780672	0.4241823378651624	1.685747298441103	-0.2379636954662684	-0.3133555133445988	0.9881420556223091	0.4635101536727869	0.002119683955830076	0.0009162410843880654	1.199491687299351	-0.7456590423915375	-0.01333030937449318	-0.03805736418712655	0.5230871241962128	0.776353888425975	-1.250688107841277	-0.08804891086700095	-0.1540255484367962	0.6262758631160632	-0.0009470558796496472	-0.04614109449843998	0.1100002505951312	0.4506401194917476	-0.3124383653806979	-0.3175573908844879	0.8807168036907054	0.1817636096526375	-2.39192164281442	-0.06304347797525817	-0.05756814184736994	-0.1314899005063714	-0.1329379893447336	1.013036222905073	2.070951106845875	0.3956202662454874	-0.540547872810401	-1.686088175673569	0.658520469912805	0.1389955790937772	0.07930338419870825	1.9292275623144	-0.6809248588024738	-0.3705669662603232	-0.01985521415823305	-1.737709173064708	0.5896902634386367	-0.01051041932741409	0.004920008459457077	-0.02303942895335311	-1.237520312801409	0.01675318431905645	0.02154944962957102
0.77	-0.3080434380127132	0.1467176041743073	-0.7798394973565758	1.316463681383388	1.050025981446635	-0.09060183657770829	0.490462245533798	-0.0325235015130539	0.5950189410285632	0.3849241176985775	-0.02553781118008374	-0.6375413593377629	0.5171069000639944	1.529716629512905	-0.6807577769096413	0.097050391867046	0.09446530893556924	0.02876715330938494	0.02060943538279074	-0.07683032747017109	0.4462893738128823	1.546157505854335	-0.6508423760710264	0.6938463154348105	-0.2877864828302143	-0.1196406881626585	-0.1575498396918868	0.4333844871879119	1.682158703731281	-0.2393464313136776	-0.3140008141964577	0.9800721289993248	0.4668070600040749	0.00187796987879073	0.0008495023836542363	1.198885524903163	-0.7489440741908634	-0.01294438506822305	-0.03760565375040083	0.5454502848264967	0.7971043748958344	-1.271974280578498	-0.1067760651636747	-0.1594632787992359	0.622007128273992	-0.00688402214618811	-0.04860419008441251	0.108380708395554	0.4486763973788689	-0.3100888649161406	-0.3420015088891469	0.6231199674002343	0.222659526791627	-2.227978903248161	-0.06499101500887378	-0.06565356522521938	-0.1356052996163575	-0.1350111990109554	0.9904110066446304	2.039218791905784	0.2755526111831586	-0.5659811243025579	-1.626742121056475	0.6311219570803046	0.134259389909679	0.1089167542130196	1.929042569337544	-0.6267588929380197	-0.3802821272835782	0.007470674611854368	-1.716284947986887	0.5327892624982159	0.005519533811434288	-0.01269927469902708	-0.02985107420016765	-0.9715390962773031	0.01217568543278627	0.02153341555487631
0.7749999999999999	-0.3058380523388586	0.1513470148126105	-0.7858372025138032	1.315348196154437	1.049254773488835	-0.08802719604695008	0.490907418172921	-0.03331261393525729	0.5958803101196651	0.3875103020912161	-0.02660931774503877	-0.6396937536398642	0.5199449703591049	1.532092570931437	-0.6921231840288571	0.09779528447251747	0.09295179981743118	0.03107616970091688	0.01730917566396294	-0.072552768458941	0.4570432316144645	1.5515245263389	-0.6533525932845741	0.6855445192405085	-0.2851757225537274	-0.1185348647202413	-0.1572665488402902	0.4435223976043889	1.678791303885523	-0.2407743946932507	-0.3134548510136886	0.9711254901527485	0.4687804701898443	0.001306256220299167	0.000263766047236722	1.196621443044858	-0.7509196534786121	-0.01333748575774023	-0.03792353528460155	0.5586194023289405	0.8259453540594888	-1.291151434905418	-0.1249883535655962	-0.1645004602300753	0.6184794983627779	-0.0005025574468940126	-0.04885739772442547	0.1056004313083166	0.4544340933980013	-0.3064979914039429	-0.3612821606857893	0.7191576493763117	0.2614064162943474	-2.39382334539071	-0.06265431010571341	-0.06047011513204088	-0.1359399499004433	-0.1380946643708085	0.966566372901986	2.009165536982408	0.1613161248125362	-0.5996024042189139	-1.563578653384433	0.5908172430474226	0.1316333834151388	0.1383684034612959	1.921318488486972	-0.5590088756296578	-0.3735889307113818	0.02827714872069299	-1.70715440336123	0.4746235678303277	-0.00867049378316897	0.002511116644902317	-0.02687922407377295	-0.7017347295318748	0.008541566394127276	0.01756721367548856
0.7799999999999999	-0.302762081236953	0.1554454507492472	-0.7927092880770746	1.315154839168607	1.049007700136653	-0.08446783908477527	0.4904637621728546	-0.03342277287444206	0.5958634807238548	0.3892449614349714	-0.02822247071592383	-0.6405952821117888	0.5229568043365925	1.534538567164241	-0.7040934725574945	0.09664820678998465	0.09423927552775326	0.02846946126845122	0.01992748828019691	-0.06780336800625897	0.4668908552841429	1.560179225260703	-0.6565935622173974	0.6780369881201452	-0.2819336432985932	-0.1183956558779991	-0.1560957301692219	0.4528223383204008	1.67670118518822	-0.2429422110122499	-0.3139067364308791	0.9631202572845127	0.471522207942096	0.001393511711228558	0.000301124115809002	1.196440472495919	-0.7532471266447336	-0.01318127245147838	-0.03771989115207419	0.5640338876030561	0.8603226976895977	-1.306930036780729	-0.138624174807724	-0.1720433964274747	0.6138816955621116	0.01281758499165966	-0.05041209490051363	0.09667277598724308	0.4653011412016567	-0.3034757715170104	-0.3720455245955453	0.368079914504647	0.2953709090981755	-2.089563113224003	-0.05754490124539667	-0.0581613580778696	-0.1347723947156043	-0.1341790284769326	0.9397171744527776	1.976234167710195	0.0496622281364795	-0.6338800134899786	-1.497404219227214	0.5572877684549514	0.125163546977805	0.1539377212087392	1.87858969202088	-0.4927909647348614	-0.3453154807190523	0.03074353243947466	-1.691910716810646	0.4339330539374397	0.002606874753257055	-0.0008780711830252671	-0.009291699698400291	-0.4502286209413256	0.006672331059397553	0.01522386772610532
0.785	-0.3004923914881351	0.1601308425340792	-0.7997254989238045	1.313867150449733	1.047916951083778	-0.08193619641263647	0.4901110451347574	-0.03386589937169501	0.5967835817392773	0.391186296071553	-0.02953050049205975	-0.6428150499517336	0.5254218446757994	1.531127627604091	-0.7151353586954529	0.09740973977126649	0.09242880540259107	0.03101601455807177	0.01652184132315667	-0.06245103811815112	0.4768389502148441	1.561344839435881	-0.6597633258564426	0.6706800925980227	-0.2796786828130604	-0.1173025139537079	-0.1557957721824965	0.4621472954204682	1.673882032028862	-0.2439742846430055	-0.3143039164803601	0.9552193493799056	0.4730988831566402	0.001203995148812981	0.0001459242318179938	1.196375512459382	-0.7521171917025442	-0.01324681910485794	-0.03775326437700125	0.5673120559681983	0.8970407146280098	-1.30237061973626	-0.1473986881879053	-0.1799730199243887	0.6105433561084045	0.02489898179160733	-0.0530415071183979	0.08871995641186559	0.4740532459248422	-0.2929573344419841	-0.3810157434544537	0.615967775023414	0.3232952608136682	-2.358126620791178	-0.05141266373102998	-0.04322144949278467	-0.1336498770435315	-0.1251277402881279	0.911702612521724	1.938810715896645	-0.09015383077565588	-0.6610957773531038	-1.431198219050979	0.5318490175711291	0.1185477078987443	0.1534308977976469	1.826479139278278	-0.4362485080681774	-0.3063120400984992	0.02696629468786826	-1.654749402860852	0.4104584513782028	-0.006594840944719502	0.006149375505663591	0.001857614765319304	-0.2516541687959218	0.009210469327879533	0.01134922052309137
0.79	-0.2976423133323336	0.1640934329463361	-0.8057472655907101	1.313574733190802	1.047543871171328	-0.07845151148538179	0.4906878020950788	-0.03358393333973788	0.596667028788618	0.3936020806105932	-0.03142786010829057	-0.6437430059372427	0.5285266169999535	1.532192137747318	-0.7265660121139442	0.09648712488998952	0.0934254183187424	0.02829909980966411	0.01936856270959429	-0.05811925754616782	0.4860139213816535	1.5493356132485	-0.6636081917551173	0.6641980447773584	-0.2769125743493133	-0.1172126836955943	-0.1546239627115538	0.4707153426942922	1.672355434696383	-0.2458502790712359	-0.3138439063069562	0.9466829532726646	0.4755874630318615	0.001611328876929509	0.0006292676652998817	1.195297826611357	-0.7549030395334555	-0.01271259133529811	-0.0372208939485836	0.5808910595694747	0.9372124365449932	-1.312376703715795	-0.1509708105403597	-0.191365301785955	0.6076541334042008	0.03140400326891556	-0.06115857635123383	0.09676178942933339	0.4672462336936692	-0.2733376397787093	-0.405712623459648	0.1836022773918108	0.3390878364799483	-1.923896500426313	-0.03843442489264836	-0.03901084047002835	-0.1370075058454316	-0.137547699177742	0.8864550993230936	1.893000240476749	-0.2537457765278217	-0.6782316836626623	-1.363855006279726	0.5222249218250634	0.1101078689678444	0.1398116998762204	1.790036023513564	-0.4012651468881753	-0.2798813393446289	0.01305844249575354	-1.611272386289254	0.4018205979282117	-0.0007964975801655899	-0.01347466552413514	-0.0268966402884835	-0.1439660201325112	0.009013266503004564	0.0127679439632702
0.795	-0.2939255269976632	0.1692664600176021	-0.8128832989494472	1.312267633867489	1.046260439918426	-0.07591726184978166	0.490281957789367	-0.03433399852271114	0.5976838209764569	0.3958231282784727	-0.03232074399485534	-0.6461087653865309	0.5300034543630306	1.529447262853233	-0.7373545573815096	0.09703970612441191	0.09198505620277277	0.03127190373474951	0.01559806992182922	-0.05363930342956664	0.4948715770668727	1.541199074557696	-0.6666866121258059	0.6571982743646021	-0.2743986307644954	-0.1162111003502057	-0.1544768382536327	0.4789646917060592	1.669900446453527	-0.2465765012760513	-0.3144484428341964	0.939283829623046	0.4770633396067291	0.001274045040534017	0.0001917578604344163	1.19324515212365	-0.7561887451109214	-0.01302854756387422	-0.03750499400547945	0.5842193305707352	0.9679383573955546	-1.299525625868523	-0.1495635953306474	-0.2064245217115284	0.6056251670797446	0.02957476429450248	-0.06300753032874065	0.09989079877943673	0.4571468342947249	-0.2586755418831885	-0.4216394714903557	0.4005630642488386	0.3514798389785066	-2.117052267653638	-0.02663140080079775	-0.0258224331962781	-0.1386230409513312	-0.1431163833273512	0.8620173798863777	1.857652886451375	-0.4463388665093235	-0.6905902327744007	-1.293856426242957	0.5168861162226533	0.1014409633387059	0.1185559197253327	1.729559271531269	-0.3626329499094927	-0.2554427807342367	-0.006375314015322685	-1.568285322039256	0.3940566019165405	0.008556912929240807	-0.005765886720899303	-0.03067940390670254	-0.08777074413225827	0.01112168266822765	0.0115881530218826
0.7999999999999999	-0.2912610426422176	0.1737208905286619	-0.8188333408384836	1.311900972947683	1.045613804503188	-0.072577633594475	0.4908218016606138	-0.03411526209684931	0.5975420390633934	0.3985148144113837	-0.03402859695613085	-0.6470374808054988	0.5311218065328175	1.532770269033426	-0.7470113475916257	0.09568129701326192	0.09290675399513079	0.02799652529295777	0.01873953311679269	-0.04997948540819165	0.5045707071350469	1.540480852648877	-0.6705818516458657	0.6513222044103696	-0.2713210779918118	-0.1161192354652145	-0.1536051137189045	0.4877142967097252	1.668759231975917	-0.2482211994186167	-0.3142914452881838	0.9312344267140701	0.4794336972497514	0.001629493018381416	0.0007716501622094961	1.19481186189257	-0.7595175846981213	-0.0125121594687695	-0.03701106363051096	0.5772434521137838	0.9921870403886174	-1.298299853255913	-0.1433786090398298	-0.2276077526518505	0.6046240791706455	0.02485896895878555	-0.04712452064893539	0.07790670724704854	0.4454496698146457	-0.2628861277159517	-0.4074880533406566	0.1760780487178597	0.366694846149007	-1.8585960300162	-0.02151504700120484	-0.02087556465561652	-0.1254689791353119	-0.1260936439226254	0.8266855721393744	1.850205980739985	-0.6803301214604237	-0.704904478784413	-1.21743619829633	0.512489620944059	0.08883664185263321	0.0998273680268072	1.612931788435374	-0.3093751556924839	-0.2329617658484513	-0.02754532714321466	-1.533548531476197	0.3854987797386204	-0.01930000937159641	0.01753806749033499	0.0639919379164952	-0.055504092153021	0.01313527604555432	0.006326306823999595
0.8049999999999999	-0.2882288860443696	0.1782067142147221	-0.8250285600357686	1.311499473107977	1.044874672452182	-0.06918655395388357	0.4912355121073533	-0.03390005084644558	0.5984360752005268	0.4011304042704771	-0.0357153421051635	-0.6492996303956788	0.5311509280598816	1.540170551971021	-0.756599054451834	0.09665933993563057	0.09167786613656537	0.03115501269051716	0.01419703972073679	-0.04562866053184584	0.5133326352403376	1.536310265679973	-0.6745482791366438	0.6458490466043915	-0.2682641454897614	-0.1160540596017455	-0.1527692803982987	0.494962850968396	1.667717707396895	-0.2487247067768732	-0.3140215083994914	0.9233501446358369	0.4808368426892196	0.001912546377056742	0.0003025153506829404	1.199002808015505	-0.7608329626476356	-0.01206714174106911	-0.03740188533539558	0.5816349037155948	1.023218937160405	-1.319637772870647	-0.1336067819781695	-0.2561756187315861	0.6094400075539291	0.01641051813217969	-0.03051936112859006	0.07348066889020501	0.4091515126680733	-0.2590872803535728	-0.4058420839754996	0.09970807480550374	0.3702318747777756	-1.771762770220448	-0.01244149347939302	-0.01219749848726409	-0.1217336481694336	-0.1230946230469492	0.7915455857522115	1.852356377538527	-0.8453251455138547	-0.7131650599003757	-1.136049896959385	0.5038041063239004	0.07713544537688075	0.09440935451067579	1.531811776975071	-0.2454317962634605	-0.2102877292799964	-0.03249420217198139	-1.485989499902893	0.3724861428952136	0.008202022579063842	-0.008933124247398609	0.08902006701023915	-0.05429259574201723	0.01493176721196927	0.003978038605756319
0.8099999999999999	-0.2861562084496649	0.1839216245248091	-0.8319920663887521	1.310476359324224	1.043126398473233	-0.0666436897842337	0.4908518486051824	-0.0342413482133549	0.5982569946388062	0.4028732854499056	-0.03654846261170809	-0.650031470560293	0.5318183513899293	1.542014523862298	-0.7651328636939168	0.09505348521795748	0.0923570923247768	0.02718529375800401	0.01649338818877972	-0.04226364126187833	0.5228182867926988	1.533702617683095	-0.6777537960419847	0.6400153310035659	-0.2658963247186046	-0.1153158506621362	-0.1528202261323395	0.5027890235707784	1.666486301919412	-0.250154719616804	-0.3151304192686561	0.9166663696978284	0.4829920695915467	0.001658645530783425	0.0009634643967170961	1.198949778364073	-0.7643416810272574	-0.01213065772745311	-0.03702697270763142	0.5912825734209046	1.063465587711028	-1.310970998674695	-0.1151729030388663	-0.2942889223025283	0.6207386194535921	-0.006064461648171103	-0.04020918458379951	0.09274823591792605	0.3550920526757488	-0.2269167379033541	-0.4228830505924254	0.1690351408469126	0.3307830893193865	-1.877170769417138	-0.006155469015882682	-0.005538244726124958	-0.1302181175491479	-0.1308150067867535	0.7539474119722178	1.843463714938321	-0.8603364894685087	-0.7137017157215454	-1.047814202985334	0.4880345193304035	0.07365138769453759	0.09226622695842369	1.566434764917963	-0.1939098714679112	-0.1902837292286523	-0.002630710933377596	-1.397838162092484	0.3683734387674497	-1.804855724929921e-05	-0.006988948276068947	-0.08246200321081508	-0.07703815539647124	0.0128528204656265	0.001635319154243077
0.8149999999999999	-0.2832459598438018	0.1888195017552287	-0.8381046981298466	1.310343661536582	1.042086010967227	-0.06302583864313685	0.4912323289555532	-0.03436903074768011	0.5993524212350223	0.404545559555674	-0.03808554148057479	-0.6523736698279309	0.5304667303480997	1.550542023972533	-0.7723044650432831	0.09659598936616469	0.09167467374644216	0.02907737916695219	0.01180141736534995	-0.0391446129062555	0.5320092032896052	1.530793032169251	-0.6818071015354984	0.6354937180275827	-0.2633630733711638	-0.1153755174162356	-0.151865423367895	0.5105234131796134	1.665756276813474	-0.2504520432087013	-0.3145405828228638	0.9104244859941181	0.4851070401358937	0.002077023757917623	0.0009263860412967425	1.193724728984991	-0.7706838722071483	-0.01196441635258753	-0.03664899633642547	0.6005630375554044	1.118844782385077	-1.346833981395579	-0.09440228011408161	-0.3454050091839285	0.6388729966201864	-0.01484440532750096	-0.03802879902464725	0.1300037813037505	0.2922603029093226	-0.2027595108607033	-0.449483863435665	-0.4202675619337761	0.2793543357880434	-1.307881551033428	0.003293960639060432	0.008284582797140777	-0.1353505502996276	-0.1349281836022763	0.6823453853224118	1.874115068061494	-0.9485379631578561	-0.7186618152473807	-0.9583074543869585	0.4750288391969199	0.07371015886929805	0.09644641250416169	1.568843898672272	-0.1115365885542435	-0.1628573403374162	0.04114177796457458	-1.292739312591981	0.3517128435399422	-0.003731914383039623	0.002280311186721681	-0.1619549179677399	-0.04726118720333041	0.0164274306511697	0.000170171370514693
0.82	-0.2799150231315624	0.1948553645203235	-0.8452457768539877	1.309719940196499	1.039803933167698	-0.06028707386270347	0.4909196768607431	-0.03495157415429245	0.5994676048481992	0.4053665657255082	-0.03893215665021847	-0.6530024753655971	0.5300283103073743	1.545736014899216	-0.779968495799098	0.09555421897955434	0.09284730888761908	0.02262224270951057	0.01325838623688398	-0.03571533338806034	0.5425990552439125	1.525794937668529	-0.6853209622746983	0.6308140291111924	-0.2614663891888691	-0.114870901497161	-0.1518834854387669	0.5185976656171846	1.665072653678402	-0.2516183571383073	-0.3156588727756757	0.9038893397661188	0.4863941483597688	0.001954580626115092	0.0004731939352544083	1.196818086254071	-0.7666340074830842	-0.01235022240860056	-0.03707825338977626	0.5560751347746927	1.166593989287644	-1.362014358639493	-0.07300617755954839	-0.4098655625653734	0.6623903506451178	-0.0011086246125299	0.008930179863244134	0.1139643001701591	0.2642582937230274	-0.2330676547336532	-0.4091320638835292	0.2502829677209637	0.2298619181756495	-1.914429674534011	0.00214986985007517	0.00168801998207384	-0.104754576105824	-0.1054232209341616	0.563660731909445	1.994649026062477	-1.258826801267619	-0.739857356688832	-0.8689704901550128	0.47030476803462	0.05284033002185496	0.1126817081117009	1.41623846771941	0.04612665438961682	-0.1337700225176776	0.07558319856821741	-1.264837145732791	0.3557874367219868	0.0001917126024519687	0.001070267067205355	0.1093350111459807	0.1116646811590288	0.03162264910094439	-0.008815241826621158
0.825	-0.2767876341305519	0.20084644934468	-0.8521719996058339	1.309424554888158	1.038132212715331	-0.05639115385024297	0.4909317055953325	-0.03527590664702562	0.5997025577702141	0.4069047900673437	-0.04027674273423466	-0.6550090851102524	0.5281414614810735	1.543751500525743	-0.7875559706672505	0.09685943271120723	0.09190756885754994	0.02149014186974822	0.008810488268986567	-0.03289512501249123	0.5520447755573925	1.520712523872105	-0.6892206403619089	0.6268213664517165	-0.2587583132234905	-0.114722018577311	-0.1507388381135865	0.524791033267839	1.666164510100341	-0.2516324717479272	-0.3150462165990126	0.8971978468166216	0.4886225611167983	0.002055953095770513	0.0008230721943022245	1.199683615009494	-0.7590536942433632	-0.01183093279643876	-0.03667265195373123	0.5080274509467518	1.220282638350485	-1.407507104074835	-0.04911370113707073	-0.4860286761621964	0.6976532498192354	0.007986207173934081	0.07674523881978837	0.1361187223936312	0.2090623606690795	-0.2793076687230997	-0.400776933884593	-0.5761415786744517	0.1783201019279691	-1.004397839083824	0.007279058536963257	0.01088468717483419	-0.08195888849084522	-0.08178367850617502	0.4448111725893554	2.127421288749882	-1.429538463511898	-0.7679452798725682	-0.7794646840429199	0.4605632257610419	0.03773848372737382	0.1353121806682617	1.24925953093926	0.2491469972178899	-0.09916842396646858	0.12809400005215	-1.218687212858761	0.3624204495070357	-0.003278689724173251	0.006686587970597013	0.2486382610028993	0.2046607696383114	0.03093548840067136	-0.01324120044974747
0.83	-0.2746091021351032	0.2077879011372473	-0.8601192396797173	1.308516215922661	1.035092265224624	-0.05321154784889019	0.4902337801090868	-0.03448769674180498	0.6007799661008277	0.407213381344485	-0.04113413930224982	-0.6552365318799724	0.5267369660569797	1.548172954517419	-0.7932417631934555	0.09597539201858263	0.09314942519918527	0.01651779783839753	0.009857116617780385	-0.03149345096399621	0.5630928884651785	1.514236150941907	-0.69263975748286	0.6227317430504318	-0.2568887967172417	-0.1137860513385844	-0.150516098905661	0.5314633900255137	1.667540521765817	-0.2524561404500918	-0.3156335758723131	0.8926123665832547	0.4899949689869965	0.001658532648667742	0.0004143676994333123	1.206401223052815	-0.7574314705942211	-0.01215090686315436	-0.03707200323649386	0.4668185224865687	1.275927761627391	-1.435952646562115	-0.01423629630128259	-0.5738515975954488	0.7500621290012671	-0.02880641328311926	0.1324415117763557	0.1906456081035662	0.1034997532621593	-0.3137581387470659	-0.4249797506492503	0.07420595676736755	0.1206100133412753	-1.607167181524282	0.007789875095043331	0.00717073193122899	-0.07173378091867712	-0.07235215944830907	0.3436021964950276	2.189543505942853	-1.21915699108581	-0.7971853065262492	-0.6858103652894798	0.4482096950403752	0.04592711715916378	0.1523113947664881	1.180068633400131	0.4736708183726037	-0.08239757878991234	0.2192030594897855	-1.019488101719851	0.3397643081243084	0.005237577355948079	-0.0163620646029384	-0.149055444549841	0.1010551241689011	0.03061297464662267	-0.02339652718439914
0.8350000000000001	-0.2725451657706968	0.2154093997308315	-0.8685814598504548	1.308432126233923	1.032505912959173	-0.04965427201214008	0.4891680796790788	-0.03359569704752179	0.6022660418609666	0.4071662120981639	-0.04188151798564904	-0.6571776680930211	0.5251706809734864	1.558168052851112	-0.7988966393212215	0.09718078294060732	0.09214407628525696	0.01163285346783606	0.006450372497054967	-0.03069109913882614	0.574060804917445	1.510640669908391	-0.6961524791669204	0.6189657093315355	-0.2551232752473075	-0.113431552923592	-0.1500340728138607	0.5377018256745764	1.670079534048084	-0.2522450041472556	-0.315730020594936	0.8872227597322973	0.4912663129442436	0.00119308994565044	5.706898481626041e-05	1.19495783545152	-0.7531504827628959	-0.01236436870853223	-0.037579557644419	0.4072951266625741	1.332922370558404	-1.468588131697166	0.02196490741854764	-0.6752623037765527	0.8089110806295815	-0.07160668100805387	0.2071043586666353	0.2636940636865583	-0.003492107601892959	-0.3730348510027581	-0.4538105186806395	-0.6352222026320934	0.0684298316032515	-0.8039688949164157	0.01671258435542477	0.02377504093933548	-0.04770442445621376	-0.0386399851914833	0.1996927710306435	2.204909130808555	-1.008833630313602	-0.8261303646720104	-0.5779895176754881	0.4133632153174651	0.06094234747709823	0.1827253670465871	1.025214776144163	0.7391245906627762	-0.0434568989663949	0.2976655565297614	-0.838585294702867	0.3067688266916627	-0.009532375578700259	0.01186959616231268	-0.4892243355726517	0.156148345195557	0.03818165139126097	-0.03083857144020506
0.84	-0.2702131685763971	0.2221035418965398	-0.8751567241805198	1.30924579165895	1.02849558700192	-0.04511897487436256	0.4890409346978968	-0.0326713044921743	0.6031281382818441	0.4070456198238247	-0.04464131428421279	-0.6575292392730707	0.5222280904366001	1.553320083036048	-0.8025705363779994	0.09656025485715811	0.09353711803918376	0.01246935108539652	0.008126050532328399	-0.02996575650218571	0.5855394861261414	1.505353010001255	-0.7005809707753554	0.6168883508328868	-0.2528269026608672	-0.1137161348619972	-0.1487496214152657	0.5417527357096854	1.675002552246621	-0.2525256736480979	-0.3143044682179258	0.8837386628567728	0.4930232903641292	0.00143336874546072	0.000340187866199974	1.19451323524223	-0.752581996282698	-0.01202082644723088	-0.03715928785332759	0.2527899576336515	1.369693155052542	-1.417722561417795	0.0595289209868493	-0.7985670216882926	0.8624153447128858	-0.09880611302984056	0.3358918140067745	0.2927602435675727	-0.01881098469066752	-0.5125735711297625	-0.4174718443038389	-0.06997350230495424	0.04207032852981894	-1.127455890751649	0.01937207814618805	0.01996750817269583	0.0394829395681186	0.04002630339050276	-0.03683172919000118	2.193898051662497	-1.076770623241255	-0.8610668123533992	-0.4363210593845747	0.3355911086243774	0.07466509439099328	0.2374746297613989	0.6361345565180088	1.074999475358744	0.007230923692907668	0.3408614082459267	-0.7285601579325574	0.2494896711833988	0.01036117146487806	-0.004031352197436115	-0.2994445331493224	0.4266036938043528	0.02633385640819182	-0.0377495659664823
0.845	-0.2694619759817077	0.22767906321663	-0.8817081652662218	1.309204125552038	1.024698465465749	-0.04110610937313888	0.488250831122149	-0.03113874803075708	0.6042964543096022	0.4077180307191024	-0.04677043755401606	-0.6574845939022967	0.5222912963224124	1.556134483792373	-0.8065326647586062	0.09740487227474948	0.0925242468578278	0.02030583363152728	0.007207654229690637	-0.03078300967106683	0.5958514100987523	1.501085560047994	-0.7048143109901465	0.6145449397925462	-0.2517855314418629	-0.1129221733023574	-0.1469327824915015	0.5428259948718622	1.680688763949525	-0.2523108224866895	-0.3142651934915457	0.8798008347920229	0.4937678485065368	0.00179046856598147	0.0007210456535439184	1.190176690717308	-0.7511348765791163	-0.01200828160117559	-0.03787162779102324	0.1259718082236719	1.428126697958964	-1.405219218060275	0.0836214804087598	-0.9197535482542655	0.9188676758145788	-0.1091357481356183	0.4523772476378431	0.3734369958355581	-0.03839577241210924	-0.6378789422102666	-0.4292997270612866	-0.3450933469953971	-0.01876089364543999	-0.541367204121353	0.03808343941481826	0.0449789071303638	0.112858576046816	0.1098121278682688	-0.2491527096585644	2.146488523462667	-1.144970624085039	-0.8723851445502084	-0.3103663610678405	0.2887518111015965	0.08209444218525253	0.297758111143551	0.1505796280326742	1.366620083110653	0.03983903358683568	0.3376897316460857	-0.5816306947524109	0.2449658895372458	-0.006442432017416495	0.0008448265363476321	0.06213115430128262	0.4358395062684273	0.01243753944397513	-0.04117409681124802
0.85	-0.2696861784314201	0.2351978027423821	-0.8894963453039234	1.310409251783747	1.019671366127459	-0.03619616853660288	0.4885953010482238	-0.02847888899667339	0.6066367851094927	0.4070603513791685	-0.0504580049523675	-0.6598276642453781	0.5203243144980545	1.548901746620566	-0.8095369732699991	0.09637666322185547	0.09422353195017805	0.02059635309901665	0.01150745675727703	-0.0314411778246725	0.6071802922178161	1.495416279583504	-0.7099030934476761	0.6134179015703048	-0.2500546736946514	-0.1132659416394712	-0.1461257637514388	0.5425092444803904	1.68812716053515	-0.2528317441406615	-0.3125373999313558	0.8776315347398166	0.4953842976881257	0.001059895847223325	3.721517425205222e-06	1.19137802066622	-0.7503680206012049	-0.01121377815841264	-0.03734010958791248	0.1322359217209482	1.539054217282044	-1.441522557934802	0.09317577794350379	-1.02224384405905	0.9765911761675423	-0.11770664958915	0.466273619631182	0.5122934712906718	-0.1156783784571679	-0.640375943001931	-0.5078326482235355	-0.2417346316938178	-0.1866069421498101	-0.3835139712712117	0.06487171022202422	0.06575583856594044	0.1131830293767069	0.1137603612876997	-0.3189111055581365	2.058726017066525	-0.9453027566116006	-0.8300531309459391	-0.2440431228040052	0.3441016148083118	0.08571895912068572	0.3438020272707954	-0.3340849788349275	1.498001633985238	0.05522810044144957	0.2574569495463096	-0.3066075850863392	0.3515611754599643	0.002555296389923408	0.0002950887378858409	0.2549457714256017	-0.2800490752840144	0.0251169656565129	-0.06824048417610072
