replay
version=1
nRows=217
nColumns=40
inDegrees=no
endheader
time	/jointset/ground_pelvis/pelvis_tilt/value	/jointset/ground_pelvis/pelvis_list/value	/jointset/ground_pelvis/pelvis_rotation/value	/jointset/ground_pelvis/pelvis_tx/value	/jointset/ground_pelvis/pelvis_ty/value	/jointset/ground_pelvis/pelvis_tz/value	/jointset/hip_r/hip_flexion_r/value	/jointset/hip_r/hip_adduction_r/value	/jointset/hip_r/hip_rotation_r/value	/jointset/walker_knee_r/knee_angle_r/value	/jointset/patellofemoral_r/knee_angle_r_beta/value	/jointset/ankle_r/ankle_angle_r/value	/jointset/subtalar_r/subtalar_angle_r/value	/jointset/mtp_r/mtp_angle_r/value	/jointset/hip_l/hip_flexion_l/value	/jointset/hip_l/hip_adduction_l/value	/jointset/hip_l/hip_rotation_l/value	/jointset/walker_knee_l/knee_angle_l/value	/jointset/patellofemoral_l/knee_angle_l_beta/value	/jointset/ankle_l/ankle_angle_l/value	/jointset/subtalar_l/subtalar_angle_l/value	/jointset/mtp_l/mtp_angle_l/value	/jointset/back/lumbar_extension/value	/jointset/back/lumbar_bending/value	/jointset/back/lumbar_rotation/value	/jointset/acromial_r/arm_flex_r/value	/jointset/acromial_r/arm_add_r/value	/jointset/acromial_r/arm_rot_r/value	/jointset/elbow_r/elbow_flex_r/value	/jointset/radioulnar_r/pro_sup_r/value	/jointset/radius_hand_r/wrist_flex_r/value	/jointset/radius_hand_r/wrist_dev_r/value	/jointset/acromial_l/arm_flex_l/value	/jointset/acromial_l/arm_add_l/value	/jointset/acromial_l/arm_rot_l/value	/jointset/elbow_l/elbow_flex_l/value	/jointset/radioulnar_l/pro_sup_l/value	/jointset/radius_hand_l/wrist_flex_l/value	/jointset/radius_hand_l/wrist_dev_l/value
0	-0.1733861	-0.1338651785	-0.3080680111	1.175844721	1.048789681	-0.09831928111	0.2939126614	0.1678337046	0.258224622	0.1631424684	0.1631424684	-0.2210595495	-0.1891475133	7.657810021e-06	0.1481948503	-0.1256786687	-0.2810659377	0.09368737421	0.09368737421	-0.105991262	-0.1739911616	5.903095783e-06	0.3304826303	0.916426734	-0.829643864	-0.8921942502	-1.280571644	-1.168624779	0.6294416724	0.2020550968	0.4800029506	-0.7849392356	-0.1283303528	0.7706368684	-1.113622874	1.79401802	0.1884541298	-0.001301333024	5.940428196e-05
0.002777778	-0.1729292668	-0.1336664263	-0.3082547636	1.175669951	1.050478905	-0.09837103564	0.2939236154	0.1673989849	0.2583404736	0.1631112021	0.1631112021	-0.2210294395	-0.1891848725	7.328320133e-06	0.1482137744	-0.1254970418	-0.2811334467	0.093636483	0.093636483	-0.105958177	-0.1740622282	5.861367448e-06	0.3302987991	0.9170296347	-0.8296358715	-0.8934975151	-1.280877471	-1.167533581	0.6297219348	0.2019681453	0.4807615973	-0.7851495278	-0.1279605663	0.7704352173	-1.113572481	1.79392586	0.1884489316	-0.00130221248	6.740451529e-05
0.005555556	-0.1725058359	-0.133486428	-0.3084423009	1.175511153	1.052046634	-0.09842002554	0.2939126161	0.1669808233	0.2584474874	0.1630674174	0.1630674174	-0.2209978413	-0.1892369916	6.918484418e-06	0.1482129214	-0.1253413971	-0.2811631266	0.09359497408	0.09359497408	-0.1059360596	-0.1741129832	5.618452726e-06	0.3301766696	0.91763678	-0.8296477653	-0.8945131432	-1.281150499	-1.166804343	0.6300463964	0.202144663	0.4815928416	-0.7853109241	-0.1276058861	0.7702276752	-1.113535246	1.79386123	0.1884441952	-0.001304112271	7.389967043e-05
0.008333333	-0.1721176706	-0.1333271664	-0.3086138402	1.175369988	1.053475583	-0.09846674676	0.293877486	0.1665763144	0.2585521479	0.1630196214	0.1630196214	-0.2209593074	-0.1893106721	6.413944177e-06	0.1481895442	-0.125209914	-0.2811630335	0.09356566159	0.09356566159	-0.1059186031	-0.1741638034	5.2371934e-06	0.3301178694	0.9182242351	-0.8296773159	-0.8952406917	-1.281409093	-1.166392837	0.6303557489	0.2024162667	0.4824903809	-0.7853940823	-0.1272726486	0.7700018495	-1.113510132	1.793819385	0.1884393146	-0.001306076486	7.8734069e-05
0.011111111	-0.1717666607	-0.1331904952	-0.3087532698	1.175248049	1.054748686	-0.09851167956	0.2938163321	0.1661826187	0.2586612059	0.1629764632	0.1629764632	-0.220908362	-0.1894124799	5.879723381e-06	0.1481409991	-0.1251007158	-0.2811415743	0.09355125753	0.09355125753	-0.1058995551	-0.174234728	4.788358257e-06	0.3301232445	0.918768344	-0.829721547	-0.8956789416	-1.281671258	-1.166254806	0.630591038	0.2026285432	0.4834392912	-0.7853744391	-0.1269669564	0.7697455956	-1.113496102	1.793795583	0.1884337087	-0.001307187805	8.179505062e-05
0.013888889	-0.1714543179	-0.1330787237	-0.3088521596	1.175145114	1.055857795	-0.09855602069	0.2937309201	0.1657986579	0.2587751881	0.1629412077	0.1629412077	-0.2208433123	-0.1895430978	5.378952132e-06	0.1480696449	-0.1250119885	-0.2811017629	0.09355214683	0.09355214683	-0.1058765147	-0.1743330396	4.344510179e-06	0.3301857205	0.919256728	-0.8297815321	-0.8958602822	-1.281947977	-1.166319563	0.6307236825	0.202731377	0.4843914193	-0.7852720201	-0.1266876086	0.7694590255	-1.113491996	1.793786657	0.1884266631	-0.001306939432	8.313234024e-05
0.016666667	-0.1711815504	-0.1329948508	-0.3089117498	1.175058619	1.05680637	-0.09860191801	0.2936275156	0.165425615	0.2588862936	0.1629098844	0.1629098844	-0.220767507	-0.1896956312	4.895224305e-06	0.1479842191	-0.1249420125	-0.2810393182	0.09356564955	0.09356564955	-0.1058521836	-0.1744494039	3.937651511e-06	0.3302881796	0.919691653	-0.8298641368	-0.8958611707	-1.282241347	-1.166481094	0.6307651239	0.2027876333	0.485273567	-0.785154981	-0.1264239547	0.7691582457	-1.113496517	1.793791616	0.1884172681	-0.001305437448	8.301990826e-05
0.019444444	-0.1709490805	-0.1329419078	-0.3089339861	1.174985851	1.057598656	-0.09865157585	0.2935124878	0.1650647928	0.2589862813	0.162877972	0.162877972	-0.2206846854	-0.1898626891	4.380722218e-06	0.1478936532	-0.124889016	-0.2809495805	0.09358875891	0.09358875891	-0.1058297238	-0.1745733236	3.534742065e-06	0.3304125239	0.920076329	-0.8299764342	-0.8957601184	-1.282552857	-1.166630756	0.6307305643	0.2028391739	0.4860350666	-0.7850802066	-0.1261647281	0.7688604558	-1.113508394	1.79380979	0.1884045906	-0.001303023166	8.181131136e-05
0.022222222	-0.1707572085	-0.1329223754	-0.3089209464	1.174924377	1.058239555	-0.0987069527	0.2933914662	0.1647174099	0.2590681369	0.162841417	0.162841417	-0.2205983163	-0.1900375022	3.776797246e-06	0.1478059516	-0.1248510909	-0.2808290139	0.09361862518	0.09361862518	-0.105812063	-0.174695331	3.073868299e-06	0.3305419127	0.9204138847	-0.8301245084	-0.8956280176	-1.282883347	-1.166669078	0.6306339457	0.2029000904	0.4866502359	-0.7850853977	-0.1259000247	0.7685808075	-1.113526409	1.79384034	0.1883877812	-0.001300143054	7.98894078e-05
0.025	-0.1706039144	-0.1329348318	-0.3088753873	1.174873832	1.058738763	-0.09876822962	0.2932656581	0.1643843427	0.2591332932	0.1628000182	0.1628000182	-0.220509616	-0.1902179192	3.115762477e-06	0.1477234743	-0.1248257534	-0.2806818539	0.09365420813	0.09365420813	-0.1057997034	-0.1748138622	2.577003883e-06	0.33067047	0.920707131	-0.8303079773	-0.8954841674	-1.283228893	-1.166569065	0.6304740411	0.2029584173	0.4871280235	-0.7851553731	-0.125629898	0.76831911	-1.113549481	1.793880217	0.1883666643	-0.001297032187	7.742961061e-05
0.027777778	-0.1704861783	-0.1329761303	-0.3088002502	1.174834783	1.059108124	-0.09883480049	0.2931343018	0.1640663113	0.2591868442	0.1627552427	0.1627552427	-0.2204188262	-0.1904038633	2.448633124e-06	0.1476461229	-0.1248102777	-0.2805156838	0.09369530129	0.09369530129	-0.1057920907	-0.1749308968	2.088089178e-06	0.3307974832	0.9209587447	-0.8305238159	-0.8953250821	-1.283583488	-1.166336321	0.6302428	0.2029924269	0.4874910339	-0.7852522176	-0.1253588684	0.7680683335	-1.113576589	1.793925306	0.1883413753	-0.001293721795	7.449006261e-05
0.030555556	-0.1704010183	-0.133043123	-0.3086983618	1.174807805	1.059359495	-0.09890606207	0.292996647	0.1637640257	0.2592337918	0.1627085084	0.1627085084	-0.2203262237	-0.1905952699	1.803965759e-06	0.1475738593	-0.1248019426	-0.2803379791	0.09374171632	0.09374171632	-0.1057887199	-0.1750484098	1.627905673e-06	0.3309225199	0.9211713996	-0.8307692356	-0.8951474019	-1.283941181	-1.165976504	0.629932232	0.2029775875	0.4877639687	-0.7853367027	-0.1250915009	0.7678214641	-1.113606728	1.793971451	0.1883120539	-0.001290135109	7.11035323e-05
0.033333333	-0.1703450145	-0.1331330515	-0.3085715645	1.174793377	1.059505013	-0.09898130705	0.2928512646	0.163478579	0.2592791319	0.16266084	0.16266084	-0.2202327422	-0.1907913206	1.192648486e-06	0.1475061484	-0.124798999	-0.2801558427	0.09379281061	0.09379281061	-0.1057893016	-0.1751666796	1.201445454e-06	0.3310463995	0.921348577	-0.8310410308	-0.8949487141	-1.284291232	-1.165506026	0.629542058	0.2028977327	0.4879687182	-0.7853837197	-0.1248333918	0.7675720327	-1.113640973	1.794017468	0.1882787296	-0.001286180386	6.697187782e-05
0.036111111	-0.1703137157	-0.1332440266	-0.308419619	1.174791749	1.059557444	-0.09905958985	0.2926951733	0.1632119308	0.2593279595	0.1626124362	0.1626124362	-0.2201407367	-0.1909895066	6.095677094e-07	0.1474412574	-0.1248018686	-0.2799756729	0.0938469064	0.0938469064	-0.1057939643	-0.175282223	8.008507728e-07	0.3311724662	0.9214955725	-0.8313347879	-0.8947287085	-1.28461198	-1.164966087	0.629089412	0.2027600179	0.4881172731	-0.7854015339	-0.1245924067	0.767314733	-1.113685012	1.794068849	0.1882411867	-0.00128185505	6.109109736e-05
0.038888889	-0.170302634	-0.1333742259	-0.308242012	1.174803141	1.059529632	-0.09913992894	0.2925253373	0.1629661619	0.2593853733	0.1625634442	0.1625634442	-0.2200527275	-0.1911870901	7.257813897e-08	0.147377432	-0.1248112601	-0.2798037753	0.09390221455	0.09390221455	-0.1058028969	-0.1753910084	4.093905423e-07	0.3313045734	0.9216179148	-0.83164595	-0.8944878604	-1.284880127	-1.164402166	0.6285942034	0.2025763491	0.4882188577	-0.7854033805	-0.1243767402	0.7670444345	-1.113745137	1.794131926	0.188199169	-0.001277089917	5.232844776e-05
0.041666667	-0.1703076249	-0.1335216057	-0.3080388515	1.174827693	1.05943432	-0.09922134885	0.2923392973	0.1627432911	0.2594561242	0.162514053	0.162514053	-0.2199710399	-0.1913814808	-3.639497296e-07	0.1473133994	-0.1248278118	-0.2796461023	0.09395707908	0.09395707908	-0.1058162499	-0.1754891725	9.996703987e-09	0.3314462538	0.9217211443	-0.8319698763	-0.8942272834	-1.28507429	-1.163858185	0.6280763183	0.2023599731	0.4882808836	-0.7854020428	-0.1241937295	0.7667567339	-1.113826949	1.794212412	0.1881524784	-0.001271743221	3.962613956e-05
0.044444444	-0.1703279026	-0.1336819078	-0.3078190313	1.174864473	1.059282924	-0.09930305579	0.2921402745	0.1625444106	0.2595396132	0.1624637065	0.1624637065	-0.2198957905	-0.1915723366	-7.016993273e-07	0.1472526035	-0.1248513472	-0.279502912	0.09401128005	0.09401128005	-0.1058336735	-0.1755759684	-4.039410923e-07	0.3315939636	0.9218113666	-0.8323009637	-0.8939526668	-1.285204468	-1.16333985	0.6275485285	0.2021244481	0.488300073	-0.7854016584	-0.1240376402	0.7664578842	-1.113925955	1.794307698	0.1881019844	-0.001265810772	2.359641717e-05
0.047222222	-0.1703652953	-0.1338491505	-0.3075982405	1.174911716	1.059085833	-0.09938439348	0.2919359195	0.1623698877	0.2596311452	0.1624113045	0.1624113045	-0.2198253766	-0.1917610271	-9.830187557e-07	0.1472021506	-0.1248810478	-0.2793701047	0.09406570815	0.09406570815	-0.1058544316	-0.1756530495	-8.229719873e-07	0.3317387027	0.9218951207	-0.8326328227	-0.8936731913	-1.285304903	-1.162822969	0.627017997	0.2018827182	0.4882655043	-0.7853995825	-0.1238926958	0.7661623468	-1.114029885	1.79440878	0.188049395	-0.001259371901	6.163583394e-06
0.05	-0.1704218119	-0.1340172344	-0.3073924448	1.174967632	1.058853399	-0.09946469915	0.2917342087	0.1622200654	0.2597259868	0.1623558567	0.1623558567	-0.2197580868	-0.1919489286	-1.217863185e-06	0.1471693776	-0.1249160523	-0.2792435604	0.09412130821	0.09412130821	-0.1058777636	-0.1757220977	-1.224045241e-06	0.3318713587	0.9219789468	-0.8329589022	-0.8933982792	-1.285410435	-1.162282572	0.6264918924	0.2016473298	0.488166197	-0.7853928608	-0.123742897	0.7658848084	-1.114126248	1.794506468	0.1879964582	-0.001252423897	-1.069795421e-05
0.052777778	-0.170498417	-0.1341808297	-0.3072140308	1.175030619	1.058595648	-0.09954346205	0.2915416285	0.1620946966	0.2598206662	0.1622966124	0.1622966124	-0.2196926532	-0.1921364519	-1.402894503e-06	0.1471604939	-0.1249553696	-0.2791203811	0.09417876814	0.09417876814	-0.1059032121	-0.1757841454	-1.584295746e-06	0.3319848885	0.9220688618	-0.833272597	-0.8931350561	-1.285546615	-1.161704215	0.6259731396	0.2014219995	0.4880004085	-0.7853799285	-0.123575184	0.7656370544	-1.114204986	1.794593349	0.1879440324	-0.00124488388	-2.543041036e-05
0.055555556	-0.1705915963	-0.1343378669	-0.30706067	1.175099847	1.058321303	-0.099620815	0.291358121	0.161991148	0.2599164785	0.1622333891	0.1622333891	-0.219629762	-0.1923202814	-1.56992997e-06	0.1471768893	-0.1249975316	-0.2790021813	0.09423771459	0.09423771459	-0.1059315844	-0.175837775	-1.912788849e-06	0.3320806261	0.9221687482	-0.8335676894	-0.89288053	-1.285701906	-1.161115558	0.6254471759	0.2011748271	0.4878044669	-0.7853641246	-0.1233881574	0.76541923	-1.114265861	1.794669163	0.1878893455	-0.001236588347	-3.820121566e-05
0.058333333	-0.1706967231	-0.1344870818	-0.3069264535	1.175174671	1.058038761	-0.09969704268	0.2911820356	0.1619062324	0.2600159942	0.16216622	0.16216622	-0.2195705843	-0.1924961702	-1.748256734e-06	0.1472187367	-0.1250409715	-0.2788918089	0.09429749696	0.09429749696	-0.1059639852	-0.1758809054	-2.22643519e-06	0.3321618787	0.9222819894	-0.8338378779	-0.8926291715	-1.285855269	-1.160555491	0.6248956447	0.2008629685	0.4876258886	-0.785348464	-0.1231833144	0.7652285614	-1.114311074	1.794735421	0.1878287009	-0.001227351871	-4.963940483e-05
0.061111111	-0.1708092295	-0.1346271679	-0.3068058156	1.175254439	1.057756384	-0.09977239579	0.2910118205	0.1618368499	0.2601218728	0.1620952203	0.1620952203	-0.2195162657	-0.1926599368	-1.947640035e-06	0.147286169	-0.125084163	-0.2787922357	0.0943574318	0.0943574318	-0.1060014738	-0.1759114226	-2.544248212e-06	0.3322316984	0.9224119976	-0.8340768287	-0.8923756385	-1.285985846	-1.160063232	0.6243015617	0.2004430134	0.4875127734	-0.7853342747	-0.1229621012	0.765062336	-1.114342838	1.794793653	0.1877584597	-0.001216983283	-6.041285655e-05
0.063888889	-0.1709264638	-0.1347560153	-0.3067020047	1.175338469	1.057480978	-0.09984620787	0.2908472434	0.161781751	0.2602358057	0.1620197342	0.1620197342	-0.2194675498	-0.192810395	-2.141206854e-06	0.1473781643	-0.1251266737	-0.2787057342	0.09441624513	0.09441624513	-0.1060438273	-0.1759282294	-2.867382268e-06	0.3322891954	0.9225618919	-0.83428679	-0.8921270756	-1.286092013	-1.159653993	0.62367545	0.1999230058	0.4874746999	-0.7853226424	-0.1227242978	0.7649207106	-1.114365198	1.7948472	0.1876783086	-0.001205320826	-7.09566738e-05
0.066666667	-0.1710482656	-0.134870502	-0.3066297087	1.175426048	1.057217325	-0.09991662375	0.2906897413	0.1617420918	0.2603581723	0.1619380348	0.1619380348	-0.2194246832	-0.1929502566	-2.28085135e-06	0.1474921797	-0.1251695151	-0.2786336043	0.09447188991	0.09447188991	-0.1060891546	-0.1759315772	-3.17191398e-06	0.3323283888	0.9227344207	-0.8344813102	-0.8919073297	-1.286197575	-1.15931049	0.6230629043	0.1993795651	0.4874695982	-0.7853163586	-0.1224675211	0.7648075844	-1.114384601	1.794901795	0.1875922841	-0.001192254972	-8.138185347e-05
0.069444444	-0.1711746056	-0.1349674847	-0.3066044513	1.175516462	1.056970083	-0.09998170706	0.2905408231	0.1617192398	0.2604893542	0.1618483509	0.1618483509	-0.2193879144	-0.1930824586	-2.338559998e-06	0.1476254795	-0.1252138472	-0.278577195	0.09452221852	0.09452221852	-0.106135452	-0.1759217562	-3.440677747e-06	0.3323427672	0.9229323921	-0.8346744869	-0.8917417734	-1.286328144	-1.159012647	0.622511404	0.1988940389	0.4874515538	-0.7853194791	-0.1221892445	0.7647270852	-1.114407646	1.794963379	0.1875046846	-0.001177718862	-9.182046202e-05
0.072222222	-0.171305419	-0.1350444501	-0.3066396099	1.175609031	1.056743687	-0.1000397206	0.290401741	0.1617145339	0.2606294736	0.1617490655	0.1617490655	-0.2193573464	-0.1932088522	-2.316134129e-06	0.1477757367	-0.1252611593	-0.2785374045	0.09456566607	0.09456566607	-0.1061811667	-0.1758990968	-3.668354494e-06	0.3323268857	0.923158483	-0.834877211	-0.8916522182	-1.286504924	-1.158742304	0.6220550237	0.1985301639	0.4873902252	-0.7853356038	-0.1218865552	0.7646826109	-1.114438746	1.795036221	0.187418983	-0.001161699481	-0.000102343643
0.075	-0.1714408229	-0.1351030325	-0.3067319944	1.175703344	1.056540846	-0.1000904298	0.2902724941	0.1617285743	0.2607761082	0.1616396643	0.1616396643	-0.2193316543	-0.1933234282	-2.234928575e-06	0.1479446832	-0.1253148436	-0.2785109905	0.09460542531	0.09460542531	-0.1062281491	-0.1758646871	-3.852954187e-06	0.3322849815	0.923413667	-0.8350780032	-0.8916299727	-1.286715139	-1.158500701	0.621631434	0.1982272385	0.48736786	-0.7853597982	-0.1215538827	0.7646722835	-1.114466162	1.79511181	0.1873326618	-0.001144084058	-0.000112321848
0.077777778	-0.1715809258	-0.135146798	-0.3068709811	1.175799115	1.056363502	-0.1001342756	0.2901523724	0.1617616766	0.2609257018	0.1615200773	0.1615200773	-0.2193089308	-0.1934166845	-2.148748973e-06	0.148135728	-0.1253791829	-0.2784928592	0.09464677489	0.09464677489	-0.1062797831	-0.1758199183	-4.011470064e-06	0.3322255299	0.9236982187	-0.8352553499	-0.8916527677	-1.2869307	-1.158298217	0.6211353844	0.1978698071	0.487516044	-0.7853834618	-0.1211844441	0.7646918708	-1.114470885	1.795175885	0.1872405026	-0.001124732109	-0.0001208148332
0.080555556	-0.1717257015	-0.1351794146	-0.3070459532	1.175896061	1.056213607	-0.1001716999	0.2900404474	0.1618142179	0.2610747244	0.1613901717	0.1613901717	-0.2192873573	-0.1934791671	-2.15020308e-06	0.1483520474	-0.1254585085	-0.2784779483	0.09469490791	0.09469490791	-0.1063394615	-0.1757661243	-4.188239126e-06	0.3321568289	0.9240125034	-0.8353877272	-0.8916982265	-1.287123416	-1.158145958	0.6204619831	0.1973475039	0.4879618773	-0.7853996513	-0.1207714538	0.7647371486	-1.11443389	1.795214188	0.1871372561	-0.001103519756	-0.0001269203246
0.083333333	-0.1718752537	-0.1352013035	-0.3072550339	1.17599412	1.056092416	-0.1002023676	0.2899358726	0.1618853011	0.261221901	0.1612500988	0.1612500988	-0.2192657768	-0.1935052655	-2.278186876e-06	0.1485930391	-0.1255542241	-0.2784656488	0.09475160041	0.09475160041	-0.1064074488	-0.1757048774	-4.41554046e-06	0.3320831529	0.9243553949	-0.8354667799	-0.8917593621	-1.287283018	-1.158047213	0.6195756529	0.1966289412	0.4887476772	-0.7854059026	-0.1203117984	0.7648061275	-1.11434852	1.795221369	0.1870217463	-0.001080386541	-0.0001303600565
0.086111111	-0.1720301148	-0.1352055395	-0.3075158577	1.176093711	1.055999607	-0.1002242077	0.2898381989	0.1619711216	0.2613709749	0.161100703	0.161100703	-0.2192444163	-0.1934978678	-2.412760297e-06	0.1488498986	-0.1256611684	-0.2784652841	0.09481109652	0.09481109652	-0.1064769775	-0.1756383417	-4.654733586e-06	0.3319999252	0.9247223356	-0.8355135238	-0.8918651806	-1.287439677	-1.157984685	0.6185951858	0.1958366292	0.4897443368	-0.785403207	-0.1198105215	0.7649017612	-1.114235806	1.795212088	0.1869019587	-0.001055502982	-0.0001321773808
0.088888889	-0.1721906911	-0.1351843448	-0.3078486352	1.176195321	1.055934667	-0.1002349221	0.2897467374	0.1620675401	0.2615263456	0.1609428051	0.1609428051	-0.2192237897	-0.193461062	-2.458286524e-06	0.1491124458	-0.1257733856	-0.2784874911	0.09486655771	0.09486655771	-0.1065402957	-0.1755686983	-4.859556337e-06	0.3319011335	0.925108375	-0.8355530005	-0.8920508334	-1.287629398	-1.157935724	0.6176601632	0.1950988523	0.4908109827	-0.7853892104	-0.1192737098	0.7650276097	-1.114120559	1.795203844	0.1867870981	-0.001029224899	-0.0001336488864
0.091666667	-0.1723570345	-0.1351305564	-0.3082718371	1.17629938	1.055897051	-0.1002324338	0.2896604374	0.1621703939	0.2616921185	0.1607772158	0.1607772158	-0.2192045163	-0.1933982664	-2.377247196e-06	0.1493707234	-0.1258851206	-0.2785423065	0.09491143178	0.09491143178	-0.1065901488	-0.1754979013	-4.989077475e-06	0.331781083	0.9255086831	-0.8356089489	-0.8923501546	-1.287886448	-1.157875195	0.6169014826	0.1945157558	0.4918291574	-0.7853568672	-0.1187072167	0.7651866286	-1.114026178	1.795213191	0.1866857074	-0.001002122375	-0.0001359799188
0.094444444	-0.172527631	-0.135043269	-0.3087791265	1.176405361	1.055885432	-0.1002178457	0.2895788285	0.1622738399	0.2618685922	0.1606070041	0.1606070041	-0.2191868427	-0.193301836	-2.17980754e-06	0.1496234223	-0.1259916635	-0.2786314855	0.09494456821	0.09494456821	-0.1066275326	-0.1754258736	-5.009897459e-06	0.3316433383	0.9259186738	-0.8356842341	-0.8927499708	-1.288211826	-1.157786342	0.6163198667	0.1940617466	0.4927928792	-0.7853089176	-0.1181149591	0.7653738112	-1.113953912	1.795239854	0.1865965111	-0.0009747125911	-0.0001388674298
0.097222222	-0.1726997474	-0.1349264293	-0.309345054	1.176512011	1.055897883	-0.100194709	0.2895018426	0.1623707664	0.2620531279	0.1604369336	0.1604369336	-0.2191707814	-0.1931557072	-1.926914423e-06	0.1498758626	-0.1260891075	-0.2787503806	0.09496895437	0.09496895437	-0.1066598305	-0.1753509671	-4.927023182e-06	0.3314986764	0.9263339919	-0.8357657139	-0.8931998776	-1.288580511	-1.157661529	0.6158159677	0.1936329921	0.4937682399	-0.785261319	-0.1174994245	0.7655780975	-1.11388789	1.795270499	0.1865106896	-0.000947369676	-0.0001407959371
0.1	-0.1728704554	-0.1347842779	-0.3099435765	1.176618073	1.055932482	-0.100166647	0.2894291225	0.162454111	0.2622429588	0.1602716402	0.1602716402	-0.2191564994	-0.1929438075	-1.730664136e-06	0.1501332967	-0.1261736389	-0.2788940852	0.09498761716	0.09498761716	-0.1066946105	-0.1752714309	-4.792888152e-06	0.3313580474	0.926750402	-0.8358400093	-0.8936482208	-1.288966468	-1.15749533	0.6152881955	0.1931375793	0.4948118773	-0.7852350428	-0.1168631026	0.7657883406	-1.113811741	1.795291402	0.1864192508	-0.0009204331755	-0.0001401603167
0.102777778	-0.1730373509	-0.1346231884	-0.3105513659	1.176722211	1.055987121	-0.1001368181	0.2893594816	0.1625205031	0.262433597	0.1601141053	0.1601141053	-0.2191443309	-0.1926624158	-1.701186531e-06	0.150400454	-0.1262448591	-0.2790560574	0.09500403799	0.09500403799	-0.1067373638	-0.1751851558	-4.673083067e-06	0.3312313807	0.9271657733	-0.8359005516	-0.8940522653	-1.289346116	-1.157288065	0.6146641707	0.192528532	0.4959383875	-0.7852493901	-0.1162101208	0.7659953837	-1.113714051	1.795292017	0.186315572	-0.0008940649101	-0.0001359290682
0.105555556	-0.1732004484	-0.1344576592	-0.3111563178	1.176822706	1.056058914	-0.1001064893	0.2892890787	0.1625811713	0.262613881	0.1599611794	0.1599611794	-0.2191348065	-0.1923565354	-1.807854409e-06	0.1506804278	-0.1263158899	-0.2792235647	0.0950236703	0.0950236703	-0.1067851727	-0.1750887049	-4.565383667e-06	0.3311242159	0.9275861148	-0.835967403	-0.8944065247	-1.289707384	-1.157055089	0.6139868565	0.1918797394	0.497041773	-0.7852965661	-0.1155509059	0.7661977735	-1.113603586	1.795274826	0.1862024652	-0.0008680233546	-0.0001294947901
0.108333333	-0.1733603635	-0.1343042173	-0.3117491073	1.176917742	1.056144777	-0.1000764561	0.2892133677	0.162650983	0.2627709731	0.1598081724	0.1598081724	-0.2191284451	-0.192083356	-1.949548516e-06	0.1509758782	-0.1264032154	-0.2793822879	0.09505246591	0.09505246591	-0.1068330238	-0.174978308	-4.45368496e-06	0.3310410076	0.9280194191	-0.8360673482	-0.8947146889	-1.290041357	-1.156813905	0.6133277817	0.1912778739	0.4980004726	-0.7853546028	-0.11489745	0.7663959855	-1.113494182	1.795245632	0.1860851403	-0.0008420298356	-0.0001228178756
0.111111111	-0.1735176788	-0.1341792305	-0.3123204688	1.177005519	1.056241637	-0.1000474936	0.2891277718	0.1627446731	0.2628923909	0.159650451	0.159650451	-0.2191256489	-0.1918989802	-1.9789172e-06	0.1512893425	-0.1265231562	-0.2795182273	0.0950962891	0.0950962891	-0.1068760557	-0.1748503708	-4.335481768e-06	0.3309861088	0.9284735247	-0.8362266179	-0.8949800983	-1.290339282	-1.156580258	0.6127562133	0.1907896319	0.498710689	-0.785394103	-0.1142617086	0.7665903797	-1.113399513	1.795210331	0.1859687257	-0.0008158750292	-0.0001177686142
0.113888889	-0.1736704162	-0.134093824	-0.3128632427	1.17708487	1.056346793	-0.1000196402	0.2890261539	0.1628723099	0.2629788444	0.1594849902	0.1594849902	-0.219125756	-0.1918187003	-1.831137718e-06	0.1516180935	-0.1266868836	-0.2796305444	0.09515749539	0.09515749539	-0.1069146581	-0.1747079005	-4.221589953e-06	0.3309583023	0.9289525995	-0.8364483098	-0.8951959096	-1.290585903	-1.156372791	0.6122679184	0.1904154031	0.4991675293	-0.7853974585	-0.1136543802	0.7667762003	-1.113325332	1.795176221	0.1858531127	-0.000789819163	-0.0001152616963
0.116666667	-0.1738133322	-0.1340523003	-0.313372966	1.177155443	1.056458025	-0.09999197941	0.2889004449	0.1630378815	0.2630481196	0.1593108428	0.1593108428	-0.219126798	-0.1918048194	-1.604422744e-06	0.1519526795	-0.1268988851	-0.2797354647	0.0952339109	0.0952339109	-0.1069560296	-0.1745625085	-4.121009532e-06	0.3309493035	0.9294560687	-0.836705537	-0.8953419391	-1.290757114	-1.156216151	0.611763652	0.1900882057	0.4994791301	-0.7853698165	-0.1130845932	0.7669420723	-1.113267041	1.795152302	0.1857313581	-0.0007645953297	-0.0001150394402
0.119444444	-0.1739411593	-0.134058399	-0.3138453573	1.177216943	1.056573127	-0.09996352818	0.2887427169	0.1632449091	0.2631191137	0.1591272635	0.1591272635	-0.2191266829	-0.1918160499	-1.410410485e-06	0.1522834717	-0.1271631387	-0.2798503286	0.09532311636	0.09532311636	-0.1070078344	-0.174426445	-4.0300992e-06	0.3309506892	0.9299829725	-0.8369695018	-0.895396507	-1.290828081	-1.156136346	0.6111378944	0.1897421914	0.4997569539	-0.7853192229	-0.1125614686	0.767076245	-1.113219312	1.795147546	0.1855960826	-0.0007408123386	-0.0001167884758
0.122222222	-0.1740500013	-0.1341141785	-0.3142788045	1.177269159	1.056689944	-0.09993342221	0.2885471326	0.1634954691	0.2632084248	0.1589339497	0.1589339497	-0.2191234299	-0.1918158552	-1.340898262e-06	0.1526022628	-0.1274819259	-0.2799905591	0.09542274135	0.09542274135	-0.1070765608	-0.1743104757	-3.930063973e-06	0.3309543989	0.9305324528	-0.8372149293	-0.8953420652	-1.290780401	-1.156153018	0.6103040315	0.1893245952	0.5000945363	-0.7852544746	-0.1120917827	0.7671693342	-1.113176743	1.795169096	0.1854414161	-0.000718934615	-0.000120209459
0.125	-0.1741449371	-0.1342101092	-0.3146913709	1.177312516	1.056806842	-0.09990170912	0.2883215163	0.1637814683	0.2633157667	0.1587333527	0.1587333527	-0.2191161858	-0.1918028938	-1.408230229e-06	0.152909585	-0.1278455376	-0.2801574804	0.09553035278	0.09553035278	-0.1071599262	-0.1742140129	-3.826740153e-06	0.3309531138	0.9311050664	-0.8374419684	-0.8952013487	-1.290643654	-1.156232266	0.609316407	0.1888506888	0.5004693723	-0.7851896092	-0.1116644297	0.7672290818	-1.113133407	1.795211448	0.1852726345	-0.0006993022571	-0.0001247586515
0.127777778	-0.1742350809	-0.134331396	-0.3151101077	1.177347723	1.056922416	-0.09986883218	0.2880798781	0.1640902522	0.2634334544	0.1585292348	0.1585292348	-0.2191045471	-0.1917915363	-1.545866382e-06	0.1532098588	-0.1282388843	-0.2803462796	0.09564344589	0.09564344589	-0.1072516939	-0.1741313326	-3.72842381e-06	0.3309395601	0.9317020083	-0.8376617935	-0.8950160676	-1.290468882	-1.156315323	0.6082927492	0.1883642887	0.500807863	-0.7851416664	-0.111260205	0.7672708501	-1.113083206	1.795263493	0.1851000179	-0.000682217139	-0.0001297301934
0.130555556	-0.1743295688	-0.1344631604	-0.3155622762	1.177375482	1.057035269	-0.09983522245	0.2878362992	0.1644091552	0.2635539832	0.158325444	0.158325444	-0.2190880745	-0.1917961293	-1.648250514e-06	0.1535074644	-0.1286468657	-0.2805523487	0.09575945388	0.09575945388	-0.1073455717	-0.17405659	-3.634716452e-06	0.3309061234	0.9323244997	-0.8378851449	-0.8948294289	-1.290307007	-1.156342459	0.6073514541	0.1879063211	0.501037542	-0.7851282933	-0.1108598103	0.7673099646	-1.113020124	1.795314171	0.1849338781	-0.00066797343	-0.0001343362486
0.133333333	-0.1744341866	-0.1345932324	-0.3160636064	1.177396749	1.057144297	-0.0998019691	0.2876005568	0.1647247718	0.2636682992	0.1581255827	0.1581255827	-0.2190678106	-0.1918260013	-1.643245633e-06	0.1538055601	-0.1290548685	-0.2807690194	0.09587603716	0.09587603716	-0.1074359547	-0.173981439	-3.5412497e-06	0.3308513863	0.932971763	-0.8381247003	-0.8946719627	-1.290192159	-1.15627978	0.6065809173	0.1875047988	0.5011103987	-0.7851565184	-0.1104497988	0.767357048	-1.112943823	1.795354893	0.1847798914	-0.0006561426318	-0.0001379759235
0.136111111	-0.1745472507	-0.1347155441	-0.3166037439	1.17741305	1.057249044	-0.09977165465	0.2873728293	0.1650219924	0.2637635405	0.1579326167	0.1579326167	-0.2190481419	-0.1918794204	-1.568637583e-06	0.1541047614	-0.1294492927	-0.2809846269	0.09599148307	0.09599148307	-0.107518849	-0.1738921413	-3.435840317e-06	0.3307884633	0.9336384521	-0.8383983259	-0.8945427221	-1.290121322	-1.156152693	0.6060013765	0.1871658022	0.501029976	-0.7852090577	-0.1100299147	0.7674123123	-1.112866592	1.795382464	0.1846333208	-0.0006446915824	-0.0001406213662
0.138888889	-0.174666004	-0.1348249253	-0.3171687483	1.177425998	1.057349148	-0.09974706672	0.2871519177	0.1652855247	0.2638262957	0.1577493687	0.1577493687	-0.2190339755	-0.1919532249	-1.488725995e-06	0.1544052918	-0.1298167048	-0.2811867752	0.09610415275	0.09610415275	-0.1075904641	-0.173774233	-3.297354296e-06	0.3307325041	0.9343186443	-0.8387247415	-0.8944366727	-1.290086547	-1.155994728	0.605623756	0.1868917759	0.5008073343	-0.7852650471	-0.1096016658	0.7674745662	-1.112802432	1.795394456	0.1844880122	-0.0006314569725	-0.0001423060854
0.141666667	-0.1747876714	-0.1349168135	-0.3177452988	1.177437143	1.057444254	-0.09973085177	0.2869363717	0.1655011897	0.2638442857	0.1575784129	0.1575784129	-0.2190298885	-0.192044061	-1.469360421e-06	0.1547071548	-0.1301446887	-0.2813640707	0.09621256866	0.09621256866	-0.107647271	-0.1736146622	-3.092469105e-06	0.3306977001	0.9350070543	-0.8391211576	-0.8943484247	-1.290079969	-1.155837993	0.6054544846	0.1866829983	0.500456879	-0.7853046463	-0.1091665899	0.767542419	-1.11276436	1.795388508	0.1843379055	-0.0006145512857	-0.0001430438304
0.144444444	-0.1749096785	-0.1349948206	-0.3183309596	1.177447042	1.057534094	-0.09972343518	0.2867215343	0.1656710428	0.2638235448	0.1574194957	0.1574194957	-0.2190345529	-0.1921447045	-1.494168647e-06	0.155006768	-0.130435748	-0.2815219007	0.09631739296	0.09631739296	-0.1076898131	-0.1734208715	-2.82673895e-06	0.3306809893	0.9357076052	-0.8395783303	-0.8942643702	-1.290093465	-1.155693953	0.6054347018	0.1865167048	0.5000359156	-0.7853255556	-0.1087269487	0.7676113867	-1.112750472	1.795362825	0.1841784185	-0.0005951090824	-0.0001428115572
0.147222222	-0.1750296679	-0.1350688527	-0.3189316303	1.177455485	1.057618464	-0.09972353689	0.2865003112	0.1658096254	0.2637841416	0.1572701816	0.1572701816	-0.2190420993	-0.1922449434	-1.497661139e-06	0.1552978506	-0.1307038996	-0.2816785147	0.09642098419	0.09642098419	-0.1077217533	-0.1732160641	-2.534970695e-06	0.3306660958	0.9364313043	-0.8400666989	-0.8941646376	-1.290118722	-1.155558062	0.6054554306	0.1863505023	0.4996360869	-0.7853380991	-0.1082855846	0.767674622	-1.11274738	1.795316009	0.1840061083	-0.0005765340559	-0.0001415679383
0.15	-0.1751453709	-0.1351490091	-0.3195533202	1.177462244	1.057697154	-0.09972984114	0.2862655874	0.1659318036	0.2637463836	0.1571279491	0.1571279491	-0.2190465869	-0.1923345206	-1.438765465e-06	0.15557416	-0.1309635063	-0.2818523687	0.09652582362	0.09652582362	-0.1077468049	-0.1730238424	-2.244430829e-06	0.3306365991	0.9371893472	-0.8405563611	-0.8940293989	-1.290147464	-1.155425251	0.6054065991	0.1861386329	0.4993518952	-0.7853516411	-0.1078453848	0.7677252532	-1.11274139	1.795246629	0.1838175628	-0.0005622426315	-0.0001392760289
0.152777778	-0.1752554202	-0.1352433389	-0.3201996349	1.177467175	1.057769829	-0.099741533	0.2860124168	0.1660488445	0.2637224538	0.1569906414	0.1569906414	-0.2190442216	-0.192407069	-1.318390536e-06	0.1558317636	-0.1312255984	-0.2820538519	0.09663385233	0.09663385233	-0.1077681876	-0.172859772	-1.979320232e-06	0.3305812938	0.9379899609	-0.8410286868	-0.8938475515	-1.290172757	-1.155290895	0.6052152467	0.1858511514	0.4992419103	-0.7853677007	-0.107408612	0.7677608444	-1.112722892	1.79515588	0.1836119977	-0.0005541351405	-0.0001360382173
0.155555556	-0.1753618205	-0.1353516153	-0.3208647306	1.17747046	1.057835643	-0.09975978974	0.2857444257	0.166157598	0.2636922448	0.1568576138	0.1568576138	-0.2190396683	-0.1924716671	-1.20520702e-06	0.1560757356	-0.1314877304	-0.2822612825	0.09674466019	0.09674466019	-0.1077872473	-0.1727074015	-1.754052094e-06	0.3305095452	0.9388294546	-0.8415099192	-0.8936427073	-1.290193141	-1.155151443	0.6049558528	0.1855266598	0.4992175524	-0.7853598463	-0.1069749071	0.7677965654	-1.112698655	1.795055621	0.1833991498	-0.0005482447903	-0.000132488962
0.158333333	-0.1754674352	-0.1354715513	-0.3215404786	1.177472365	1.057893623	-0.09978628147	0.2854674258	0.166251371	0.2636276353	0.1567286357	0.1567286357	-0.2190397324	-0.1925412609	-1.159610215e-06	0.1563134149	-0.1317441157	-0.282445023	0.09685723912	0.09685723912	-0.1078048542	-0.1725422532	-1.563540009e-06	0.3304358502	0.9397012034	-0.8420374738	-0.8934473033	-1.290208724	-1.155002906	0.6047391338	0.1852219767	0.4991527431	-0.7852959595	-0.1065431898	0.7678519652	-1.112679583	1.794960453	0.1831914024	-0.0005392549118	-0.0001293947603
0.161111111	-0.1755751411	-0.1356012177	-0.3222190259	1.17747314	1.057942809	-0.09982259306	0.2851870512	0.1663241285	0.2635013727	0.1566033899	0.1566033899	-0.2190509783	-0.1926284144	-1.204756675e-06	0.1565519763	-0.1319896025	-0.2825763184	0.09697069774	0.09697069774	-0.1078218031	-0.1723405975	-1.369856459e-06	0.3303743679	0.9405990287	-0.842647587	-0.8932930368	-1.290219525	-1.154840205	0.6046708887	0.1849938617	0.4989238628	-0.7851471414	-0.1061124561	0.7679460867	-1.112676259	1.794884875	0.1830008006	-0.0005221211765	-0.0001275064828
0.163888889	-0.1756863965	-0.1357521961	-0.3229011595	1.177472613	1.05798296	-0.0998671076	0.2848989239	0.1663927687	0.2633190288	0.1564766301	0.1564766301	-0.2190695351	-0.1927308033	-1.290917546e-06	0.1567895513	-0.1322421652	-0.2826597593	0.0970880378	0.0970880378	-0.1078364049	-0.1721074972	-1.134777775e-06	0.3303226697	0.9415322103	-0.8433294529	-0.8931756087	-1.290212138	-1.154647443	0.6046964192	0.1848260686	0.4985506684	-0.7849393631	-0.105687687	0.7680794036	-1.112685101	1.794836329	0.1828254201	-0.0004973727083	-0.0001270577308
0.166666667	-0.1758009348	-0.1359536297	-0.3235987288	1.177470065	1.058014765	-0.09991406003	0.2845856792	0.1665039276	0.2631286558	0.1563366386	0.1563366386	-0.219077958	-0.1928267602	-1.361578929e-06	0.1570126336	-0.1325498431	-0.2827430987	0.097217401	0.097217401	-0.1078436876	-0.1718853772	-8.242022087e-07	0.3302570224	0.9425300836	-0.8440113882	-0.8930440722	-1.290155468	-1.154394879	0.6045541803	0.1845876675	0.4982543388	-0.7847593444	-0.1052818155	0.7682283643	-1.112684057	1.794812912	0.182645174	-0.0004725137069	-0.0001276271829
0.169444444	-0.175918659	-0.1362358445	-0.3243241312	1.177464736	1.058038961	-0.0999574195	0.2842292663	0.1667062246	0.2629809242	0.1561712392	0.1561712392	-0.2190578896	-0.1928933277	-1.450349317e-06	0.1572072454	-0.1329627714	-0.2828767656	0.09736745229	0.09736745229	-0.1078383612	-0.1717191034	-3.728703407e-07	0.3301528108	0.9436233189	-0.8446180795	-0.8928432807	-1.290017179	-1.154051608	0.6039697958	0.1841188123	0.4982866217	-0.7846858719	-0.1049084999	0.7683679167	-1.112649798	1.79481189	0.1824387419	-0.0004552507479	-0.0001288071001
0.172222222	-0.1760389801	-0.1366214864	-0.3250867901	1.177455805	1.058056178	-0.0999925589	0.2838162021	0.1670365278	0.2629195868	0.1559723775	0.1559723775	-0.21899467	-0.1929123982	-1.661458576e-06	0.1573623828	-0.1335189221	-0.2831041909	0.09754418342	0.09754418342	-0.1078180402	-0.1716445555	2.468095337e-07	0.3299893499	0.9448352097	-0.8450890254	-0.8925264445	-1.289771666	-1.153598471	0.6027250509	0.1832936462	0.4988484194	-0.7847768996	-0.1045791632	0.7684765352	-1.112564429	1.794830067	0.1821894349	-0.0004517434448	-0.0001302955055
0.175	-0.1761559356	-0.1370765806	-0.3258754561	1.177442064	1.058066365	-0.1000251802	0.2833656274	0.1674451317	0.2629386404	0.1557623697	0.1557623697	-0.2189011067	-0.1929014522	-1.959482143e-06	0.1574871194	-0.1341659628	-0.2834182711	0.0977324515	0.0977324515	-0.1078022532	-0.1716319415	8.187242734e-07	0.3297719591	0.946135048	-0.8454702198	-0.8921405639	-1.289444285	-1.153093548	0.6010197928	0.182217993	0.4997649957	-0.7849648018	-0.1042873851	0.7685582759	-1.112450232	1.794862179	0.1819153281	-0.0004583335231	-0.0001316433511
0.177777778	-0.1762609155	-0.1375416669	-0.3266707142	1.177422126	1.058069186	-0.1000655372	0.2829113677	0.1678437563	0.2630108444	0.1555774266	0.1555774266	-0.2188023884	-0.192893993	-2.0843521e-06	0.1575990197	-0.1348110272	-0.2837903673	0.0979071081	0.0979071081	-0.1078204415	-0.1716219267	9.74105872e-07	0.3295160047	0.9474682271	-0.8458533486	-0.8917829426	-1.289083619	-1.152625335	0.5992435555	0.1810598653	0.5007217926	-0.7851152585	-0.1040185782	0.7686286686	-1.112347453	1.794902291	0.1816501816	-0.0004671957276	-0.0001321271457
0.180555556	-0.1763450353	-0.1379572185	-0.3274543908	1.177394607	1.058064329	-0.1001238023	0.2824872569	0.1681444059	0.2631099596	0.155453969	0.155453969	-0.2187238348	-0.192923556	-1.630595475e-06	0.1577150304	-0.1353612187	-0.2841929611	0.09804234887	0.09804234887	-0.1079020125	-0.171554994	3.033228462e-07	0.3292350501	0.9487805568	-0.8463278249	-0.8915623819	-1.288738823	-1.152275826	0.5977895207	0.1799218302	0.501449721	-0.7850758792	-0.1037579413	0.7687033789	-1.112296269	1.794944731	0.1814278856	-0.0004707216166	-0.0001307293198
0.183333333	-0.1763993878	-0.1382991661	-0.3282035287	1.177359398	1.058052146	-0.1002074809	0.2821009962	0.1682982815	0.2631811957	0.1554001866	0.1554001866	-0.218680749	-0.1930028725	-5.305258298e-07	0.1578394456	-0.1357696956	-0.2845779549	0.09812181009	0.09812181009	-0.1080377742	-0.1713890111	-1.150328262e-06	0.3289492659	0.9500469323	-0.8469721471	-0.8915593533	-1.288453745	-1.15204826	0.5968729799	0.1788295066	0.5018130241	-0.7847954379	-0.1034896147	0.7688050268	-1.112320126	1.794985185	0.1812601856	-0.0004633477959	-0.0001270426864
0.186111111	-0.176415609	-0.1386226288	-0.3288823895	1.177319238	1.058034417	-0.1003182664	0.2817020592	0.1683435315	0.2631041217	0.1553609843	0.1553609843	-0.2186657603	-0.1930981571	4.039585627e-07	0.1579494972	-0.1360923813	-0.2848491861	0.09815138094	0.09815138094	-0.1081322038	-0.1711207951	-2.213260272e-06	0.3286970486	0.951306422	-0.8478447142	-0.891770134	-1.288259294	-1.151781909	0.5963072715	0.1777407093	0.5019024474	-0.7844731502	-0.103195653	0.7689716304	-1.112405321	1.795021903	0.1811090997	-0.0004437193257	-0.0001225452476
0.188888889	-0.1763857551	-0.1389932755	-0.3294531023	1.177277256	1.058013087	-0.1004570836	0.2812322921	0.1683299048	0.2627490771	0.155272741	0.155272741	-0.2186682662	-0.1931690957	3.378778451e-07	0.1580192691	-0.1363989444	-0.2849035472	0.09814029172	0.09814029172	-0.1080781275	-0.1707526327	-1.470813551e-06	0.3285207943	0.9526065177	-0.8490025094	-0.8921767859	-1.288184196	-1.151296219	0.595851944	0.1766138987	0.5018325889	-0.7843422268	-0.102857818	0.7692431929	-1.112533127	1.795053459	0.1809298329	-0.0004111368515	-0.0001190546999
0.191666667	-0.1763062721	-0.1394707782	-0.329888158	1.177236543	1.057989549	-0.1006230146	0.2806408928	0.1683082906	0.2620074403	0.1550772223	0.1550772223	-0.2186762994	-0.193177847	-1.274293779e-06	0.1580243852	-0.1367575551	-0.2846590123	0.09809480571	0.09809480571	-0.1077839878	-0.1702923895	2.4250615e-06	0.3284583978	0.9539916525	-0.8504853243	-0.8927617845	-1.288246682	-1.150441534	0.5952784622	0.1754036744	0.5017268062	-0.7846052677	-0.1024621235	0.7696563835	-1.112686132	1.7950803	0.1806810656	-0.0003654984156	-0.000118380875
0.194444444	-0.176231604	-0.1400295534	-0.3303187279	1.177199585	1.057957674	-0.1007874871	0.2799791346	0.1683480508	0.261088601	0.1547938409	0.1547938409	-0.2186611727	-0.1931298578	-3.398660196e-06	0.157952766	-0.1372168215	-0.2843537843	0.09797256751	0.09797256751	-0.1073907444	-0.1698262358	7.786452109e-06	0.3284535159	0.9554645572	-0.852057581	-0.8935243699	-1.288316816	-1.149500462	0.5945003614	0.1740997895	0.5017815633	-0.7851018415	-0.1020576776	0.7701995712	-1.112867605	1.795132105	0.1803750107	-0.0003153569439	-0.0001202288312
0.197222222	-0.1762613149	-0.1405792859	-0.3309963126	1.177168441	1.057905544	-0.1009008215	0.2793767931	0.1685326379	0.2604446212	0.1545007408	0.1545007408	-0.2185816664	-0.1930649153	-4.403936952e-06	0.1578025473	-0.137811143	-0.2844703116	0.09769458215	0.09769458215	-0.1072175735	-0.1695006117	1.121350096e-05	0.3283782719	0.9569964452	-0.8532738698	-0.8944752773	-1.28815127	-1.149092416	0.5935363241	0.1727583672	0.5022229426	-0.7854089073	-0.1017424155	0.770824324	-1.113096673	1.79526021	0.1800650994	-0.0002751522203	-0.000122983788
0.2	-0.1764968159	-0.1410292965	-0.3321723849	1.177145193	1.057821085	-0.1009130907	0.2789652178	0.1689458423	0.2605302212	0.1542759505	0.1542759505	-0.2183968213	-0.1930247474	-3.623293819e-06	0.1575733016	-0.1385756417	-0.2854934043	0.09718251466	0.09718251466	-0.1075873126	-0.1694632908	1.048075108e-05	0.3281054818	0.9585584789	-0.8536877774	-0.8956207525	-1.28750488	-1.149850812	0.5924032117	0.1714728117	0.5032550899	-0.7851070996	-0.1016159086	0.7714816758	-1.113392861	1.795515501	0.1798056578	-0.0002587319509	-0.0001254888173
0.202777778	-0.1769976951	-0.1413222914	-0.3339833505	1.177130416	1.057697719	-0.1007980517	0.2788263806	0.1696266369	0.2616041576	0.1541698129	0.1541698129	-0.2180926149	-0.1930410235	-1.556400407e-06	0.1572776641	-0.1395201771	-0.2876886986	0.09640394869	0.09640394869	-0.1086901844	-0.169795548	5.462287429e-06	0.3275670077	0.9601308517	-0.8530543355	-0.8969396795	-1.286241996	-1.152128048	0.591143784	0.170280113	0.5049735042	-0.7839303629	-0.1017355033	0.7721356053	-1.11376784	1.795927814	0.1796310734	-0.0002736980568	-0.0001271866865
0.205555556	-0.1776548207	-0.1415302829	-0.3361192851	1.177118856	1.05755094	-0.10062289	0.2788486797	0.1704340498	0.2631570782	0.1541280682	0.1541280682	-0.217760432	-0.1931041633	3.453415057e-07	0.1569762472	-0.1405509712	-0.2904627986	0.09550122067	0.09550122067	-0.1101877436	-0.1703148907	-8.222310175e-07	0.3269191854	0.9617281626	-0.8519137897	-0.8983326286	-1.284657082	-1.155147731	0.5899154909	0.1690927432	0.5069432523	-0.7823123077	-0.1019882996	0.7728011622	-1.114200781	1.796444927	0.1794973495	-0.0003033727612	-0.0001285906695
0.208333333	-0.178314259	-0.1417577806	-0.3381650328	1.177103955	1.057402064	-0.1004775924	0.2788705328	0.1711827605	0.2644947825	0.154071345	0.154071345	-0.2175186495	-0.1931954696	8.603409511e-07	0.1567363034	-0.1415486493	-0.2930162903	0.0946551151	0.0946551151	-0.111609242	-0.1707714544	-5.283701151e-06	0.3263645207	0.9633746331	-0.8509916892	-0.8996955466	-1.283148404	-1.157851904	0.5889061276	0.1679004034	0.5085068657	-0.780934209	-0.1022178834	0.7735061452	-1.114662214	1.796995337	0.1793415813	-0.0003259433704	-0.0001299589898
0.211111111	-0.1788220299	-0.1421071521	-0.3397200753	1.177079446	1.057272383	-0.1004499541	0.2787320444	0.1716908046	0.2649442993	0.1539234366	0.1539234366	-0.2174832148	-0.1932976054	-4.17679009e-07	0.1566183571	-0.1423955611	-0.2945740995	0.09403752884	0.09403752884	-0.1124921167	-0.1709187473	-6.017266192e-06	0.3260906958	0.9650947831	-0.8509875955	-0.9009432194	-1.28210287	-1.159205683	0.5883000775	0.1668345513	0.5089048787	-0.7805555325	-0.1022694165	0.774277281	-1.115121982	1.797508945	0.1791029648	-0.0003207685595	-0.0001310883243
0.213888889	-0.1791098684	-0.1426080428	-0.3406637287	1.17704335	1.057171193	-0.1005678296	0.2783663054	0.1718957819	0.2643370965	0.1536697574	0.1536697574	-0.2176639829	-0.1933922463	-2.540862113e-06	0.1566243833	-0.1430436211	-0.29491666	0.09370837293	0.09370837293	-0.1126870403	-0.1706896062	-3.684738537e-06	0.3261180443	0.9668924186	-0.8520867904	-0.9020150472	-1.281636753	-1.158909407	0.5880914965	0.1658934116	0.5079888822	-0.7813610323	-0.1020851216	0.775096696	-1.115552827	1.797926681	0.1787696899	-0.0002839867419	-0.0001309898889
0.216666667	-0.1792238181	-0.1431964246	-0.3412296794	1.176999139	1.057091901	-0.1007820063	0.2778282269	0.1718902199	0.2631498173	0.1533732232	0.1533732232	-0.2179330244	-0.1934589618	-4.116215873e-06	0.1566865418	-0.1435358242	-0.2945340678	0.09358844903	0.09358844903	-0.1124510235	-0.1702514236	-5.420265239e-07	0.3262620966	0.9687440229	-0.8538217598	-0.902863219	-1.281519267	-1.157615915	0.5880218029	0.164836264	0.5064628014	-0.7827373218	-0.1017345165	0.7758886967	-1.115932066	1.798202023	0.1783926673	-0.0002322887917	-0.0001279784843
0.219444444	-0.1792199262	-0.1438021142	-0.3416708937	1.176950667	1.05702665	-0.1010385051	0.2771826548	0.1717762841	0.2618972764	0.1531005762	0.1531005762	-0.2181531116	-0.1934772958	-4.496995338e-06	0.1567362649	-0.143921553	-0.2939582952	0.09359167366	0.09359167366	-0.1120681066	-0.1697885608	1.885442693e-06	0.3263315205	0.9706241021	-0.8556883495	-0.903433969	-1.281497639	-1.156044807	0.5878090652	0.1635009097	0.5050200226	-0.7840607822	-0.1012964997	0.7765739885	-1.116237491	1.798287775	0.178026643	-0.0001825107777	-0.0001202675227
0.222222222	-0.1791534941	-0.1443650027	-0.3422105412	1.17690171	1.056968001	-0.1012887472	0.2764903832	0.171648605	0.2610284794	0.1529073625	0.1529073625	-0.2182062023	-0.1934323683	-4.260962744e-06	0.1567165958	-0.1442504651	-0.2936561362	0.09364176895	0.09364176895	-0.1117914105	-0.1694642589	3.088962149e-06	0.3261661195	0.9725118768	-0.8572466867	-0.9036804222	-1.281345373	-1.15484149	0.5872023667	0.1618716403	0.5041819746	-0.7848367291	-0.1008449675	0.7770857315	-1.116452091	1.798146929	0.1777191315	-0.0001479103265	-0.0001064398276
0.225	-0.1790612499	-0.1448927697	-0.3428823312	1.176854761	1.056912398	-0.1015213803	0.2757750012	0.171549871	0.2605400275	0.1527803338	0.1527803338	-0.2181139899	-0.1933435274	-4.06358928e-06	0.156635107	-0.1445664657	-0.2936496751	0.09372282549	0.09372282549	-0.1116523967	-0.1692779526	3.16664158e-06	0.3257976535	0.9744185409	-0.8584866494	-0.9036425948	-1.281030239	-1.154057643	0.5862278027	0.1600848085	0.5038713072	-0.7850822849	-0.1004118082	0.7774459003	-1.116597146	1.79783075	0.1774655988	-0.000127338568	-8.833721237e-05
0.227777778	-0.1789711118	-0.1454233042	-0.3436363299	1.176811714	1.056858055	-0.1017416343	0.2750429325	0.1714999232	0.2602270812	0.1526758951	0.1526758951	-0.2179608314	-0.1932449247	-4.13007264e-06	0.1565273447	-0.1449106945	-0.2937630873	0.09384546905	0.09384546905	-0.1115834462	-0.169155182	2.487471359e-06	0.3253432627	0.9763696842	-0.8595897569	-0.903403712	-1.280608111	-1.153473195	0.5850366371	0.1582831087	0.5037869868	-0.7850184162	-0.1000097294	0.7777161773	-1.116711072	1.797430783	0.1772382659	-0.0001139611955	-6.953623307e-05
0.230555556	-0.1789109441	-0.1459946486	-0.3444226715	1.176774469	1.056803202	-0.1019547909	0.2743003179	0.1715188771	0.2598845458	0.1525504341	0.1525504341	-0.2178313242	-0.1931703168	-4.43561447e-06	0.1564287089	-0.1453243659	-0.2938202682	0.0940202402	0.0940202402	-0.1115165371	-0.1690210494	1.679818402e-06	0.3249213239	0.97839125	-0.8607388596	-0.9030527643	-1.280136333	-1.152860839	0.5837797054	0.1565805378	0.5036461986	-0.7848611305	-0.09965110799	0.7779583632	-1.116832225	1.797038971	0.1770094154	-0.0001014978844	-5.392507844e-05
0.233333333	-0.1788965283	-0.1466330286	-0.3452103054	1.176744099	1.056747652	-0.1021651263	0.2735485301	0.1716195959	0.2593886755	0.1523756751	0.1523756751	-0.2177722564	-0.1931382691	-4.800321274e-06	0.1563579059	-0.145833554	-0.293719357	0.09424796488	0.09424796488	-0.1114060498	-0.1688350567	1.373410639e-06	0.3246023408	0.9805058513	-0.8620444469	-0.9026601113	-1.279650977	-1.152081963	0.5825305383	0.1550214158	0.5033118562	-0.7847651571	-0.09934270062	0.7782127099	-1.116980949	1.796710807	0.1767706558	-8.667140184e-05	-4.381764383e-05
0.236111111	-0.1789161314	-0.1473382144	-0.3460098704	1.176719787	1.056694791	-0.1023746679	0.2727781409	0.171798043	0.2587971549	0.1521575696	0.1521575696	-0.2177459113	-0.1931343222	-5.173033238e-06	0.1562960387	-0.1464302049	-0.2935241246	0.09450784129	0.09450784129	-0.1112565376	-0.1686336623	1.6806709e-06	0.324346526	0.9827280251	-0.8634530616	-0.9022402912	-1.279138223	-1.15120952	0.5811931839	0.1535079449	0.5029708058	-0.7847336096	-0.09907897464	0.7784712742	-1.11713759	1.796419899	0.1765565732	-7.189215802e-05	-3.743943794e-05
0.238888889	-0.1789541885	-0.1481061513	-0.3468380731	1.176700417	1.056648506	-0.1025850748	0.2719784281	0.172047738	0.2581927621	0.1519070522	0.1519070522	-0.2177030643	-0.1931398155	-5.476742812e-06	0.1562189366	-0.1471014701	-0.2933213263	0.09477603855	0.09477603855	-0.1110795512	-0.1684636645	2.327770281e-06	0.3240977045	0.9850709751	-0.8648876319	-0.9017924705	-1.278575982	-1.150349878	0.5796512072	0.1519205494	0.5028598603	-0.7847379121	-0.09885277499	0.7787195107	-1.117277199	1.796128775	0.1764075245	-6.027913034e-05	-3.232778054e-05
0.241666667	-0.1789959149	-0.1489317795	-0.3477107934	1.176684845	1.056612516	-0.1027980173	0.2711403451	0.1723610537	0.257654449	0.1516357143	0.1516357143	-0.2175978891	-0.1931373526	-5.614627223e-06	0.1561041495	-0.14783365	-0.2931933538	0.09502943284	0.09502943284	-0.1108873721	-0.1683681103	2.710992465e-06	0.3238016375	0.9875461751	-0.8662750694	-0.9013081923	-1.277942536	-1.14961039	0.5778010463	0.1501536835	0.5031983918	-0.7847415106	-0.09865739315	0.7789439663	-1.117377279	1.795802392	0.1763589369	-5.464401037e-05	-2.595547834e-05
0.244444444	-0.1790410519	-0.1497990319	-0.3486232449	1.176672231	1.056587674	-0.1030164755	0.2702784915	0.1727157546	0.2571934581	0.1513590169	0.1513590169	-0.2174361802	-0.1931234944	-5.61667572e-06	0.1559600035	-0.1486033065	-0.2931462284	0.09525774298	0.09525774298	-0.1106998059	-0.1683362407	2.494052132e-06	0.3234612894	0.990142866	-0.8676286578	-0.9008020103	-1.277246354	-1.149026354	0.5756998129	0.1482274644	0.5039349143	-0.784720706	-0.09849245604	0.7791489331	-1.117449938	1.795441394	0.1763730032	-5.39893638e-05	-1.732256194e-05
0.247222222	-0.1791007254	-0.1506834675	-0.3495550954	1.176661995	1.056572609	-0.1032444338	0.2694258658	0.1730787031	0.2567690508	0.1510953961	0.1510953961	-0.2172636354	-0.1931054204	-5.58771382e-06	0.1558186701	-0.1493797282	-0.2931273509	0.09546048601	0.09546048601	-0.1105422866	-0.1683158134	1.807891007e-06	0.3231243868	0.9928336061	-0.869028404	-0.9003160347	-1.276520719	-1.148570422	0.573527217	0.1462363351	0.5048215587	-0.7846638572	-0.09836237311	0.7793525158	-1.11753378	1.795073923	0.1763556274	-5.452071652e-05	-6.60825604e-06
0.25	-0.1791865158	-0.151560408	-0.3504864669	1.176653571	1.056565889	-0.1034858505	0.2686162639	0.1734168673	0.2563397818	0.1508635771	0.1508635771	-0.2171272043	-0.1930906351	-5.581629533e-06	0.155712937	-0.1501322166	-0.2930833128	0.0956372078	0.0956372078	-0.110440303	-0.1682533532	9.814442852e-07	0.3228396951	0.9955909936	-0.8705552582	-0.899901817	-1.275800791	-1.1482064	0.5714659916	0.1442442759	0.5056260117	-0.7845560119	-0.09827154663	0.7795733375	-1.117667948	1.794728889	0.176211352	-5.257683162e-05	6.000627857e-06
0.252777778	-0.1793034111	-0.1524195847	-0.3514047167	1.176646408	1.05656728	-0.1037435293	0.2678655616	0.1737130554	0.2558746535	0.150671337	0.150671337	-0.2170569569	-0.1930846749	-5.600499829e-06	0.1556592442	-0.1508461668	-0.2929786978	0.09578464175	0.09578464175	-0.1104040225	-0.1681133023	4.888187881e-07	0.322634175	0.998402698	-0.8722637427	-0.8996040158	-1.275113001	-1.147891906	0.5696291603	0.1422626759	0.5062187731	-0.7843893505	-0.09821982249	0.7798266836	-1.117874588	1.794424447	0.1758801802	-4.55150281e-05	2.033923001e-05
0.255555556	-0.1794294492	-0.1533083624	-0.3523236072	1.176639965	1.056581396	-0.1040157951	0.267116862	0.1740121329	0.2553827657	0.1504821664	0.1504821664	-0.2170146294	-0.1930850042	-5.691743547e-06	0.1556084187	-0.1515706042	-0.2928481571	0.09588894809	0.09588894809	-0.1103826017	-0.1679320012	5.767004598e-07	0.322446877	1.00131503	-0.8741042771	-0.8994068234	-1.274444615	-1.147587153	0.5678508895	0.1402204809	0.5067987629	-0.7842010849	-0.09818929043	0.7801138823	-1.118108514	1.794135741	0.1754437498	-3.399224142e-05	3.662094901e-05
0.258333333	-0.1795361317	-0.1542884265	-0.3532632453	1.176633683	1.056614061	-0.1042998533	0.2662951726	0.174374287	0.2548832198	0.1502485683	0.1502485683	-0.2169447235	-0.1930869055	-5.905870344e-06	0.1554950265	-0.1523703482	-0.2927438058	0.09593383187	0.09593383187	-0.1103100146	-0.1677636694	1.217127047e-06	0.3221945653	1.004388643	-0.8760010604	-0.8992722686	-1.273772561	-1.147256361	0.5658952986	0.1380443785	0.5076352909	-0.7840396241	-0.09815772922	0.7804325999	-1.118307808	1.793827492	0.1750189588	-1.968460694e-05	5.507196823e-05
0.261111111	-0.1795967001	-0.1554195032	-0.3542438275	1.176626954	1.056670892	-0.1045928647	0.2653285397	0.1748582481	0.2543952243	0.1499246028	0.1499246028	-0.2167927502	-0.1930858356	-6.268639849e-06	0.1552560018	-0.153308669	-0.2927178035	0.09590320585	0.09590320585	-0.1101223251	-0.167661352	2.092936712e-06	0.3217957419	1.007682523	-0.8778785606	-0.8991565517	-1.273073161	-1.146870403	0.5635314598	0.1356881524	0.5089753157	-0.7839542897	-0.09810382392	0.7807804001	-1.11841178	1.793465601	0.1747205688	-4.506086735e-06	7.587918114e-05
0.263888889	-0.1796417742	-0.1566919218	-0.3552852656	1.176618776	1.056749427	-0.104891435	0.2642541767	0.1754720765	0.2539277171	0.1495138344	0.1495138344	-0.2165514569	-0.193093398	-6.741585814e-06	0.1549170794	-0.1543938341	-0.2928098618	0.09578392912	0.09578392912	-0.1098337663	-0.1676404586	2.504485738e-06	0.3212741754	1.01120173	-0.8797119624	-0.8990980411	-1.27232253	-1.146517025	0.5607455229	0.1331750362	0.5108625767	-0.7839384743	-0.09803560818	0.7811583132	-1.118403497	1.79304569	0.1745845445	1.011941689e-05	9.764929379e-05
0.266666667	-0.1797767632	-0.1580062475	-0.3564061447	1.176607716	1.056836668	-0.1051915491	0.2632512883	0.1761584336	0.2534745321	0.1490834698	0.1490834698	-0.2162753455	-0.193142923	-7.176097824e-06	0.1546203474	-0.1555633221	-0.2930416862	0.09556714852	0.09556714852	-0.1095595943	-0.1676679657	1.917791298e-06	0.3207946897	1.014881861	-0.8815468129	-0.8992515777	-1.271497075	-1.146433418	0.5578077336	0.1305846289	0.5131007309	-0.783907836	-0.09799902755	0.781572207	-1.118322739	1.792601054	0.1745446298	2.422234392e-05	0.0001169207213
0.269444444	-0.1801128208	-0.1592576841	-0.3576231465	1.176592407	1.056918846	-0.1054893003	0.2625089693	0.1768562838	0.2530257481	0.1487040244	0.1487040244	-0.2160234772	-0.193270132	-7.429027732e-06	0.1545174637	-0.1567510408	-0.2934308557	0.09524539893	0.09524539893	-0.1094208556	-0.1677081671	6.168150877e-07	0.3205378786	1.018654602	-0.8834401245	-0.8997834509	-1.270573315	-1.14686806	0.5550089432	0.1279913153	0.5154844524	-0.7837727835	-0.0980423819	0.782028557	-1.118212949	1.792166482	0.1745279781	3.89512144e-05	0.0001301605121
0.272222222	-0.1807391447	-0.1603569529	-0.3589474085	1.176571804	1.056984372	-0.1057814096	0.2621819078	0.1775119386	0.2525727039	0.1484337573	0.1484337573	-0.2158438026	-0.1935020563	-7.508314796e-06	0.1547322352	-0.1578984704	-0.2939911422	0.09481154037	0.09481154037	-0.1095126431	-0.1677307747	-3.721121824e-07	0.320656044	1.022458506	-0.8854443131	-0.9008330584	-1.269532228	-1.148018113	0.5525931174	0.125436571	0.517847775	-0.7834587418	-0.09820435507	0.7825339117	-1.118114701	1.791768153	0.1744661805	5.571587482e-05	0.0001352816854
0.275	-0.1815773065	-0.1613237388	-0.360368268	1.176546456	1.057038369	-0.1060676913	0.2621686514	0.1781209338	0.252141551	0.1482498214	0.1482498214	-0.2156965235	-0.1937938154	-7.29056523e-06	0.155167702	-0.1589936112	-0.2947354889	0.09425150047	0.09425150047	-0.1097447395	-0.1677407125	-9.857899311e-07	0.3210348023	1.026277934	-0.8875149503	-0.9023163291	-1.268386263	-1.149706068	0.5504461029	0.1228304446	0.5202323055	-0.783018233	-0.09845357144	0.7830932535	-1.118048012	1.791375594	0.1743225751	7.0588338e-05	0.0001406835218
0.277777778	-0.1824733973	-0.1622271229	-0.3618650322	1.176517653	1.057093485	-0.106349383	0.2622522357	0.1787005976	0.251774575	0.1480928919	0.1480928919	-0.2155023746	-0.1940676422	-6.883048767e-06	0.1556271225	-0.1600449223	-0.2956770995	0.0935478103	0.0935478103	-0.1099440092	-0.1677582308	-1.696267736e-06	0.3214371865	1.030117573	-0.8895614271	-0.904047268	-1.267162885	-1.151586359	0.5482907013	0.1200197835	0.5227768265	-0.782553476	-0.09872727964	0.7837106605	-1.118023822	1.790933504	0.1740745312	7.634968345e-05	0.0001595245662
0.280555556	-0.1832733989	-0.1631370731	-0.3634164581	1.176486729	1.057162395	-0.1066278053	0.2622151247	0.1792681105	0.2515141983	0.1479034039	0.1479034039	-0.2151819825	-0.1942453722	-6.695197814e-06	0.1559133657	-0.1610606213	-0.2968292616	0.0926830383	0.0926830383	-0.1099375503	-0.167803128	-2.933408403e-06	0.3216236801	1.033982117	-0.8914907896	-0.9058382663	-1.26589051	-1.153315286	0.545847086	0.1168446241	0.5256272026	-0.7821560405	-0.09896269646	0.7843899193	-1.118053108	1.790386993	0.1736995085	6.494104496e-05	0.0002050890421
0.283333333	-0.1839343602	-0.1640957032	-0.3649909951	1.176452149	1.057249007	-0.1069076727	0.2619902018	0.1798442517	0.25135276	0.1476561074	0.1476561074	-0.2147212307	-0.1943218485	-7.12598536e-06	0.1559958463	-0.1620588466	-0.2981368206	0.09169202474	0.09169202474	-0.1096909767	-0.1679178361	-4.5800489e-06	0.3215457437	1.037888328	-0.8932955542	-0.9075751092	-1.264568534	-1.154741937	0.5429553064	0.1132250171	0.5288805118	-0.781856021	-0.0991285885	0.7851196018	-1.118127232	1.789696577	0.173221367	3.597047455e-05	0.0002795101519
0.286111111	-0.1846611205	-0.1650815033	-0.3665343515	1.176405898	1.057337657	-0.1072011997	0.2618464787	0.1804586134	0.2511695697	0.1474021216	0.1474021216	-0.2142524001	-0.1944560354	-8.134659603e-06	0.1562164335	-0.1630811498	-0.2993905729	0.09072643927	0.09072643927	-0.109478937	-0.1681970332	-5.818605498e-06	0.3215897694	1.041880376	-0.8951676494	-0.9093109579	-1.263129667	-1.156140807	0.5397282357	0.109271734	0.5325107662	-0.7815687029	-0.09926420665	0.7858547497	-1.118193334	1.788856486	0.1727678301	7.462665309e-06	0.0003595811957
0.288888889	-0.1856912104	-0.1660632993	-0.3679900595	1.176339058	1.057410079	-0.1075215104	0.2620977889	0.1811421284	0.2508287467	0.1472028041	0.1472028041	-0.2139277782	-0.1948296684	-9.331189737e-06	0.1569665478	-0.1641726104	-0.3003609173	0.08995302999	0.08995302999	-0.1096184096	-0.1687432357	-6.519337005e-06	0.3222064143	1.046006074	-0.897331369	-0.911121966	-1.261496526	-1.157845925	0.5363185543	0.1051467894	0.5364529379	-0.7812091	-0.09941843699	0.7865459048	-1.118192385	1.787865664	0.1724808149	-1.147905899e-07	0.0004186199144
0.291666667	-0.1872393968	-0.1670098822	-0.3693055706	1.176243731	1.057449549	-0.1078804344	0.2630292616	0.1819206086	0.2502043074	0.1471150369	0.1471150369	-0.2138905086	-0.1956128575	-9.973169754e-06	0.15860357	-0.165371963	-0.3008309987	0.08952792073	0.08952792073	-0.1103999105	-0.169648255	-6.563710704e-06	0.3238176176	1.05030508	-0.9000040727	-0.9130739475	-1.259598503	-1.160162472	0.5328768659	0.1010329638	0.5406151746	-0.7807147061	-0.0996376681	0.7871462335	-1.11807297	1.786729912	0.1724895758	3.190767495e-05	0.0004320564499
0.294444444	-0.1891860194	-0.1679007012	-0.3704891206	1.17612786	1.057462421	-0.1082709502	0.2645019581	0.1827441207	0.2493357973	0.1471362532	0.1471362532	-0.2141381977	-0.1967902252	-9.370331768e-06	0.1609729315	-0.1666199356	-0.3007939551	0.08945154396	0.08945154396	-0.1116983873	-0.1708310171	-7.764662321e-06	0.3262780285	1.054702727	-0.9031630274	-0.9150622068	-1.257480289	-1.162944955	0.5294726136	0.09707182921	0.5448280332	-0.7801216246	-0.09992783723	0.7876466428	-1.117900703	1.785553195	0.1727299889	9.585199322e-05	0.0004048931162
0.297222222	-0.1911563256	-0.1687266323	-0.3715895801	1.176011968	1.057472639	-0.1086721317	0.2660514019	0.1835056279	0.2483855909	0.1472164184	0.1472164184	-0.214556539	-0.1982028949	-7.636290673e-06	0.1635292742	-0.1677839623	-0.300399926	0.08960675579	0.08960675579	-0.1130639815	-0.1720770361	-1.124767574e-05	0.3290067225	1.059038392	-0.9066022471	-0.9168689274	-1.255276936	-1.165699314	0.5261137924	0.09327564382	0.548935174	-0.7795032945	-0.1002634359	0.7880675772	-1.117831881	1.784513047	0.1729893759	0.0001657514692	0.0003653346222
0.3	-0.1927719509	-0.1694829716	-0.3726480965	1.175917445	1.057504368	-0.1090635372	0.2672056324	0.1840983208	0.247512086	0.1473015078	0.1473015078	-0.2150287865	-0.1996876378	-5.868720581e-06	0.1657217227	-0.1687328302	-0.2997959745	0.08987628461	0.08987628461	-0.1140320347	-0.1731687801	-1.536705057e-05	0.3314182285	1.063151984	-0.91011829	-0.9183012847	-1.25312712	-1.167920747	0.5228114114	0.08952433874	0.5528724549	-0.7788867555	-0.1006177937	0.7884309665	-1.118025884	1.783786012	0.173051701	0.0002180415549	0.0003427623309
0.302777778	-0.1937490041	-0.1701756127	-0.3737048769	1.175860912	1.057575977	-0.1094271921	0.2676018395	0.1844562225	0.246847935	0.1473450415	0.1473450415	-0.2154483304	-0.2011007539	-5.655358928e-06	0.1671211326	-0.1693844625	-0.2991247354	0.09015786309	0.09015786309	-0.1142602297	-0.1739472571	-1.743170346e-05	0.3330544435	1.0669306	-0.9135349862	-0.9192409535	-1.251135035	-1.169229976	0.519578749	0.08560708825	0.5566612202	-0.7782391584	-0.1009596259	0.78875415	-1.11857798	1.783480295	0.1727720339	0.0002378728994	0.0003577854359
0.305555556	-0.1941736843	-0.1708405882	-0.3748211619	1.175838243	1.05768326	-0.1097525404	0.2673118392	0.1846719831	0.2464425449	0.1473387248	0.1473387248	-0.2157482876	-0.2023794185	-6.772782789e-06	0.1677736209	-0.1698437835	-0.2985294298	0.09040210155	0.09040210155	-0.1139154198	-0.1744840965	-1.604612168e-05	0.3339545939	1.070441208	-0.9167713275	-0.9197767652	-1.249264328	-1.169759175	0.5164215609	0.08136030234	0.5603796744	-0.7774386415	-0.1012404449	0.7890341468	-1.119324615	1.783441048	0.1722895222	0.000236990646	0.0003972510357
0.308333333	-0.1942238754	-0.1715198516	-0.3760658411	1.175839929	1.057816456	-0.1100306545	0.2665156184	0.1848768025	0.2463261848	0.1472844779	0.1472844779	-0.2158709969	-0.2034804399	-8.200244034e-06	0.1678427007	-0.1702611487	-0.2981550223	0.09057191349	0.09057191349	-0.1132944867	-0.1749091352	-1.261822429e-05	0.3342798714	1.073794453	-0.9197680144	-0.9200414797	-1.247443727	-1.169767949	0.5133420774	0.07661888923	0.564132454	-0.7763250954	-0.1014076434	0.7892624834	-1.120036935	1.783450087	0.1718144633	0.0002327813179	0.0004403044023
0.311111111	-0.1940770682	-0.1722526217	-0.3775080278	1.175856405	1.05796581	-0.1102527385	0.2653936955	0.1851987801	0.2465278871	0.1471851822	0.1471851822	-0.2157597907	-0.204361644	-8.718753579e-06	0.1674920179	-0.1707835858	-0.2981451621	0.0906300369	0.0906300369	-0.1126920881	-0.1753504286	-1.044841103e-05	0.334191976	1.077098703	-0.9224670052	-0.9201624433	-1.245603174	-1.169516195	0.5103418568	0.07117701549	0.5680582114	-0.7747074579	-0.101410141	0.7894311062	-1.120489527	1.783294663	0.1715536064	0.0002419361876	0.0004680401436
0.313888889	-0.1939154289	-0.1730174846	-0.3791657427	1.175880779	1.058118683	-0.1104203996	0.2641677278	0.1856767711	0.2469820886	0.1470602796	0.1470602796	-0.215427883	-0.2050421725	-7.951595695e-06	0.1669358749	-0.1714636548	-0.2985491922	0.09055197704	0.09055197704	-0.112259556	-0.1758578871	-1.142230528e-05	0.3339506524	1.080406426	-0.9249211558	-0.9203034564	-1.243699965	-1.169255152	0.5074536147	0.06500476845	0.5722157077	-0.7725408865	-0.1012526321	0.7895627505	-1.120612161	1.782888631	0.1715644985	0.0002694780369	0.0004753399315
0.316666667	-0.19392595	-0.173714261	-0.3809915131	1.175909656	1.058258744	-0.110548645	0.2631123656	0.1862344197	0.2475011931	0.1469507293	0.1469507293	-0.2149798757	-0.2056216593	-6.62288774e-06	0.1664534863	-0.1722314554	-0.2992950556	0.09032925362	0.09032925362	-0.1119616151	-0.176379263	-1.435393819e-05	0.3339423605	1.083697925	-0.9273270013	-0.9206722674	-1.241723767	-1.169229847	0.5047537801	0.05851250565	0.5764017088	-0.7700948914	-0.1010119131	0.7897204085	-1.120536792	1.782308285	0.1717108333	0.0003054374402	0.0004735492196
0.319444444	-0.1942934799	-0.1742363931	-0.382935416	1.175939808	1.058369576	-0.1106531406	0.2625041992	0.1867883508	0.2478911748	0.1468991433	0.1468991433	-0.2145266955	-0.206206012	-5.422496999e-06	0.166325959	-0.1730088937	-0.3003044815	0.08995351438	0.08995351438	-0.1117506125	-0.1768545434	-1.748074961e-05	0.3345609686	1.086948783	-0.9298910327	-0.9214656664	-1.239661936	-1.169695286	0.5023254302	0.05243410037	0.5801828585	-0.7678236803	-0.1007690405	0.7899697407	-1.120409291	1.781640164	0.1718435806	0.0003387673974	0.0004752705863
0.322222222	-0.1951542107	-0.1744904257	-0.3849516906	1.175968963	1.058438682	-0.1107476434	0.2625579904	0.1872587208	0.2479921367	0.1469424079	0.1469424079	-0.2141682102	-0.2068833982	-4.838886344e-06	0.1667750208	-0.1737191523	-0.3014937858	0.08942877426	0.08942877426	-0.1115835682	-0.177231107	-1.921789999e-05	0.3361173303	1.090129204	-0.9327866904	-0.9228185975	-1.237504634	-1.170853393	0.5002326594	0.0476543162	0.5830169246	-0.7662592827	-0.1005898417	0.7903634324	-1.12035847	1.780966658	0.1718325306	0.0003599524736	0.0004915287493
0.325	-0.1963018107	-0.1744870263	-0.3870208767	1.176002335	1.058481487	-0.1108328199	0.2630429375	0.187587499	0.2478916302	0.1470766082	0.1470766082	-0.2139190775	-0.2076033541	-4.393188438e-06	0.1675970426	-0.1742938914	-0.3027334374	0.08885572629	0.08885572629	-0.111449811	-0.1775154269	-2.059190188e-05	0.3382998707	1.09317132	-0.9359220648	-0.924512174	-1.235291973	-1.172458195	0.4983819669	0.04407921197	0.5850230648	-0.7653100667	-0.1004307406	0.790857365	-1.120384053	1.780339992	0.1716822597	0.0003714837505	0.0005194965676
0.327777778	-0.1973786734	-0.1742868771	-0.3891320876	1.176048742	1.058525785	-0.1109038154	0.2635293175	0.1877267719	0.2477850514	0.1472782744	0.1472782744	-0.2137565916	-0.2082534242	-3.65484516e-06	0.1684002545	-0.1746699348	-0.3038699032	0.08837981111	0.08837981111	-0.1113514282	-0.1777405562	-2.263802322e-05	0.3405202338	1.095991591	-0.9390875746	-0.9261910048	-1.233090412	-1.174057569	0.4966073489	0.04097341	0.5867508391	-0.7644960465	-0.1001992552	0.7913639967	-1.120427979	1.779798355	0.1714576096	0.0003822058788	0.0005496168279
0.330555556	-0.1980290377	-0.1739545557	-0.3912723112	1.176117261	1.058599265	-0.1109560281	0.2635877466	0.1876291491	0.2478656106	0.1475226584	0.1475226584	-0.2136585007	-0.2087211424	-2.605897381e-06	0.1687945425	-0.1747855167	-0.3047472812	0.08814725115	0.08814725115	-0.1112887457	-0.1779389866	-2.513513792e-05	0.3421899378	1.098508284	-0.9420726021	-0.9275250664	-1.230969753	-1.175195899	0.494742294	0.0374475613	0.5888466232	-0.763260181	-0.09980283922	0.7917956153	-1.120432253	1.779378987	0.1712237689	0.0004024706725	0.0005717478657
0.333333333	-0.1980493285	-0.1735549562	-0.3934356106	1.176212421	1.058718803	-0.1109859342	0.262958469	0.1872961019	0.2482601028	0.1477856321	0.1477856321	-0.2135982265	-0.2089444467	-1.589653262e-06	0.1685475263	-0.1746355129	-0.3052884708	0.08823926744	0.08823926744	-0.1112495531	-0.1781341183	-2.685804705e-05	0.3429603521	1.100700451	-0.944749406	-0.9283531066	-1.228959327	-1.175634469	0.492677209	0.03279975195	0.5918105952	-0.7611908532	-0.09919225108	0.7920996177	-1.120365924	1.779098842	0.1710323346	0.0004384156925	0.0005797444509
0.336111111	-0.1975721474	-0.1731476372	-0.3956340015	1.17632821	1.058877388	-0.1109920529	0.2617584013	0.186838452	0.248950718	0.1480460464	0.1480460464	-0.213538693	-0.2089741703	-1.024513866e-06	0.1677751687	-0.1743403012	-0.3055959431	0.08859099925	0.08859099925	-0.1111958096	-0.1783310044	-2.64439043e-05	0.3430190785	1.102680471	-0.9471789118	-0.9288382413	-1.22699171	-1.175632723	0.4904296769	0.02703732607	0.5956374462	-0.7583358749	-0.09841481481	0.7923022085	-1.120258212	1.778931032	0.1709042425	0.0004840769345	0.0005775285244
0.338888889	-0.1967733604	-0.1727891331	-0.397885371	1.176456954	1.059064997	-0.1109728573	0.2601534935	0.186381262	0.2499044153	0.1482846006	0.1482846006	-0.2134401777	-0.2088760932	-7.115923656e-07	0.166636392	-0.1740357632	-0.3058012352	0.08911595892	0.08911595892	-0.1110874594	-0.1785315709	-2.434635884e-05	0.342618047	1.104577649	-0.9494410056	-0.9291615011	-1.224983033	-1.175534477	0.4880362482	0.02036378338	0.6001922956	-0.7548317374	-0.09753094361	0.7924401739	-1.120146602	1.778843148	0.1708561737	0.0005311557984	0.0005708192811
0.341666667	-0.1958271372	-0.1725295108	-0.4002076166	1.176590859	1.059271579	-0.1109271453	0.2583109615	0.1860430869	0.2510872983	0.1484847913	0.1484847913	-0.2132651781	-0.2087161005	1.278183398e-09	0.1652886341	-0.1738505778	-0.3060388008	0.08972405225	0.08972405225	-0.1108896664	-0.1787369763	-2.253498438e-05	0.3420061876	1.106515731	-0.9516151654	-0.9294784009	-1.22284849	-1.175698004	0.4855414382	0.01311860714	0.6052532266	-0.7508602513	-0.09660056994	0.7925491344	-1.120066302	1.778801658	0.1709028572	0.000571560095	0.0005655326492
0.344444444	-0.1949093012	-0.1723488679	-0.4025789859	1.176722849	1.059483594	-0.1108623494	0.25644477	0.1858456513	0.2523956553	0.1486523623	0.1486523623	-0.2130258722	-0.2085636954	1.203757007e-06	0.1639240364	-0.1738162124	-0.3064233904	0.09029275375	0.09029275375	-0.110637368	-0.1789402345	-2.227495569e-05	0.3414978362	1.108542446	-0.9538599559	-0.9299297546	-1.220550114	-1.176324792	0.4830485839	0.005638374616	0.6105471976	-0.7466035476	-0.09567825293	0.7926458824	-1.120014703	1.77875318	0.1710303593	0.0006032982299	0.0005621899552
0.347222222	-0.1941966458	-0.1721733028	-0.4049484273	1.176846484	1.05968484	-0.1107924662	0.2548050809	0.1857372574	0.2536725671	0.1488098902	0.1488098902	-0.2127732782	-0.2084910395	2.540204075e-06	0.1627613473	-0.1738902473	-0.307055055	0.09067421823	0.09067421823	-0.1104185246	-0.179128782	-2.330064453e-05	0.3414575559	1.110648072	-0.9563937622	-0.9306576026	-1.218088726	-1.177468602	0.4807018338	-0.001789358963	0.6157897082	-0.742249822	-0.09481418966	0.7927327943	-1.11995977	1.778629347	0.1712027082	0.0006289879727	0.0005572485268
0.35	-0.1938647929	-0.1719265406	-0.4072663825	1.176955404	1.059859169	-0.1107314736	0.2536422847	0.1856661186	0.2547617472	0.1489803775	0.1489803775	-0.2125598139	-0.2085702558	3.775564563e-06	0.1620183199	-0.1740296211	-0.3080355328	0.09071909636	0.09071909636	-0.1103216334	-0.1792908534	-2.458071605e-05	0.3422494052	1.112822632	-0.9594344705	-0.9318068734	-1.215467372	-1.179156114	0.4786424271	-0.008837742271	0.6206725513	-0.738040519	-0.09405803118	0.7928121457	-1.119868401	1.778361959	0.1713833743	0.0006512279134	0.0005474955713
0.352777778	-0.194029636	-0.1715395904	-0.409495019	1.177045842	1.059995021	-0.1106895804	0.2531339745	0.1855781694	0.2555476849	0.1491879606	0.1491879606	-0.2124307315	-0.2088491504	4.896097968e-06	0.1618497992	-0.174185677	-0.3094160126	0.09033498842	0.09033498842	-0.110417178	-0.1794186401	-2.532921164e-05	0.344128033	1.115042188	-0.9631374598	-0.9334727415	-1.212691505	-1.18137769	0.4769722377	-0.01525385348	0.6249687838	-0.7341762236	-0.09344014848	0.7928853456	-1.119716676	1.777906658	0.1715367747	0.0006718241638	0.0005311560199
0.355555556	-0.1945720493	-0.1709766906	-0.4116374234	1.177124287	1.060098883	-0.1106624325	0.2531684906	0.1854053911	0.2560724869	0.1494613942	0.1494613942	-0.2124015942	-0.2092787029	6.421248222e-06	0.162163316	-0.1742850392	-0.3110395548	0.08965976915	0.08965976915	-0.110703521	-0.1795182677	-2.681918055e-05	0.3469117533	1.117225248	-0.967410385	-0.9355455299	-1.209773433	-1.184063199	0.4756497711	-0.02124665627	0.6288648821	-0.7304917029	-0.09291509451	0.7929493759	-1.119518774	1.777312106	0.1716310738	0.0006904453297	0.000510627558
0.358333333	-0.1953160448	-0.1702133016	-0.4137010813	1.177199985	1.060181559	-0.1106424863	0.2535625328	0.1850762685	0.2564116717	0.1498284486	0.1498284486	-0.2124822566	-0.2097869676	8.34563332e-06	0.1628084632	-0.1742496726	-0.3126906441	0.08889127433	0.08889127433	-0.1111595899	-0.1795989591	-2.95424766e-05	0.3503209197	1.119276128	-0.9721105545	-0.9378688985	-1.20672862	-1.187136766	0.4745977892	-0.02719892862	0.6326798285	-0.7266835489	-0.09241870987	0.7929999978	-1.119298738	1.776649661	0.1716351729	0.0007062588999	0.0004887700426
0.361111111	-0.1960867455	-0.1692300872	-0.41568843	1.177282383	1.060253838	-0.1106225833	0.2541310212	0.1845215549	0.2566367753	0.1503132116	0.1503132116	-0.2126830599	-0.2103033127	9.956980242e-06	0.1636357237	-0.1740054502	-0.3141514041	0.08822684161	0.08822684161	-0.1117602112	-0.179669773	-3.214332955e-05	0.3540833358	1.121101798	-0.9771047431	-0.9402920968	-1.203574058	-1.190531102	0.4737397355	-0.03355984278	0.636763198	-0.7223977424	-0.09188739837	0.7930328168	-1.119081447	1.775989363	0.1715192969	0.0007187056228	0.0004674897577
0.363888889	-0.1966885178	-0.1680816833	-0.417635852	1.177378916	1.060331798	-0.1105926874	0.254613751	0.18374636	0.256899014	0.1508926241	0.1508926241	-0.2129567071	-0.2107519707	1.084561369e-05	0.1643997345	-0.1735473882	-0.3153694826	0.08775774838	0.08775774838	-0.1124117044	-0.1797386789	-3.307872834e-05	0.357808168	1.122684499	-0.9821887973	-0.9426621429	-1.200321994	-1.194145596	0.4730127581	-0.04089593749	0.641496354	-0.7172363581	-0.09127218984	0.7930440045	-1.118911511	1.775375078	0.1713154478	0.0007297917053	0.0004471855998
0.366666667	-0.1968977183	-0.1669167817	-0.4196292653	1.177494156	1.060438517	-0.1105386308	0.2546526573	0.1828516183	0.257458024	0.1514844888	0.1514844888	-0.2131786606	-0.2110485498	1.164724512e-05	0.1647278425	-0.1729579697	-0.3165126287	0.08743590936	0.08743590936	-0.1129334831	-0.179811945	-3.237006941e-05	0.3609404147	1.124104159	-0.9870562748	-0.9448201563	-1.196977038	-1.197833375	0.4723738928	-0.04993407379	0.6473021641	-0.7107381129	-0.09054298028	0.7930306325	-1.11885899	1.774817088	0.1711363517	0.0007444555334	0.0004274660536
0.369444444	-0.1964886399	-0.165891192	-0.4217609307	1.177632321	1.060597623	-0.1104457791	0.2538825124	0.1819435269	0.2585827279	0.1520034624	0.1520034624	-0.2132177799	-0.2111069031	1.333077009e-05	0.1642372468	-0.1723239373	-0.3177650279	0.08720335203	0.08720335203	-0.1131397349	-0.1798947922	-3.112369828e-05	0.3629062958	1.125448006	-0.9913870356	-0.9466094479	-1.1935426	-1.201457107	0.4717883296	-0.06155774541	0.6546577011	-0.7023192002	-0.08967101924	0.7929897478	-1.118995731	1.77432346	0.1711005615	0.0007673185871	0.0004083442833
0.372222222	-0.1953085631	-0.1651299699	-0.4240943312	1.177795056	1.060826108	-0.1103059164	0.2520443581	0.1811064759	0.2604622261	0.1523802757	0.1523802757	-0.2129735473	-0.2108701117	1.677720483e-05	0.1626604898	-0.1717157331	-0.3192729755	0.08700531547	0.08700531547	-0.1128954557	-0.1799907202	-3.201140075e-05	0.363300607	1.126795183	-0.9949599111	-0.9479201635	-1.190021255	-1.204933248	0.4712465161	-0.07656624772	0.6639126412	-0.6914167911	-0.08864074411	0.7929182896	-1.119370437	1.773889846	0.1713050379	0.0008007643625	0.0003900422983
0.375	-0.1937448149	-0.1645257415	-0.4264534797	1.177967512	1.061091538	-0.1101601229	0.2496651549	0.1802788208	0.262673289	0.1526528163	0.1526528163	-0.2125800119	-0.2104997228	2.009242938e-05	0.1605947224	-0.1711021141	-0.3208816261	0.08681587042	0.08681587042	-0.1124261775	-0.1800976844	-3.437922011e-05	0.3630398635	1.128167657	-0.9983576758	-0.9489724678	-1.186417231	-1.208448415	0.4708550702	-0.09354997155	0.6739858242	-0.6789356968	-0.08753113537	0.7928130559	-1.119860736	1.77341635	0.1716843234	0.0008382902476	0.0003705696106
0.377777778	-0.1924225325	-0.1638611366	-0.4285628426	1.17812771	1.061339736	-0.1100709575	0.2476220532	0.1793376453	0.2645273553	0.1529087321	0.1529087321	-0.2122750331	-0.2102531126	2.1351198e-05	0.1590174813	-0.1704084556	-0.3223124493	0.08661690985	0.08661690985	-0.1121167932	-0.1802112636	-3.522883945e-05	0.3636188457	1.12956362	-1.002507983	-0.9501247346	-1.182734651	-1.212267079	0.4707525349	-0.1094786951	0.6829559879	-0.6669535533	-0.0864619433	0.7926708381	-1.120267542	1.772760776	0.1720999851	0.0008703036056	0.00034725654
0.380555556	-0.1919621241	-0.1629119742	-0.4301548935	1.178253957	1.061516932	-0.1101002804	0.2467896706	0.1781638715	0.2653459973	0.1532378032	0.1532378032	-0.2122940846	-0.2103848744	2.048797061e-05	0.1588983517	-0.1695613239	-0.323299037	0.08638510451	0.08638510451	-0.1123508835	-0.1803276793	-3.125357596e-05	0.3665190822	1.130980875	-1.008323522	-0.9517221446	-1.178976729	-1.216596438	0.4710502966	-0.1205482922	0.6887017067	-0.65818996	-0.08555093708	0.7924886006	-1.120392017	1.771782008	0.1724134046	0.0008882371465	0.0003179989418
0.383333333	-0.1926294284	-0.1615795953	-0.4311236784	1.178336729	1.061599555	-0.1102734896	0.2475439328	0.1767130509	0.2648331094	0.1536809151	0.1536809151	-0.2127404103	-0.2110013753	1.963060167e-05	0.160647837	-0.1685337985	-0.323724742	0.08611170112	0.08611170112	-0.1132823417	-0.1804465095	-2.445537404e-05	0.3723699909	1.132416339	-1.016191998	-0.9538917051	-1.17515198	-1.221468903	0.4717780629	-0.1246057357	0.6902026859	-0.654246219	-0.08485619972	0.7922774781	-1.120172988	1.770449959	0.1725529061	0.0008882589286	0.0002837402687
0.386111111	-0.1939064141	-0.1600611316	-0.4317104213	1.178393819	1.061631091	-0.1105358023	0.2491491318	0.1751077545	0.2635258962	0.1541625141	0.1541625141	-0.2134285576	-0.2118818117	2.09881956e-05	0.1634410128	-0.1674097423	-0.3237818693	0.08583045597	0.08583045597	-0.1145425092	-0.1805723549	-2.29529081e-05	0.3799224225	1.133878834	-1.025360025	-0.9563093189	-1.171284028	-1.226635239	0.4728314979	-0.1244123366	0.6891532591	-0.6532060881	-0.08430538178	0.7920803243	-1.119856821	1.768978535	0.1725970751	0.0008768566313	0.0002501689269
0.388888889	-0.1951749495	-0.1586031706	-0.4321897174	1.17844744	1.061663789	-0.1108227115	0.2507198895	0.1734972142	0.2620563655	0.1545836952	0.1545836952	-0.2141383713	-0.2127625737	2.447812919e-05	0.1662965586	-0.1662965986	-0.3236828106	0.08558862305	0.08558862305	-0.1156812854	-0.1807107496	-2.833821347e-05	0.3877089632	1.135388955	-1.034960235	-0.9586129998	-1.167402856	-1.231836555	0.4740956654	-0.1236271044	0.6876478354	-0.6524919513	-0.0838091546	0.7919448685	-1.119732031	1.767611133	0.1726458209	0.0008632102802	0.0002222267171
0.391666667	-0.1958490087	-0.1574456396	-0.432820031	1.178519848	1.061747246	-0.1110721118	0.2514123766	0.1720291013	0.2610191375	0.1548462836	0.1548462836	-0.2146641411	-0.2133933652	2.736572848e-05	0.1682828296	-0.1653057301	-0.3236166315	0.08543802735	0.08543802735	-0.1162601452	-0.1808655429	-3.365785307e-05	0.3943476759	1.136976887	-1.044185406	-0.9604795939	-1.163540563	-1.236851847	0.475468284	-0.1258836428	0.6877397887	-0.6495514202	-0.08328041684	0.7919154039	-1.120067916	1.766574168	0.1727945036	0.0008577030489	0.0002024261277
0.394444444	-0.1957569455	-0.1565885232	-0.4337615237	1.178621234	1.061891847	-0.1112452764	0.2510167165	0.1707230039	0.2606685118	0.1549772308	0.1549772308	-0.214945803	-0.2137150808	2.8622857e-05	0.1690997397	-0.1644377664	-0.3236939368	0.0854097568	0.0854097568	-0.1162276524	-0.1810254223	-3.337390677e-05	0.3993265859	1.138591894	-1.052636087	-0.9618054707	-1.159710807	-1.241653125	0.4769495532	-0.1334835002	0.6906718265	-0.6427256671	-0.08266442818	0.7919768226	-1.120837248	1.765900181	0.173057287	0.0008633803215	0.0001865594076
0.397222222	-0.1950446457	-0.155844325	-0.4351003665	1.17875207	1.062077758	-0.111321296	0.2498114794	0.169496726	0.2610015265	0.1551022603	0.1551022603	-0.2150354605	-0.2138172751	2.935462432e-05	0.1689312862	-0.1636035722	-0.3239710678	0.08551708622	0.08551708622	-0.1158385592	-0.1811673317	-2.823920771e-05	0.4027928647	1.140114355	-1.060213428	-0.9626539296	-1.15591061	-1.246362432	0.4786276375	-0.1478523229	0.6970460877	-0.6309064684	-0.08193144952	0.7920679249	-1.121783618	1.765475154	0.1733841664	0.0008756523335	0.0001662753642
0.4	-0.1938654569	-0.1550222741	-0.436919232	1.178912472	1.062284398	-0.1112798458	0.2480868446	0.1682650531	0.2620077971	0.1553485436	0.1553485436	-0.2149902854	-0.213794788	3.023168514e-05	0.1679737004	-0.1627115077	-0.3245024024	0.08577290121	0.08577290121	-0.1153585384	-0.1812663314	-2.183418089e-05	0.4049087151	1.141422782	-1.066824422	-0.9631022278	-1.152135943	-1.251126299	0.4806117565	-0.1707948742	0.7074187036	-0.6126516002	-0.08105211413	0.7921260385	-1.122644245	1.765182713	0.1737218347	0.0008874590914	0.0001336934338
0.402777778	-0.1923614732	-0.1539835182	-0.4392580937	1.179101259	1.062494693	-0.1111110189	0.2460913814	0.1669630812	0.2636399252	0.1558056288	0.1558056288	-0.2148621423	-0.2137266986	3.142448948e-05	0.166411878	-0.1616959038	-0.3253273775	0.08616585061	0.08616585061	-0.114994671	-0.1813051165	-1.82722308e-05	0.4058719068	1.142438735	-1.072456168	-0.9632402705	-1.148380838	-1.256103241	0.4830118933	-0.2040634146	0.7219374045	-0.5864780218	-0.08001353754	0.7921074247	-1.123225055	1.764925797	0.1740284057	0.0008921043553	8.41210936e-05
0.405555556	-0.1906346439	-0.1527913674	-0.4419937144	1.179312131	1.062705474	-0.1108459374	0.2439125402	0.1656088182	0.2657092406	0.156418887	0.156418887	-0.2146768757	-0.2136277012	3.26859185e-05	0.16438574	-0.160596632	-0.3264321831	0.08658699421	0.08658699421	-0.1147122367	-0.1813057825	-1.690977671e-05	0.4060167319	1.143256627	-1.077408467	-0.9631782626	-1.144624235	-1.261429966	0.4858810242	-0.247091026	0.7392703582	-0.5525667166	-0.07887060741	0.7920459549	-1.123607555	1.764681994	0.174313017	0.000891539177	2.423136607e-05
0.408333333	-0.1887737157	-0.1515574704	-0.4449705641	1.179537283	1.062917438	-0.1105253216	0.2415946742	0.1642416974	0.2680012267	0.1571005449	0.1571005449	-0.2144523771	-0.2134960079	3.443551502e-05	0.1620160852	-0.1594787779	-0.3278000998	0.08689928948	0.08689928948	-0.1144166658	-0.1813009175	-1.675436815e-05	0.405689801	1.144013739	-1.08203868	-0.9630166323	-1.140836043	-1.267239487	0.4892535747	-0.298167823	0.75758334	-0.5119648779	-0.07769459524	0.7919952931	-1.123942368	1.764449029	0.1745988199	0.0008896503907	-3.598220224e-05
0.411111111	-0.1868657812	-0.1503898918	-0.4480412774	1.179768811	1.06313152	-0.1101890849	0.2391812779	0.162901983	0.2703095074	0.1577664094	0.1577664094	-0.2142063524	-0.2133311698	3.760976869e-05	0.159418087	-0.1584067255	-0.3294225873	0.0869642727	0.0869642727	-0.1140158089	-0.1813236618	-1.701326575e-05	0.4052183242	1.144846507	-1.086684375	-0.9628404873	-1.136978011	-1.273659412	0.4931571603	-0.3547318421	0.7750196398	-0.4664575066	-0.07655588735	0.7920088956	-1.124377174	1.764226869	0.174909552	0.0008898380793	-8.567928104e-05
0.413888889	-0.1850288451	-0.1493290477	-0.4510592507	1.180001483	1.06334218	-0.1098702994	0.2367843489	0.1615941476	0.2723931366	0.1583670989	0.1583670989	-0.2139780025	-0.2131756206	4.145391284e-05	0.1567773826	-0.1574078982	-0.3312190941	0.08671512512	0.08671512512	-0.1135251023	-0.1813694842	-1.710516598e-05	0.405016232	1.145823456	-1.091706153	-0.9627338164	-1.13302432	-1.280771639	0.4975840397	-0.4141883144	0.7902331643	-0.4180106444	-0.07551673459	0.7921011137	-1.124933267	1.764030789	0.1752368331	0.0008894693817	-0.0001218163006
0.416666667	-0.1834218246	-0.1483275383	-0.4538736222	1.18023375	1.063535228	-0.1095935453	0.2346062966	0.1602751704	0.2739606562	0.1588967321	0.1588967321	-0.2138346788	-0.213126974	4.305525343e-05	0.1543754993	-0.1564616624	-0.3330095041	0.08617962026	0.08617962026	-0.1130996935	-0.1813832545	-1.641050624e-05	0.4056258769	1.146923726	-1.097509087	-0.9627894379	-1.128973478	-1.288588416	0.5024771284	-0.4744939856	0.8025449303	-0.3683083879	-0.07462903626	0.7922346128	-1.125468014	1.763894376	0.1755295513	0.0008787403853	-0.0001523241888
0.419444444	-0.1822056406	-0.1473295489	-0.4563341375	1.180464492	1.063695942	-0.1093827379	0.2328556461	0.1588997422	0.274718636	0.1593532142	0.1593532142	-0.2138449968	-0.2132862761	4.0404676e-05	0.1524995541	-0.1555450308	-0.3346094576	0.08539087554	0.08539087554	-0.1129029678	-0.181306419	-1.365675287e-05	0.4075996979	1.148119245	-1.104501646	-0.9630947045	-1.12482299	-1.2970711	0.5077645525	-0.533203082	0.8115483439	-0.3194406567	-0.07394363364	0.7923684273	-1.125828633	1.763852196	0.1757341164	0.0008485773746	-0.0001856996271
0.422222222	-0.1814977811	-0.1462895183	-0.4583318123	1.180692767	1.063813523	-0.1092559315	0.2316868063	0.1574342732	0.2744656564	0.1597394789	0.1597394789	-0.2140567182	-0.2137260429	3.340514314e-05	0.1513670203	-0.1546393885	-0.3358826739	0.08438639555	0.08438639555	-0.1130636716	-0.1810964123	-8.256424575e-06	0.4113398376	1.149385698	-1.112975194	-0.9637079717	-1.120563474	-1.306160591	0.5133957759	-0.5882540279	0.8172349234	-0.2732363178	-0.07349608804	0.7924681226	-1.125889842	1.763929539	0.1758087901	0.0007928137128	-0.0002292185508
0.425	-0.1810973791	-0.1452580905	-0.4600642578	1.180917918	1.063906407	-0.1091880173	0.2308501239	0.1559332242	0.2736774578	0.1600878405	0.1600878405	-0.2143727417	-0.2143110737	2.580958517e-05	0.150679086	-0.1537604102	-0.33703652	0.08323974081	0.08323974081	-0.1134551086	-0.1808260285	-3.513835319e-06	0.4161029786	1.150754125	-1.122332278	-0.9645174237	-1.116160805	-1.316026926	0.5195175343	-0.6434438118	0.8204961117	-0.2267679197	-0.07321056141	0.7925491745	-1.12572321	1.764085034	0.1757963009	0.0007163689109	-0.0002813997915
0.427777778	-0.1806637915	-0.1443323248	-0.4618628342	1.181139408	1.06400585	-0.1091349044	0.2299172698	0.1544895675	0.2731280636	0.1604416764	0.1604416764	-0.2146317938	-0.2148120793	2.123051011e-05	0.1499105182	-0.152939193	-0.3384251593	0.08204326761	0.08204326761	-0.1138351197	-0.180620046	-2.911041029e-06	0.4206392649	1.152285677	-1.131584828	-0.9653406414	-1.111581721	-1.327032339	0.5263559359	-0.7060350162	0.8219416751	-0.1742500679	-0.07296180714	0.7926497165	-1.12548824	1.764246934	0.1757768013	0.000628106169	-0.0003361546755
0.430555556	-0.1798597156	-0.1436131505	-0.4640567032	1.181356599	1.064142863	-0.1090528384	0.2284628886	0.1531957743	0.2735870233	0.1608423925	0.1608423925	-0.2146740339	-0.2149990665	2.106347774e-05	0.1485408394	-0.1522073818	-0.3403966615	0.08089130871	0.08089130871	-0.1139602449	-0.1806021344	-8.222987987e-06	0.4236993103	1.154049148	-1.139746163	-0.9659995919	-1.106811445	-1.339671546	0.5341009935	-0.7843410391	0.8210870347	-0.1090614773	-0.07262518909	0.7928084802	-1.125344447	1.764343461	0.1758301099	0.0005352677528	-0.0003862185411
0.433333333	-0.1786183104	-0.1431701524	-0.4667186097	1.181564263	1.06432665	-0.1089372413	0.2263856645	0.1521203489	0.2752706779	0.1612955813	0.1612955813	-0.2144681356	-0.2148072801	2.188846404e-05	0.1464847647	-0.1516172764	-0.3429675195	0.07987183278	0.07987183278	-0.1137493873	-0.1808281474	-1.750057265e-05	0.4249830979	1.156118673	-1.146595522	-0.9664807856	-1.101832616	-1.354315544	0.5428187656	-0.8798591823	0.815694119	-0.03028531	-0.07216333991	0.7930596866	-1.12539828	1.7643401	0.1759902623	0.0004381205723	-0.0004274264613
0.436111111	-0.1774664616	-0.1429911477	-0.4693559606	1.181747264	1.064518446	-0.1088700954	0.2242997729	0.1512800238	0.2771719596	0.1617313564	0.1617313564	-0.2142648017	-0.2145409819	1.526064868e-05	0.1446147072	-0.1512666197	-0.3454305992	0.07905108316	0.07905108316	-0.1134851701	-0.1812076411	-2.301614576e-05	0.4263158726	1.15856691	-1.153627802	-0.9670984218	-1.096545814	-1.370624613	0.5525345676	-0.9760847746	0.8037873578	0.04812156829	-0.07173228733	0.7934250611	-1.125638387	1.76428447	0.1761888293	0.000325527796	-0.0004652672177
0.438888889	-0.1769988938	-0.1430426233	-0.4714193441	1.181888794	1.06467401	-0.1089434057	0.2229076401	0.1506857575	0.2781411995	0.1620764866	0.1620764866	-0.2143471627	-0.2145528788	-2.84126805e-06	0.1439115769	-0.1512565118	-0.3470084018	0.07847985293	0.07847985293	-0.1135016317	-0.1816304572	-1.930932271e-05	0.4297826491	1.161461854	-1.162545293	-0.9681441722	-1.09077089	-1.387867421	0.5635631194	-1.052907792	0.7870280145	0.1094830288	-0.07151302489	0.7939221804	-1.126038011	1.764235894	0.1763420255	0.000184939052	-0.0005083159847
0.441666667	-0.1777491826	-0.1432776285	-0.4724234734	1.181973215	1.064753111	-0.1092392468	0.2228504796	0.1503392177	0.2771361256	0.1622725571	0.1622725571	-0.2149645456	-0.2151647733	-2.934058739e-05	0.1452567171	-0.1516647842	-0.347011561	0.07818783821	0.07818783821	-0.1141144683	-0.1819914458	-6.581553444e-06	0.437298231	1.164844435	-1.174911198	-0.9698307819	-1.084297321	-1.405122135	0.576485906	-1.091683786	0.7701061552	0.1391422281	-0.0716718001	0.7945623713	-1.126571746	1.764247961	0.1763703132	4.348175694e-06	-0.0005668233678
0.444444444	-0.1795024871	-0.1436326498	-0.4725533575	1.18201186	1.064768309	-0.1097154052	0.2239138283	0.1501652253	0.2744096716	0.1623616184	0.1623616184	-0.2160029016	-0.2162962893	-5.203228037e-05	0.1482680766	-0.1523731946	-0.3457184144	0.07804685245	0.07804685245	-0.1152438549	-0.1822509274	-1.703899316e-06	0.4483099094	1.168573795	-1.190289489	-0.9719225879	-1.077176686	-1.422501706	0.59144874	-1.102353476	0.7544731095	0.1456606128	-0.07215769265	0.7953014881	-1.127223588	1.764285654	0.1762908345	-0.0002188200562	-0.0006423662538
0.447222222	-0.1814916574	-0.1440544367	-0.4724617659	1.182039213	1.064771885	-0.1102376786	0.225230953	0.1500469399	0.2711609165	0.1624427286	0.1624427286	-0.217091466	-0.2175683672	-6.327674087e-05	0.1516238637	-0.1531447028	-0.3440972276	0.07782888324	0.07782888324	-0.1164810486	-0.1824267669	-1.843289234e-05	0.4604364937	1.172403172	-1.206777924	-0.9738982543	-1.069680949	-1.44110433	0.6080673616	-1.116284353	0.7368677777	0.1537126089	-0.07275230835	0.7960558877	-1.127982569	1.764240436	0.176196633	-0.0004758680815	-0.0007287544965
0.45	-0.1829643991	-0.1445191207	-0.47275441	1.182093581	1.064816241	-0.1106739278	0.2259239871	0.1498938739	0.2685509258	0.1625903009	0.1625903009	-0.2178842998	-0.218609484	-6.984863552e-05	0.1540164395	-0.1537845105	-0.3430667674	0.07732883303	0.07732883303	-0.1173752825	-0.1825485879	-4.824663977e-05	0.4713564608	1.176127991	-1.22254657	-0.9752787648	-1.062086407	-1.462239532	0.6258473983	-1.164624044	0.7124152587	0.1863259908	-0.07323199303	0.7967446639	-1.128834782	1.763995367	0.1761836817	-0.0007530138009	-0.000819255706
0.452777778	-0.1833549916	-0.1450150727	-0.4738853293	1.182207092	1.064940995	-0.1109195764	0.2253206381	0.1496507317	0.2674600482	0.1628510897	0.1628510897	-0.2181541905	-0.2191469548	-8.790375606e-05	0.1544535408	-0.1541687879	-0.3432931168	0.07642723326	0.07642723326	-0.1175585702	-0.1826456639	-6.801647188e-05	0.479278419	1.179614669	-1.236178597	-0.9757058827	-1.054673746	-1.487230972	0.6439517326	-1.272234733	0.6724732911	0.2593565902	-0.07341841072	0.7973095603	-1.129763403	1.763474976	0.1763242296	-0.001033331714	-0.0009060280023
0.455555556	-0.1827441576	-0.1454749111	-0.4758911906	1.182376382	1.065137116	-0.1109661374	0.2235549389	0.1493012191	0.267846875	0.1632501029	0.1632501029	-0.2180337318	-0.219249342	-0.0001193147727	0.1530801579	-0.1542990739	-0.3446523356	0.07526441824	0.07526441824	-0.1171074514	-0.182717328	-7.13624829e-05	0.4841856313	1.182852283	-1.247554135	-0.9751690148	-1.047664249	-1.516321439	0.6609785089	-1.43937476	0.6044662096	0.3665438218	-0.0733175709	0.797766242	-1.130751681	1.762784144	0.1765886055	-0.001300481313	-0.000981685575
0.458333333	-0.1813643922	-0.1458105869	-0.478721633	1.18258807	1.065383821	-0.1108277338	0.2209590078	0.1488295773	0.2694575777	0.1638132607	0.1638132607	-0.2177375982	-0.2190679612	-0.0001579484214	0.1503129858	-0.1541934259	-0.3468424622	0.07403807638	0.07403807638	-0.1162231544	-0.1827502515	-6.580505004e-05	0.4864579981	1.18584704	-1.256828503	-0.9738008667	-1.041296106	-1.549140756	0.6749062577	-1.658005406	0.4905274305	0.489780065	-0.07298137668	0.7981490052	-1.131783992	1.762074874	0.1769250303	-0.0015372006	-0.001036161871
0.461111111	-0.1794371143	-0.1459327381	-0.4823362836	1.182827669	1.065661069	-0.1105182276	0.2178570691	0.1482147429	0.2720488459	0.1645686855	0.1645686855	-0.2174711954	-0.2187510837	-0.0001942864963	0.14655508	-0.1538607206	-0.3495776232	0.07293604109	0.07293604109	-0.1151166935	-0.1827267018	-6.735873675e-05	0.4864403095	1.188598522	-1.264126064	-0.9718371174	-1.03577709	-1.584578603	0.6835447554	-1.917000202	0.312137938	0.5999079346	-0.0724614414	0.7984902378	-1.132845721	1.761497913	0.1772832971	-0.00172815481	-0.001058983311
0.463888889	-0.177252145	-0.1458419864	-0.4865326457	1.183076063	1.065948684	-0.1100851742	0.2145952712	0.1474838893	0.2751901805	0.1654772639	0.1654772639	-0.217332606	-0.2184167369	-0.000225087717	0.1423184222	-0.1533722281	-0.3525288329	0.07205970838	0.07205970838	-0.1140106094	-0.18266758	-8.690078585e-05	0.4849373427	1.19117551	-1.27004147	-0.9696280509	-1.031075723	-1.621127095	0.6858688938	-2.204399738	0.06799978147	0.6585050383	-0.07184363834	0.7988214357	-1.133911808	1.761114128	0.1776283792	-0.001875283514	-0.001047805234
0.466666667	-0.1751923182	-0.1456515456	-0.4909080566	1.183308616	1.066226526	-0.1096191363	0.211552005	0.1467331077	0.2782189575	0.1664162187	0.1664162187	-0.2172830056	-0.2181440746	-0.000256330892	0.1382537745	-0.1528871306	-0.355324876	0.07139350384	0.07139350384	-0.1131357683	-0.1826447412	-0.0001242525958	0.4833357447	1.193745913	-1.275760186	-0.967405137	-1.026932847	-1.658120742	0.6821264983	-2.522084905	-0.2096308977	0.6311919462	-0.07125847557	0.7991763717	-1.134943284	1.760870246	0.177947936	-0.001998569806	-0.001008288146
0.469444444	-0.173631727	-0.1454702524	-0.4950800527	1.18349977	1.066476253	-0.1092108741	0.2090980697	0.1460654949	0.2804945916	0.1672678289	0.1672678289	-0.217269593	-0.2180083151	-0.0002912404384	0.134990266	-0.1525694517	-0.3576364271	0.07089595558	0.07089595558	-0.1127221484	-0.1827275826	-0.0001810733463	0.482963818	1.196489422	-1.282415193	-0.9650980395	-1.023164771	-1.695188153	0.6717897075	-2.894495421	-0.4638856543	0.4930780896	-0.07083645761	0.7995901826	-1.135904084	1.760709597	0.1782377125	-0.002111808694	-0.0009421768897
0.472222222	-0.17285511	-0.145386112	-0.4987450703	1.183625611	1.066685693	-0.1089364389	0.2075203205	0.1455661367	0.281516841	0.1679438418	0.1679438418	-0.217244371	-0.2180800438	-0.0003261018915	0.1330134853	-0.1525500692	-0.3592383479	0.0704993513	0.0704993513	-0.1129528454	-0.1829603858	-0.0002640552283	0.484836453	1.199554	-1.290887549	-0.9621462451	-1.019581193	-1.729824719	0.6540860945	-3.35025372	-0.6314247107	0.2337548675	-0.07068508124	0.8000876197	-1.136780759	1.760575802	0.1785021495	-0.002219182416	-0.0008503315641
0.475	-0.1726700187	-0.1454219133	-0.5019888932	1.183685597	1.06687148	-0.1087819167	0.2066122954	0.1452212892	0.2815782414	0.1684899495	0.1684899495	-0.2172593129	-0.2183806382	-0.0003505281918	0.1320104373	-0.1527755825	-0.3603961467	0.07005144704	0.07005144704	-0.1136362928	-0.1832438322	-0.0003845877704	0.4884374631	1.202903135	-1.300839729	-0.9573768274	-1.015824025	-1.756311618	0.6319886569	-3.891925498	-0.6567594744	-0.112778664	-0.07077626685	0.8006478688	-1.137659415	1.760403495	0.1787727886	-0.002327889996	-0.0007471844679
0.477777778	-0.1727093111	-0.1455844552	-0.5050621653	1.183692474	1.0670601	-0.1086955837	0.205974782	0.1449884535	0.2813046323	0.1690026805	0.1690026805	-0.2174239276	-0.2188987465	-0.0003602015849	0.1313496649	-0.1531281708	-0.3615725105	0.06937056807	0.06937056807	-0.114401965	-0.1834236355	-0.0005483711486	0.4926960009	1.206444087	-1.311488211	-0.9497221651	-1.01156954	-1.772529951	0.6147429602	-4.470192859	-0.4915162556	-0.4362948802	-0.07102865807	0.8012379601	-1.138655886	1.760126806	0.1790780361	-0.002474279405	-0.0006639659909
0.480555556	-0.1726921114	-0.1458811053	-0.5082227289	1.183665144	1.067271825	-0.1086271017	0.2052834051	0.1448537701	0.2813055767	0.169569686	0.169569686	-0.2178680613	-0.2196021776	-0.0003651253876	0.1304815957	-0.15352141	-0.3632159157	0.06828118373	0.06828118373	-0.1148601956	-0.1833592439	-0.000748383273	0.4966999265	1.210134411	-1.322095574	-0.9400181486	-1.007096062	-1.784239921	0.6092920919	-5.02560566	-0.1455868916	-0.5925137858	-0.07137857047	0.8018618756	-1.139844635	1.759688069	0.1794603541	-0.00269885677	-0.0006153762126
0.483333333	-0.172437645	-0.1463112783	-0.5116594658	1.18361824	1.067519441	-0.1085391454	0.2043244715	0.1448095103	0.2819872493	0.1702466363	0.1702466363	-0.2186238091	-0.2204258908	-0.0003739292048	0.1290529116	-0.1539021577	-0.3655903193	0.06671975819	0.06671975819	-0.1148013207	-0.1830015253	-0.0009780163124	0.4997925849	1.213950325	-1.332087004	-0.9296453022	-1.002683381	-1.796693806	0.6167264214	-5.588305555	0.234199521	-0.5128683501	-0.07178831357	0.8025271037	-1.141252674	1.759099357	0.179934254	-0.003023379187	-0.0006012643077
0.486111111	-0.171964318	-0.1468534576	-0.5154408902	1.183555527	1.0678009	-0.1084220948	0.2031121868	0.1448615517	0.2833367261	0.1710290402	0.1710290402	-0.219497146	-0.2212234571	-0.0003892856298	0.1271087784	-0.154287625	-0.3685889477	0.06485500819	0.06485500819	-0.1144201675	-0.1825018523	-0.001235651895	0.5018564575	1.217910253	-1.34125591	-0.9199709475	-0.9986040835	-1.81510823	0.6375021316	-6.219366239	0.4581856067	-0.2245362261	-0.07227309385	0.8032361769	-1.142818908	1.758535545	0.1804264781	-0.003460004972	-0.00061247411
0.488888889	-0.1713579051	-0.1474635005	-0.5196297175	1.183481651	1.068109273	-0.1082681332	0.2017370083	0.1450209268	0.2852876284	0.1719058409	0.1719058409	-0.2202657125	-0.2218344368	-0.0004147121353	0.1247916007	-0.1547081465	-0.3720590105	0.0628870443	0.0628870443	-0.1139644192	-0.182039159	-0.001519404518	0.5028187864	1.222048303	-1.349325869	-0.9131588061	-0.9955716914	-1.848877064	0.6636967598	-6.876272616	0.4511744836	0.1327495512	-0.07286592579	0.8040232072	-1.144443548	1.758193439	0.180903496	-0.003966046338	-0.0005924836239
0.491666667	-0.1706382253	-0.148097739	-0.5242618487	1.183395727	1.068442762	-0.1080696092	0.2002341748	0.1452691311	0.2877687848	0.1728689648	0.1728689648	-0.2207074339	-0.2221313669	-0.0004436080037	0.1221897889	-0.1551640418	-0.3758435599	0.06101014453	0.06101014453	-0.1136886809	-0.181768212	-0.001840487553	0.5024408536	1.226344305	-1.355949624	-0.910006417	-0.9941572181	-1.898222733	0.6801377097	-7.488353469	0.2435401196	0.3945938524	-0.07357813841	0.8049008583	-1.146078621	1.758248737	0.1813478529	-0.004462910064	-0.0004794501969
0.494444444	-0.1698053008	-0.1487294852	-0.5293198519	1.183290759	1.068802412	-0.1078331707	0.1986350545	0.1455706085	0.2906734827	0.1739127842	0.1739127842	-0.2207890231	-0.2221312907	-0.0004671082518	0.1193509979	-0.1556248804	-0.3798498293	0.0592597173	0.0592597173	-0.1136621105	-0.1816267338	-0.002217466477	0.5006379449	1.230765457	-1.361036749	-0.9099316183	-0.9940577442	-1.955679477	0.6806614917	-8.056280411	-0.08272460583	0.4681155401	-0.07439165216	0.8058470423	-1.147711998	1.758694994	0.1817555334	-0.004939773847	-0.0002742786448
0.497222222	-0.1689128762	-0.1493265198	-0.5347769765	1.183159699	1.069186492	-0.1075747189	0.1970382569	0.1458960433	0.2938804661	0.1750360117	0.1750360117	-0.2206317309	-0.2219449432	-0.0004811693658	0.1163529867	-0.1560536407	-0.3840537608	0.05754210185	0.05754210185	-0.1138016152	-0.1813895498	-0.002668962073	0.4974967323	1.235307996	-1.364625597	-0.9122294	-0.9949261346	-2.017378885	0.6642374708	-8.653973102	-0.3907324043	0.3243942134	-0.07528378333	0.8068512604	-1.149312541	1.759393683	0.182165807	-0.005417858957	4.908830261e-06
0.5	-0.1680054042	-0.1498514936	-0.5406203727	1.182994203	1.06959451	-0.1073091401	0.1955399617	0.1462126465	0.2972838177	0.1762429567	0.1762429567	-0.2203608863	-0.2216861213	-0.0004802996584	0.1132619463	-0.1564062203	-0.3884512658	0.05575481715	0.05575481715	-0.1140291136	-0.1808225473	-0.003220062801	0.4930118341	1.239958066	-1.366682716	-0.915849539	-0.9968122528	-2.076749607	0.6274034886	-9.353405581	-0.5320021144	-0.01482459927	-0.07622234458	0.807906548	-1.15087306	1.760208259	0.1826280813	-0.005904466279	0.0003459333955
0.502777778	-0.1669997858	-0.1503021847	-0.546861405	1.182779795	1.070035343	-0.1070452456	0.1941021238	0.1464755791	0.3008567358	0.177550819	0.177550819	-0.2200838871	-0.2214672559	-0.0004506690581	0.1099908521	-0.1566199308	-0.3930995879	0.05380331282	0.05380331282	-0.1143084619	-0.179739716	-0.003905900213	0.4869134616	1.244656552	-1.367130105	-0.9167107927	-0.9992683119	-2.119455767	0.579715466	-10.12583063	-0.3842071408	-0.3933458196	-0.0771471573	0.8089511032	-1.152484706	1.761042954	0.1831137364	-0.006462561731	0.000678891362
0.505555556	-0.1657300947	-0.1507101292	-0.5536655344	1.182508623	1.070520879	-0.1067619387	0.1925628044	0.1466878913	0.3048486369	0.1790095857	0.1790095857	-0.219870755	-0.2213233674	-0.0003804992338	0.1062650004	-0.1566648608	-0.3982711399	0.05163394843	0.05163394843	-0.1146785439	-0.1781900062	-0.004740321777	0.4785040588	1.249391773	-1.365494388	-0.9117524164	-1.001442007	-2.142105549	0.5454765942	-10.87295564	0.03701164602	-0.5236908379	-0.0780399023	0.8099185815	-1.154229968	1.761956813	0.1835128918	-0.007212091795	0.0009208359693
0.508333333	-0.1641075701	-0.1510893849	-0.5612602404	1.18218068	1.071055777	-0.106428522	0.1908267257	0.1468864592	0.3095787087	0.1806772213	0.1806772213	-0.2197872538	-0.2212525481	-0.0002649425007	0.1018595593	-0.1565387366	-0.4042942029	0.0492052866	0.0492052866	-0.1151768981	-0.1762847954	-0.005717485102	0.4670384737	1.254212332	-1.361053706	-0.9019655312	-1.002563622	-2.152283091	0.5383800197	-11.66502488	0.4077532732	-0.2764956262	-0.07893186986	0.8107937192	-1.156085299	1.763047112	0.1837555463	-0.008244150689	0.001044104222
0.511111111	-0.1621440617	-0.1514215417	-0.5698994029	1.181801883	1.071636253	-0.1060117473	0.1889025939	0.1471278209	0.3153695378	0.1826134567	0.1826134567	-0.2198979514	-0.2212338289	-0.0001038158587	0.09665223996	-0.1562537383	-0.4115008462	0.04647713248	0.04647713248	-0.115819507	-0.174132116	-0.006817053203	0.4517787288	1.259212657	-1.352859067	-0.8913866288	-1.00212947	-2.168524027	0.5634799837	-12.53777973	0.4260571452	0.1778347721	-0.07989896132	0.8116178369	-1.157904566	1.764407228	0.1838453186	-0.009591785674	0.001090934655
0.513888889	-0.1599611297	-0.1516368888	-0.5798011614	1.181379446	1.072252442	-0.1054934697	0.1869425585	0.1474521365	0.3224878569	0.1848824326	0.1848824326	-0.2201895412	-0.2211978644	9.841435456e-05	0.09069460947	-0.1557972565	-0.4201540287	0.04339171121	0.04339171121	-0.1165835279	-0.1717206885	-0.008032356229	0.431869488	1.264490342	-1.339628119	-0.8868392703	-1.001543501	-2.214178244	0.5947759804	-13.35484997	0.0878206199	0.4631763058	-0.08101698319	0.8125174162	-1.159449128	1.766067225	0.1839605941	-0.01111271336	0.001234613315
0.516666667	-0.1575072839	-0.1517319275	-0.5910855376	1.180900205	1.07291252	-0.1048851019	0.1849500146	0.1478344356	0.3311419348	0.1875582012	0.1875582012	-0.2205395417	-0.2210545321	0.000345149883	0.08392716666	-0.155078118	-0.4304358436	0.03986354806	0.03986354806	-0.1174437636	-0.1688601568	-0.009409946357	0.4061481547	1.270009592	-1.320194992	-0.890395948	-1.002250027	-2.285726889	0.6048390964	-14.14034179	-0.3557961544	0.3763012312	-0.08224910158	0.8135310669	-1.160663111	1.767988041	0.1842290099	-0.01270951361	0.001565911141
0.519444444	-0.1546788397	-0.1517502207	-0.6039207573	1.180343775	1.073630536	-0.1042001534	0.1828681498	0.1482700561	0.3415890771	0.1907301925	0.1907301925	-0.2208301047	-0.2207017519	0.0006352966708	0.07620937153	-0.1540070325	-0.4425857512	0.03579070638	0.03579070638	-0.1183765776	-0.1653191383	-0.01100921317	0.3732478989	1.275706116	-1.293335864	-0.9033091978	-1.005068668	-2.373547877	0.5746210477	-15.03983226	-0.5597507124	-0.04733885688	-0.08353819799	0.814654876	-1.161539799	1.770148095	0.184691387	-0.01440205688	0.002096825745
0.522222222	-0.1512282743	-0.1518348734	-0.6184751567	1.179672087	1.07443561	-0.1034566135	0.1804756799	0.1487663425	0.3540840964	0.1944948406	0.1944948406	-0.2209854905	-0.2200752765	0.000967678347	0.06724176598	-0.1524961731	-0.456850435	0.03109338037	0.03109338037	-0.1194142732	-0.1608494524	-0.01291987093	0.3315869226	1.281368732	-1.258071063	-0.9197305609	-1.010574445	-2.447089087	0.5034899238	-16.0098277	-0.316772937	-0.5065722595	-0.08474079306	0.8157965966	-1.16235674	1.772576505	0.1852197638	-0.01636069501	0.002689407723
0.525	-0.1470826325	-0.1522155311	-0.6348349175	1.17883829	1.075345003	-0.1026698968	0.1776457789	0.1494979679	0.3685636766	0.1988842884	0.1988842884	-0.2211137253	-0.2192858937	0.001346028356	0.05693734475	-0.1506787691	-0.4732220783	0.02585905678	0.02585905678	-0.1206630442	-0.1553270186	-0.01522135942	0.2802797759	1.286811691	-1.21404457	-0.928502195	-1.018263275	-2.485564035	0.4348173859	-16.93044429	0.2776179451	-0.5291444186	-0.08578629049	0.8168981924	-1.163501384	1.775427797	0.1855702839	-0.01880851949	0.003163223105
0.527777778	-0.142478646	-0.1530866886	-0.6531237677	1.177806753	1.076352348	-0.1018458203	0.1745090214	0.1507903685	0.384846287	0.2039043274	0.2039043274	-0.2214236186	-0.2185013006	0.001766278827	0.04550207315	-0.1488611355	-0.4916193421	0.02024029533	0.02024029533	-0.1221957782	-0.1486833791	-0.01795370825	0.2187954755	1.292002889	-1.160651466	-0.9261749559	-1.026910206	-2.49438258	0.4026391721	-17.99825734	0.5835520778	0.01414183485	-0.08676201071	0.8180337452	-1.165065902	1.778898535	0.1855936594	-0.02187657491	0.003466281666
0.530555556	-0.137998431	-0.1545493268	-0.6735951163	1.176565681	1.07742272	-0.1009768873	0.1714914107	0.153115144	0.4027995354	0.2095594536	0.2095594536	-0.222148888	-0.2178517527	0.00220781358	0.03340427507	-0.1474851006	-0.5120436865	0.01436168525	0.01436168525	-0.1239527016	-0.1408280812	-0.02109277056	0.1464675787	1.297174387	-1.09620525	-0.9258473401	-1.032894559	-2.51846887	0.4134343013	-19.07316836	0.2337485858	0.5700264585	-0.08800056072	0.8194252566	-1.166462718	1.783154397	0.1853215587	-0.02560394406	0.003745137894
0.533333333	-0.1340634993	-0.1566028331	-0.6966138784	1.175116633	1.078535844	-0.1000409842	0.1688808598	0.1567996659	0.4226290309	0.2159057657	0.2159057657	-0.2234749652	-0.2173070366	0.002615401769	0.02086555585	-0.1467795102	-0.5347856347	0.008245250787	0.008245250787	-0.1258306685	-0.1316467299	-0.02458569954	0.06154350507	1.302150568	-1.018178286	-0.9443640799	-1.036735216	-2.588660178	0.4098558648	-20.00711995	-0.4495235044	0.5153236379	-0.08968509382	0.8213135982	-1.167269899	1.78828759	0.1849579339	-0.02986540058	0.004209530289
0.536111111	-0.1302690178	-0.1592244129	-0.7226347321	1.173462279	1.079724403	-0.09899980722	0.1662355368	0.1616544774	0.4452486399	0.2231245144	0.2231245144	-0.2252983404	-0.2165288162	0.002930122949	0.007183184278	-0.146293196	-0.5606585335	0.001707772955	0.001707772955	-0.1276833074	-0.1209413875	-0.02832805439	-0.03852426378	1.305795081	-0.9244098273	-0.9872986356	-1.03973238	-2.702152249	0.3515598387	-21.11174451	-0.7244670114	-0.1247506308	-0.09165514451	0.8236170881	-1.167426251	1.794175391	0.1846880431	-0.03476634742	0.004836850269
0.538888889	-0.1258227174	-0.1625331072	-0.7519548839	1.171577322	1.081052137	-0.09783712014	0.1627394291	0.1672892243	0.4715626307	0.2314099697	0.2314099697	-0.2274629426	-0.2151317031	0.003091728297	-0.008637560773	-0.1453408623	-0.5903895604	-0.00535270197	-0.00535270197	-0.1294811319	-0.1085366165	-0.03221679089	-0.1541100371	1.306288963	-0.8160449765	-1.040152506	-1.046076496	-2.823040566	0.2297939909	-22.23056256	-0.2589106756	-0.7281995034	-0.09344604814	0.826059386	-1.167639413	1.800711865	0.1844716551	-0.04063112675	0.00532049029
0.541666667	-0.1199987314	-0.1666018943	-0.7847227177	1.169426639	1.082565246	-0.09653789968	0.1577040957	0.1732359604	0.5023041014	0.2409590582	0.2409590582	-0.2297120007	-0.2127946875	0.003095152688	-0.02732753598	-0.143160651	-0.6244708764	-0.01290435505	-0.01290435505	-0.1312170629	-0.09425440572	-0.0360976489	-0.2823581432	1.301637037	-0.6970003922	-1.081683147	-1.05826484	-2.931376597	0.1130846929	-23.24157366	0.6004594471	-0.5191178189	-0.09470081826	0.8283963269	-1.168321349	1.807725869	0.1845016936	-0.04754152734	0.005563123062
0.544444444	-0.113383876	-0.1716690062	-0.8205596305	1.166993359	1.084231389	-0.09514634623	0.1513467073	0.1798839973	0.5367783485	0.2516096706	0.2516096706	-0.2323974592	-0.2097595177	0.002870887951	-0.04821178968	-0.1401904291	-0.6622321607	-0.02051307368	-0.02051307368	-0.1328944472	-0.07798094166	-0.0398340724	-0.4161015588	1.291389271	-0.5740061527	-1.108063728	-1.074922551	-3.028884195	0.05280084285	-24.52861796	0.685585249	0.4241344769	-0.09559084484	0.8307428264	-1.169243409	1.815319339	0.1847105728	-0.05538341159	0.005650310821
0.547222222	-0.1076531964	-0.1781637683	-0.8584573153	1.16431833	1.085955131	-0.09375967103	0.1443857304	0.1884250549	0.5729938827	0.262780164	0.262780164	-0.2364140505	-0.2068720591	0.002307025453	-0.0697408547	-0.1380910816	-0.7019747639	-0.02752276121	-0.02752276121	-0.1343282192	-0.05973545309	-0.04326107204	-0.5484712153	1.27721171	-0.4519215043	-1.148406479	-1.079362783	-3.121204768	0.02537326142	-25.54908085	-0.1555532423	0.8301808363	-0.09701828046	0.8333524491	-1.168846271	1.823699054	0.1845887671	-0.06421071484	0.005684005129
0.55	-0.1045182276	-0.1865642302	-0.896934348	1.161491892	1.087679134	-0.09252349189	0.1373066736	0.2000641611	0.6084946	0.2736478575	0.2736478575	-0.2430281075	-0.2050639507	0.001165323795	-0.09053161648	-0.1388376355	-0.7416544848	-0.03327667066	-0.03327667066	-0.1354388022	-0.03993331286	-0.04632160568	-0.6745002768	1.261384016	-0.3354308546	-1.214278892	-1.071198733	-3.225149892	-0.03474486686	-26.52770038	-0.8457545747	0.3506192387	-0.09932096617	0.8364958194	-1.167284197	1.833212379	0.183131255	-0.07411237412	0.005300326265
0.552777778	-0.1050238281	-0.1971870911	-0.9344623335	1.158616772	1.08938719	-0.09156259807	0.1301241928	0.2154669965	0.6412198898	0.2834834901	0.2834834901	-0.2531990457	-0.2051528615	-0.0006781547413	-0.1099181936	-0.1439138048	-0.7794938951	-0.03729812617	-0.03729812617	-0.1361754541	-0.01916962012	-0.0490063182	-0.7925459524	1.245991568	-0.2268484528	-1.296943374	-1.05322614	-3.353201644	-0.1536192655	-27.55562089	-0.8552141429	-0.4233143103	-0.1025386237	0.8402066552	-1.165259944	1.844032877	0.1793414378	-0.0851987281	0.003948995926
0.555555556	-0.1082598425	-0.2096055316	-0.9710961482	1.155709486	1.091117058	-0.09083088817	0.1222050956	0.2336725033	0.6720252906	0.2925259561	0.2925259561	-0.266261057	-0.2066102811	-0.003033280624	-0.1288205045	-0.1523266472	-0.8159782428	-0.03964713358	-0.03964713358	-0.1363627306	0.002263974824	-0.05102919689	-0.9032433771	1.230068295	-0.1264808712	-1.369341081	-1.032603207	-3.50968733	-0.2888430907	-28.31170385	-0.3267561953	-0.8758273341	-0.1062344842	0.8442578636	-1.163367241	1.855726404	0.1739111053	-0.09704859306	0.001736765576
0.558333333	-0.1129486237	-0.2232502384	-1.007739677	1.152742856	1.092893533	-0.09022178421	0.1129287854	0.2534487452	0.7028579932	0.3013937077	0.3013937077	-0.2809840302	-0.2083372863	-0.005635064656	-0.1484360567	-0.1623659047	-0.8525142765	-0.04054896846	-0.04054896846	-0.1356721842	0.02439327293	-0.05189475358	-1.006917599	1.211849882	-0.03409557646	-1.426074966	-1.008872641	-3.670850323	-0.4106687634	-28.90308377	0.4230412598	-0.8007631036	-0.1101559264	0.8483843882	-1.161269232	1.867713545	0.1681666552	-0.109404837	-0.0009021590032
0.561111111	-0.1178934547	-0.2376674237	-1.045627665	1.149657996	1.094738319	-0.0896381778	0.1017317342	0.2736836705	0.7358965753	0.3108028307	0.3108028307	-0.2961329078	-0.2089847143	-0.00830346152	-0.169876132	-0.1722543544	-0.8907752092	-0.04017026147	-0.04017026147	-0.1337722283	0.04736507996	-0.05101026702	-1.102490726	1.189567124	0.04898724632	-1.469507612	-0.9834788286	-3.836213568	-0.5213673757	-29.70918222	0.8012900414	-0.2235795642	-0.1139539318	0.8523628397	-1.158853329	1.879539074	0.1634483443	-0.1223159847	-0.003607063435
0.563888889	-0.123148545	-0.2526175578	-1.084788809	1.146467701	1.096618851	-0.08907733974	0.08871339286	0.2941481831	0.7712772867	0.3208370552	0.3208370552	-0.311435851	-0.2082061306	-0.01100173162	-0.1929967495	-0.1817356998	-0.9308204997	-0.0383613359	-0.0383613359	-0.1305274737	0.0710715309	-0.04810306883	-1.188915502	1.163471084	0.1220962421	-1.502578796	-0.9587387738	-3.987081844	-0.5955871872	-30.59366696	0.6608694857	0.45757387	-0.1176304444	0.8562346935	-1.155972002	1.891066993	0.1602814614	-0.1355603045	-0.006092017848
0.566666667	-0.130083621	-0.2682175051	-1.123313897	1.143314935	1.09845625	-0.08866580706	0.07455919668	0.3155993546	0.8062338579	0.3306316535	0.3306316535	-0.3279167426	-0.2072310299	-0.0137851586	-0.2164559787	-0.1926038141	-0.9703587447	-0.03475664111	-0.03475664111	-0.126159404	0.09488663572	-0.04355055368	-1.267168568	1.136675407	0.1866548677	-1.530840221	-0.933222357	-4.087860302	-0.6450358954	-31.32442809	0.1101453246	0.7695969781	-0.1216022911	0.8600958763	-1.152652308	1.902574169	0.1574103716	-0.1490561196	-0.008720286039
0.569444444	-0.1400080897	-0.2844844088	-1.159101894	1.140379628	1.100174899	-0.08851869559	0.06007210522	0.338774401	0.8377702519	0.339217022	0.339217022	-0.3466904192	-0.2074926212	-0.01666489509	-0.238963656	-0.2067952064	-1.006931666	-0.02919433073	-0.02919433073	-0.1209994944	0.1180615882	-0.03796189341	-1.339651579	1.11233248	0.2453740441	-1.556388482	-0.9056951815	-4.152990361	-0.6909408864	-32.00269715	-0.4881963941	0.6352082679	-0.1262586402	0.8640211307	-1.149113496	1.9143564	0.1532453469	-0.1626622994	-0.01200208438
0.572222222	-0.1538634268	-0.3012796329	-1.190336662	1.137833647	1.101706097	-0.08870649989	0.0461051497	0.3642000521	0.863331931	0.3457596588	0.3457596588	-0.3686520367	-0.210275971	-0.01956678714	-0.2594598807	-0.2259164556	-1.038429973	-0.0217260581	-0.0217260581	-0.1153848188	0.1399139231	-0.03199793034	-1.409195665	1.092874364	0.3014404675	-1.579424501	-0.8758984385	-4.185562912	-0.741400154	-32.85510641	-0.7784959435	0.1418991432	-0.1319383596	0.8680465866	-1.145540696	1.926620299	0.1463171324	-0.1761080528	-0.01638757299
0.575	-0.1709802057	-0.3182842373	-1.21760614	1.135648021	1.103043537	-0.08916576996	0.03272049949	0.3913872192	0.88379585	0.3505716108	0.3505716108	-0.3932778514	-0.2150010788	-0.02230824352	-0.2783621113	-0.2492604653	-1.065578934	-0.01257222335	-0.01257222335	-0.1092412506	0.1605324823	-0.02554378587	-1.476977625	1.077406833	0.3558973464	-1.597795699	-0.8433353847	-4.205493345	-0.8187002031	-33.79844316	-0.6565500779	-0.4429991246	-0.1384930057	0.8719898326	-1.142060159	1.939187997	0.1368319195	-0.1894741905	-0.02193266704
0.577777778	-0.1902077725	-0.3350769075	-1.242752649	1.133694865	1.104201563	-0.08977873033	0.01964048067	0.4195213263	0.9016815042	0.3544935343	0.3544935343	-0.4194228577	-0.2200891371	-0.02475601801	-0.2966202013	-0.2751044058	-1.090567202	-0.001929393251	-0.001929393251	-0.1022394311	0.1804690989	-0.01800671569	-1.542631305	1.063515107	0.4083904282	-1.610852154	-0.8100599875	-4.249385722	-0.9168904931	-34.63234502	-0.1246768239	-0.7139822734	-0.1456139233	0.8757398253	-1.138591563	1.951711492	0.126119429	-0.2027921623	-0.02822327081
0.580555556	-0.2104344466	-0.3513351141	-1.267696847	1.131821301	1.105202523	-0.09044346876	0.006381795215	0.4478310102	0.9196223177	0.3584353007	0.3584353007	-0.4459074688	-0.2238968441	-0.02684280535	-0.3152880699	-0.3016570466	-1.115756125	0.01011639336	0.01011639336	-0.09404093937	0.2003842488	-0.008713115203	-1.604876816	1.048890867	0.4575510886	-1.61915186	-0.7767392595	-4.323521735	-1.018836037	-35.459995	0.4267856719	-0.5051799076	-0.1529874388	0.8791721476	-1.135026564	1.963854873	0.1156305415	-0.2162166619	-0.03482323857
0.583333333	-0.231051572	-0.3668221154	-1.293752757	1.129919974	1.106056729	-0.09109858477	-0.007414904419	0.4758879492	0.9392947841	0.3630119234	0.3630119234	-0.4719415466	-0.2253599551	-0.02856656074	-0.3350728112	-0.3277855449	-1.142758054	0.02358923092	0.02358923092	-0.0845109297	0.2207774714	0.002693861235	-1.662563902	1.032168302	0.5023092743	-1.623900128	-0.7436261795	-4.427688866	-1.104360708	-36.4471614	0.5669126102	0.02921030492	-0.1604367812	0.8822485987	-1.131227308	1.975386001	0.1064143927	-0.2298368234	-0.04133719984
0.586111111	-0.2524253255	-0.381409493	-1.32069796	1.128018812	1.106734311	-0.09175617969	-0.02147305999	0.5039278002	0.9599745671	0.3680570737	0.3680570737	-0.4976627617	-0.2248198449	-0.02994494003	-0.3556956414	-0.3539357854	-1.171115973	0.03860205022	0.03860205022	-0.07399845897	0.2415266516	0.01570274738	-1.716130862	1.013908096	0.5434638085	-1.629769398	-0.7114934465	-4.523085016	-1.149415492	-37.47550459	0.257393101	0.4616224618	-0.1680309438	0.8850666501	-1.127203785	1.986315512	0.09821072561	-0.2436181548	-0.04771705098
0.588888889	-0.2748213144	-0.3950665442	-1.347906525	1.126151342	1.107206755	-0.09244734974	-0.0354620862	0.5321570411	0.9804888879	0.3733336595	0.3733336595	-0.5233170927	-0.2229602444	-0.03093659666	-0.3767840922	-0.3807037524	-1.199874989	0.0553025579	0.0553025579	-0.06300166894	0.2623295728	0.02955237098	-1.766218068	0.9950494713	0.5815495762	-1.637591229	-0.6798263681	-4.572092885	-1.172978318	-38.53977179	-0.2962110289	0.4420241862	-0.175712851	0.8875886614	-1.123350221	1.996688771	0.09029115285	-0.2577147708	-0.05425876153
0.591666667	-0.2983306533	-0.4077816448	-1.374653605	1.124340895	1.107447158	-0.09319934041	-0.04900810682	0.560698742	0.9996429956	0.3786552914	0.3786552914	-0.5491209164	-0.2205728368	-0.03144868152	-0.3979513578	-0.4086106921	-1.227975709	0.07381901426	0.07381901426	-0.05205228348	0.2828669454	0.0434048472	-1.81343258	0.9764943076	0.6169264501	-1.643463126	-0.6475928632	-4.570332881	-1.219991793	-39.85881899	-0.5400626285	-0.08053568674	-0.1833569045	0.8897109948	-1.120177031	2.006534516	0.08184895183	-0.2722618598	-0.06133715368
0.594444444	-0.3227797664	-0.4195539221	-1.400845701	1.122571881	1.107457818	-0.09400501963	-0.06210122879	0.5895000069	1.017421733	0.3840525207	0.3840525207	-0.5751417169	-0.2178890164	-0.03142679658	-0.4192763442	-0.4375553872	-1.255499551	0.09399706192	0.09399706192	-0.04148897061	0.3032298176	0.05695261351	-1.858014343	0.9582701694	0.6498379878	-1.640394367	-0.6139322804	-4.596054811	-1.328835887	-41.28279934	-0.1124173066	-0.4989954024	-0.1910638259	0.8913261316	-1.117557306	2.01603268	0.0724957083	-0.2872089021	-0.06921506919
0.597222222	-0.3481780411	-0.4302730333	-1.42721088	1.120832305	1.107259503	-0.09482869761	-0.07504298125	0.6185456132	1.034903929	0.3895812447	0.3895812447	-0.6014192032	-0.2143866466	-0.03097606126	-0.4412563523	-0.4670642079	-1.283803007	0.1153917283	0.1153917283	-0.03141327836	0.3239083389	0.07045745251	-1.900131728	0.9395507994	0.6811195372	-1.632467028	-0.580096605	-4.704963712	-1.427656429	-42.79497699	0.3931831077	-0.1769076146	-0.1993230956	0.8925176145	-1.114487059	2.025556967	0.06227440078	-0.3023380407	-0.07795401298
0.6	-0.3744988399	-0.4399282149	-1.454461198	1.119115572	1.106890466	-0.09566371577	-0.08834587966	0.6477329186	1.053192272	0.395238219	0.395238219	-0.6280273345	-0.2093910457	-0.03024853952	-0.4645566334	-0.4965470994	-1.314266208	0.137517643	0.137517643	-0.02201502873	0.3451942384	0.08419972336	-1.939820875	0.919787034	0.7106903874	-1.630106897	-0.5470293988	-4.806529032	-1.442789167	-44.47876194	0.1569323049	0.3713146562	-0.2084046256	0.8932952792	-1.110547448	2.035584395	0.05075964911	-0.3178134532	-0.0882182135
